timestamp_beijing,close_time_beijing,timestamp_ms,inst_id,bar,open,high,low,close,volume,volume_ccy,volume_quote,confirm
2026-08-05 17:30:00+08:00,2026-08-05 17:45:00+08:00,1785922200000,SOL-USDT,15m,74.17,74.2,74.14,74.14,658.604731,48852.7487448,48852.7487448,1
2026-08-05 17:45:00+08:00,2026-08-05 18:00:00+08:00,1785923100000,SOL-USDT,15m,74.15,74.16,74.01,74.03,2223.085212,164732.83260224,164732.83260224,1
2026-08-05 18:00:00+08:00,2026-08-05 18:15:00+08:00,1785924000000,SOL-USDT,15m,74.03,74.08,73.93,74.02,1568.842737,116082.49802561,116082.49802561,1
2026-08-05 18:15:00+08:00,2026-08-05 18:30:00+08:00,1785924900000,SOL-USDT,15m,74,74.11,73.92,74.07,994.995015,73630.51420358,73630.51420358,1
2026-08-05 18:30:00+08:00,2026-08-05 18:45:00+08:00,1785925800000,SOL-USDT,15m,74.06,74.14,74.01,74.04,772.308556,57197.58054775,57197.58054775,1
2026-08-05 18:45:00+08:00,2026-08-05 19:00:00+08:00,1785926700000,SOL-USDT,15m,74.04,74.07,73.79,73.86,2524.045136,186547.05102603,186547.05102603,1
2026-08-05 19:00:00+08:00,2026-08-05 19:15:00+08:00,1785927600000,SOL-USDT,15m,73.86,74,73.84,73.94,2360.923393,174554.01226993,174554.01226993,1
2026-08-05 19:15:00+08:00,2026-08-05 19:30:00+08:00,1785928500000,SOL-USDT,15m,73.94,73.95,73.81,73.82,1680.095023,124074.85870257,124074.85870257,1
2026-08-05 19:30:00+08:00,2026-08-05 19:45:00+08:00,1785929400000,SOL-USDT,15m,73.81,73.9,73.75,73.79,1953.732766,144200.58299267,144200.58299267,1
2026-08-05 19:45:00+08:00,2026-08-05 20:00:00+08:00,1785930300000,SOL-USDT,15m,73.78,73.8,73.74,73.78,1529.154461,112809.60318316,112809.60318316,1
2026-08-05 20:00:00+08:00,2026-08-05 20:15:00+08:00,1785931200000,SOL-USDT,15m,73.78,74,73.73,73.89,4924.492391,363835.39142835,363835.39142835,1
2026-08-05 20:15:00+08:00,2026-08-05 20:30:00+08:00,1785932100000,SOL-USDT,15m,73.89,74.39,73.87,74.29,13661.233899,1013605.76512784,1013605.76512784,1
2026-08-05 20:30:00+08:00,2026-08-05 20:45:00+08:00,1785933000000,SOL-USDT,15m,74.29,74.32,74.11,74.16,5593.047291,414910.31303792,414910.31303792,1
2026-08-05 20:45:00+08:00,2026-08-05 21:00:00+08:00,1785933900000,SOL-USDT,15m,74.15,74.18,74,74.08,4409.487362,326732.97412367,326732.97412367,1
2026-08-05 21:00:00+08:00,2026-08-05 21:15:00+08:00,1785934800000,SOL-USDT,15m,74.08,74.11,73.73,73.88,6008.985189,443744.39140547,443744.39140547,1
2026-08-05 21:15:00+08:00,2026-08-05 21:30:00+08:00,1785935700000,SOL-USDT,15m,73.88,73.92,73.76,73.79,3720.931269,274674.46418728,274674.46418728,1
2026-08-05 21:30:00+08:00,2026-08-05 21:45:00+08:00,1785936600000,SOL-USDT,15m,73.78,73.85,73.27,73.7,18320.31696,1347436.5079459,1347436.5079459,1
2026-08-05 21:45:00+08:00,2026-08-05 22:00:00+08:00,1785937500000,SOL-USDT,15m,73.7,73.99,73.54,73.99,15829.872047,1167458.53965221,1167458.53965221,1
2026-08-05 22:00:00+08:00,2026-08-05 22:15:00+08:00,1785938400000,SOL-USDT,15m,73.98,74.15,73.81,74.04,12485.4918,924051.82998431,924051.82998431,1
2026-08-05 22:15:00+08:00,2026-08-05 22:30:00+08:00,1785939300000,SOL-USDT,15m,74.04,74.13,73.77,73.82,6606.013237,488414.79176352,488414.79176352,1
2026-08-05 22:30:00+08:00,2026-08-05 22:45:00+08:00,1785940200000,SOL-USDT,15m,73.81,73.9,73.62,73.8,9064.60234,668210.83298272,668210.83298272,1
2026-08-05 22:45:00+08:00,2026-08-05 23:00:00+08:00,1785941100000,SOL-USDT,15m,73.81,74.05,73.7,73.96,8884.518745,655992.69868139,655992.69868139,1
2026-08-05 23:00:00+08:00,2026-08-05 23:15:00+08:00,1785942000000,SOL-USDT,15m,73.96,74.23,73.89,74.07,4961.20426,367714.79586888,367714.79586888,1
2026-08-05 23:15:00+08:00,2026-08-05 23:30:00+08:00,1785942900000,SOL-USDT,15m,74.06,74.08,73.84,74.03,6662.499313,492727.29063522,492727.29063522,1
2026-08-05 23:30:00+08:00,2026-08-05 23:45:00+08:00,1785943800000,SOL-USDT,15m,74.04,74.31,74.03,74.19,8352.272721,619722.37545498,619722.37545498,1
2026-08-05 23:45:00+08:00,2026-08-06 00:00:00+08:00,1785944700000,SOL-USDT,15m,74.18,74.19,73.95,73.96,5473.85129,405163.79094825,405163.79094825,1
2026-08-06 00:00:00+08:00,2026-08-06 00:15:00+08:00,1785945600000,SOL-USDT,15m,73.96,74.19,73.95,74.19,3003.802875,222528.41139036,222528.41139036,1
2026-08-06 00:15:00+08:00,2026-08-06 00:30:00+08:00,1785946500000,SOL-USDT,15m,74.2,74.43,74.13,74.4,5071.000197,376845.5246275,376845.5246275,1
2026-08-06 00:30:00+08:00,2026-08-06 00:45:00+08:00,1785947400000,SOL-USDT,15m,74.41,74.44,74.26,74.35,5212.558683,387659.42782717,387659.42782717,1
2026-08-06 00:45:00+08:00,2026-08-06 01:00:00+08:00,1785948300000,SOL-USDT,15m,74.35,74.35,74.19,74.28,3132.890129,232702.97350351,232702.97350351,1
2026-08-06 01:00:00+08:00,2026-08-06 01:15:00+08:00,1785949200000,SOL-USDT,15m,74.29,74.42,74.19,74.21,2741.603876,203774.75544014,203774.75544014,1
2026-08-06 01:15:00+08:00,2026-08-06 01:30:00+08:00,1785950100000,SOL-USDT,15m,74.2,74.26,74.14,74.21,2166.833091,160732.40831669,160732.40831669,1
2026-08-06 01:30:00+08:00,2026-08-06 01:45:00+08:00,1785951000000,SOL-USDT,15m,74.2,74.66,74.17,74.54,7069.052687,526755.22169588,526755.22169588,1
2026-08-06 01:45:00+08:00,2026-08-06 02:00:00+08:00,1785951900000,SOL-USDT,15m,74.55,74.63,74.5,74.56,2684.735642,200180.73015117,200180.73015117,1
2026-08-06 02:00:00+08:00,2026-08-06 02:15:00+08:00,1785952800000,SOL-USDT,15m,74.56,74.63,74.42,74.6,4660.363923,347316.67384117,347316.67384117,1
2026-08-06 02:15:00+08:00,2026-08-06 02:30:00+08:00,1785953700000,SOL-USDT,15m,74.6,74.83,74.51,74.53,7527.493507,562179.05790821,562179.05790821,1
2026-08-06 02:30:00+08:00,2026-08-06 02:45:00+08:00,1785954600000,SOL-USDT,15m,74.52,74.68,74.47,74.68,3192.021724,238182.68831141,238182.68831141,1
2026-08-06 02:45:00+08:00,2026-08-06 03:00:00+08:00,1785955500000,SOL-USDT,15m,74.68,74.68,74.48,74.53,984.816155,73429.99853467,73429.99853467,1
2026-08-06 03:00:00+08:00,2026-08-06 03:15:00+08:00,1785956400000,SOL-USDT,15m,74.53,74.64,74.48,74.54,1854.18894,138256.49872683,138256.49872683,1
2026-08-06 03:15:00+08:00,2026-08-06 03:30:00+08:00,1785957300000,SOL-USDT,15m,74.54,74.55,74.45,74.47,1538.237195,114580.0868394,114580.0868394,1
2026-08-06 03:30:00+08:00,2026-08-06 03:45:00+08:00,1785958200000,SOL-USDT,15m,74.48,74.53,74.45,74.48,878.41973,65426.65734233,65426.65734233,1
2026-08-06 03:45:00+08:00,2026-08-06 04:00:00+08:00,1785959100000,SOL-USDT,15m,74.48,74.57,74.42,74.48,3962.858094,295271.27515468,295271.27515468,1
2026-08-06 04:00:00+08:00,2026-08-06 04:15:00+08:00,1785960000000,SOL-USDT,15m,74.48,74.55,74.3,74.54,7257.944755,539966.59633285,539966.59633285,1
2026-08-06 04:15:00+08:00,2026-08-06 04:30:00+08:00,1785960900000,SOL-USDT,15m,74.54,74.59,74.39,74.43,5609.958514,417920.78557936,417920.78557936,1
2026-08-06 04:30:00+08:00,2026-08-06 04:45:00+08:00,1785961800000,SOL-USDT,15m,74.42,74.53,74.38,74.53,2057.525163,153117.35375582,153117.35375582,1
2026-08-06 04:45:00+08:00,2026-08-06 05:00:00+08:00,1785962700000,SOL-USDT,15m,74.54,74.54,74.38,74.39,5272.418607,392631.29143841,392631.29143841,1
2026-08-06 05:00:00+08:00,2026-08-06 05:15:00+08:00,1785963600000,SOL-USDT,15m,74.39,74.39,74.19,74.34,2467.507673,183253.39060064,183253.39060064,1
2026-08-06 05:15:00+08:00,2026-08-06 05:30:00+08:00,1785964500000,SOL-USDT,15m,74.33,74.33,74.1,74.13,2530.608374,187709.68966052,187709.68966052,1
2026-08-06 05:30:00+08:00,2026-08-06 05:45:00+08:00,1785965400000,SOL-USDT,15m,74.14,74.22,74.08,74.15,2215.834885,164273.39226827,164273.39226827,1
2026-08-06 05:45:00+08:00,2026-08-06 06:00:00+08:00,1785966300000,SOL-USDT,15m,74.15,74.23,74.12,74.14,1394.497347,103436.79919873,103436.79919873,1
2026-08-06 06:00:00+08:00,2026-08-06 06:15:00+08:00,1785967200000,SOL-USDT,15m,74.14,74.2,74.05,74.1,1631.19553,120902.85044473,120902.85044473,1
2026-08-06 06:15:00+08:00,2026-08-06 06:30:00+08:00,1785968100000,SOL-USDT,15m,74.11,74.2,74,74.05,839.329095,62192.11406067,62192.11406067,1
2026-08-06 06:30:00+08:00,2026-08-06 06:45:00+08:00,1785969000000,SOL-USDT,15m,74.06,74.1,74.02,74.04,1007.900437,74638.90961083,74638.90961083,1
2026-08-06 06:45:00+08:00,2026-08-06 07:00:00+08:00,1785969900000,SOL-USDT,15m,74.04,74.13,74.02,74.02,2415.742586,178921.82069688,178921.82069688,1
2026-08-06 07:00:00+08:00,2026-08-06 07:15:00+08:00,1785970800000,SOL-USDT,15m,74.02,74.02,73.86,73.96,4824.377904,356702.00584592,356702.00584592,1
2026-08-06 07:15:00+08:00,2026-08-06 07:30:00+08:00,1785971700000,SOL-USDT,15m,73.95,74.07,73.92,74.03,1446.827168,107063.98354868,107063.98354868,1
2026-08-06 07:30:00+08:00,2026-08-06 07:45:00+08:00,1785972600000,SOL-USDT,15m,74.04,74.12,74.03,74.07,4031.247497,298669.2548644,298669.2548644,1
2026-08-06 07:45:00+08:00,2026-08-06 08:00:00+08:00,1785973500000,SOL-USDT,15m,74.07,74.09,73.99,74.04,2372.861492,175629.43286776,175629.43286776,1
2026-08-06 08:00:00+08:00,2026-08-06 08:15:00+08:00,1785974400000,SOL-USDT,15m,74.05,74.16,74.04,74.1,2402.344822,177998.33344534,177998.33344534,1
2026-08-06 08:15:00+08:00,2026-08-06 08:30:00+08:00,1785975300000,SOL-USDT,15m,74.1,74.27,74.09,74.2,1987.799396,147484.53571308,147484.53571308,1
2026-08-06 08:30:00+08:00,2026-08-06 08:45:00+08:00,1785976200000,SOL-USDT,15m,74.2,74.23,74.1,74.1,2178.008913,161541.1062609,161541.1062609,1
2026-08-06 08:45:00+08:00,2026-08-06 09:00:00+08:00,1785977100000,SOL-USDT,15m,74.11,74.14,74.03,74.08,2711.460802,200879.48019984,200879.48019984,1
2026-08-06 09:00:00+08:00,2026-08-06 09:15:00+08:00,1785978000000,SOL-USDT,15m,74.08,74.12,74,74.06,1528.627223,113214.35385641,113214.35385641,1
2026-08-06 09:15:00+08:00,2026-08-06 09:30:00+08:00,1785978900000,SOL-USDT,15m,74.07,74.08,73.77,73.78,6119.673838,452149.51996131,452149.51996131,1
2026-08-06 09:30:00+08:00,2026-08-06 09:45:00+08:00,1785979800000,SOL-USDT,15m,73.79,73.89,73.73,73.79,6363.117224,469860.62160779,469860.62160779,1
2026-08-06 09:45:00+08:00,2026-08-06 10:00:00+08:00,1785980700000,SOL-USDT,15m,73.79,73.94,73.77,73.77,5926.542958,437631.42382599,437631.42382599,1
2026-08-06 10:00:00+08:00,2026-08-06 10:15:00+08:00,1785981600000,SOL-USDT,15m,73.77,73.79,73.6,73.6,9743.050797,718027.70081422,718027.70081422,1
2026-08-06 10:15:00+08:00,2026-08-06 10:30:00+08:00,1785982500000,SOL-USDT,15m,73.61,73.65,73.42,73.45,9874.688371,725757.13714729,725757.13714729,1
2026-08-06 10:30:00+08:00,2026-08-06 10:45:00+08:00,1785983400000,SOL-USDT,15m,73.45,73.62,73.4,73.62,6536.675354,480334.59099366,480334.59099366,1
2026-08-06 10:45:00+08:00,2026-08-06 11:00:00+08:00,1785984300000,SOL-USDT,15m,73.61,73.61,73.49,73.56,2650.239681,194915.41397432,194915.41397432,1
2026-08-06 11:00:00+08:00,2026-08-06 11:15:00+08:00,1785985200000,SOL-USDT,15m,73.56,73.57,73.45,73.57,3108.067894,228466.75198242,228466.75198242,1
2026-08-06 11:15:00+08:00,2026-08-06 11:30:00+08:00,1785986100000,SOL-USDT,15m,73.56,73.56,73.48,73.55,4935.361514,362921.78596378,362921.78596378,1
2026-08-06 11:30:00+08:00,2026-08-06 11:45:00+08:00,1785987000000,SOL-USDT,15m,73.56,73.61,73.47,73.47,4528.32701,333011.15836523,333011.15836523,1
2026-08-06 11:45:00+08:00,2026-08-06 12:00:00+08:00,1785987900000,SOL-USDT,15m,73.46,73.59,73.46,73.49,3043.397303,223765.28697025,223765.28697025,1
2026-08-06 12:00:00+08:00,2026-08-06 12:15:00+08:00,1785988800000,SOL-USDT,15m,73.5,73.61,73.41,73.6,4518.163687,332162.74648427,332162.74648427,1
2026-08-06 12:15:00+08:00,2026-08-06 12:30:00+08:00,1785989700000,SOL-USDT,15m,73.6,73.83,73.59,73.8,5897.165783,434789.3061216,434789.3061216,1
2026-08-06 12:30:00+08:00,2026-08-06 12:45:00+08:00,1785990600000,SOL-USDT,15m,73.81,73.87,73.73,73.76,1814.432098,133937.27235258,133937.27235258,1
2026-08-06 12:45:00+08:00,2026-08-06 13:00:00+08:00,1785991500000,SOL-USDT,15m,73.76,73.88,73.7,73.88,1387.370409,102355.23126667,102355.23126667,1
2026-08-06 13:00:00+08:00,2026-08-06 13:15:00+08:00,1785992400000,SOL-USDT,15m,73.89,74.34,73.87,74.22,7999.392008,592883.32747007,592883.32747007,1
2026-08-06 13:15:00+08:00,2026-08-06 13:30:00+08:00,1785993300000,SOL-USDT,15m,74.21,74.35,74.1,74.15,6025.03182,447329.36291976,447329.36291976,1
2026-08-06 13:30:00+08:00,2026-08-06 13:45:00+08:00,1785994200000,SOL-USDT,15m,74.13,74.19,74.09,74.19,1733.399885,128518.13675494,128518.13675494,1
2026-08-06 13:45:00+08:00,2026-08-06 14:00:00+08:00,1785995100000,SOL-USDT,15m,74.19,74.24,74.15,74.24,2046.555361,151796.54304339,151796.54304339,1
2026-08-06 14:00:00+08:00,2026-08-06 14:15:00+08:00,1785996000000,SOL-USDT,15m,74.24,74.25,74.02,74.03,2546.659575,188815.56939157,188815.56939157,1
2026-08-06 14:15:00+08:00,2026-08-06 14:30:00+08:00,1785996900000,SOL-USDT,15m,74.03,74.14,73.96,74.08,2543.027477,188275.79537222,188275.79537222,1
2026-08-06 14:30:00+08:00,2026-08-06 14:45:00+08:00,1785997800000,SOL-USDT,15m,74.08,74.12,74.03,74.12,1296.773186,96043.4769838,96043.4769838,1
2026-08-06 14:45:00+08:00,2026-08-06 15:00:00+08:00,1785998700000,SOL-USDT,15m,74.12,74.12,74.02,74.05,1388.688684,102840.79781916,102840.79781916,1
2026-08-06 15:00:00+08:00,2026-08-06 15:15:00+08:00,1785999600000,SOL-USDT,15m,74.05,74.09,74,74.09,2889.473999,213891.38903137,213891.38903137,1
2026-08-06 15:15:00+08:00,2026-08-06 15:30:00+08:00,1786000500000,SOL-USDT,15m,74.09,74.13,74.03,74.08,2273.806669,168462.58779159,168462.58779159,1
2026-08-06 15:30:00+08:00,2026-08-06 15:45:00+08:00,1786001400000,SOL-USDT,15m,74.08,74.08,73.91,73.92,3840.912818,284183.36871038,284183.36871038,1
2026-08-06 15:45:00+08:00,2026-08-06 16:00:00+08:00,1786002300000,SOL-USDT,15m,73.92,73.95,73.87,73.89,2110.839696,156006.56745904,156006.56745904,1
2026-08-06 16:00:00+08:00,2026-08-06 16:15:00+08:00,1786003200000,SOL-USDT,15m,73.89,73.91,73.76,73.79,3588.211448,264979.36480388,264979.36480388,1
2026-08-06 16:15:00+08:00,2026-08-06 16:30:00+08:00,1786004100000,SOL-USDT,15m,73.79,73.81,73.7,73.81,11460.125,845150.64869655,845150.64869655,1
2026-08-06 16:30:00+08:00,2026-08-06 16:45:00+08:00,1786005000000,SOL-USDT,15m,73.81,73.92,73.76,73.88,4216.852347,311344.54459971,311344.54459971,1
2026-08-06 16:45:00+08:00,2026-08-06 17:00:00+08:00,1786005900000,SOL-USDT,15m,73.88,74.1,73.88,74,3313.577419,245184.12349261,245184.12349261,1
2026-08-06 17:00:00+08:00,2026-08-06 17:15:00+08:00,1786006800000,SOL-USDT,15m,74,74,73.61,73.62,5581.520211,412107.49654848,412107.49654848,1
2026-08-06 17:15:00+08:00,2026-08-06 17:30:00+08:00,1786007700000,SOL-USDT,15m,73.61,73.69,73.51,73.54,8451.163274,621856.13274313,621856.13274313,1
2026-08-06 17:30:00+08:00,2026-08-06 17:45:00+08:00,1786008600000,SOL-USDT,15m,73.54,73.54,73.3,73.36,18405.619195,1351126.25317709,1351126.25317709,1
2026-08-06 17:45:00+08:00,2026-08-06 18:00:00+08:00,1786009500000,SOL-USDT,15m,73.34,73.36,73.2,73.31,11230.626562,823131.98022686,823131.98022686,1
2026-08-06 18:00:00+08:00,2026-08-06 18:15:00+08:00,1786010400000,SOL-USDT,15m,73.31,73.35,73.17,73.21,8379.535493,613771.87056945,613771.87056945,1
2026-08-06 18:15:00+08:00,2026-08-06 18:30:00+08:00,1786011300000,SOL-USDT,15m,73.21,73.42,73.19,73.4,6096.322512,447254.4926951,447254.4926951,1
2026-08-06 18:30:00+08:00,2026-08-06 18:45:00+08:00,1786012200000,SOL-USDT,15m,73.41,73.44,73.33,73.33,2514.886625,184577.13996304,184577.13996304,1
2026-08-06 18:45:00+08:00,2026-08-06 19:00:00+08:00,1786013100000,SOL-USDT,15m,73.33,73.36,73.25,73.32,1613.67689,118287.00284184,118287.00284184,1
2026-08-06 19:00:00+08:00,2026-08-06 19:15:00+08:00,1786014000000,SOL-USDT,15m,73.33,73.4,73.19,73.39,2970.62342,217729.84740681,217729.84740681,1
2026-08-06 19:15:00+08:00,2026-08-06 19:30:00+08:00,1786014900000,SOL-USDT,15m,73.39,73.48,73.39,73.39,1292.235185,94909.15931297,94909.15931297,1
2026-08-06 19:30:00+08:00,2026-08-06 19:45:00+08:00,1786015800000,SOL-USDT,15m,73.4,73.57,73.4,73.53,693.999828,51014.74123254,51014.74123254,1
2026-08-06 19:45:00+08:00,2026-08-06 20:00:00+08:00,1786016700000,SOL-USDT,15m,73.54,73.54,73.44,73.46,1149.917325,84491.99329261,84491.99329261,1
2026-08-06 20:00:00+08:00,2026-08-06 20:15:00+08:00,1786017600000,SOL-USDT,15m,73.47,73.48,73.29,73.29,1646.246614,120754.61787203,120754.61787203,1
2026-08-06 20:15:00+08:00,2026-08-06 20:30:00+08:00,1786018500000,SOL-USDT,15m,73.3,73.42,73.24,73.4,2198.308487,161159.35431641,161159.35431641,1
2026-08-06 20:30:00+08:00,2026-08-06 20:45:00+08:00,1786019400000,SOL-USDT,15m,73.4,73.45,73.31,73.36,1867.258763,137004.63751751,137004.63751751,1
2026-08-06 20:45:00+08:00,2026-08-06 21:00:00+08:00,1786020300000,SOL-USDT,15m,73.36,73.37,73.14,73.15,2966.442406,217308.51944642,217308.51944642,1
2026-08-06 21:00:00+08:00,2026-08-06 21:15:00+08:00,1786021200000,SOL-USDT,15m,73.15,73.19,72.88,72.99,10115.708866,738480.94252479,738480.94252479,1
2026-08-06 21:15:00+08:00,2026-08-06 21:30:00+08:00,1786022100000,SOL-USDT,15m,72.99,73.01,72.85,72.97,3862.593913,281697.64997135,281697.64997135,1
2026-08-06 21:30:00+08:00,2026-08-06 21:45:00+08:00,1786023000000,SOL-USDT,15m,72.96,73.28,72.87,73.26,8005.361435,584403.40022687,584403.40022687,1
2026-08-06 21:45:00+08:00,2026-08-06 22:00:00+08:00,1786023900000,SOL-USDT,15m,73.25,73.33,73.19,73.26,2592.43485,189957.39638739,189957.39638739,1
2026-08-06 22:00:00+08:00,2026-08-06 22:15:00+08:00,1786024800000,SOL-USDT,15m,73.25,73.31,73.16,73.23,9222.439609,675360.38994438,675360.38994438,1
2026-08-06 22:15:00+08:00,2026-08-06 22:30:00+08:00,1786025700000,SOL-USDT,15m,73.22,73.38,73.18,73.19,14345.305881,1051045.61232406,1051045.61232406,1
2026-08-06 22:30:00+08:00,2026-08-06 22:45:00+08:00,1786026600000,SOL-USDT,15m,73.18,73.58,73.1,73.52,9020.029323,661588.1897805,661588.1897805,1
2026-08-06 22:45:00+08:00,2026-08-06 23:00:00+08:00,1786027500000,SOL-USDT,15m,73.53,73.57,73.35,73.47,5380.232223,395208.37786211,395208.37786211,1
2026-08-06 23:00:00+08:00,2026-08-06 23:15:00+08:00,1786028400000,SOL-USDT,15m,73.47,73.62,73.43,73.51,3685.262058,271044.64618998,271044.64618998,1
2026-08-06 23:15:00+08:00,2026-08-06 23:30:00+08:00,1786029300000,SOL-USDT,15m,73.5,73.56,73.36,73.53,5038.791984,370183.13669042,370183.13669042,1
2026-08-06 23:30:00+08:00,2026-08-06 23:45:00+08:00,1786030200000,SOL-USDT,15m,73.53,73.62,73.4,73.4,3266.479265,240053.54711898,240053.54711898,1
2026-08-06 23:45:00+08:00,2026-08-07 00:00:00+08:00,1786031100000,SOL-USDT,15m,73.41,73.54,73.31,73.32,2817.34061,206810.67122732,206810.67122732,1
2026-08-07 00:00:00+08:00,2026-08-07 00:15:00+08:00,1786032000000,SOL-USDT,15m,73.32,73.39,73.1,73.14,11925.133373,873734.81508683,873734.81508683,1
2026-08-07 00:15:00+08:00,2026-08-07 00:30:00+08:00,1786032900000,SOL-USDT,15m,73.15,73.32,73.14,73.32,2621.215673,191954.34095533,191954.34095533,1
2026-08-07 00:30:00+08:00,2026-08-07 00:45:00+08:00,1786033800000,SOL-USDT,15m,73.32,73.49,73.27,73.41,2570.711737,188521.50496683,188521.50496683,1
2026-08-07 00:45:00+08:00,2026-08-07 01:00:00+08:00,1786034700000,SOL-USDT,15m,73.41,73.48,73.34,73.44,3007.66279,220823.04951023,220823.04951023,1
2026-08-07 01:00:00+08:00,2026-08-07 01:15:00+08:00,1786035600000,SOL-USDT,15m,73.45,73.55,73.44,73.44,2699.4833,198389.84937784,198389.84937784,1
2026-08-07 01:15:00+08:00,2026-08-07 01:30:00+08:00,1786036500000,SOL-USDT,15m,73.44,73.47,73.34,73.34,1264.673636,92834.05214639,92834.05214639,1
2026-08-07 01:30:00+08:00,2026-08-07 01:45:00+08:00,1786037400000,SOL-USDT,15m,73.33,73.39,73.06,73.16,3608.1778,264109.03894783,264109.03894783,1
2026-08-07 01:45:00+08:00,2026-08-07 02:00:00+08:00,1786038300000,SOL-USDT,15m,73.16,73.21,73.09,73.2,2242.580784,164037.83638461,164037.83638461,1
2026-08-07 02:00:00+08:00,2026-08-07 02:15:00+08:00,1786039200000,SOL-USDT,15m,73.2,73.2,72.97,73.08,4700.750064,343342.63379687,343342.63379687,1
2026-08-07 02:15:00+08:00,2026-08-07 02:30:00+08:00,1786040100000,SOL-USDT,15m,73.08,73.23,73.05,73.12,4364.417335,319178.87239102,319178.87239102,1
2026-08-07 02:30:00+08:00,2026-08-07 02:45:00+08:00,1786041000000,SOL-USDT,15m,73.11,73.12,72.91,72.91,6900.142603,503589.94869321,503589.94869321,1
2026-08-07 02:45:00+08:00,2026-08-07 03:00:00+08:00,1786041900000,SOL-USDT,15m,72.91,72.99,72.73,72.81,13627.054393,993157.62739939,993157.62739939,1
2026-08-07 03:00:00+08:00,2026-08-07 03:15:00+08:00,1786042800000,SOL-USDT,15m,72.82,72.86,72.77,72.78,4126.039131,300447.72659997,300447.72659997,1
2026-08-07 03:15:00+08:00,2026-08-07 03:30:00+08:00,1786043700000,SOL-USDT,15m,72.79,72.79,72.56,72.62,8312.935416,604298.24401142,604298.24401142,1
2026-08-07 03:30:00+08:00,2026-08-07 03:45:00+08:00,1786044600000,SOL-USDT,15m,72.62,72.78,72.6,72.78,4958.077102,360414.31313833,360414.31313833,1
2026-08-07 03:45:00+08:00,2026-08-07 04:00:00+08:00,1786045500000,SOL-USDT,15m,72.78,72.97,72.77,72.81,5749.827794,419068.486309,419068.486309,1
2026-08-07 04:00:00+08:00,2026-08-07 04:15:00+08:00,1786046400000,SOL-USDT,15m,72.81,72.98,72.81,72.96,3995.006823,291297.91157461,291297.91157461,1
2026-08-07 04:15:00+08:00,2026-08-07 04:30:00+08:00,1786047300000,SOL-USDT,15m,72.96,72.97,72.85,72.91,4578.271075,333741.48027217,333741.48027217,1
2026-08-07 04:30:00+08:00,2026-08-07 04:45:00+08:00,1786048200000,SOL-USDT,15m,72.91,72.99,72.87,72.94,3412.734499,248964.57892625,248964.57892625,1
2026-08-07 04:45:00+08:00,2026-08-07 05:00:00+08:00,1786049100000,SOL-USDT,15m,72.94,72.94,72.84,72.85,1201.563778,87583.6270934,87583.6270934,1
2026-08-07 05:00:00+08:00,2026-08-07 05:15:00+08:00,1786050000000,SOL-USDT,15m,72.85,72.99,72.79,72.97,6914.49942,504217.12448081,504217.12448081,1
2026-08-07 05:15:00+08:00,2026-08-07 05:30:00+08:00,1786050900000,SOL-USDT,15m,72.98,73,72.88,72.97,3443.979475,251268.52670009,251268.52670009,1
2026-08-07 05:30:00+08:00,2026-08-07 05:45:00+08:00,1786051800000,SOL-USDT,15m,72.96,72.99,72.81,72.95,6367.429961,464239.21022692,464239.21022692,1
2026-08-07 05:45:00+08:00,2026-08-07 06:00:00+08:00,1786052700000,SOL-USDT,15m,72.94,72.97,72.88,72.88,961.356897,70095.35435313,70095.35435313,1
2026-08-07 06:00:00+08:00,2026-08-07 06:15:00+08:00,1786053600000,SOL-USDT,15m,72.88,72.89,72.74,72.83,1406.604739,102408.60623529,102408.60623529,1
2026-08-07 06:15:00+08:00,2026-08-07 06:30:00+08:00,1786054500000,SOL-USDT,15m,72.83,72.86,72.66,72.7,1551.894865,112884.55688608,112884.55688608,1
2026-08-07 06:30:00+08:00,2026-08-07 06:45:00+08:00,1786055400000,SOL-USDT,15m,72.71,72.78,72.68,72.71,4151.874167,301958.15828501,301958.15828501,1
2026-08-07 06:45:00+08:00,2026-08-07 07:00:00+08:00,1786056300000,SOL-USDT,15m,72.72,72.74,72.68,72.7,1706.79112,124087.11284408,124087.11284408,1
2026-08-07 07:00:00+08:00,2026-08-07 07:15:00+08:00,1786057200000,SOL-USDT,15m,72.69,72.74,72.67,72.68,3291.074076,239227.99222615,239227.99222615,1
2026-08-07 07:15:00+08:00,2026-08-07 07:30:00+08:00,1786058100000,SOL-USDT,15m,72.68,72.68,72.35,72.4,10497.715682,761474.46727131,761474.46727131,1
2026-08-07 07:30:00+08:00,2026-08-07 07:45:00+08:00,1786059000000,SOL-USDT,15m,72.4,72.5,72.35,72.46,3359.908582,243391.68918353,243391.68918353,1
2026-08-07 07:45:00+08:00,2026-08-07 08:00:00+08:00,1786059900000,SOL-USDT,15m,72.45,72.72,72.42,72.7,3067.126347,222596.3188807,222596.3188807,1
2026-08-07 08:00:00+08:00,2026-08-07 08:15:00+08:00,1786060800000,SOL-USDT,15m,72.7,72.82,72.63,72.65,2171.413112,157924.66450973,157924.66450973,1
2026-08-07 08:15:00+08:00,2026-08-07 08:30:00+08:00,1786061700000,SOL-USDT,15m,72.65,72.7,72.59,72.67,1670.716109,121356.5416752,121356.5416752,1
2026-08-07 08:30:00+08:00,2026-08-07 08:45:00+08:00,1786062600000,SOL-USDT,15m,72.66,72.75,72.57,72.68,3322.275031,241380.70783803,241380.70783803,1
2026-08-07 08:45:00+08:00,2026-08-07 09:00:00+08:00,1786063500000,SOL-USDT,15m,72.68,72.7,72.57,72.67,596.472978,43329.61321399,43329.61321399,1
2026-08-07 09:00:00+08:00,2026-08-07 09:15:00+08:00,1786064400000,SOL-USDT,15m,72.67,72.85,72.65,72.68,3929.969525,285892.08202812,285892.08202812,1
2026-08-07 09:15:00+08:00,2026-08-07 09:30:00+08:00,1786065300000,SOL-USDT,15m,72.68,72.77,72.63,72.76,1425.41585,103597.18247196,103597.18247196,1
2026-08-07 09:30:00+08:00,2026-08-07 09:45:00+08:00,1786066200000,SOL-USDT,15m,72.76,72.88,72.59,72.69,5677.510851,413214.77677941,413214.77677941,1
2026-08-07 09:45:00+08:00,2026-08-07 10:00:00+08:00,1786067100000,SOL-USDT,15m,72.68,72.76,72.67,72.75,1642.484658,119428.54030857,119428.54030857,1
2026-08-07 10:00:00+08:00,2026-08-07 10:15:00+08:00,1786068000000,SOL-USDT,15m,72.75,72.78,72.5,72.78,2852.845372,207289.94199197,207289.94199197,1
2026-08-07 10:15:00+08:00,2026-08-07 10:30:00+08:00,1786068900000,SOL-USDT,15m,72.78,72.94,72.61,72.63,4201.582348,305894.05730362,305894.05730362,1
2026-08-07 10:30:00+08:00,2026-08-07 10:45:00+08:00,1786069800000,SOL-USDT,15m,72.63,72.75,72.59,72.69,2321.029491,168659.33983703,168659.33983703,1
2026-08-07 10:45:00+08:00,2026-08-07 11:00:00+08:00,1786070700000,SOL-USDT,15m,72.69,72.8,72.67,72.71,2687.978351,195526.88891995,195526.88891995,1
2026-08-07 11:00:00+08:00,2026-08-07 11:15:00+08:00,1786071600000,SOL-USDT,15m,72.71,72.75,72.63,72.64,903.586536,65672.83191345,65672.83191345,1
2026-08-07 11:15:00+08:00,2026-08-07 11:30:00+08:00,1786072500000,SOL-USDT,15m,72.64,72.75,72.61,72.69,1045.000518,75925.22718295,75925.22718295,1
2026-08-07 11:30:00+08:00,2026-08-07 11:45:00+08:00,1786073400000,SOL-USDT,15m,72.68,72.77,72.68,72.71,875.14125,63640.98529557,63640.98529557,1
2026-08-07 11:45:00+08:00,2026-08-07 12:00:00+08:00,1786074300000,SOL-USDT,15m,72.7,72.74,72.55,72.64,3502.536951,254630.01926211,254630.01926211,1
2026-08-07 12:00:00+08:00,2026-08-07 12:15:00+08:00,1786075200000,SOL-USDT,15m,72.63,72.69,72.52,72.64,2284.767297,165938.5630424,165938.5630424,1
2026-08-07 12:15:00+08:00,2026-08-07 12:30:00+08:00,1786076100000,SOL-USDT,15m,72.64,72.8,72.63,72.74,852.502415,61997.43570337,61997.43570337,1
2026-08-07 12:30:00+08:00,2026-08-07 12:45:00+08:00,1786077000000,SOL-USDT,15m,72.74,72.79,72.68,72.73,1861.318198,135396.49959087,135396.49959087,1
2026-08-07 12:45:00+08:00,2026-08-07 13:00:00+08:00,1786077900000,SOL-USDT,15m,72.72,72.74,72.59,72.67,3981.940263,289345.40733815,289345.40733815,1
2026-08-07 13:00:00+08:00,2026-08-07 13:15:00+08:00,1786078800000,SOL-USDT,15m,72.68,72.75,72.65,72.7,2729.850438,198465.71637042,198465.71637042,1
2026-08-07 13:15:00+08:00,2026-08-07 13:30:00+08:00,1786079700000,SOL-USDT,15m,72.7,72.72,72.54,72.56,3503.466997,254421.57241637,254421.57241637,1
2026-08-07 13:30:00+08:00,2026-08-07 13:45:00+08:00,1786080600000,SOL-USDT,15m,72.55,72.7,72.44,72.69,5994.312419,435008.17132924,435008.17132924,1
2026-08-07 13:45:00+08:00,2026-08-07 14:00:00+08:00,1786081500000,SOL-USDT,15m,72.7,72.96,72.7,72.88,6737.445627,490822.15965107,490822.15965107,1
2026-08-07 14:00:00+08:00,2026-08-07 14:15:00+08:00,1786082400000,SOL-USDT,15m,72.88,72.97,72.83,72.97,4096.62291,298699.80682491,298699.80682491,1
2026-08-07 14:15:00+08:00,2026-08-07 14:30:00+08:00,1786083300000,SOL-USDT,15m,72.97,73.08,72.95,73.02,4291.912356,313383.3894295,313383.3894295,1
2026-08-07 14:30:00+08:00,2026-08-07 14:45:00+08:00,1786084200000,SOL-USDT,15m,73.03,73.05,72.92,72.94,3041.988006,221960.09000209,221960.09000209,1
2026-08-07 14:45:00+08:00,2026-08-07 15:00:00+08:00,1786085100000,SOL-USDT,15m,72.94,72.97,72.81,72.84,4499.13396,327858.86287229,327858.86287229,1
2026-08-07 15:00:00+08:00,2026-08-07 15:15:00+08:00,1786086000000,SOL-USDT,15m,72.84,72.98,72.76,72.97,3111.974713,226728.33933931,226728.33933931,1
2026-08-07 15:15:00+08:00,2026-08-07 15:30:00+08:00,1786086900000,SOL-USDT,15m,72.97,73,72.92,72.98,3651.719568,266457.66558797,266457.66558797,1
2026-08-07 15:30:00+08:00,2026-08-07 15:45:00+08:00,1786087800000,SOL-USDT,15m,72.98,73.03,72.93,72.94,4253.132138,310346.5702231,310346.5702231,1
2026-08-07 15:45:00+08:00,2026-08-07 16:00:00+08:00,1786088700000,SOL-USDT,15m,72.93,72.99,72.92,72.94,2920.177144,213004.40385021,213004.40385021,1
2026-08-07 16:00:00+08:00,2026-08-07 16:15:00+08:00,1786089600000,SOL-USDT,15m,72.93,73.02,72.91,73.01,3102.782063,226413.04879583,226413.04879583,1
2026-08-07 16:15:00+08:00,2026-08-07 16:30:00+08:00,1786090500000,SOL-USDT,15m,73.01,73.03,72.93,72.96,1601.284767,116830.34438933,116830.34438933,1
2026-08-07 16:30:00+08:00,2026-08-07 16:45:00+08:00,1786091400000,SOL-USDT,15m,72.97,73.32,72.97,73.25,3780.236981,276415.90405812,276415.90405812,1
2026-08-07 16:45:00+08:00,2026-08-07 17:00:00+08:00,1786092300000,SOL-USDT,15m,73.26,73.27,73.16,73.2,2029.270439,148591.55435878,148591.55435878,1
2026-08-07 17:00:00+08:00,2026-08-07 17:15:00+08:00,1786093200000,SOL-USDT,15m,73.2,73.42,73.19,73.38,5504.175274,403473.53291751,403473.53291751,1
2026-08-07 17:15:00+08:00,2026-08-07 17:30:00+08:00,1786094100000,SOL-USDT,15m,73.39,73.64,73.38,73.53,6345.54865,466472.85426528,466472.85426528,1
2026-08-07 17:30:00+08:00,2026-08-07 17:45:00+08:00,1786095000000,SOL-USDT,15m,73.54,73.74,73.53,73.67,6155.103783,453440.55275335,453440.55275335,1
2026-08-07 17:45:00+08:00,2026-08-07 18:00:00+08:00,1786095900000,SOL-USDT,15m,73.67,73.74,73.58,73.62,5751.782877,423658.89744286,423658.89744286,1
2026-08-07 18:00:00+08:00,2026-08-07 18:15:00+08:00,1786096800000,SOL-USDT,15m,73.63,73.77,73.63,73.64,4853.547966,357660.50090816,357660.50090816,1
2026-08-07 18:15:00+08:00,2026-08-07 18:30:00+08:00,1786097700000,SOL-USDT,15m,73.63,73.65,73.53,73.63,3292.282259,242258.29257109,242258.29257109,1
2026-08-07 18:30:00+08:00,2026-08-07 18:45:00+08:00,1786098600000,SOL-USDT,15m,73.63,73.64,73.5,73.51,3502.775956,257649.98465592,257649.98465592,1
2026-08-07 18:45:00+08:00,2026-08-07 19:00:00+08:00,1786099500000,SOL-USDT,15m,73.5,73.56,73.49,73.52,4192.22655,308254.08992031,308254.08992031,1
2026-08-07 19:00:00+08:00,2026-08-07 19:15:00+08:00,1786100400000,SOL-USDT,15m,73.53,73.69,73.52,73.55,4610.93228,339434.20612674,339434.20612674,1
2026-08-07 19:15:00+08:00,2026-08-07 19:30:00+08:00,1786101300000,SOL-USDT,15m,73.56,73.77,73.53,73.62,4385.288417,323024.10920228,323024.10920228,1
2026-08-07 19:30:00+08:00,2026-08-07 19:45:00+08:00,1786102200000,SOL-USDT,15m,73.62,73.67,73.56,73.65,4482.126416,329896.70732298,329896.70732298,1
2026-08-07 19:45:00+08:00,2026-08-07 20:00:00+08:00,1786103100000,SOL-USDT,15m,73.65,73.68,73.59,73.63,2515.874564,185237.46192938,185237.46192938,1
2026-08-07 20:00:00+08:00,2026-08-07 20:15:00+08:00,1786104000000,SOL-USDT,15m,73.64,74.1,73.63,73.94,15446.396945,1140959.11625927,1140959.11625927,1
2026-08-07 20:15:00+08:00,2026-08-07 20:30:00+08:00,1786104900000,SOL-USDT,15m,73.94,74.02,73.88,74.02,12337.908086,912298.96404173,912298.96404173,1
2026-08-07 20:30:00+08:00,2026-08-07 20:45:00+08:00,1786105800000,SOL-USDT,15m,74.02,74.37,73.65,73.8,28508.335454,2107535.1011519,2107535.1011519,1
2026-08-07 20:45:00+08:00,2026-08-07 21:00:00+08:00,1786106700000,SOL-USDT,15m,73.8,74.03,73.8,73.91,6785.470757,501614.57415433,501614.57415433,1
2026-08-07 21:00:00+08:00,2026-08-07 21:15:00+08:00,1786107600000,SOL-USDT,15m,73.91,73.94,73.8,73.84,5958.691108,440214.90768615,440214.90768615,1
2026-08-07 21:15:00+08:00,2026-08-07 21:30:00+08:00,1786108500000,SOL-USDT,15m,73.84,73.96,73.81,73.88,1977.404271,146077.29971189,146077.29971189,1
2026-08-07 21:30:00+08:00,2026-08-07 21:45:00+08:00,1786109400000,SOL-USDT,15m,73.88,74.27,73.84,74.23,15469.770372,1146514.17509039,1146514.17509039,1
2026-08-07 21:45:00+08:00,2026-08-07 22:00:00+08:00,1786110300000,SOL-USDT,15m,74.23,74.35,74.1,74.14,13745.873872,1020376.06937416,1020376.06937416,1
2026-08-07 22:00:00+08:00,2026-08-07 22:15:00+08:00,1786111200000,SOL-USDT,15m,74.13,74.17,73.68,73.69,14119.025772,1042839.60017095,1042839.60017095,1
2026-08-07 22:15:00+08:00,2026-08-07 22:30:00+08:00,1786112100000,SOL-USDT,15m,73.69,74.13,73.62,74.13,7895.563335,583734.22521521,583734.22521521,1
2026-08-07 22:30:00+08:00,2026-08-07 22:45:00+08:00,1786113000000,SOL-USDT,15m,74.13,74.23,73.96,73.98,14209.983503,1053394.22693149,1053394.22693149,1
2026-08-07 22:45:00+08:00,2026-08-07 23:00:00+08:00,1786113900000,SOL-USDT,15m,73.97,74.02,73.57,73.72,6882.470768,507780.70214435,507780.70214435,1
2026-08-07 23:00:00+08:00,2026-08-07 23:15:00+08:00,1786114800000,SOL-USDT,15m,73.73,73.95,73.71,73.87,4763.153022,351655.67860331,351655.67860331,1
2026-08-07 23:15:00+08:00,2026-08-07 23:30:00+08:00,1786115700000,SOL-USDT,15m,73.86,73.86,73.72,73.78,4400.272801,324651.98296072,324651.98296072,1
2026-08-07 23:30:00+08:00,2026-08-07 23:45:00+08:00,1786116600000,SOL-USDT,15m,73.77,73.98,73.73,73.93,2123.485429,156873.41550942,156873.41550942,1
2026-08-07 23:45:00+08:00,2026-08-08 00:00:00+08:00,1786117500000,SOL-USDT,15m,73.93,73.97,73.86,73.9,2158.683601,159525.87779043,159525.87779043,1
2026-08-08 00:00:00+08:00,2026-08-08 00:15:00+08:00,1786118400000,SOL-USDT,15m,73.91,74.13,73.91,74.09,4279.059422,316679.3249394,316679.3249394,1
2026-08-08 00:15:00+08:00,2026-08-08 00:30:00+08:00,1786119300000,SOL-USDT,15m,74.08,74.09,73.84,73.86,4501.168918,332996.9645283,332996.9645283,1
2026-08-08 00:30:00+08:00,2026-08-08 00:45:00+08:00,1786120200000,SOL-USDT,15m,73.87,73.9,73.74,73.79,5441.938489,401682.16160807,401682.16160807,1
2026-08-08 00:45:00+08:00,2026-08-08 01:00:00+08:00,1786121100000,SOL-USDT,15m,73.79,73.84,73.59,73.59,2734.400909,201522.93145788,201522.93145788,1
2026-08-08 01:00:00+08:00,2026-08-08 01:15:00+08:00,1786122000000,SOL-USDT,15m,73.58,73.59,73.32,73.33,5737.694164,421504.36219907,421504.36219907,1
2026-08-08 01:15:00+08:00,2026-08-08 01:30:00+08:00,1786122900000,SOL-USDT,15m,73.33,73.43,73.27,73.29,5463.068955,400632.38088276,400632.38088276,1
2026-08-08 01:30:00+08:00,2026-08-08 01:45:00+08:00,1786123800000,SOL-USDT,15m,73.28,73.45,73.2,73.37,7011.315342,514057.32500587,514057.32500587,1
2026-08-08 01:45:00+08:00,2026-08-08 02:00:00+08:00,1786124700000,SOL-USDT,15m,73.37,73.44,73.23,73.44,3885.631468,284912.03809172,284912.03809172,1
2026-08-08 02:00:00+08:00,2026-08-08 02:15:00+08:00,1786125600000,SOL-USDT,15m,73.43,73.58,73.41,73.52,4438.634874,326246.94584879,326246.94584879,1
2026-08-08 02:15:00+08:00,2026-08-08 02:30:00+08:00,1786126500000,SOL-USDT,15m,73.52,73.58,73.49,73.49,1256.568242,92403.3219202,92403.3219202,1
2026-08-08 02:30:00+08:00,2026-08-08 02:45:00+08:00,1786127400000,SOL-USDT,15m,73.5,73.52,73.28,73.29,1552.364439,113956.08586234,113956.08586234,1
2026-08-08 02:45:00+08:00,2026-08-08 03:00:00+08:00,1786128300000,SOL-USDT,15m,73.29,73.45,73.28,73.42,1312.759277,96293.52793889,96293.52793889,1
2026-08-08 03:00:00+08:00,2026-08-08 03:15:00+08:00,1786129200000,SOL-USDT,15m,73.42,73.7,73.41,73.65,3641.770088,267908.32737575,267908.32737575,1
2026-08-08 03:15:00+08:00,2026-08-08 03:30:00+08:00,1786130100000,SOL-USDT,15m,73.66,73.89,73.66,73.83,5708.401799,421197.97301817,421197.97301817,1
2026-08-08 03:30:00+08:00,2026-08-08 03:45:00+08:00,1786131000000,SOL-USDT,15m,73.84,73.9,73.79,73.83,4414.888301,326049.06112193,326049.06112193,1
2026-08-08 03:45:00+08:00,2026-08-08 04:00:00+08:00,1786131900000,SOL-USDT,15m,73.83,74.04,73.83,74.02,8044.522371,594884.10318919,594884.10318919,1
2026-08-08 04:00:00+08:00,2026-08-08 04:15:00+08:00,1786132800000,SOL-USDT,15m,74.03,74.1,73.96,74.08,5150.435038,381352.87088494,381352.87088494,1
2026-08-08 04:15:00+08:00,2026-08-08 04:30:00+08:00,1786133700000,SOL-USDT,15m,74.07,74.1,74,74.01,3182.809335,235729.5198846,235729.5198846,1
2026-08-08 04:30:00+08:00,2026-08-08 04:45:00+08:00,1786134600000,SOL-USDT,15m,74.01,74.01,73.85,73.85,2254.491957,166633.20088798,166633.20088798,1
2026-08-08 04:45:00+08:00,2026-08-08 05:00:00+08:00,1786135500000,SOL-USDT,15m,73.85,73.88,73.8,73.83,1824.856955,134736.39132825,134736.39132825,1
2026-08-08 05:00:00+08:00,2026-08-08 05:15:00+08:00,1786136400000,SOL-USDT,15m,73.84,73.88,73.78,73.82,1579.138993,116580.6727212,116580.6727212,1
2026-08-08 05:15:00+08:00,2026-08-08 05:30:00+08:00,1786137300000,SOL-USDT,15m,73.82,73.89,73.64,73.74,7066.462942,521335.23264922,521335.23264922,1
2026-08-08 05:30:00+08:00,2026-08-08 05:45:00+08:00,1786138200000,SOL-USDT,15m,73.73,73.86,73.69,73.75,4012.609725,295955.42142812,295955.42142812,1
2026-08-08 05:45:00+08:00,2026-08-08 06:00:00+08:00,1786139100000,SOL-USDT,15m,73.76,73.76,73.61,73.67,2677.608044,197268.96364137,197268.96364137,1
2026-08-08 06:00:00+08:00,2026-08-08 06:15:00+08:00,1786140000000,SOL-USDT,15m,73.67,73.7,73.6,73.69,1842.067259,135660.92758244,135660.92758244,1
2026-08-08 06:15:00+08:00,2026-08-08 06:30:00+08:00,1786140900000,SOL-USDT,15m,73.7,73.74,73.69,73.69,1693.642124,124849.51735468,124849.51735468,1
2026-08-08 06:30:00+08:00,2026-08-08 06:45:00+08:00,1786141800000,SOL-USDT,15m,73.69,73.7,73.6,73.62,1194.054507,87937.02624705,87937.02624705,1
2026-08-08 06:45:00+08:00,2026-08-08 07:00:00+08:00,1786142700000,SOL-USDT,15m,73.62,73.66,73.61,73.65,909.34945,66950.87292628,66950.87292628,1
2026-08-08 07:00:00+08:00,2026-08-08 07:15:00+08:00,1786143600000,SOL-USDT,15m,73.66,73.76,73.65,73.76,1349.085733,99451.04726486,99451.04726486,1
2026-08-08 07:15:00+08:00,2026-08-08 07:30:00+08:00,1786144500000,SOL-USDT,15m,73.76,73.76,73.65,73.65,1313.886191,96852.33477024,96852.33477024,1
2026-08-08 07:30:00+08:00,2026-08-08 07:45:00+08:00,1786145400000,SOL-USDT,15m,73.64,73.74,73.62,73.74,1887.510748,139089.3699484,139089.3699484,1
2026-08-08 07:45:00+08:00,2026-08-08 08:00:00+08:00,1786146300000,SOL-USDT,15m,73.74,73.79,73.68,73.68,1856.274667,136906.75820547,136906.75820547,1
2026-08-08 08:00:00+08:00,2026-08-08 08:15:00+08:00,1786147200000,SOL-USDT,15m,73.67,73.74,73.62,73.66,4330.308304,318977.47021786,318977.47021786,1
2026-08-08 08:15:00+08:00,2026-08-08 08:30:00+08:00,1786148100000,SOL-USDT,15m,73.66,73.67,73.59,73.67,1883.285479,138662.66288673,138662.66288673,1
2026-08-08 08:30:00+08:00,2026-08-08 08:45:00+08:00,1786149000000,SOL-USDT,15m,73.66,73.7,73.64,73.7,1698.562473,125145.47283727,125145.47283727,1
2026-08-08 08:45:00+08:00,2026-08-08 09:00:00+08:00,1786149900000,SOL-USDT,15m,73.7,73.76,73.66,73.72,3750.03082,276429.03419912,276429.03419912,1
2026-08-08 09:00:00+08:00,2026-08-08 09:15:00+08:00,1786150800000,SOL-USDT,15m,73.73,73.78,73.69,73.76,3428.15388,252778.22889724,252778.22889724,1
2026-08-08 09:15:00+08:00,2026-08-08 09:30:00+08:00,1786151700000,SOL-USDT,15m,73.77,73.84,73.73,73.84,1767.685943,130444.40938923,130444.40938923,1
2026-08-08 09:30:00+08:00,2026-08-08 09:45:00+08:00,1786152600000,SOL-USDT,15m,73.83,73.96,73.81,73.96,2440.768385,180368.69706224,180368.69706224,1
2026-08-08 09:45:00+08:00,2026-08-08 10:00:00+08:00,1786153500000,SOL-USDT,15m,73.96,73.96,73.88,73.89,2344.656444,173268.79412196,173268.79412196,1
2026-08-08 10:00:00+08:00,2026-08-08 10:15:00+08:00,1786154400000,SOL-USDT,15m,73.89,73.97,73.88,73.95,2055.528163,151928.35337257,151928.35337257,1
2026-08-08 10:15:00+08:00,2026-08-08 10:30:00+08:00,1786155300000,SOL-USDT,15m,73.96,73.97,73.93,73.95,1863.950179,137815.6381031,137815.6381031,1
2026-08-08 10:30:00+08:00,2026-08-08 10:45:00+08:00,1786156200000,SOL-USDT,15m,73.95,73.98,73.94,73.94,3227.615768,238710.13687528,238710.13687528,1
2026-08-08 10:45:00+08:00,2026-08-08 11:00:00+08:00,1786157100000,SOL-USDT,15m,73.94,73.94,73.85,73.86,2328.172119,172049.66156701,172049.66156701,1
2026-08-08 11:00:00+08:00,2026-08-08 11:15:00+08:00,1786158000000,SOL-USDT,15m,73.87,73.98,73.86,73.97,3838.08043,283697.36210402,283697.36210402,1
2026-08-08 11:15:00+08:00,2026-08-08 11:30:00+08:00,1786158900000,SOL-USDT,15m,73.98,74.2,73.97,74.15,4036.187904,299045.93400497,299045.93400497,1
2026-08-08 11:30:00+08:00,2026-08-08 11:45:00+08:00,1786159800000,SOL-USDT,15m,74.16,74.55,74.16,74.46,26753.608693,1990387.88782213,1990387.88782213,1
2026-08-08 11:45:00+08:00,2026-08-08 12:00:00+08:00,1786160700000,SOL-USDT,15m,74.47,75,74.44,74.83,26825.614832,2004176.18650602,2004176.18650602,1
2026-08-08 12:00:00+08:00,2026-08-08 12:15:00+08:00,1786161600000,SOL-USDT,15m,74.84,75.14,74.65,74.69,32146.953721,2408621.38897643,2408621.38897643,1
2026-08-08 12:15:00+08:00,2026-08-08 12:30:00+08:00,1786162500000,SOL-USDT,15m,74.7,74.77,74.6,74.61,12243.757763,914375.05299984,914375.05299984,1
2026-08-08 12:30:00+08:00,2026-08-08 12:45:00+08:00,1786163400000,SOL-USDT,15m,74.6,74.76,74.6,74.66,4820.550506,360042.27911006,360042.27911006,1
2026-08-08 12:45:00+08:00,2026-08-08 13:00:00+08:00,1786164300000,SOL-USDT,15m,74.67,74.7,74.6,74.65,2389.623424,178388.13713088,178388.13713088,1
2026-08-08 13:00:00+08:00,2026-08-08 13:15:00+08:00,1786165200000,SOL-USDT,15m,74.65,74.65,74.58,74.59,2628.87353,196132.85174585,196132.85174585,1
2026-08-08 13:15:00+08:00,2026-08-08 13:30:00+08:00,1786166100000,SOL-USDT,15m,74.58,74.72,74.53,74.7,3663.078361,273312.34179883,273312.34179883,1
2026-08-08 13:30:00+08:00,2026-08-08 13:45:00+08:00,1786167000000,SOL-USDT,15m,74.69,74.76,74.59,74.59,4062.934666,303460.38978408,303460.38978408,1
2026-08-08 13:45:00+08:00,2026-08-08 14:00:00+08:00,1786167900000,SOL-USDT,15m,74.59,74.66,74.49,74.66,5061.877429,377381.30691633,377381.30691633,1
2026-08-08 14:00:00+08:00,2026-08-08 14:15:00+08:00,1786168800000,SOL-USDT,15m,74.67,74.69,74.57,74.65,1852.755956,138287.83880613,138287.83880613,1
2026-08-08 14:15:00+08:00,2026-08-08 14:30:00+08:00,1786169700000,SOL-USDT,15m,74.65,74.75,74.58,74.75,3169.709256,236683.53896613,236683.53896613,1
2026-08-08 14:30:00+08:00,2026-08-08 14:45:00+08:00,1786170600000,SOL-USDT,15m,74.75,74.78,74.68,74.74,5785.021431,432296.34851784,432296.34851784,1
2026-08-08 14:45:00+08:00,2026-08-08 15:00:00+08:00,1786171500000,SOL-USDT,15m,74.73,74.84,74.71,74.72,2428.672986,181614.84676578,181614.84676578,1
2026-08-08 15:00:00+08:00,2026-08-08 15:15:00+08:00,1786172400000,SOL-USDT,15m,74.73,74.83,74.72,74.73,3803.841533,284463.36598435,284463.36598435,1
2026-08-08 15:15:00+08:00,2026-08-08 15:30:00+08:00,1786173300000,SOL-USDT,15m,74.73,74.74,74.67,74.7,1790.543658,133781.13675811,133781.13675811,1
2026-08-08 15:30:00+08:00,2026-08-08 15:45:00+08:00,1786174200000,SOL-USDT,15m,74.7,74.75,74.65,74.72,2472.055662,184634.1731431,184634.1731431,1
2026-08-08 15:45:00+08:00,2026-08-08 16:00:00+08:00,1786175100000,SOL-USDT,15m,74.72,74.83,74.71,74.81,1325.891732,99118.30080715,99118.30080715,1
2026-08-08 16:00:00+08:00,2026-08-08 16:15:00+08:00,1786176000000,SOL-USDT,15m,74.82,74.84,74.77,74.8,1430.195417,106969.21896434,106969.21896434,1
2026-08-08 16:15:00+08:00,2026-08-08 16:30:00+08:00,1786176900000,SOL-USDT,15m,74.8,74.84,74.69,74.84,3543.640079,264893.19565389,264893.19565389,1
2026-08-08 16:30:00+08:00,2026-08-08 16:45:00+08:00,1786177800000,SOL-USDT,15m,74.83,74.93,74.79,74.8,3272.234002,244946.04932068,244946.04932068,1
2026-08-08 16:45:00+08:00,2026-08-08 17:00:00+08:00,1786178700000,SOL-USDT,15m,74.79,74.85,74.71,74.8,3880.137532,290122.84907306,290122.84907306,1
2026-08-08 17:00:00+08:00,2026-08-08 17:15:00+08:00,1786179600000,SOL-USDT,15m,74.81,74.87,74.8,74.84,1727.575235,129284.98009995,129284.98009995,1
2026-08-08 17:15:00+08:00,2026-08-08 17:30:00+08:00,1786180500000,SOL-USDT,15m,74.84,74.96,74.84,74.95,2678.810449,200679.7188117,200679.7188117,1
2026-08-08 17:30:00+08:00,2026-08-08 17:45:00+08:00,1786181400000,SOL-USDT,15m,74.95,75.02,74.83,74.84,4743.284252,355395.38041422,355395.38041422,1
2026-08-08 17:45:00+08:00,2026-08-08 18:00:00+08:00,1786182300000,SOL-USDT,15m,74.84,74.92,74.83,74.86,1111.149347,83199.11133848,83199.11133848,1
2026-08-08 18:00:00+08:00,2026-08-08 18:15:00+08:00,1786183200000,SOL-USDT,15m,74.87,74.98,74.87,74.92,2181.059795,163449.32722418,163449.32722418,1
2026-08-08 18:15:00+08:00,2026-08-08 18:30:00+08:00,1786184100000,SOL-USDT,15m,74.92,75.02,74.9,74.99,3989.845877,299047.16455301,299047.16455301,1
2026-08-08 18:30:00+08:00,2026-08-08 18:45:00+08:00,1786185000000,SOL-USDT,15m,74.99,75.03,74.94,75.02,2439.04395,182882.54376834,182882.54376834,1
2026-08-08 18:45:00+08:00,2026-08-08 19:00:00+08:00,1786185900000,SOL-USDT,15m,75.03,75.17,75.03,75.09,6662.302187,500298.68523574,500298.68523574,1
2026-08-08 19:00:00+08:00,2026-08-08 19:15:00+08:00,1786186800000,SOL-USDT,15m,75.08,75.66,75.06,75.43,25880.648873,1951609.58086191,1951609.58086191,1
2026-08-08 19:15:00+08:00,2026-08-08 19:30:00+08:00,1786187700000,SOL-USDT,15m,75.44,75.44,75.24,75.26,4789.404804,360698.48549552,360698.48549552,1
2026-08-08 19:30:00+08:00,2026-08-08 19:45:00+08:00,1786188600000,SOL-USDT,15m,75.25,75.28,75.19,75.24,4345.376671,326899.85251598,326899.85251598,1
2026-08-08 19:45:00+08:00,2026-08-08 20:00:00+08:00,1786189500000,SOL-USDT,15m,75.24,75.7,75.21,75.6,11499.962123,867610.4561716,867610.4561716,1
2026-08-08 20:00:00+08:00,2026-08-08 20:15:00+08:00,1786190400000,SOL-USDT,15m,75.6,75.67,75.46,75.59,15033.645052,1136332.50996999,1136332.50996999,1
2026-08-08 20:15:00+08:00,2026-08-08 20:30:00+08:00,1786191300000,SOL-USDT,15m,75.59,75.59,75.36,75.38,6639.107698,500707.17153258,500707.17153258,1
2026-08-08 20:30:00+08:00,2026-08-08 20:45:00+08:00,1786192200000,SOL-USDT,15m,75.39,75.5,75.39,75.49,3079.080389,232303.54546005,232303.54546005,1
2026-08-08 20:45:00+08:00,2026-08-08 21:00:00+08:00,1786193100000,SOL-USDT,15m,75.49,75.6,75.42,75.44,2750.334187,207728.83274801,207728.83274801,1
2026-08-08 21:00:00+08:00,2026-08-08 21:15:00+08:00,1786194000000,SOL-USDT,15m,75.44,75.52,75.42,75.44,2360.491639,178146.79582465,178146.79582465,1
2026-08-08 21:15:00+08:00,2026-08-08 21:30:00+08:00,1786194900000,SOL-USDT,15m,75.44,75.53,75.44,75.52,2643.750132,199584.10669049,199584.10669049,1
2026-08-08 21:30:00+08:00,2026-08-08 21:45:00+08:00,1786195800000,SOL-USDT,15m,75.52,75.53,75.44,75.49,3969.410033,299616.79612497,299616.79612497,1
2026-08-08 21:45:00+08:00,2026-08-08 22:00:00+08:00,1786196700000,SOL-USDT,15m,75.5,75.56,75.48,75.54,2736.743821,206653.52440087,206653.52440087,1
2026-08-08 22:00:00+08:00,2026-08-08 22:15:00+08:00,1786197600000,SOL-USDT,15m,75.54,75.77,75.54,75.65,6722.174703,508707.59509684,508707.59509684,1
2026-08-08 22:15:00+08:00,2026-08-08 22:30:00+08:00,1786198500000,SOL-USDT,15m,75.64,75.88,75.59,75.82,7194.049566,544992.58239438,544992.58239438,1
2026-08-08 22:30:00+08:00,2026-08-08 22:45:00+08:00,1786199400000,SOL-USDT,15m,75.82,76.16,75.79,75.97,11068.297569,841044.42933275,841044.42933275,1
2026-08-08 22:45:00+08:00,2026-08-08 23:00:00+08:00,1786200300000,SOL-USDT,15m,75.97,76.62,75.97,76.48,22264.698855,1701385.3052772,1701385.3052772,1
2026-08-08 23:00:00+08:00,2026-08-08 23:15:00+08:00,1786201200000,SOL-USDT,15m,76.49,76.69,76.42,76.66,13724.013997,1050674.24842482,1050674.24842482,1
2026-08-08 23:15:00+08:00,2026-08-08 23:30:00+08:00,1786202100000,SOL-USDT,15m,76.66,76.82,76.49,76.49,12880.989139,987032.5310928,987032.5310928,1
2026-08-08 23:30:00+08:00,2026-08-08 23:45:00+08:00,1786203000000,SOL-USDT,15m,76.5,76.51,76.33,76.35,8704.810915,665048.1684183,665048.1684183,1
2026-08-08 23:45:00+08:00,2026-08-09 00:00:00+08:00,1786203900000,SOL-USDT,15m,76.34,76.47,76.24,76.39,6322.96567,482793.41284115,482793.41284115,1
2026-08-09 00:00:00+08:00,2026-08-09 00:15:00+08:00,1786204800000,SOL-USDT,15m,76.39,76.5,76.33,76.35,6602.028223,504499.74792614,504499.74792614,1
2026-08-09 00:15:00+08:00,2026-08-09 00:30:00+08:00,1786205700000,SOL-USDT,15m,76.36,76.46,76.25,76.31,4354.709391,332408.5450222,332408.5450222,1
2026-08-09 00:30:00+08:00,2026-08-09 00:45:00+08:00,1786206600000,SOL-USDT,15m,76.31,76.32,76.16,76.26,4017.677942,306281.93785815,306281.93785815,1
2026-08-09 00:45:00+08:00,2026-08-09 01:00:00+08:00,1786207500000,SOL-USDT,15m,76.27,76.4,76.24,76.37,3756.377773,286642.39595498,286642.39595498,1
2026-08-09 01:00:00+08:00,2026-08-09 01:15:00+08:00,1786208400000,SOL-USDT,15m,76.38,76.4,76.27,76.36,4282.776958,326989.44532922,326989.44532922,1
2026-08-09 01:15:00+08:00,2026-08-09 01:30:00+08:00,1786209300000,SOL-USDT,15m,76.36,76.45,76.32,76.45,4703.246769,359200.59009246,359200.59009246,1
2026-08-09 01:30:00+08:00,2026-08-09 01:45:00+08:00,1786210200000,SOL-USDT,15m,76.44,76.49,76.34,76.4,2923.823079,223460.84210821,223460.84210821,1
2026-08-09 01:45:00+08:00,2026-08-09 02:00:00+08:00,1786211100000,SOL-USDT,15m,76.4,76.44,76.37,76.39,2033.821065,155402.046953,155402.046953,1
2026-08-09 02:00:00+08:00,2026-08-09 02:15:00+08:00,1786212000000,SOL-USDT,15m,76.38,76.38,76.25,76.27,2849.1767,217409.56187302,217409.56187302,1
2026-08-09 02:15:00+08:00,2026-08-09 02:30:00+08:00,1786212900000,SOL-USDT,15m,76.26,76.29,76.08,76.08,4572.656718,348450.77597267,348450.77597267,1
2026-08-09 02:30:00+08:00,2026-08-09 02:45:00+08:00,1786213800000,SOL-USDT,15m,76.09,76.2,76.08,76.15,2506.492344,190847.48637826,190847.48637826,1
2026-08-09 02:45:00+08:00,2026-08-09 03:00:00+08:00,1786214700000,SOL-USDT,15m,76.15,76.19,76.11,76.14,1107.855631,84362.87783077,84362.87783077,1
2026-08-09 03:00:00+08:00,2026-08-09 03:15:00+08:00,1786215600000,SOL-USDT,15m,76.14,76.16,76.08,76.1,1559.432352,118677.87613847,118677.87613847,1
2026-08-09 03:15:00+08:00,2026-08-09 03:30:00+08:00,1786216500000,SOL-USDT,15m,76.1,76.12,76,76.01,4390.884187,333943.2909291,333943.2909291,1
2026-08-09 03:30:00+08:00,2026-08-09 03:45:00+08:00,1786217400000,SOL-USDT,15m,76,76.1,75.98,76.1,3649.769549,277438.92631661,277438.92631661,1
2026-08-09 03:45:00+08:00,2026-08-09 04:00:00+08:00,1786218300000,SOL-USDT,15m,76.1,76.31,76.08,76.16,9170.750403,698647.38680744,698647.38680744,1
2026-08-09 04:00:00+08:00,2026-08-09 04:15:00+08:00,1786219200000,SOL-USDT,15m,76.16,76.26,76.15,76.26,2018.731134,153844.18498604,153844.18498604,1
2026-08-09 04:15:00+08:00,2026-08-09 04:30:00+08:00,1786220100000,SOL-USDT,15m,76.26,76.28,76.15,76.18,1161.780108,88528.37509227,88528.37509227,1
2026-08-09 04:30:00+08:00,2026-08-09 04:45:00+08:00,1786221000000,SOL-USDT,15m,76.18,76.27,76.18,76.27,1794.564099,136790.51981059,136790.51981059,1
2026-08-09 04:45:00+08:00,2026-08-09 05:00:00+08:00,1786221900000,SOL-USDT,15m,76.26,76.27,76.21,76.27,1657.979996,126391.97339858,126391.97339858,1
2026-08-09 05:00:00+08:00,2026-08-09 05:15:00+08:00,1786222800000,SOL-USDT,15m,76.26,76.36,76.25,76.29,2022.247358,154321.15114169,154321.15114169,1
2026-08-09 05:15:00+08:00,2026-08-09 05:30:00+08:00,1786223700000,SOL-USDT,15m,76.29,76.36,76.28,76.33,2646.87314,202035.14964748,202035.14964748,1
2026-08-09 05:30:00+08:00,2026-08-09 05:45:00+08:00,1786224600000,SOL-USDT,15m,76.33,76.33,76.2,76.24,1646.755624,125585.86789303,125585.86789303,1
2026-08-09 05:45:00+08:00,2026-08-09 06:00:00+08:00,1786225500000,SOL-USDT,15m,76.23,76.26,76.15,76.22,1845.063206,140616.08021074,140616.08021074,1
2026-08-09 06:00:00+08:00,2026-08-09 06:15:00+08:00,1786226400000,SOL-USDT,15m,76.22,76.27,76.18,76.19,1375.104427,104807.10953375,104807.10953375,1
2026-08-09 06:15:00+08:00,2026-08-09 06:30:00+08:00,1786227300000,SOL-USDT,15m,76.19,76.29,76.18,76.24,1476.47374,112579.79502662,112579.79502662,1
2026-08-09 06:30:00+08:00,2026-08-09 06:45:00+08:00,1786228200000,SOL-USDT,15m,76.25,76.27,76.13,76.14,1151.481072,87734.00080159,87734.00080159,1
2026-08-09 06:45:00+08:00,2026-08-09 07:00:00+08:00,1786229100000,SOL-USDT,15m,76.14,76.14,75.87,75.92,5531.49083,420300.66009735,420300.66009735,1
2026-08-09 07:00:00+08:00,2026-08-09 07:15:00+08:00,1786230000000,SOL-USDT,15m,75.92,75.93,75.79,75.85,2562.832999,194434.38736243,194434.38736243,1
2026-08-09 07:15:00+08:00,2026-08-09 07:30:00+08:00,1786230900000,SOL-USDT,15m,75.84,75.94,75.79,75.91,4296.423747,325949.42945145,325949.42945145,1
2026-08-09 07:30:00+08:00,2026-08-09 07:45:00+08:00,1786231800000,SOL-USDT,15m,75.9,76.09,75.89,76.09,2688.546994,204355.82178093,204355.82178093,1
2026-08-09 07:45:00+08:00,2026-08-09 08:00:00+08:00,1786232700000,SOL-USDT,15m,76.09,76.09,76,76.01,1526.751772,116087.94844625,116087.94844625,1
2026-08-09 08:00:00+08:00,2026-08-09 08:15:00+08:00,1786233600000,SOL-USDT,15m,76.02,76.06,75.97,75.99,2763.424851,210036.12084233,210036.12084233,1
2026-08-09 08:15:00+08:00,2026-08-09 08:30:00+08:00,1786234500000,SOL-USDT,15m,76,76,75.9,75.93,2605.872176,197923.0642108,197923.0642108,1
2026-08-09 08:30:00+08:00,2026-08-09 08:45:00+08:00,1786235400000,SOL-USDT,15m,75.92,76.01,75.89,75.96,1921.432943,145891.28490968,145891.28490968,1
2026-08-09 08:45:00+08:00,2026-08-09 09:00:00+08:00,1786236300000,SOL-USDT,15m,75.96,76.02,75.85,76.01,2315.137507,175772.80578488,175772.80578488,1
2026-08-09 09:00:00+08:00,2026-08-09 09:15:00+08:00,1786237200000,SOL-USDT,15m,76.02,76.09,75.93,75.96,4188.96022,318439.90485943,318439.90485943,1
2026-08-09 09:15:00+08:00,2026-08-09 09:30:00+08:00,1786238100000,SOL-USDT,15m,75.96,75.96,75.78,75.78,8388.520347,636050.06616724,636050.06616724,1
2026-08-09 09:30:00+08:00,2026-08-09 09:45:00+08:00,1786239000000,SOL-USDT,15m,75.78,75.88,75.75,75.87,1112.642302,84365.28787589,84365.28787589,1
2026-08-09 09:45:00+08:00,2026-08-09 10:00:00+08:00,1786239900000,SOL-USDT,15m,75.87,75.93,75.82,75.89,3410.80416,258804.09640553,258804.09640553,1
2026-08-09 10:00:00+08:00,2026-08-09 10:15:00+08:00,1786240800000,SOL-USDT,15m,75.89,75.91,75.8,75.9,2820.436916,213996.48256998,213996.48256998,1
2026-08-09 10:15:00+08:00,2026-08-09 10:30:00+08:00,1786241700000,SOL-USDT,15m,75.89,75.95,75.83,75.93,3968.347883,301214.92263138,301214.92263138,1
2026-08-09 10:30:00+08:00,2026-08-09 10:45:00+08:00,1786242600000,SOL-USDT,15m,75.92,76,75.89,75.89,3219.468661,244517.16923199,244517.16923199,1
2026-08-09 10:45:00+08:00,2026-08-09 11:00:00+08:00,1786243500000,SOL-USDT,15m,75.89,75.94,75.82,75.88,3990.995672,302742.67933148,302742.67933148,1
2026-08-09 11:00:00+08:00,2026-08-09 11:15:00+08:00,1786244400000,SOL-USDT,15m,75.88,75.88,75.78,75.8,1268.064192,96146.12597148,96146.12597148,1
2026-08-09 11:15:00+08:00,2026-08-09 11:30:00+08:00,1786245300000,SOL-USDT,15m,75.8,76.01,75.77,76,2674.662887,203033.2497379,203033.2497379,1
2026-08-09 11:30:00+08:00,2026-08-09 11:45:00+08:00,1786246200000,SOL-USDT,15m,76,76.06,75.97,75.98,4500.395875,342138.5310171,342138.5310171,1
2026-08-09 11:45:00+08:00,2026-08-09 12:00:00+08:00,1786247100000,SOL-USDT,15m,75.99,76.05,75.97,76,1150.114651,87425.67248417,87425.67248417,1
2026-08-09 12:00:00+08:00,2026-08-09 12:15:00+08:00,1786248000000,SOL-USDT,15m,75.99,76.12,75.99,76.11,1450.396972,110361.34278368,110361.34278368,1
2026-08-09 12:15:00+08:00,2026-08-09 12:30:00+08:00,1786248900000,SOL-USDT,15m,76.1,76.11,76.01,76.08,9401.101028,715053.77841471,715053.77841471,1
2026-08-09 12:30:00+08:00,2026-08-09 12:45:00+08:00,1786249800000,SOL-USDT,15m,76.07,76.07,75.96,76.04,1739.887688,132254.7427434,132254.7427434,1
2026-08-09 12:45:00+08:00,2026-08-09 13:00:00+08:00,1786250700000,SOL-USDT,15m,76.05,76.05,75.96,75.98,1045.386475,79444.9747934,79444.9747934,1
2026-08-09 13:00:00+08:00,2026-08-09 13:15:00+08:00,1786251600000,SOL-USDT,15m,75.98,76.05,75.97,75.99,5738.122481,436198.6316613,436198.6316613,1
2026-08-09 13:15:00+08:00,2026-08-09 13:30:00+08:00,1786252500000,SOL-USDT,15m,75.98,76.03,75.95,75.96,988.124162,75069.77595568,75069.77595568,1
2026-08-09 13:30:00+08:00,2026-08-09 13:45:00+08:00,1786253400000,SOL-USDT,15m,75.96,75.97,75.89,75.95,1673.669132,127096.63085534,127096.63085534,1
2026-08-09 13:45:00+08:00,2026-08-09 14:00:00+08:00,1786254300000,SOL-USDT,15m,75.95,76.04,75.95,76.01,3139.471643,238592.29930096,238592.29930096,1
2026-08-09 14:00:00+08:00,2026-08-09 14:15:00+08:00,1786255200000,SOL-USDT,15m,76.01,76.06,75.97,76.02,1782.143082,135457.64163218,135457.64163218,1
2026-08-09 14:15:00+08:00,2026-08-09 14:30:00+08:00,1786256100000,SOL-USDT,15m,76.03,76.29,76.02,76.24,8275.444212,630395.82317017,630395.82317017,1
2026-08-09 14:30:00+08:00,2026-08-09 14:45:00+08:00,1786257000000,SOL-USDT,15m,76.25,76.39,76.24,76.32,4578.150902,349440.89691606,349440.89691606,1
2026-08-09 14:45:00+08:00,2026-08-09 15:00:00+08:00,1786257900000,SOL-USDT,15m,76.32,76.49,76.32,76.42,7245.594425,553635.64671972,553635.64671972,1
2026-08-09 15:00:00+08:00,2026-08-09 15:15:00+08:00,1786258800000,SOL-USDT,15m,76.42,76.47,76.33,76.44,4255.692463,325113.03633366,325113.03633366,1
2026-08-09 15:15:00+08:00,2026-08-09 15:30:00+08:00,1786259700000,SOL-USDT,15m,76.44,76.49,76.32,76.38,3822.674937,292013.54871295,292013.54871295,1
2026-08-09 15:30:00+08:00,2026-08-09 15:45:00+08:00,1786260600000,SOL-USDT,15m,76.38,76.39,76.24,76.27,2267.903056,173066.80419484,173066.80419484,1
2026-08-09 15:45:00+08:00,2026-08-09 16:00:00+08:00,1786261500000,SOL-USDT,15m,76.28,76.36,76.25,76.36,2187.567272,166909.84743555,166909.84743555,1
2026-08-09 16:00:00+08:00,2026-08-09 16:15:00+08:00,1786262400000,SOL-USDT,15m,76.36,76.57,76.34,76.44,6411.681351,490300.70323212,490300.70323212,1
2026-08-09 16:15:00+08:00,2026-08-09 16:30:00+08:00,1786263300000,SOL-USDT,15m,76.44,76.44,76.35,76.38,1702.823747,130085.67984872,130085.67984872,1
2026-08-09 16:30:00+08:00,2026-08-09 16:45:00+08:00,1786264200000,SOL-USDT,15m,76.38,76.44,76.13,76.14,4768.349804,363833.80553286,363833.80553286,1
2026-08-09 16:45:00+08:00,2026-08-09 17:00:00+08:00,1786265100000,SOL-USDT,15m,76.14,76.33,76.11,76.33,6702.96083,510786.79446201,510786.79446201,1
2026-08-09 17:00:00+08:00,2026-08-09 17:15:00+08:00,1786266000000,SOL-USDT,15m,76.32,76.47,76.29,76.45,2714.011158,207329.18409861,207329.18409861,1
2026-08-09 17:15:00+08:00,2026-08-09 17:30:00+08:00,1786266900000,SOL-USDT,15m,76.46,76.47,76.26,76.26,3467.734438,264800.67974572,264800.67974572,1
2026-08-09 17:30:00+08:00,2026-08-09 17:45:00+08:00,1786267800000,SOL-USDT,15m,76.26,76.54,76.25,76.47,6517.396684,498255.17082512,498255.17082512,1
2026-08-09 17:45:00+08:00,2026-08-09 18:00:00+08:00,1786268700000,SOL-USDT,15m,76.47,76.47,76.38,76.44,2395.240007,183044.9418879,183044.9418879,1
2026-08-09 18:00:00+08:00,2026-08-09 18:15:00+08:00,1786269600000,SOL-USDT,15m,76.45,76.55,76.42,76.54,3558.731375,272202.39334159,272202.39334159,1
2026-08-09 18:15:00+08:00,2026-08-09 18:30:00+08:00,1786270500000,SOL-USDT,15m,76.54,76.66,76.5,76.52,4299.070688,329274.87650771,329274.87650771,1
2026-08-09 18:30:00+08:00,2026-08-09 18:45:00+08:00,1786271400000,SOL-USDT,15m,76.52,76.54,76.42,76.44,1276.955989,97672.01619571,97672.01619571,1
2026-08-09 18:45:00+08:00,2026-08-09 19:00:00+08:00,1786272300000,SOL-USDT,15m,76.44,76.44,76.37,76.39,4152.316441,317258.60551525,317258.60551525,1
2026-08-09 19:00:00+08:00,2026-08-09 19:15:00+08:00,1786273200000,SOL-USDT,15m,76.39,76.45,76.34,76.43,1725.81833,131815.30611374,131815.30611374,1
2026-08-09 19:15:00+08:00,2026-08-09 19:30:00+08:00,1786274100000,SOL-USDT,15m,76.43,76.49,76.4,76.46,1210.019144,92483.61703037,92483.61703037,1
2026-08-09 19:30:00+08:00,2026-08-09 19:45:00+08:00,1786275000000,SOL-USDT,15m,76.47,76.54,76.44,76.49,2769.570259,211876.73319752,211876.73319752,1
2026-08-09 19:45:00+08:00,2026-08-09 20:00:00+08:00,1786275900000,SOL-USDT,15m,76.49,76.54,76.47,76.51,948.852216,72588.19456452,72588.19456452,1
2026-08-09 20:00:00+08:00,2026-08-09 20:15:00+08:00,1786276800000,SOL-USDT,15m,76.5,76.6,76.43,76.54,3616.642128,276717.78772023,276717.78772023,1
2026-08-09 20:15:00+08:00,2026-08-09 20:30:00+08:00,1786277700000,SOL-USDT,15m,76.54,76.54,76.43,76.43,1118.83103,85559.75067997,85559.75067997,1
2026-08-09 20:30:00+08:00,2026-08-09 20:45:00+08:00,1786278600000,SOL-USDT,15m,76.43,76.43,76.32,76.34,2407.931705,183899.62365207,183899.62365207,1
2026-08-09 20:45:00+08:00,2026-08-09 21:00:00+08:00,1786279500000,SOL-USDT,15m,76.34,76.41,76.34,76.37,2441.551566,186450.50735667,186450.50735667,1
2026-08-09 21:00:00+08:00,2026-08-09 21:15:00+08:00,1786280400000,SOL-USDT,15m,76.36,76.67,76.35,76.59,4895.53409,374657.21413421,374657.21413421,1
2026-08-09 21:15:00+08:00,2026-08-09 21:30:00+08:00,1786281300000,SOL-USDT,15m,76.59,76.88,76.59,76.72,9478.477987,727452.39094043,727452.39094043,1
2026-08-09 21:30:00+08:00,2026-08-09 21:45:00+08:00,1786282200000,SOL-USDT,15m,76.73,76.76,76.64,76.7,2735.324641,209795.74449794,209795.74449794,1
2026-08-09 21:45:00+08:00,2026-08-09 22:00:00+08:00,1786283100000,SOL-USDT,15m,76.7,76.7,76.57,76.57,1883.023176,144306.03038938,144306.03038938,1
2026-08-09 22:00:00+08:00,2026-08-09 22:15:00+08:00,1786284000000,SOL-USDT,15m,76.58,76.73,76.57,76.68,3510.714624,269172.72378958,269172.72378958,1
2026-08-09 22:15:00+08:00,2026-08-09 22:30:00+08:00,1786284900000,SOL-USDT,15m,76.69,76.71,76.6,76.69,2631.40929,201702.68123518,201702.68123518,1
2026-08-09 22:30:00+08:00,2026-08-09 22:45:00+08:00,1786285800000,SOL-USDT,15m,76.7,76.96,76.68,76.77,5694.604894,437447.38033686,437447.38033686,1
2026-08-09 22:45:00+08:00,2026-08-09 23:00:00+08:00,1786286700000,SOL-USDT,15m,76.77,77.08,76.72,77.03,19432.680951,1493922.84917722,1493922.84917722,1
2026-08-09 23:00:00+08:00,2026-08-09 23:15:00+08:00,1786287600000,SOL-USDT,15m,77.03,77.1,76.9,76.94,6893.552678,530836.93395723,530836.93395723,1
2026-08-09 23:15:00+08:00,2026-08-09 23:30:00+08:00,1786288500000,SOL-USDT,15m,76.93,76.96,76.85,76.92,2355.6275,181194.44108169,181194.44108169,1
2026-08-09 23:30:00+08:00,2026-08-09 23:45:00+08:00,1786289400000,SOL-USDT,15m,76.93,77.35,76.9,77.27,27017.439506,2085510.44176472,2085510.44176472,1
2026-08-09 23:45:00+08:00,2026-08-10 00:00:00+08:00,1786290300000,SOL-USDT,15m,77.27,77.46,77.11,77.42,18680.026923,1443798.36475268,1443798.36475268,1
2026-08-10 00:00:00+08:00,2026-08-10 00:15:00+08:00,1786291200000,SOL-USDT,15m,77.43,77.58,77.28,77.31,17909.741355,1386705.39149431,1386705.39149431,1
2026-08-10 00:15:00+08:00,2026-08-10 00:30:00+08:00,1786292100000,SOL-USDT,15m,77.31,77.36,77.09,77.1,7310.381624,564551.56016348,564551.56016348,1
2026-08-10 00:30:00+08:00,2026-08-10 00:45:00+08:00,1786293000000,SOL-USDT,15m,77.11,77.36,77.1,77.27,8434.1963,651512.80915968,651512.80915968,1
2026-08-10 00:45:00+08:00,2026-08-10 01:00:00+08:00,1786293900000,SOL-USDT,15m,77.28,77.35,77.26,77.34,3147.207296,243305.28386024,243305.28386024,1
2026-08-10 01:00:00+08:00,2026-08-10 01:15:00+08:00,1786294800000,SOL-USDT,15m,77.34,77.34,77.22,77.3,4746.00193,366795.13813677,366795.13813677,1
2026-08-10 01:15:00+08:00,2026-08-10 01:30:00+08:00,1786295700000,SOL-USDT,15m,77.29,77.34,77.23,77.26,2361.579345,182507.57964285,182507.57964285,1
2026-08-10 01:30:00+08:00,2026-08-10 01:45:00+08:00,1786296600000,SOL-USDT,15m,77.27,77.33,77.2,77.32,4194.327615,324115.8962641,324115.8962641,1
2026-08-10 01:45:00+08:00,2026-08-10 02:00:00+08:00,1786297500000,SOL-USDT,15m,77.33,77.33,77.14,77.18,1573.01836,121419.3418907,121419.3418907,1
2026-08-10 02:00:00+08:00,2026-08-10 02:15:00+08:00,1786298400000,SOL-USDT,15m,77.18,77.24,77.15,77.15,1917.420518,148050.81959308,148050.81959308,1
2026-08-10 02:15:00+08:00,2026-08-10 02:30:00+08:00,1786299300000,SOL-USDT,15m,77.16,77.22,77.1,77.2,2426.443262,187189.93654549,187189.93654549,1
2026-08-10 02:30:00+08:00,2026-08-10 02:45:00+08:00,1786300200000,SOL-USDT,15m,77.2,77.21,77.12,77.15,858.225027,66212.33201868,66212.33201868,1
2026-08-10 02:45:00+08:00,2026-08-10 03:00:00+08:00,1786301100000,SOL-USDT,15m,77.15,77.25,77.14,77.21,1759.079104,135821.85418417,135821.85418417,1
2026-08-10 03:00:00+08:00,2026-08-10 03:15:00+08:00,1786302000000,SOL-USDT,15m,77.2,77.25,77.15,77.16,1688.602011,130343.5875126,130343.5875126,1
2026-08-10 03:15:00+08:00,2026-08-10 03:30:00+08:00,1786302900000,SOL-USDT,15m,77.15,77.3,77.14,77.28,1008.812971,77909.18825784,77909.18825784,1
2026-08-10 03:30:00+08:00,2026-08-10 03:45:00+08:00,1786303800000,SOL-USDT,15m,77.28,77.33,77.25,77.31,2508.617033,193906.23116747,193906.23116747,1
2026-08-10 03:45:00+08:00,2026-08-10 04:00:00+08:00,1786304700000,SOL-USDT,15m,77.31,77.37,77.23,77.24,2118.318328,163750.51868024,163750.51868024,1
2026-08-10 04:00:00+08:00,2026-08-10 04:15:00+08:00,1786305600000,SOL-USDT,15m,77.23,77.25,77.08,77.08,1365.246711,105341.8607538,105341.8607538,1
2026-08-10 04:15:00+08:00,2026-08-10 04:30:00+08:00,1786306500000,SOL-USDT,15m,77.07,77.23,77.07,77.21,2185.01135,168546.35066767,168546.35066767,1
2026-08-10 04:30:00+08:00,2026-08-10 04:45:00+08:00,1786307400000,SOL-USDT,15m,77.21,77.26,77.21,77.26,1021.520449,78892.82310146,78892.82310146,1
2026-08-10 04:45:00+08:00,2026-08-10 05:00:00+08:00,1786308300000,SOL-USDT,15m,77.26,77.3,77.22,77.26,4539.224463,350670.64342628,350670.64342628,1
2026-08-10 05:00:00+08:00,2026-08-10 05:15:00+08:00,1786309200000,SOL-USDT,15m,77.27,77.28,77.16,77.23,1795.646861,138657.90716751,138657.90716751,1
2026-08-10 05:15:00+08:00,2026-08-10 05:30:00+08:00,1786310100000,SOL-USDT,15m,77.23,77.39,77.22,77.39,2121.339282,164030.78264914,164030.78264914,1
2026-08-10 05:30:00+08:00,2026-08-10 05:45:00+08:00,1786311000000,SOL-USDT,15m,77.39,77.47,77.37,77.41,2066.531732,159979.6270423,159979.6270423,1
2026-08-10 05:45:00+08:00,2026-08-10 06:00:00+08:00,1786311900000,SOL-USDT,15m,77.41,77.51,77.34,77.36,2866.243734,221943.28527521,221943.28527521,1
2026-08-10 06:00:00+08:00,2026-08-10 06:15:00+08:00,1786312800000,SOL-USDT,15m,77.37,77.86,77.37,77.71,11037.339419,857403.57365237,857403.57365237,1
2026-08-10 06:15:00+08:00,2026-08-10 06:30:00+08:00,1786313700000,SOL-USDT,15m,77.71,77.75,77.43,77.44,4361.231603,338270.01458355,338270.01458355,1
2026-08-10 06:30:00+08:00,2026-08-10 06:45:00+08:00,1786314600000,SOL-USDT,15m,77.45,77.49,76.93,77.06,12667.475153,976550.82741776,976550.82741776,1
2026-08-10 06:45:00+08:00,2026-08-10 07:00:00+08:00,1786315500000,SOL-USDT,15m,77.05,77.05,76.66,76.82,7676.556836,589831.40549468,589831.40549468,1
2026-08-10 07:00:00+08:00,2026-08-10 07:15:00+08:00,1786316400000,SOL-USDT,15m,76.8,76.91,76.7,76.7,3193.527208,245286.01353713,245286.01353713,1
2026-08-10 07:15:00+08:00,2026-08-10 07:30:00+08:00,1786317300000,SOL-USDT,15m,76.69,76.77,76.37,76.42,8100.724835,620372.23644518,620372.23644518,1
2026-08-10 07:30:00+08:00,2026-08-10 07:45:00+08:00,1786318200000,SOL-USDT,15m,76.42,76.52,76.23,76.34,12030.593767,918677.97836914,918677.97836914,1
2026-08-10 07:45:00+08:00,2026-08-10 08:00:00+08:00,1786319100000,SOL-USDT,15m,76.35,76.42,76.21,76.28,10984.20219,838235.7406042,838235.7406042,1
2026-08-10 08:00:00+08:00,2026-08-10 08:15:00+08:00,1786320000000,SOL-USDT,15m,76.27,77.04,76.22,76.77,16101.773265,1234262.66784936,1234262.66784936,1
2026-08-10 08:15:00+08:00,2026-08-10 08:30:00+08:00,1786320900000,SOL-USDT,15m,76.78,76.8,76.51,76.58,6387.338311,489680.33926909,489680.33926909,1
2026-08-10 08:30:00+08:00,2026-08-10 08:45:00+08:00,1786321800000,SOL-USDT,15m,76.57,76.65,76.32,76.35,5659.112895,432669.88167711,432669.88167711,1
2026-08-10 08:45:00+08:00,2026-08-10 09:00:00+08:00,1786322700000,SOL-USDT,15m,76.35,76.67,76.32,76.55,5636.592088,431505.0744111,431505.0744111,1
2026-08-10 09:00:00+08:00,2026-08-10 09:15:00+08:00,1786323600000,SOL-USDT,15m,76.55,76.78,76.47,76.68,5282.032083,404763.75697281,404763.75697281,1
2026-08-10 09:15:00+08:00,2026-08-10 09:30:00+08:00,1786324500000,SOL-USDT,15m,76.68,76.83,76.62,76.62,3201.764926,245760.256348,245760.256348,1
2026-08-10 09:30:00+08:00,2026-08-10 09:45:00+08:00,1786325400000,SOL-USDT,15m,76.62,76.68,76.41,76.6,3301.455518,252755.61564754,252755.61564754,1
2026-08-10 09:45:00+08:00,2026-08-10 10:00:00+08:00,1786326300000,SOL-USDT,15m,76.61,77.16,76.6,76.93,6940.735075,533955.29988606,533955.29988606,1
2026-08-10 10:00:00+08:00,2026-08-10 10:15:00+08:00,1786327200000,SOL-USDT,15m,76.93,76.95,76.7,76.78,5827.955935,447597.15550289,447597.15550289,1
2026-08-10 10:15:00+08:00,2026-08-10 10:30:00+08:00,1786328100000,SOL-USDT,15m,76.78,76.78,76.45,76.54,8250.475432,631492.52936252,631492.52936252,1
2026-08-10 10:30:00+08:00,2026-08-10 10:45:00+08:00,1786329000000,SOL-USDT,15m,76.54,76.89,76.54,76.89,3556.606489,272705.27297619,272705.27297619,1
2026-08-10 10:45:00+08:00,2026-08-10 11:00:00+08:00,1786329900000,SOL-USDT,15m,76.88,76.88,76.74,76.83,3467.285839,266296.33834212,266296.33834212,1
2026-08-10 11:00:00+08:00,2026-08-10 11:15:00+08:00,1786330800000,SOL-USDT,15m,76.82,76.83,76.51,76.52,5482.834277,420155.01933729,420155.01933729,1
2026-08-10 11:15:00+08:00,2026-08-10 11:30:00+08:00,1786331700000,SOL-USDT,15m,76.51,76.93,76.38,76.72,10627.604249,814941.08435407,814941.08435407,1
2026-08-10 11:30:00+08:00,2026-08-10 11:45:00+08:00,1786332600000,SOL-USDT,15m,76.72,76.85,76.69,76.73,2927.389604,224695.98082916,224695.98082916,1
2026-08-10 11:45:00+08:00,2026-08-10 12:00:00+08:00,1786333500000,SOL-USDT,15m,76.74,76.78,76.57,76.63,3313.539878,254029.83399709,254029.83399709,1
2026-08-10 12:00:00+08:00,2026-08-10 12:15:00+08:00,1786334400000,SOL-USDT,15m,76.64,76.75,76.62,76.73,2844.018864,218104.96792588,218104.96792588,1
2026-08-10 12:15:00+08:00,2026-08-10 12:30:00+08:00,1786335300000,SOL-USDT,15m,76.73,76.75,76.61,76.63,2612.316829,200327.12672892,200327.12672892,1
2026-08-10 12:30:00+08:00,2026-08-10 12:45:00+08:00,1786336200000,SOL-USDT,15m,76.64,76.66,76.45,76.56,4313.867513,330293.90202349,330293.90202349,1
2026-08-10 12:45:00+08:00,2026-08-10 13:00:00+08:00,1786337100000,SOL-USDT,15m,76.57,76.67,76.49,76.56,3591.766372,274956.51911346,274956.51911346,1
2026-08-10 13:00:00+08:00,2026-08-10 13:15:00+08:00,1786338000000,SOL-USDT,15m,76.56,76.72,76.55,76.6,2656.814592,203534.08823495,203534.08823495,1
2026-08-10 13:15:00+08:00,2026-08-10 13:30:00+08:00,1786338900000,SOL-USDT,15m,76.6,76.79,76.6,76.78,1785.546331,136983.06625004,136983.06625004,1
2026-08-10 13:30:00+08:00,2026-08-10 13:45:00+08:00,1786339800000,SOL-USDT,15m,76.78,76.85,76.73,76.83,1405.204923,107910.70660613,107910.70660613,1
2026-08-10 13:45:00+08:00,2026-08-10 14:00:00+08:00,1786340700000,SOL-USDT,15m,76.82,76.97,76.79,76.88,2687.619051,206696.27792078,206696.27792078,1
2026-08-10 14:00:00+08:00,2026-08-10 14:15:00+08:00,1786341600000,SOL-USDT,15m,76.88,77.06,76.86,76.93,3957.904314,304622.22027081,304622.22027081,1
2026-08-10 14:15:00+08:00,2026-08-10 14:30:00+08:00,1786342500000,SOL-USDT,15m,76.93,77,76.82,76.9,2655.564724,204260.17433252,204260.17433252,1
2026-08-10 14:30:00+08:00,2026-08-10 14:45:00+08:00,1786343400000,SOL-USDT,15m,76.9,76.99,76.89,76.99,3504.162153,269630.41368789,269630.41368789,1
2026-08-10 14:45:00+08:00,2026-08-10 15:00:00+08:00,1786344300000,SOL-USDT,15m,76.99,77.03,76.94,77,3020.150752,232523.93295195,232523.93295195,1
2026-08-10 15:00:00+08:00,2026-08-10 15:15:00+08:00,1786345200000,SOL-USDT,15m,77,77.01,76.86,76.86,2447.234134,188278.19293185,188278.19293185,1
2026-08-10 15:15:00+08:00,2026-08-10 15:30:00+08:00,1786346100000,SOL-USDT,15m,76.86,77.02,76.84,77,1985.340047,152775.55487737,152775.55487737,1
2026-08-10 15:30:00+08:00,2026-08-10 15:45:00+08:00,1786347000000,SOL-USDT,15m,76.99,77.11,76.99,77.05,8417.044894,648601.9892208,648601.9892208,1
2026-08-10 15:45:00+08:00,2026-08-10 16:00:00+08:00,1786347900000,SOL-USDT,15m,77.05,77.07,76.93,76.99,2041.147024,157146.44482728,157146.44482728,1
2026-08-10 16:00:00+08:00,2026-08-10 16:15:00+08:00,1786348800000,SOL-USDT,15m,76.99,77.12,76.95,76.96,4772.230597,367563.1716928,367563.1716928,1
2026-08-10 16:15:00+08:00,2026-08-10 16:30:00+08:00,1786349700000,SOL-USDT,15m,76.95,77.17,76.87,76.97,10239.630154,789004.98807752,789004.98807752,1
2026-08-10 16:30:00+08:00,2026-08-10 16:45:00+08:00,1786350600000,SOL-USDT,15m,76.97,76.99,76.69,76.85,11123.92057,854407.20296796,854407.20296796,1
2026-08-10 16:45:00+08:00,2026-08-10 17:00:00+08:00,1786351500000,SOL-USDT,15m,76.84,77,76.79,76.96,3138.12341,241323.53557418,241323.53557418,1
2026-08-10 17:00:00+08:00,2026-08-10 17:15:00+08:00,1786352400000,SOL-USDT,15m,76.95,77.03,76.91,77,3230.726661,248728.02584235,248728.02584235,1
2026-08-10 17:15:00+08:00,2026-08-10 17:30:00+08:00,1786353300000,SOL-USDT,15m,77.01,77.01,76.84,76.84,1778.341565,136828.50621664,136828.50621664,1
2026-08-10 17:30:00+08:00,2026-08-10 17:45:00+08:00,1786354200000,SOL-USDT,15m,76.84,76.84,76.7,76.75,5975.361102,458721.3442924,458721.3442924,1
2026-08-10 17:45:00+08:00,2026-08-10 18:00:00+08:00,1786355100000,SOL-USDT,15m,76.75,76.75,76.57,76.57,6775.205236,519354.95681978,519354.95681978,1
2026-08-10 18:00:00+08:00,2026-08-10 18:15:00+08:00,1786356000000,SOL-USDT,15m,76.58,76.69,76.54,76.57,5469.338894,418986.48813578,418986.48813578,1
2026-08-10 18:15:00+08:00,2026-08-10 18:30:00+08:00,1786356900000,SOL-USDT,15m,76.58,76.69,76.55,76.65,2327.892081,178343.93654234,178343.93654234,1
2026-08-10 18:30:00+08:00,2026-08-10 18:45:00+08:00,1786357800000,SOL-USDT,15m,76.66,76.86,76.59,76.79,5034.786074,386353.34832448,386353.34832448,1
2026-08-10 18:45:00+08:00,2026-08-10 19:00:00+08:00,1786358700000,SOL-USDT,15m,76.8,76.87,76.74,76.82,1365.425711,104884.18174812,104884.18174812,1
2026-08-10 19:00:00+08:00,2026-08-10 19:15:00+08:00,1786359600000,SOL-USDT,15m,76.83,76.85,76.68,76.73,2253.956606,172958.94131624,172958.94131624,1
2026-08-10 19:15:00+08:00,2026-08-10 19:30:00+08:00,1786360500000,SOL-USDT,15m,76.73,76.9,76.73,76.88,5248.996134,403173.08854055,403173.08854055,1
2026-08-10 19:30:00+08:00,2026-08-10 19:45:00+08:00,1786361400000,SOL-USDT,15m,76.88,76.94,76.84,76.84,1599.328144,122943.50632418,122943.50632418,1
2026-08-10 19:45:00+08:00,2026-08-10 20:00:00+08:00,1786362300000,SOL-USDT,15m,76.85,77.06,76.85,77.06,3678.664812,283078.17669414,283078.17669414,1
2026-08-10 20:00:00+08:00,2026-08-10 20:15:00+08:00,1786363200000,SOL-USDT,15m,77.06,77.13,76.95,77,12571.867324,968390.86147059,968390.86147059,1
2026-08-10 20:15:00+08:00,2026-08-10 20:30:00+08:00,1786364100000,SOL-USDT,15m,76.99,76.99,76.88,76.89,2755.44656,212000.34037974,212000.34037974,1
2026-08-10 20:30:00+08:00,2026-08-10 20:45:00+08:00,1786365000000,SOL-USDT,15m,76.89,76.89,76.69,76.86,9209.661747,707014.15152855,707014.15152855,1
2026-08-10 20:45:00+08:00,2026-08-10 21:00:00+08:00,1786365900000,SOL-USDT,15m,76.87,76.87,76.61,76.65,5461.31866,419058.29200299,419058.29200299,1
2026-08-10 21:00:00+08:00,2026-08-10 21:15:00+08:00,1786366800000,SOL-USDT,15m,76.64,76.77,76.6,76.73,4417.26501,338749.86984462,338749.86984462,1
2026-08-10 21:15:00+08:00,2026-08-10 21:30:00+08:00,1786367700000,SOL-USDT,15m,76.72,76.76,76.6,76.7,4075.993563,312521.35399486,312521.35399486,1
2026-08-10 21:30:00+08:00,2026-08-10 21:45:00+08:00,1786368600000,SOL-USDT,15m,76.7,76.72,76.32,76.36,18510.482985,1415385.53964298,1415385.53964298,1
2026-08-10 21:45:00+08:00,2026-08-10 22:00:00+08:00,1786369500000,SOL-USDT,15m,76.36,76.45,76.12,76.32,23518.555948,1793385.29346626,1793385.29346626,1
2026-08-10 22:00:00+08:00,2026-08-10 22:15:00+08:00,1786370400000,SOL-USDT,15m,76.32,76.69,76.29,76.67,8750.953509,669782.60501071,669782.60501071,1
2026-08-10 22:15:00+08:00,2026-08-10 22:30:00+08:00,1786371300000,SOL-USDT,15m,76.66,76.7,76.52,76.65,3787.174886,290080.0659976,290080.0659976,1
2026-08-10 22:30:00+08:00,2026-08-10 22:45:00+08:00,1786372200000,SOL-USDT,15m,76.64,76.69,76.5,76.6,6775.625631,518963.55984527,518963.55984527,1
2026-08-10 22:45:00+08:00,2026-08-10 23:00:00+08:00,1786373100000,SOL-USDT,15m,76.6,76.63,76.24,76.27,12311.101112,941086.99523395,941086.99523395,1
2026-08-10 23:00:00+08:00,2026-08-10 23:15:00+08:00,1786374000000,SOL-USDT,15m,76.26,76.43,76.07,76.11,17452.939962,1331414.08747581,1331414.08747581,1
2026-08-10 23:15:00+08:00,2026-08-10 23:30:00+08:00,1786374900000,SOL-USDT,15m,76.1,76.3,75.8,76.02,28326.356905,2152070.56089727,2152070.56089727,1
2026-08-10 23:30:00+08:00,2026-08-10 23:45:00+08:00,1786375800000,SOL-USDT,15m,76.01,76.15,75.87,75.96,16889.86143,1283523.18847728,1283523.18847728,1
2026-08-10 23:45:00+08:00,2026-08-11 00:00:00+08:00,1786376700000,SOL-USDT,15m,75.96,76.04,75.87,75.95,7915.149842,601131.97386717,601131.97386717,1
2026-08-11 00:00:00+08:00,2026-08-11 00:15:00+08:00,1786377600000,SOL-USDT,15m,75.95,76.09,75.87,75.96,8306.831734,631447.96104081,631447.96104081,1
2026-08-11 00:15:00+08:00,2026-08-11 00:30:00+08:00,1786378500000,SOL-USDT,15m,75.96,76,75.59,75.74,24681.907531,1871059.74976033,1871059.74976033,1
2026-08-11 00:30:00+08:00,2026-08-11 00:45:00+08:00,1786379400000,SOL-USDT,15m,75.75,75.99,75.69,75.76,12381.205086,938505.31426126,938505.31426126,1
2026-08-11 00:45:00+08:00,2026-08-11 01:00:00+08:00,1786380300000,SOL-USDT,15m,75.74,75.77,75.61,75.7,12521.001351,947572.19693928,947572.19693928,1
2026-08-11 01:00:00+08:00,2026-08-11 01:15:00+08:00,1786381200000,SOL-USDT,15m,75.71,76.07,75.62,75.99,11013.901165,835023.11059665,835023.11059665,1
2026-08-11 01:15:00+08:00,2026-08-11 01:30:00+08:00,1786382100000,SOL-USDT,15m,75.99,76.02,75.89,75.94,7533.852171,572227.51460863,572227.51460863,1
2026-08-11 01:30:00+08:00,2026-08-11 01:45:00+08:00,1786383000000,SOL-USDT,15m,75.93,76.11,75.92,76.02,9334.378446,709672.7128074,709672.7128074,1
2026-08-11 01:45:00+08:00,2026-08-11 02:00:00+08:00,1786383900000,SOL-USDT,15m,76.02,76.02,75.93,75.97,6021.433669,457368.04705884,457368.04705884,1
2026-08-11 02:00:00+08:00,2026-08-11 02:15:00+08:00,1786384800000,SOL-USDT,15m,75.97,76.07,75.96,75.99,6156.1672,467906.09098578,467906.09098578,1
2026-08-11 02:15:00+08:00,2026-08-11 02:30:00+08:00,1786385700000,SOL-USDT,15m,75.98,76.03,75.93,75.98,4598.260249,349376.23034691,349376.23034691,1
2026-08-11 02:30:00+08:00,2026-08-11 02:45:00+08:00,1786386600000,SOL-USDT,15m,75.97,76,75.72,75.83,11570.192119,877539.08309882,877539.08309882,1
2026-08-11 02:45:00+08:00,2026-08-11 03:00:00+08:00,1786387500000,SOL-USDT,15m,75.83,75.87,75.73,75.82,7395.509286,560724.31085352,560724.31085352,1
2026-08-11 03:00:00+08:00,2026-08-11 03:15:00+08:00,1786388400000,SOL-USDT,15m,75.82,75.95,75.81,75.94,7609.57161,577359.73043821,577359.73043821,1
2026-08-11 03:15:00+08:00,2026-08-11 03:30:00+08:00,1786389300000,SOL-USDT,15m,75.94,76.11,75.94,76.11,8264.141117,628130.71317015,628130.71317015,1
2026-08-11 03:30:00+08:00,2026-08-11 03:45:00+08:00,1786390200000,SOL-USDT,15m,76.11,76.27,76.11,76.22,7617.638095,580522.78365689,580522.78365689,1
2026-08-11 03:45:00+08:00,2026-08-11 04:00:00+08:00,1786391100000,SOL-USDT,15m,76.23,76.25,76.1,76.2,6108.442439,465180.639263,465180.639263,1
2026-08-11 04:00:00+08:00,2026-08-11 04:15:00+08:00,1786392000000,SOL-USDT,15m,76.2,76.35,76.17,76.26,5839.665429,445426.68416414,445426.68416414,1
2026-08-11 04:15:00+08:00,2026-08-11 04:30:00+08:00,1786392900000,SOL-USDT,15m,76.26,76.33,76.24,76.33,8618.754131,657466.37445475,657466.37445475,1
2026-08-11 04:30:00+08:00,2026-08-11 04:45:00+08:00,1786393800000,SOL-USDT,15m,76.33,76.5,76.31,76.44,5536.302839,422743.22940159,422743.22940159,1
2026-08-11 04:45:00+08:00,2026-08-11 05:00:00+08:00,1786394700000,SOL-USDT,15m,76.45,76.47,76.35,76.44,1638.020171,125172.96500048,125172.96500048,1
2026-08-11 05:00:00+08:00,2026-08-11 05:15:00+08:00,1786395600000,SOL-USDT,15m,76.43,76.49,76.35,76.38,2188.731782,167270.92837611,167270.92837611,1
2026-08-11 05:15:00+08:00,2026-08-11 05:30:00+08:00,1786396500000,SOL-USDT,15m,76.37,76.43,76.32,76.43,2638.385003,201459.85815776,201459.85815776,1
2026-08-11 05:30:00+08:00,2026-08-11 05:45:00+08:00,1786397400000,SOL-USDT,15m,76.43,76.49,76.4,76.41,6149.612512,470079.91596921,470079.91596921,1
2026-08-11 05:45:00+08:00,2026-08-11 06:00:00+08:00,1786398300000,SOL-USDT,15m,76.4,76.41,76.29,76.3,2566.181418,195900.91064538,195900.91064538,1
2026-08-11 06:00:00+08:00,2026-08-11 06:15:00+08:00,1786399200000,SOL-USDT,15m,76.3,76.34,76.11,76.3,4468.894084,340758.86909686,340758.86909686,1
2026-08-11 06:15:00+08:00,2026-08-11 06:30:00+08:00,1786400100000,SOL-USDT,15m,76.3,76.37,76.18,76.21,2632.859338,200791.43030079,200791.43030079,1
2026-08-11 06:30:00+08:00,2026-08-11 06:45:00+08:00,1786401000000,SOL-USDT,15m,76.2,76.22,76.04,76.17,2419.821256,184225.98424429,184225.98424429,1
2026-08-11 06:45:00+08:00,2026-08-11 07:00:00+08:00,1786401900000,SOL-USDT,15m,76.16,76.22,76.16,76.21,1627.554236,124028.12970521,124028.12970521,1
2026-08-11 07:00:00+08:00,2026-08-11 07:15:00+08:00,1786402800000,SOL-USDT,15m,76.22,76.22,76.1,76.18,1706.562713,129978.03761045,129978.03761045,1
2026-08-11 07:15:00+08:00,2026-08-11 07:30:00+08:00,1786403700000,SOL-USDT,15m,76.19,76.2,76.05,76.12,4925.102592,374823.98810417,374823.98810417,1
2026-08-11 07:30:00+08:00,2026-08-11 07:45:00+08:00,1786404600000,SOL-USDT,15m,76.12,76.12,76.04,76.12,2360.600729,179602.16763712,179602.16763712,1
2026-08-11 07:45:00+08:00,2026-08-11 08:00:00+08:00,1786405500000,SOL-USDT,15m,76.11,76.12,75.98,76,4229.438266,321584.55263978,321584.55263978,1
2026-08-11 08:00:00+08:00,2026-08-11 08:15:00+08:00,1786406400000,SOL-USDT,15m,76.01,76.01,75.77,75.98,5205.584668,395026.5674223,395026.5674223,1
2026-08-11 08:15:00+08:00,2026-08-11 08:30:00+08:00,1786407300000,SOL-USDT,15m,75.98,76.03,75.91,76.03,1551.935035,117920.13981581,117920.13981581,1
2026-08-11 08:30:00+08:00,2026-08-11 08:45:00+08:00,1786408200000,SOL-USDT,15m,76.03,76.04,75.86,75.91,4256.907484,323272.74973006,323272.74973006,1
2026-08-11 08:45:00+08:00,2026-08-11 09:00:00+08:00,1786409100000,SOL-USDT,15m,75.91,75.95,75.86,75.89,3929.889824,298308.25919052,298308.25919052,1
2026-08-11 09:00:00+08:00,2026-08-11 09:15:00+08:00,1786410000000,SOL-USDT,15m,75.9,75.99,75.71,75.95,4527.897253,343352.31357505,343352.31357505,1
2026-08-11 09:15:00+08:00,2026-08-11 09:30:00+08:00,1786410900000,SOL-USDT,15m,75.94,75.99,75.82,75.96,4941.982024,375132.35298549,375132.35298549,1
2026-08-11 09:30:00+08:00,2026-08-11 09:45:00+08:00,1786411800000,SOL-USDT,15m,75.96,75.96,75.8,75.89,2611.123986,198161.20231314,198161.20231314,1
2026-08-11 09:45:00+08:00,2026-08-11 10:00:00+08:00,1786412700000,SOL-USDT,15m,75.89,76.11,75.88,76.11,2023.102605,153847.21858571,153847.21858571,1
2026-08-11 10:00:00+08:00,2026-08-11 10:15:00+08:00,1786413600000,SOL-USDT,15m,76.11,76.15,76.08,76.09,3697.313007,281418.79085911,281418.79085911,1
2026-08-11 10:15:00+08:00,2026-08-11 10:30:00+08:00,1786414500000,SOL-USDT,15m,76.1,76.14,75.99,76.01,830.249736,63156.56123877,63156.56123877,1
2026-08-11 10:30:00+08:00,2026-08-11 10:45:00+08:00,1786415400000,SOL-USDT,15m,76.02,76.12,76,76.12,988.150746,75131.44465948,75131.44465948,1
2026-08-11 10:45:00+08:00,2026-08-11 11:00:00+08:00,1786416300000,SOL-USDT,15m,76.12,76.13,76.03,76.04,1501.77198,114269.75504005,114269.75504005,1
2026-08-11 11:00:00+08:00,2026-08-11 11:15:00+08:00,1786417200000,SOL-USDT,15m,76.04,76.22,76.04,76.14,1715.320005,130624.91979433,130624.91979433,1
2026-08-11 11:15:00+08:00,2026-08-11 11:30:00+08:00,1786418100000,SOL-USDT,15m,76.14,76.25,76.11,76.19,2083.066197,158708.09871154,158708.09871154,1
2026-08-11 11:30:00+08:00,2026-08-11 11:45:00+08:00,1786419000000,SOL-USDT,15m,76.19,76.2,76.12,76.14,1191.370535,90730.89787121,90730.89787121,1
2026-08-11 11:45:00+08:00,2026-08-11 12:00:00+08:00,1786419900000,SOL-USDT,15m,76.14,76.14,76.08,76.09,762.221458,58007.04306642,58007.04306642,1
2026-08-11 12:00:00+08:00,2026-08-11 12:15:00+08:00,1786420800000,SOL-USDT,15m,76.09,76.2,76.08,76.19,1413.922001,107676.15287069,107676.15287069,1
2026-08-11 12:15:00+08:00,2026-08-11 12:30:00+08:00,1786421700000,SOL-USDT,15m,76.19,76.2,76.13,76.14,1148.817811,87492.64275732,87492.64275732,1
2026-08-11 12:30:00+08:00,2026-08-11 12:45:00+08:00,1786422600000,SOL-USDT,15m,76.14,76.2,76.12,76.2,1075.754779,81950.58710963,81950.58710963,1
2026-08-11 12:45:00+08:00,2026-08-11 13:00:00+08:00,1786423500000,SOL-USDT,15m,76.2,76.23,76.08,76.09,1220.189247,92932.47267377,92932.47267377,1
2026-08-11 13:00:00+08:00,2026-08-11 13:15:00+08:00,1786424400000,SOL-USDT,15m,76.09,76.09,76.01,76.06,923.584004,70235.22624299,70235.22624299,1
2026-08-11 13:15:00+08:00,2026-08-11 13:30:00+08:00,1786425300000,SOL-USDT,15m,76.05,76.08,75.8,75.81,4107.379556,311708.98492905,311708.98492905,1
2026-08-11 13:30:00+08:00,2026-08-11 13:45:00+08:00,1786426200000,SOL-USDT,15m,75.81,75.96,75.79,75.95,2421.941269,183790.23509762,183790.23509762,1
2026-08-11 13:45:00+08:00,2026-08-11 14:00:00+08:00,1786427100000,SOL-USDT,15m,75.95,75.96,75.81,75.81,1391.173593,105576.80322022,105576.80322022,1
2026-08-11 14:00:00+08:00,2026-08-11 14:15:00+08:00,1786428000000,SOL-USDT,15m,75.82,76.03,75.72,76.02,6958.17817,527865.6747513,527865.6747513,1
2026-08-11 14:15:00+08:00,2026-08-11 14:30:00+08:00,1786428900000,SOL-USDT,15m,76.03,76.03,75.91,75.97,3279.115762,249090.6946774,249090.6946774,1
2026-08-11 14:30:00+08:00,2026-08-11 14:45:00+08:00,1786429800000,SOL-USDT,15m,75.98,76,75.79,75.82,8500.688677,644896.05047795,644896.05047795,1
2026-08-11 14:45:00+08:00,2026-08-11 15:00:00+08:00,1786430700000,SOL-USDT,15m,75.81,75.82,75.66,75.82,3309.194086,250697.47904921,250697.47904921,1
2026-08-11 15:00:00+08:00,2026-08-11 15:15:00+08:00,1786431600000,SOL-USDT,15m,75.82,75.87,75.7,75.7,1486.948911,112744.51968851,112744.51968851,1
2026-08-11 15:15:00+08:00,2026-08-11 15:30:00+08:00,1786432500000,SOL-USDT,15m,75.7,75.7,75.43,75.45,8780.032547,663021.61836294,663021.61836294,1
2026-08-11 15:30:00+08:00,2026-08-11 15:45:00+08:00,1786433400000,SOL-USDT,15m,75.45,75.74,75.45,75.73,2568.908067,194273.84269702,194273.84269702,1
2026-08-11 15:45:00+08:00,2026-08-11 16:00:00+08:00,1786434300000,SOL-USDT,15m,75.73,75.77,75.63,75.69,2491.714418,188578.45834699,188578.45834699,1
2026-08-11 16:00:00+08:00,2026-08-11 16:15:00+08:00,1786435200000,SOL-USDT,15m,75.7,75.77,75.64,75.64,2811.843773,212925.14605014,212925.14605014,1
2026-08-11 16:15:00+08:00,2026-08-11 16:30:00+08:00,1786436100000,SOL-USDT,15m,75.64,75.76,75.63,75.74,2501.787373,189364.82330899,189364.82330899,1
2026-08-11 16:30:00+08:00,2026-08-11 16:45:00+08:00,1786437000000,SOL-USDT,15m,75.73,75.9,75.73,75.88,2687.927105,203737.75668251,203737.75668251,1
2026-08-11 16:45:00+08:00,2026-08-11 17:00:00+08:00,1786437900000,SOL-USDT,15m,75.89,75.99,75.88,75.94,3140.548002,238443.7207579,238443.7207579,1
2026-08-11 17:00:00+08:00,2026-08-11 17:15:00+08:00,1786438800000,SOL-USDT,15m,75.94,75.95,75.76,75.77,5089.929448,386144.22571594,386144.22571594,1
2026-08-11 17:15:00+08:00,2026-08-11 17:30:00+08:00,1786439700000,SOL-USDT,15m,75.76,75.9,75.72,75.77,9196.930155,697071.78313032,697071.78313032,1
2026-08-11 17:30:00+08:00,2026-08-11 17:45:00+08:00,1786440600000,SOL-USDT,15m,75.77,75.81,75.68,75.8,7828.136678,592892.74789895,592892.74789895,1
2026-08-11 17:45:00+08:00,2026-08-11 18:00:00+08:00,1786441500000,SOL-USDT,15m,75.8,75.89,75.73,75.89,7533.187372,570814.71376162,570814.71376162,1
2026-08-11 18:00:00+08:00,2026-08-11 18:15:00+08:00,1786442400000,SOL-USDT,15m,75.89,75.97,75.83,75.83,2858.984616,217029.19009741,217029.19009741,1
2026-08-11 18:15:00+08:00,2026-08-11 18:30:00+08:00,1786443300000,SOL-USDT,15m,75.82,75.99,75.77,75.98,2768.782836,210010.65561037,210010.65561037,1
2026-08-11 18:30:00+08:00,2026-08-11 18:45:00+08:00,1786444200000,SOL-USDT,15m,75.99,76.01,75.82,75.85,1783.069894,135332.43754097,135332.43754097,1
2026-08-11 18:45:00+08:00,2026-08-11 19:00:00+08:00,1786445100000,SOL-USDT,15m,75.85,76.07,75.84,75.95,7182.658301,545284.78730807,545284.78730807,1
2026-08-11 19:00:00+08:00,2026-08-11 19:15:00+08:00,1786446000000,SOL-USDT,15m,75.95,76.36,75.95,76.24,7846.558044,598220.62886104,598220.62886104,1
2026-08-11 19:15:00+08:00,2026-08-11 19:30:00+08:00,1786446900000,SOL-USDT,15m,76.24,76.24,76.08,76.14,3657.444184,278447.33974429,278447.33974429,1
2026-08-11 19:30:00+08:00,2026-08-11 19:45:00+08:00,1786447800000,SOL-USDT,15m,76.15,76.21,76.11,76.16,2849.362782,217012.07762339,217012.07762339,1
2026-08-11 19:45:00+08:00,2026-08-11 20:00:00+08:00,1786448700000,SOL-USDT,15m,76.16,76.24,76.12,76.22,4033.712022,307317.05813174,307317.05813174,1
2026-08-11 20:00:00+08:00,2026-08-11 20:15:00+08:00,1786449600000,SOL-USDT,15m,76.22,76.25,76.1,76.14,2669.148446,203291.11604727,203291.11604727,1
2026-08-11 20:15:00+08:00,2026-08-11 20:30:00+08:00,1786450500000,SOL-USDT,15m,76.13,76.16,75.84,75.88,5848.309462,444549.40190015,444549.40190015,1
2026-08-11 20:30:00+08:00,2026-08-11 20:45:00+08:00,1786451400000,SOL-USDT,15m,75.88,75.94,75.81,75.88,3627.868181,275226.60261792,275226.60261792,1
2026-08-11 20:45:00+08:00,2026-08-11 21:00:00+08:00,1786452300000,SOL-USDT,15m,75.88,75.91,75.82,75.87,2371.6551,179937.82882879,179937.82882879,1
2026-08-11 21:00:00+08:00,2026-08-11 21:15:00+08:00,1786453200000,SOL-USDT,15m,75.87,76.04,75.79,75.96,5818.58072,441520.03242592,441520.03242592,1
2026-08-11 21:15:00+08:00,2026-08-11 21:30:00+08:00,1786454100000,SOL-USDT,15m,75.97,75.98,75.73,75.89,2007.426498,152246.10687004,152246.10687004,1
2026-08-11 21:30:00+08:00,2026-08-11 21:45:00+08:00,1786455000000,SOL-USDT,15m,75.89,76.05,75.74,75.97,5714.485544,433656.86934999,433656.86934999,1
2026-08-11 21:45:00+08:00,2026-08-11 22:00:00+08:00,1786455900000,SOL-USDT,15m,75.97,76.11,75.83,76.02,8894.34528,675649.14579737,675649.14579737,1
2026-08-11 22:00:00+08:00,2026-08-11 22:15:00+08:00,1786456800000,SOL-USDT,15m,76.02,76.1,75.93,76.04,3062.883049,232830.37170743,232830.37170743,1
2026-08-11 22:15:00+08:00,2026-08-11 22:30:00+08:00,1786457700000,SOL-USDT,15m,76.05,76.15,75.57,75.63,11867.558849,899178.53831125,899178.53831125,1
2026-08-11 22:30:00+08:00,2026-08-11 22:45:00+08:00,1786458600000,SOL-USDT,15m,75.62,75.66,75.38,75.5,8038.733108,606847.22176109,606847.22176109,1
2026-08-11 22:45:00+08:00,2026-08-11 23:00:00+08:00,1786459500000,SOL-USDT,15m,75.49,75.52,75.09,75.21,16046.988749,1206899.26890708,1206899.26890708,1
2026-08-11 23:00:00+08:00,2026-08-11 23:15:00+08:00,1786460400000,SOL-USDT,15m,75.2,75.31,75.11,75.14,8622.279816,648464.95242493,648464.95242493,1
2026-08-11 23:15:00+08:00,2026-08-11 23:30:00+08:00,1786461300000,SOL-USDT,15m,75.13,75.41,75.1,75.36,12242.83801,921704.4346062,921704.4346062,1
2026-08-11 23:30:00+08:00,2026-08-11 23:45:00+08:00,1786462200000,SOL-USDT,15m,75.36,75.39,74.63,74.85,25590.818227,1915678.50279004,1915678.50279004,1
2026-08-11 23:45:00+08:00,2026-08-12 00:00:00+08:00,1786463100000,SOL-USDT,15m,74.84,74.97,74.71,74.93,6453.344322,482703.46827157,482703.46827157,1
2026-08-12 00:00:00+08:00,2026-08-12 00:15:00+08:00,1786464000000,SOL-USDT,15m,74.93,75.04,74.79,75.01,7352.5943,550886.6445543,550886.6445543,1
2026-08-12 00:15:00+08:00,2026-08-12 00:30:00+08:00,1786464900000,SOL-USDT,15m,75.02,75.08,74.9,74.97,4205.64494,315508.53974782,315508.53974782,1
2026-08-12 00:30:00+08:00,2026-08-12 00:45:00+08:00,1786465800000,SOL-USDT,15m,74.98,75.03,74.88,74.92,2564.091452,192155.39123002,192155.39123002,1
2026-08-12 00:45:00+08:00,2026-08-12 01:00:00+08:00,1786466700000,SOL-USDT,15m,74.92,75.02,74.89,74.94,4770.393723,357462.44804279,357462.44804279,1
2026-08-12 01:00:00+08:00,2026-08-12 01:15:00+08:00,1786467600000,SOL-USDT,15m,74.94,75.06,74.93,74.99,2256.724574,169217.95852262,169217.95852262,1
2026-08-12 01:15:00+08:00,2026-08-12 01:30:00+08:00,1786468500000,SOL-USDT,15m,74.99,75.1,74.96,75.08,2644.869804,198477.0653742,198477.0653742,1
2026-08-12 01:30:00+08:00,2026-08-12 01:45:00+08:00,1786469400000,SOL-USDT,15m,75.08,75.11,75,75.06,2862.82076,214884.23324095,214884.23324095,1
2026-08-12 01:45:00+08:00,2026-08-12 02:00:00+08:00,1786470300000,SOL-USDT,15m,75.05,75.21,74.99,75.17,7492.397105,562836.88105412,562836.88105412,1
2026-08-12 02:00:00+08:00,2026-08-12 02:15:00+08:00,1786471200000,SOL-USDT,15m,75.17,75.27,75.15,75.23,2145.131958,161363.33807269,161363.33807269,1
2026-08-12 02:15:00+08:00,2026-08-12 02:30:00+08:00,1786472100000,SOL-USDT,15m,75.23,75.35,75.21,75.21,2368.215764,178305.14266767,178305.14266767,1
2026-08-12 02:30:00+08:00,2026-08-12 02:45:00+08:00,1786473000000,SOL-USDT,15m,75.22,75.32,75.09,75.26,4400.74913,330996.33661342,330996.33661342,1
2026-08-12 02:45:00+08:00,2026-08-12 03:00:00+08:00,1786473900000,SOL-USDT,15m,75.26,75.32,75.18,75.28,2229.63385,167775.12012422,167775.12012422,1
2026-08-12 03:00:00+08:00,2026-08-12 03:15:00+08:00,1786474800000,SOL-USDT,15m,75.28,75.28,75.07,75.07,2761.259175,207470.95697691,207470.95697691,1
2026-08-12 03:15:00+08:00,2026-08-12 03:30:00+08:00,1786475700000,SOL-USDT,15m,75.08,75.31,75.08,75.28,2495.288187,187667.72060688,187667.72060688,1
2026-08-12 03:30:00+08:00,2026-08-12 03:45:00+08:00,1786476600000,SOL-USDT,15m,75.3,75.52,75.29,75.52,8490.406315,640323.21773705,640323.21773705,1
2026-08-12 03:45:00+08:00,2026-08-12 04:00:00+08:00,1786477500000,SOL-USDT,15m,75.53,75.7,75.52,75.65,8111.17688,613209.83729436,613209.83729436,1
2026-08-12 04:00:00+08:00,2026-08-12 04:15:00+08:00,1786478400000,SOL-USDT,15m,75.67,76.26,75.66,76.14,30330.964602,2307641.2200903,2307641.2200903,1
2026-08-12 04:15:00+08:00,2026-08-12 04:30:00+08:00,1786479300000,SOL-USDT,15m,76.13,76.13,75.9,76.09,12237.850485,930078.50666478,930078.50666478,1
2026-08-12 04:30:00+08:00,2026-08-12 04:45:00+08:00,1786480200000,SOL-USDT,15m,76.09,76.18,75.94,75.96,5761.261664,438101.356134,438101.356134,1
2026-08-12 04:45:00+08:00,2026-08-12 05:00:00+08:00,1786481100000,SOL-USDT,15m,75.95,76.09,75.88,76.06,7065.297892,536900.24092174,536900.24092174,1
2026-08-12 05:00:00+08:00,2026-08-12 05:15:00+08:00,1786482000000,SOL-USDT,15m,76.06,76.19,76.05,76.15,4814.4842,366461.43469381,366461.43469381,1
2026-08-12 05:15:00+08:00,2026-08-12 05:30:00+08:00,1786482900000,SOL-USDT,15m,76.15,76.17,76.02,76.05,8402.889789,639341.05296999,639341.05296999,1
2026-08-12 05:30:00+08:00,2026-08-12 05:45:00+08:00,1786483800000,SOL-USDT,15m,76.06,76.18,76,76.15,7898.281285,601084.9793343,601084.9793343,1
2026-08-12 05:45:00+08:00,2026-08-12 06:00:00+08:00,1786484700000,SOL-USDT,15m,76.16,76.44,76.14,76.44,5134.053849,391795.97903082,391795.97903082,1
2026-08-12 06:00:00+08:00,2026-08-12 06:15:00+08:00,1786485600000,SOL-USDT,15m,76.44,76.68,76.4,76.42,13755.203331,1052962.36022881,1052962.36022881,1
2026-08-12 06:15:00+08:00,2026-08-12 06:30:00+08:00,1786486500000,SOL-USDT,15m,76.42,76.53,76.37,76.43,2210.105923,168919.40881537,168919.40881537,1
2026-08-12 06:30:00+08:00,2026-08-12 06:45:00+08:00,1786487400000,SOL-USDT,15m,76.44,76.48,76.31,76.38,4884.161898,373068.9204066,373068.9204066,1
2026-08-12 06:45:00+08:00,2026-08-12 07:00:00+08:00,1786488300000,SOL-USDT,15m,76.38,76.42,76.26,76.41,4028.346643,307485.1096974,307485.1096974,1
2026-08-12 07:00:00+08:00,2026-08-12 07:15:00+08:00,1786489200000,SOL-USDT,15m,76.41,76.41,76.22,76.25,3021.882393,230449.57553673,230449.57553673,1
2026-08-12 07:15:00+08:00,2026-08-12 07:30:00+08:00,1786490100000,SOL-USDT,15m,76.25,76.34,76.2,76.28,1790.728539,136565.39462144,136565.39462144,1
2026-08-12 07:30:00+08:00,2026-08-12 07:45:00+08:00,1786491000000,SOL-USDT,15m,76.29,76.36,76.2,76.33,4142.742961,315999.90266574,315999.90266574,1
2026-08-12 07:45:00+08:00,2026-08-12 08:00:00+08:00,1786491900000,SOL-USDT,15m,76.33,76.33,76.23,76.29,1746.170536,133180.67213139,133180.67213139,1
2026-08-12 08:00:00+08:00,2026-08-12 08:15:00+08:00,1786492800000,SOL-USDT,15m,76.3,76.32,76.23,76.29,3677.954994,280503.74137394,280503.74137394,1
2026-08-12 08:15:00+08:00,2026-08-12 08:30:00+08:00,1786493700000,SOL-USDT,15m,76.29,76.34,76.23,76.27,5372.895015,409869.18219283,409869.18219283,1
2026-08-12 08:30:00+08:00,2026-08-12 08:45:00+08:00,1786494600000,SOL-USDT,15m,76.27,76.32,76.27,76.27,1416.968053,108107.71181791,108107.71181791,1
2026-08-12 08:45:00+08:00,2026-08-12 09:00:00+08:00,1786495500000,SOL-USDT,15m,76.27,76.38,76.24,76.38,1919.261982,146466.80333477,146466.80333477,1
2026-08-12 09:00:00+08:00,2026-08-12 09:15:00+08:00,1786496400000,SOL-USDT,15m,76.38,76.52,76.34,76.51,2194.634043,167774.89897543,167774.89897543,1
2026-08-12 09:15:00+08:00,2026-08-12 09:30:00+08:00,1786497300000,SOL-USDT,15m,76.52,76.52,76.36,76.37,3475.125121,265505.9310338,265505.9310338,1
2026-08-12 09:30:00+08:00,2026-08-12 09:45:00+08:00,1786498200000,SOL-USDT,15m,76.36,76.48,76.31,76.46,2047.738987,156423.23079714,156423.23079714,1
2026-08-12 09:45:00+08:00,2026-08-12 10:00:00+08:00,1786499100000,SOL-USDT,15m,76.47,76.6,76.39,76.42,5008.050168,382953.11883485,382953.11883485,1
2026-08-12 10:00:00+08:00,2026-08-12 10:15:00+08:00,1786500000000,SOL-USDT,15m,76.43,76.57,76.42,76.52,6782.358757,518963.92819887,518963.92819887,1
2026-08-12 10:15:00+08:00,2026-08-12 10:30:00+08:00,1786500900000,SOL-USDT,15m,76.52,76.58,76.44,76.55,3970.376701,303672.36275517,303672.36275517,1
2026-08-12 10:30:00+08:00,2026-08-12 10:45:00+08:00,1786501800000,SOL-USDT,15m,76.56,76.58,76.45,76.5,2353.437663,180075.52066765,180075.52066765,1
2026-08-12 10:45:00+08:00,2026-08-12 11:00:00+08:00,1786502700000,SOL-USDT,15m,76.51,76.6,76.43,76.43,3682.809242,281874.21420109,281874.21420109,1
2026-08-12 11:00:00+08:00,2026-08-12 11:15:00+08:00,1786503600000,SOL-USDT,15m,76.44,76.53,76.36,76.38,1638.174986,125229.09605383,125229.09605383,1
2026-08-12 11:15:00+08:00,2026-08-12 11:30:00+08:00,1786504500000,SOL-USDT,15m,76.37,76.4,76.27,76.3,6094.076979,465177.02583753,465177.02583753,1
2026-08-12 11:30:00+08:00,2026-08-12 11:45:00+08:00,1786505400000,SOL-USDT,15m,76.3,76.48,76.26,76.43,2530.529604,193379.03284581,193379.03284581,1
2026-08-12 11:45:00+08:00,2026-08-12 12:00:00+08:00,1786506300000,SOL-USDT,15m,76.43,76.45,76.37,76.43,4103.303139,313518.9564027,313518.9564027,1
2026-08-12 12:00:00+08:00,2026-08-12 12:15:00+08:00,1786507200000,SOL-USDT,15m,76.43,76.5,76.38,76.43,1724.394876,131805.4562597,131805.4562597,1
2026-08-12 12:15:00+08:00,2026-08-12 12:30:00+08:00,1786508100000,SOL-USDT,15m,76.43,76.58,76.38,76.38,3274.195619,250403.00417679,250403.00417679,1
2026-08-12 12:30:00+08:00,2026-08-12 12:45:00+08:00,1786509000000,SOL-USDT,15m,76.37,76.37,76.28,76.34,1301.629263,99342.9474969,99342.9474969,1
2026-08-12 12:45:00+08:00,2026-08-12 13:00:00+08:00,1786509900000,SOL-USDT,15m,76.33,76.39,76.29,76.3,1722.071649,131450.34691424,131450.34691424,1
2026-08-12 13:00:00+08:00,2026-08-12 13:15:00+08:00,1786510800000,SOL-USDT,15m,76.31,76.37,76.19,76.35,2534.777592,193370.93466016,193370.93466016,1
2026-08-12 13:15:00+08:00,2026-08-12 13:30:00+08:00,1786511700000,SOL-USDT,15m,76.34,76.35,76.29,76.29,896.583308,68415.73011104,68415.73011104,1
2026-08-12 13:30:00+08:00,2026-08-12 13:45:00+08:00,1786512600000,SOL-USDT,15m,76.29,76.36,76.26,76.31,1274.691988,97260.36091481,97260.36091481,1
2026-08-12 13:45:00+08:00,2026-08-12 14:00:00+08:00,1786513500000,SOL-USDT,15m,76.32,76.36,76.29,76.34,2681.447722,204660.2184579,204660.2184579,1
2026-08-12 14:00:00+08:00,2026-08-12 14:15:00+08:00,1786514400000,SOL-USDT,15m,76.33,76.37,76.22,76.23,1522.088874,116144.79592257,116144.79592257,1
2026-08-12 14:15:00+08:00,2026-08-12 14:30:00+08:00,1786515300000,SOL-USDT,15m,76.22,76.31,76.16,76.18,2353.042835,179326.35932602,179326.35932602,1
2026-08-12 14:30:00+08:00,2026-08-12 14:45:00+08:00,1786516200000,SOL-USDT,15m,76.17,76.17,76.09,76.1,2449.341088,186441.38203528,186441.38203528,1
2026-08-12 14:45:00+08:00,2026-08-12 15:00:00+08:00,1786517100000,SOL-USDT,15m,76.1,76.11,75.99,76.06,2826.922428,214956.99875397,214956.99875397,1
2026-08-12 15:00:00+08:00,2026-08-12 15:15:00+08:00,1786518000000,SOL-USDT,15m,76.06,76.17,76.04,76.11,1560.692949,118793.93754002,118793.93754002,1
2026-08-12 15:15:00+08:00,2026-08-12 15:30:00+08:00,1786518900000,SOL-USDT,15m,76.11,76.12,76.04,76.04,1666.464014,126769.57966331,126769.57966331,1
2026-08-12 15:30:00+08:00,2026-08-12 15:45:00+08:00,1786519800000,SOL-USDT,15m,76.05,76.12,75.99,76.01,1971.343168,149861.27071268,149861.27071268,1
2026-08-12 15:45:00+08:00,2026-08-12 16:00:00+08:00,1786520700000,SOL-USDT,15m,76,76.27,75.95,76.27,2921.336292,222333.96926897,222333.96926897,1
2026-08-12 16:00:00+08:00,2026-08-12 16:15:00+08:00,1786521600000,SOL-USDT,15m,76.26,76.45,76.22,76.3,3943.23073,301001.12877216,301001.12877216,1
2026-08-12 16:15:00+08:00,2026-08-12 16:30:00+08:00,1786522500000,SOL-USDT,15m,76.3,76.47,76.3,76.42,3184.63571,243281.62096339,243281.62096339,1
2026-08-12 16:30:00+08:00,2026-08-12 16:45:00+08:00,1786523400000,SOL-USDT,15m,76.41,76.41,76.29,76.29,3060.847898,233713.3226957,233713.3226957,1
2026-08-12 16:45:00+08:00,2026-08-12 17:00:00+08:00,1786524300000,SOL-USDT,15m,76.28,76.35,76.16,76.19,4020.859276,306618.76187926,306618.76187926,1
2026-08-12 17:00:00+08:00,2026-08-12 17:15:00+08:00,1786525200000,SOL-USDT,15m,76.2,76.35,76.14,76.33,2467.543925,188172.28337873,188172.28337873,1
2026-08-12 17:15:00+08:00,2026-08-12 17:30:00+08:00,1786526100000,SOL-USDT,15m,76.33,76.77,76.33,76.77,11263.653962,862471.05384931,862471.05384931,1
2026-08-12 17:30:00+08:00,2026-08-12 17:45:00+08:00,1786527000000,SOL-USDT,15m,76.77,76.9,76.7,76.76,6282.537861,482398.60650845,482398.60650845,1
2026-08-12 17:45:00+08:00,2026-08-12 18:00:00+08:00,1786527900000,SOL-USDT,15m,76.75,76.78,76.69,76.75,3791.485373,290934.1684235,290934.1684235,1
2026-08-12 18:00:00+08:00,2026-08-12 18:15:00+08:00,1786528800000,SOL-USDT,15m,76.75,76.85,76.67,76.82,6184.047224,474629.12454848,474629.12454848,1
2026-08-12 18:15:00+08:00,2026-08-12 18:30:00+08:00,1786529700000,SOL-USDT,15m,76.82,76.87,76.74,76.75,2980.355325,228862.34956004,228862.34956004,1
2026-08-12 18:30:00+08:00,2026-08-12 18:45:00+08:00,1786530600000,SOL-USDT,15m,76.74,76.83,76.72,76.77,1667.249099,127998.77316746,127998.77316746,1
2026-08-12 18:45:00+08:00,2026-08-12 19:00:00+08:00,1786531500000,SOL-USDT,15m,76.76,76.81,76.72,76.78,3163.847736,242880.75808885,242880.75808885,1
2026-08-12 19:00:00+08:00,2026-08-12 19:15:00+08:00,1786532400000,SOL-USDT,15m,76.78,76.85,76.71,76.71,1352.612696,103808.91692093,103808.91692093,1
2026-08-12 19:15:00+08:00,2026-08-12 19:30:00+08:00,1786533300000,SOL-USDT,15m,76.71,76.87,76.7,76.83,2005.528028,154033.96533143,154033.96533143,1
2026-08-12 19:30:00+08:00,2026-08-12 19:45:00+08:00,1786534200000,SOL-USDT,15m,76.83,76.86,76.71,76.73,1965.953278,150940.76181743,150940.76181743,1
2026-08-12 19:45:00+08:00,2026-08-12 20:00:00+08:00,1786535100000,SOL-USDT,15m,76.73,76.86,76.72,76.84,2927.196474,224844.65945535,224844.65945535,1
2026-08-12 20:00:00+08:00,2026-08-12 20:15:00+08:00,1786536000000,SOL-USDT,15m,76.84,77.05,76.84,76.99,8725.713271,671479.56955333,671479.56955333,1
2026-08-12 20:15:00+08:00,2026-08-12 20:30:00+08:00,1786536900000,SOL-USDT,15m,76.99,77.29,76.91,77.17,13059.666237,1007358.26680483,1007358.26680483,1
2026-08-12 20:30:00+08:00,2026-08-12 20:45:00+08:00,1786537800000,SOL-USDT,15m,77.16,77.35,76.52,76.54,35964.627342,2764754.56113632,2764754.56113632,1
2026-08-12 20:45:00+08:00,2026-08-12 21:00:00+08:00,1786538700000,SOL-USDT,15m,76.53,76.71,76.38,76.66,13067.772613,999701.90312079,999701.90312079,1
2026-08-12 21:00:00+08:00,2026-08-12 21:15:00+08:00,1786539600000,SOL-USDT,15m,76.66,76.68,76.4,76.48,11336.700468,867336.07925404,867336.07925404,1
2026-08-12 21:15:00+08:00,2026-08-12 21:30:00+08:00,1786540500000,SOL-USDT,15m,76.49,76.56,76.4,76.45,5516.28039,421824.58931298,421824.58931298,1
2026-08-12 21:30:00+08:00,2026-08-12 21:45:00+08:00,1786541400000,SOL-USDT,15m,76.46,76.49,76.06,76.29,27000.080849,2060410.62284776,2060410.62284776,1
2026-08-12 21:45:00+08:00,2026-08-12 22:00:00+08:00,1786542300000,SOL-USDT,15m,76.29,76.47,76.18,76.24,10778.881698,822812.14444041,822812.14444041,1
2026-08-12 22:00:00+08:00,2026-08-12 22:15:00+08:00,1786543200000,SOL-USDT,15m,76.23,76.25,75.75,76.07,22489.286098,1708441.89890018,1708441.89890018,1
2026-08-12 22:15:00+08:00,2026-08-12 22:30:00+08:00,1786544100000,SOL-USDT,15m,76.08,76.09,75.76,75.78,6078.869487,461550.71469368,461550.71469368,1
2026-08-12 22:30:00+08:00,2026-08-12 22:45:00+08:00,1786545000000,SOL-USDT,15m,75.77,75.85,75.44,75.58,15773.535417,1193029.6051173,1193029.6051173,1
2026-08-12 22:45:00+08:00,2026-08-12 23:00:00+08:00,1786545900000,SOL-USDT,15m,75.58,75.7,75.41,75.47,7568.363516,571845.61825736,571845.61825736,1
2026-08-12 23:00:00+08:00,2026-08-12 23:15:00+08:00,1786546800000,SOL-USDT,15m,75.47,75.77,75.38,75.76,5318.584852,402149.6390927,402149.6390927,1
2026-08-12 23:15:00+08:00,2026-08-12 23:30:00+08:00,1786547700000,SOL-USDT,15m,75.76,75.88,75.67,75.74,8805.18028,667247.47710472,667247.47710472,1
2026-08-12 23:30:00+08:00,2026-08-12 23:45:00+08:00,1786548600000,SOL-USDT,15m,75.75,75.84,75.63,75.8,3798.471219,287672.80136603,287672.80136603,1
2026-08-12 23:45:00+08:00,2026-08-13 00:00:00+08:00,1786549500000,SOL-USDT,15m,75.81,75.85,75.72,75.76,1806.792655,136891.24995382,136891.24995382,1
2026-08-13 00:00:00+08:00,2026-08-13 00:15:00+08:00,1786550400000,SOL-USDT,15m,75.75,75.8,75.66,75.76,1966.099277,148889.92557069,148889.92557069,1
2026-08-13 00:15:00+08:00,2026-08-13 00:30:00+08:00,1786551300000,SOL-USDT,15m,75.76,75.86,75.71,75.78,2697.620623,204430.35713099,204430.35713099,1
2026-08-13 00:30:00+08:00,2026-08-13 00:45:00+08:00,1786552200000,SOL-USDT,15m,75.78,75.78,75.63,75.63,3790.162686,286843.60363328,286843.60363328,1
2026-08-13 00:45:00+08:00,2026-08-13 01:00:00+08:00,1786553100000,SOL-USDT,15m,75.63,75.73,75.57,75.7,3481.23606,263372.28346848,263372.28346848,1
2026-08-13 01:00:00+08:00,2026-08-13 01:15:00+08:00,1786554000000,SOL-USDT,15m,75.7,75.81,75.7,75.77,3947.838097,299014.41377559,299014.41377559,1
2026-08-13 01:15:00+08:00,2026-08-13 01:30:00+08:00,1786554900000,SOL-USDT,15m,75.77,75.84,75.68,75.84,2650.279149,200775.43335401,200775.43335401,1
2026-08-13 01:30:00+08:00,2026-08-13 01:45:00+08:00,1786555800000,SOL-USDT,15m,75.84,76.06,75.76,75.98,4418.358814,335574.08781172,335574.08781172,1
2026-08-13 01:45:00+08:00,2026-08-13 02:00:00+08:00,1786556700000,SOL-USDT,15m,75.97,76.07,75.91,75.92,3158.919803,240054.2307275,240054.2307275,1
2026-08-13 02:00:00+08:00,2026-08-13 02:15:00+08:00,1786557600000,SOL-USDT,15m,75.92,76.03,75.89,76.02,5421.084934,411742.80229522,411742.80229522,1
2026-08-13 02:15:00+08:00,2026-08-13 02:30:00+08:00,1786558500000,SOL-USDT,15m,76.02,76.02,75.92,75.98,3618.133024,274863.1816748,274863.1816748,1
2026-08-13 02:30:00+08:00,2026-08-13 02:45:00+08:00,1786559400000,SOL-USDT,15m,75.98,76.1,75.96,76.02,2866.966578,217923.33494855,217923.33494855,1
2026-08-13 02:45:00+08:00,2026-08-13 03:00:00+08:00,1786560300000,SOL-USDT,15m,76.03,76.03,75.84,75.88,3810.073472,289273.88683451,289273.88683451,1
2026-08-13 03:00:00+08:00,2026-08-13 03:15:00+08:00,1786561200000,SOL-USDT,15m,75.89,76.01,75.86,75.87,3293.378207,250086.39818211,250086.39818211,1
2026-08-13 03:15:00+08:00,2026-08-13 03:30:00+08:00,1786562100000,SOL-USDT,15m,75.86,75.93,75.75,75.85,3935.032363,298327.68785407,298327.68785407,1
2026-08-13 03:30:00+08:00,2026-08-13 03:45:00+08:00,1786563000000,SOL-USDT,15m,75.85,75.85,75.62,75.63,6145.023051,465589.64378543,465589.64378543,1
2026-08-13 03:45:00+08:00,2026-08-13 04:00:00+08:00,1786563900000,SOL-USDT,15m,75.64,75.78,75.6,75.77,4796.750533,363091.84098498,363091.84098498,1
2026-08-13 04:00:00+08:00,2026-08-13 04:15:00+08:00,1786564800000,SOL-USDT,15m,75.77,75.88,75.75,75.84,1549.465846,117459.27673076,117459.27673076,1
2026-08-13 04:15:00+08:00,2026-08-13 04:30:00+08:00,1786565700000,SOL-USDT,15m,75.84,75.89,75.75,75.88,2117.407695,160587.7993579,160587.7993579,1
2026-08-13 04:30:00+08:00,2026-08-13 04:45:00+08:00,1786566600000,SOL-USDT,15m,75.89,76.02,75.88,75.99,6320.183105,480213.18020359,480213.18020359,1
2026-08-13 04:45:00+08:00,2026-08-13 05:00:00+08:00,1786567500000,SOL-USDT,15m,75.99,76,75.9,75.94,3564.52169,270751.82320317,270751.82320317,1
2026-08-13 05:00:00+08:00,2026-08-13 05:15:00+08:00,1786568400000,SOL-USDT,15m,75.94,76.01,75.85,75.85,2698.778104,204869.51046672,204869.51046672,1
2026-08-13 05:15:00+08:00,2026-08-13 05:30:00+08:00,1786569300000,SOL-USDT,15m,75.84,75.9,75.45,75.55,6467.157563,489220.36976466,489220.36976466,1
2026-08-13 05:30:00+08:00,2026-08-13 05:45:00+08:00,1786570200000,SOL-USDT,15m,75.55,75.68,75.45,75.67,2745.089443,207502.11895331,207502.11895331,1
2026-08-13 05:45:00+08:00,2026-08-13 06:00:00+08:00,1786571100000,SOL-USDT,15m,75.68,75.7,75.46,75.49,4183.596048,316364.95097351,316364.95097351,1
2026-08-13 06:00:00+08:00,2026-08-13 06:15:00+08:00,1786572000000,SOL-USDT,15m,75.49,75.66,75.34,75.59,3205.834925,241998.66383511,241998.66383511,1
2026-08-13 06:15:00+08:00,2026-08-13 06:30:00+08:00,1786572900000,SOL-USDT,15m,75.6,75.67,75.55,75.59,1337.517848,101142.05926599,101142.05926599,1
2026-08-13 06:30:00+08:00,2026-08-13 06:45:00+08:00,1786573800000,SOL-USDT,15m,75.59,75.59,75.43,75.49,3763.943169,284135.42742344,284135.42742344,1
2026-08-13 06:45:00+08:00,2026-08-13 07:00:00+08:00,1786574700000,SOL-USDT,15m,75.5,75.54,75.47,75.54,5442.050505,410929.14527356,410929.14527356,1
2026-08-13 07:00:00+08:00,2026-08-13 07:15:00+08:00,1786575600000,SOL-USDT,15m,75.54,75.59,75.44,75.46,6951.437354,524643.48465951,524643.48465951,1
2026-08-13 07:15:00+08:00,2026-08-13 07:30:00+08:00,1786576500000,SOL-USDT,15m,75.46,75.49,75.39,75.49,14305.255326,1079005.0706875,1079005.0706875,1
2026-08-13 07:30:00+08:00,2026-08-13 07:45:00+08:00,1786577400000,SOL-USDT,15m,75.5,75.61,75.48,75.56,2586.149741,195371.02039342,195371.02039342,1
2026-08-13 07:45:00+08:00,2026-08-13 08:00:00+08:00,1786578300000,SOL-USDT,15m,75.57,75.65,75.56,75.63,788.353188,59598.96130203,59598.96130203,1
2026-08-13 08:00:00+08:00,2026-08-13 08:15:00+08:00,1786579200000,SOL-USDT,15m,75.63,75.81,75.6,75.76,6264.509126,474556.8577567,474556.8577567,1
2026-08-13 08:15:00+08:00,2026-08-13 08:30:00+08:00,1786580100000,SOL-USDT,15m,75.77,75.87,75.75,75.8,3657.318918,277327.35003957,277327.35003957,1
2026-08-13 08:30:00+08:00,2026-08-13 08:45:00+08:00,1786581000000,SOL-USDT,15m,75.81,75.81,75.59,75.6,4691.407616,355056.28559417,355056.28559417,1
2026-08-13 08:45:00+08:00,2026-08-13 09:00:00+08:00,1786581900000,SOL-USDT,15m,75.6,75.7,75.56,75.62,1968.923457,148910.20690163,148910.20690163,1
2026-08-13 09:00:00+08:00,2026-08-13 09:15:00+08:00,1786582800000,SOL-USDT,15m,75.62,75.76,75.56,75.76,3876.786831,293294.47580793,293294.47580793,1
2026-08-13 09:15:00+08:00,2026-08-13 09:30:00+08:00,1786583700000,SOL-USDT,15m,75.76,75.76,75.48,75.54,3800.459382,287351.86416058,287351.86416058,1
2026-08-13 09:30:00+08:00,2026-08-13 09:45:00+08:00,1786584600000,SOL-USDT,15m,75.54,75.81,75.53,75.63,5469.797528,413986.56466764,413986.56466764,1
2026-08-13 09:45:00+08:00,2026-08-13 10:00:00+08:00,1786585500000,SOL-USDT,15m,75.62,75.74,75.58,75.64,4420.69154,334520.40773284,334520.40773284,1
2026-08-13 10:00:00+08:00,2026-08-13 10:15:00+08:00,1786586400000,SOL-USDT,15m,75.64,75.66,75.56,75.63,3951.481435,298810.42301491,298810.42301491,1
2026-08-13 10:15:00+08:00,2026-08-13 10:30:00+08:00,1786587300000,SOL-USDT,15m,75.63,75.71,75.61,75.67,1481.225128,112070.27306648,112070.27306648,1
2026-08-13 10:30:00+08:00,2026-08-13 10:45:00+08:00,1786588200000,SOL-USDT,15m,75.67,75.72,75.54,75.72,2520.808275,190562.95216657,190562.95216657,1
2026-08-13 10:45:00+08:00,2026-08-13 11:00:00+08:00,1786589100000,SOL-USDT,15m,75.73,75.98,75.67,75.97,8205.086484,622342.79845577,622342.79845577,1
2026-08-13 11:00:00+08:00,2026-08-13 11:15:00+08:00,1786590000000,SOL-USDT,15m,75.98,76.15,75.97,76.15,11186.583788,850881.37245624,850881.37245624,1
2026-08-13 11:15:00+08:00,2026-08-13 11:30:00+08:00,1786590900000,SOL-USDT,15m,76.15,76.25,76.07,76.23,12441.469396,947732.78128886,947732.78128886,1
2026-08-13 11:30:00+08:00,2026-08-13 11:45:00+08:00,1786591800000,SOL-USDT,15m,76.24,76.31,76.18,76.21,10516.118981,801874.32279517,801874.32279517,1
2026-08-13 11:45:00+08:00,2026-08-13 12:00:00+08:00,1786592700000,SOL-USDT,15m,76.21,76.31,76.21,76.25,3409.771989,260031.91983028,260031.91983028,1
2026-08-13 12:00:00+08:00,2026-08-13 12:15:00+08:00,1786593600000,SOL-USDT,15m,76.26,76.28,76.17,76.19,3498.217206,266648.99580633,266648.99580633,1
2026-08-13 12:15:00+08:00,2026-08-13 12:30:00+08:00,1786594500000,SOL-USDT,15m,76.18,76.2,76,76.09,10092.472655,768039.14602509,768039.14602509,1
2026-08-13 12:30:00+08:00,2026-08-13 12:45:00+08:00,1786595400000,SOL-USDT,15m,76.08,76.19,76.08,76.14,4334.733847,330062.90198443,330062.90198443,1
2026-08-13 12:45:00+08:00,2026-08-13 13:00:00+08:00,1786596300000,SOL-USDT,15m,76.15,76.19,76.1,76.13,4507.418433,343196.24984869,343196.24984869,1
2026-08-13 13:00:00+08:00,2026-08-13 13:15:00+08:00,1786597200000,SOL-USDT,15m,76.13,76.27,76.09,76.27,7613.6648,579970.86374478,579970.86374478,1
2026-08-13 13:15:00+08:00,2026-08-13 13:30:00+08:00,1786598100000,SOL-USDT,15m,76.26,76.37,76.26,76.37,3241.024346,247361.62320093,247361.62320093,1
2026-08-13 13:30:00+08:00,2026-08-13 13:45:00+08:00,1786599000000,SOL-USDT,15m,76.38,76.59,76.3,76.57,8949.811485,684337.74602991,684337.74602991,1
2026-08-13 13:45:00+08:00,2026-08-13 14:00:00+08:00,1786599900000,SOL-USDT,15m,76.56,76.63,76.49,76.52,9464.814149,724529.64581879,724529.64581879,1
2026-08-13 14:00:00+08:00,2026-08-13 14:15:00+08:00,1786600800000,SOL-USDT,15m,76.52,76.55,76.45,76.47,5642.261757,431560.88328409,431560.88328409,1
2026-08-13 14:15:00+08:00,2026-08-13 14:30:00+08:00,1786601700000,SOL-USDT,15m,76.47,76.5,76.42,76.42,2604.953606,199156.46315335,199156.46315335,1
2026-08-13 14:30:00+08:00,2026-08-13 14:45:00+08:00,1786602600000,SOL-USDT,15m,76.42,76.44,76.3,76.33,8299.488583,633661.55650853,633661.55650853,1
2026-08-13 14:45:00+08:00,2026-08-13 15:00:00+08:00,1786603500000,SOL-USDT,15m,76.33,76.53,76.33,76.53,6999.397093,534913.80202314,534913.80202314,1
2026-08-13 15:00:00+08:00,2026-08-13 15:15:00+08:00,1786604400000,SOL-USDT,15m,76.53,76.54,76.4,76.44,2946.196321,225189.24963622,225189.24963622,1
2026-08-13 15:15:00+08:00,2026-08-13 15:30:00+08:00,1786605300000,SOL-USDT,15m,76.45,76.51,76.41,76.5,13330.580068,1018980.66374164,1018980.66374164,1
2026-08-13 15:30:00+08:00,2026-08-13 15:45:00+08:00,1786606200000,SOL-USDT,15m,76.51,76.53,76.45,76.46,3383.459835,258845.21510901,258845.21510901,1
2026-08-13 15:45:00+08:00,2026-08-13 16:00:00+08:00,1786607100000,SOL-USDT,15m,76.46,76.46,76.41,76.45,3969.862019,303445.57786691,303445.57786691,1
2026-08-13 16:00:00+08:00,2026-08-13 16:15:00+08:00,1786608000000,SOL-USDT,15m,76.45,76.49,76.3,76.3,1675.945924,128035.11463386,128035.11463386,1
2026-08-13 16:15:00+08:00,2026-08-13 16:30:00+08:00,1786608900000,SOL-USDT,15m,76.3,76.3,76.24,76.27,4006.336986,305562.73385343,305562.73385343,1
2026-08-13 16:30:00+08:00,2026-08-13 16:45:00+08:00,1786609800000,SOL-USDT,15m,76.27,76.28,76.23,76.24,1079.352383,82296.11874783,82296.11874783,1
2026-08-13 16:45:00+08:00,2026-08-13 17:00:00+08:00,1786610700000,SOL-USDT,15m,76.25,76.25,76.18,76.22,3028.555844,230791.05735025,230791.05735025,1
2026-08-13 17:00:00+08:00,2026-08-13 17:15:00+08:00,1786611600000,SOL-USDT,15m,76.22,76.22,75.95,75.96,2963.79712,225472.73681957,225472.73681957,1
2026-08-13 17:15:00+08:00,2026-08-13 17:30:00+08:00,1786612500000,SOL-USDT,15m,75.97,76.08,75.9,76.02,4263.357119,324124.79571742,324124.79571742,1
2026-08-13 17:30:00+08:00,2026-08-13 17:45:00+08:00,1786613400000,SOL-USDT,15m,76.02,76.06,75.96,75.98,2317.982564,176131.82854051,176131.82854051,1
2026-08-13 17:45:00+08:00,2026-08-13 18:00:00+08:00,1786614300000,SOL-USDT,15m,75.98,76.18,75.98,76.16,2596.422009,197531.92610178,197531.92610178,1
2026-08-13 18:00:00+08:00,2026-08-13 18:15:00+08:00,1786615200000,SOL-USDT,15m,76.17,76.19,75.84,75.86,13261.552001,1007642.81479595,1007642.81479595,1
2026-08-13 18:15:00+08:00,2026-08-13 18:30:00+08:00,1786616100000,SOL-USDT,15m,75.85,75.92,75.84,75.84,1608.437564,122035.00243559,122035.00243559,1
2026-08-13 18:30:00+08:00,2026-08-13 18:45:00+08:00,1786617000000,SOL-USDT,15m,75.85,75.85,75.71,75.76,3246.155592,245925.35123002,245925.35123002,1
2026-08-13 18:45:00+08:00,2026-08-13 19:00:00+08:00,1786617900000,SOL-USDT,15m,75.77,75.8,75.75,75.77,3704.715918,280760.39683952,280760.39683952,1
2026-08-13 19:00:00+08:00,2026-08-13 19:15:00+08:00,1786618800000,SOL-USDT,15m,75.77,75.77,75.65,75.68,4195.888824,317735.80906551,317735.80906551,1
2026-08-13 19:15:00+08:00,2026-08-13 19:30:00+08:00,1786619700000,SOL-USDT,15m,75.67,75.69,75.58,75.62,2095.815961,158506.31651956,158506.31651956,1
2026-08-13 19:30:00+08:00,2026-08-13 19:45:00+08:00,1786620600000,SOL-USDT,15m,75.62,75.73,75.57,75.65,3320.911106,251199.66610841,251199.66610841,1
2026-08-13 19:45:00+08:00,2026-08-13 20:00:00+08:00,1786621500000,SOL-USDT,15m,75.66,75.7,75.63,75.67,2070.424024,156638.37724278,156638.37724278,1
2026-08-13 20:00:00+08:00,2026-08-13 20:15:00+08:00,1786622400000,SOL-USDT,15m,75.67,75.85,75.65,75.85,2622.838066,198688.44170817,198688.44170817,1
2026-08-13 20:15:00+08:00,2026-08-13 20:30:00+08:00,1786623300000,SOL-USDT,15m,75.84,75.93,75.79,75.88,2482.096697,188274.01615308,188274.01615308,1
2026-08-13 20:30:00+08:00,2026-08-13 20:45:00+08:00,1786624200000,SOL-USDT,15m,75.87,76.04,75.78,75.98,6227.098145,472935.27494967,472935.27494967,1
2026-08-13 20:45:00+08:00,2026-08-13 21:00:00+08:00,1786625100000,SOL-USDT,15m,75.98,76.15,75.92,76.14,6458.209148,491190.72320174,491190.72320174,1
2026-08-13 21:00:00+08:00,2026-08-13 21:15:00+08:00,1786626000000,SOL-USDT,15m,76.14,76.23,76.09,76.16,3959.119612,301562.53035659,301562.53035659,1
2026-08-13 21:15:00+08:00,2026-08-13 21:30:00+08:00,1786626900000,SOL-USDT,15m,76.16,76.16,76.04,76.08,3933.251498,299284.31759961,299284.31759961,1
2026-08-13 21:30:00+08:00,2026-08-13 21:45:00+08:00,1786627800000,SOL-USDT,15m,76.07,76.37,76.06,76.31,3626.93203,276430.19947692,276430.19947692,1
2026-08-13 21:45:00+08:00,2026-08-13 22:00:00+08:00,1786628700000,SOL-USDT,15m,76.29,76.3,76.17,76.2,3769.797851,287429.89590766,287429.89590766,1
2026-08-13 22:00:00+08:00,2026-08-13 22:15:00+08:00,1786629600000,SOL-USDT,15m,76.2,76.46,76.14,76.35,3833.683649,292558.91454307,292558.91454307,1
2026-08-13 22:15:00+08:00,2026-08-13 22:30:00+08:00,1786630500000,SOL-USDT,15m,76.35,76.42,76.24,76.29,2170.732663,165678.98801635,165678.98801635,1
2026-08-13 22:30:00+08:00,2026-08-13 22:45:00+08:00,1786631400000,SOL-USDT,15m,76.29,76.58,76.24,76.57,7280.026773,556902.31384496,556902.31384496,1
2026-08-13 22:45:00+08:00,2026-08-13 23:00:00+08:00,1786632300000,SOL-USDT,15m,76.57,76.57,76.47,76.47,2983.211434,228256.01117935,228256.01117935,1
2026-08-13 23:00:00+08:00,2026-08-13 23:15:00+08:00,1786633200000,SOL-USDT,15m,76.47,76.54,76.37,76.37,3378.99272,258271.73744459,258271.73744459,1
2026-08-13 23:15:00+08:00,2026-08-13 23:30:00+08:00,1786634100000,SOL-USDT,15m,76.37,76.4,75.98,76.07,8422.304582,641566.65642201,641566.65642201,1
2026-08-13 23:30:00+08:00,2026-08-13 23:45:00+08:00,1786635000000,SOL-USDT,15m,76.06,76.2,76.04,76.11,3428.652293,260956.48656522,260956.48656522,1
2026-08-13 23:45:00+08:00,2026-08-14 00:00:00+08:00,1786635900000,SOL-USDT,15m,76.11,76.11,75.64,75.65,6802.48635,516157.59720375,516157.59720375,1
2026-08-14 00:00:00+08:00,2026-08-14 00:15:00+08:00,1786636800000,SOL-USDT,15m,75.65,75.79,75.53,75.73,7788.499005,589458.20733173,589458.20733173,1
2026-08-14 00:15:00+08:00,2026-08-14 00:30:00+08:00,1786637700000,SOL-USDT,15m,75.73,75.88,75.65,75.67,6142.153666,465339.43111933,465339.43111933,1
2026-08-14 00:30:00+08:00,2026-08-14 00:45:00+08:00,1786638600000,SOL-USDT,15m,75.68,75.72,75.08,75.39,22623.986839,1704048.77892391,1704048.77892391,1
2026-08-14 00:45:00+08:00,2026-08-14 01:00:00+08:00,1786639500000,SOL-USDT,15m,75.36,75.68,75.3,75.59,12124.167415,916174.14845117,916174.14845117,1
2026-08-14 01:00:00+08:00,2026-08-14 01:15:00+08:00,1786640400000,SOL-USDT,15m,75.6,75.8,75.56,75.74,5739.460178,434264.27680752,434264.27680752,1
2026-08-14 01:15:00+08:00,2026-08-14 01:30:00+08:00,1786641300000,SOL-USDT,15m,75.74,75.89,75.74,75.83,4417.761949,335029.87612858,335029.87612858,1
2026-08-14 01:30:00+08:00,2026-08-14 01:45:00+08:00,1786642200000,SOL-USDT,15m,75.83,75.94,75.77,75.87,2451.093447,185885.2934834,185885.2934834,1
2026-08-14 01:45:00+08:00,2026-08-14 02:00:00+08:00,1786643100000,SOL-USDT,15m,75.87,75.91,75.75,75.78,1767.99569,134048.92160108,134048.92160108,1
2026-08-14 02:00:00+08:00,2026-08-14 02:15:00+08:00,1786644000000,SOL-USDT,15m,75.78,75.92,75.75,75.87,2130.706487,161585.26617127,161585.26617127,1
2026-08-14 02:15:00+08:00,2026-08-14 02:30:00+08:00,1786644900000,SOL-USDT,15m,75.87,75.96,75.76,75.77,1833.65108,139049.73312174,139049.73312174,1
2026-08-14 02:30:00+08:00,2026-08-14 02:45:00+08:00,1786645800000,SOL-USDT,15m,75.76,75.84,75.69,75.84,2364.372858,179097.51407841,179097.51407841,1
2026-08-14 02:45:00+08:00,2026-08-14 03:00:00+08:00,1786646700000,SOL-USDT,15m,75.83,76.09,75.82,76.02,3209.597608,243804.15583251,243804.15583251,1
2026-08-14 03:00:00+08:00,2026-08-14 03:15:00+08:00,1786647600000,SOL-USDT,15m,76.02,76.28,75.98,76.14,5654.296175,430467.34616143,430467.34616143,1
2026-08-14 03:15:00+08:00,2026-08-14 03:30:00+08:00,1786648500000,SOL-USDT,15m,76.14,76.17,76.05,76.13,2235.194411,170137.45837458,170137.45837458,1
2026-08-14 03:30:00+08:00,2026-08-14 03:45:00+08:00,1786649400000,SOL-USDT,15m,76.13,76.17,76.07,76.13,2534.634548,192894.27537648,192894.27537648,1
2026-08-14 03:45:00+08:00,2026-08-14 04:00:00+08:00,1786650300000,SOL-USDT,15m,76.14,76.2,76.12,76.2,1588.766538,121012.85719086,121012.85719086,1
2026-08-14 04:00:00+08:00,2026-08-14 04:15:00+08:00,1786651200000,SOL-USDT,15m,76.21,76.34,76.15,76.19,5366.690185,409097.89041202,409097.89041202,1
2026-08-14 04:15:00+08:00,2026-08-14 04:30:00+08:00,1786652100000,SOL-USDT,15m,76.19,76.27,76.17,76.27,1300.446965,99117.13422548,99117.13422548,1
2026-08-14 04:30:00+08:00,2026-08-14 04:45:00+08:00,1786653000000,SOL-USDT,15m,76.27,76.34,76.24,76.26,1426.56823,108827.17427248,108827.17427248,1
2026-08-14 04:45:00+08:00,2026-08-14 05:00:00+08:00,1786653900000,SOL-USDT,15m,76.26,76.27,76.18,76.23,1634.497193,124585.8480292,124585.8480292,1
2026-08-14 05:00:00+08:00,2026-08-14 05:15:00+08:00,1786654800000,SOL-USDT,15m,76.23,76.31,76.21,76.24,2899.122146,221117.4892203,221117.4892203,1
2026-08-14 05:15:00+08:00,2026-08-14 05:30:00+08:00,1786655700000,SOL-USDT,15m,76.24,76.26,76.16,76.18,1028.210379,78361.01274138,78361.01274138,1
2026-08-14 05:30:00+08:00,2026-08-14 05:45:00+08:00,1786656600000,SOL-USDT,15m,76.18,76.23,76.13,76.21,2297.961166,175036.10291944,175036.10291944,1
2026-08-14 05:45:00+08:00,2026-08-14 06:00:00+08:00,1786657500000,SOL-USDT,15m,76.21,76.25,76.17,76.22,1425.105347,108616.96479436,108616.96479436,1
2026-08-14 06:00:00+08:00,2026-08-14 06:15:00+08:00,1786658400000,SOL-USDT,15m,76.22,76.45,76.21,76.4,2671.580918,204024.27658809,204024.27658809,1
2026-08-14 06:15:00+08:00,2026-08-14 06:30:00+08:00,1786659300000,SOL-USDT,15m,76.39,76.44,76.35,76.41,3022.04416,230892.11289395,230892.11289395,1
2026-08-14 06:30:00+08:00,2026-08-14 06:45:00+08:00,1786660200000,SOL-USDT,15m,76.42,76.42,76.35,76.36,775.757528,59253.80815085,59253.80815085,1
2026-08-14 06:45:00+08:00,2026-08-14 07:00:00+08:00,1786661100000,SOL-USDT,15m,76.36,76.39,76.25,76.25,1600.783734,122190.14621718,122190.14621718,1
2026-08-14 07:00:00+08:00,2026-08-14 07:15:00+08:00,1786662000000,SOL-USDT,15m,76.26,76.26,76.17,76.19,1344.680664,102466.67947212,102466.67947212,1
2026-08-14 07:15:00+08:00,2026-08-14 07:30:00+08:00,1786662900000,SOL-USDT,15m,76.18,76.24,76.15,76.24,1921.493493,146439.42095304,146439.42095304,1
2026-08-14 07:30:00+08:00,2026-08-14 07:45:00+08:00,1786663800000,SOL-USDT,15m,76.24,76.3,76.23,76.29,2628.838229,200471.94640306,200471.94640306,1
2026-08-14 07:45:00+08:00,2026-08-14 08:00:00+08:00,1786664700000,SOL-USDT,15m,76.28,76.3,76.2,76.26,1881.586063,143462.98006585,143462.98006585,1
2026-08-14 08:00:00+08:00,2026-08-14 08:15:00+08:00,1786665600000,SOL-USDT,15m,76.27,76.33,76.19,76.2,3074.932586,234553.69631462,234553.69631462,1
2026-08-14 08:15:00+08:00,2026-08-14 08:30:00+08:00,1786666500000,SOL-USDT,15m,76.2,76.25,76.11,76.11,2992.569881,227977.82184322,227977.82184322,1
2026-08-14 08:30:00+08:00,2026-08-14 08:45:00+08:00,1786667400000,SOL-USDT,15m,76.11,76.2,75.99,76.17,3488.70709,265416.56498064,265416.56498064,1
2026-08-14 08:45:00+08:00,2026-08-14 09:00:00+08:00,1786668300000,SOL-USDT,15m,76.17,76.17,76.04,76.09,1025.869853,78059.84942923,78059.84942923,1
2026-08-14 09:00:00+08:00,2026-08-14 09:15:00+08:00,1786669200000,SOL-USDT,15m,76.09,76.11,75.94,75.94,2952.87143,224524.62903025,224524.62903025,1
2026-08-14 09:15:00+08:00,2026-08-14 09:30:00+08:00,1786670100000,SOL-USDT,15m,75.95,76.11,75.92,76,2295.067281,174500.02203948,174500.02203948,1
2026-08-14 09:30:00+08:00,2026-08-14 09:45:00+08:00,1786671000000,SOL-USDT,15m,76.01,76.15,75.98,76.15,1167.396239,88819.69663104,88819.69663104,1
2026-08-14 09:45:00+08:00,2026-08-14 10:00:00+08:00,1786671900000,SOL-USDT,15m,76.14,76.17,76.07,76.1,2515.376171,191444.8069532,191444.8069532,1
2026-08-14 10:00:00+08:00,2026-08-14 10:15:00+08:00,1786672800000,SOL-USDT,15m,76.1,76.2,76.07,76.13,3364.110455,256123.00269482,256123.00269482,1
2026-08-14 10:15:00+08:00,2026-08-14 10:30:00+08:00,1786673700000,SOL-USDT,15m,76.14,76.16,75.99,76.05,2348.752775,178633.03090886,178633.03090886,1
2026-08-14 10:30:00+08:00,2026-08-14 10:45:00+08:00,1786674600000,SOL-USDT,15m,76.04,76.15,76.01,76.09,3322.274148,252728.16707402,252728.16707402,1
2026-08-14 10:45:00+08:00,2026-08-14 11:00:00+08:00,1786675500000,SOL-USDT,15m,76.09,76.18,76.02,76.03,3638.204079,276924.40042285,276924.40042285,1
2026-08-14 11:00:00+08:00,2026-08-14 11:15:00+08:00,1786676400000,SOL-USDT,15m,76.03,76.03,75.8,75.93,12633.566075,958333.97719285,958333.97719285,1
2026-08-14 11:15:00+08:00,2026-08-14 11:30:00+08:00,1786677300000,SOL-USDT,15m,75.93,76.07,75.92,75.98,2536.951908,192841.62124535,192841.62124535,1
2026-08-14 11:30:00+08:00,2026-08-14 11:45:00+08:00,1786678200000,SOL-USDT,15m,75.99,75.99,75.78,75.83,4788.50811,363191.59450902,363191.59450902,1
2026-08-14 11:45:00+08:00,2026-08-14 12:00:00+08:00,1786679100000,SOL-USDT,15m,75.84,75.84,75.75,75.77,2210.011372,167470.64571687,167470.64571687,1
2026-08-14 12:00:00+08:00,2026-08-14 12:15:00+08:00,1786680000000,SOL-USDT,15m,75.76,75.92,75.75,75.92,1472.124819,111687.78909679,111687.78909679,1
2026-08-14 12:15:00+08:00,2026-08-14 12:30:00+08:00,1786680900000,SOL-USDT,15m,75.92,76.03,75.91,75.95,1906.932279,144866.24614226,144866.24614226,1
2026-08-14 12:30:00+08:00,2026-08-14 12:45:00+08:00,1786681800000,SOL-USDT,15m,75.94,75.96,75.9,75.93,710.895931,53982.05053553,53982.05053553,1
2026-08-14 12:45:00+08:00,2026-08-14 13:00:00+08:00,1786682700000,SOL-USDT,15m,75.92,75.93,75.83,75.85,770.69541,58471.68784602,58471.68784602,1
2026-08-14 13:00:00+08:00,2026-08-14 13:15:00+08:00,1786683600000,SOL-USDT,15m,75.85,75.93,75.83,75.85,2026.56838,153814.68469893,153814.68469893,1
2026-08-14 13:15:00+08:00,2026-08-14 13:30:00+08:00,1786684500000,SOL-USDT,15m,75.84,75.9,75.81,75.88,1220.723198,92595.17071806,92595.17071806,1
2026-08-14 13:30:00+08:00,2026-08-14 13:45:00+08:00,1786685400000,SOL-USDT,15m,75.89,76,75.86,75.95,1747.290009,132684.65573056,132684.65573056,1
2026-08-14 13:45:00+08:00,2026-08-14 14:00:00+08:00,1786686300000,SOL-USDT,15m,75.94,75.95,75.87,75.93,1176.249752,89295.51014938,89295.51014938,1
2026-08-14 14:00:00+08:00,2026-08-14 14:15:00+08:00,1786687200000,SOL-USDT,15m,75.93,75.93,75.78,75.79,1213.477114,92025.29904482,92025.29904482,1
2026-08-14 14:15:00+08:00,2026-08-14 14:30:00+08:00,1786688100000,SOL-USDT,15m,75.79,75.79,75.61,75.63,3464.546928,262217.67018018,262217.67018018,1
2026-08-14 14:30:00+08:00,2026-08-14 14:45:00+08:00,1786689000000,SOL-USDT,15m,75.63,75.71,75.63,75.65,4646.54913,351627.2433792,351627.2433792,1
2026-08-14 14:45:00+08:00,2026-08-14 15:00:00+08:00,1786689900000,SOL-USDT,15m,75.66,75.71,75.51,75.55,4139.927404,312964.94666103,312964.94666103,1
2026-08-14 15:00:00+08:00,2026-08-14 15:15:00+08:00,1786690800000,SOL-USDT,15m,75.54,75.67,75.5,75.66,4414.532828,333723.40442833,333723.40442833,1
2026-08-14 15:15:00+08:00,2026-08-14 15:30:00+08:00,1786691700000,SOL-USDT,15m,75.65,75.73,75.65,75.7,1193.205764,90313.45047136,90313.45047136,1
2026-08-14 15:30:00+08:00,2026-08-14 15:45:00+08:00,1786692600000,SOL-USDT,15m,75.7,75.71,75.56,75.62,3701.650242,280061.57255871,280061.57255871,1
2026-08-14 15:45:00+08:00,2026-08-14 16:00:00+08:00,1786693500000,SOL-USDT,15m,75.61,75.67,75.59,75.59,4315.292776,326337.73202153,326337.73202153,1
2026-08-14 16:00:00+08:00,2026-08-14 16:15:00+08:00,1786694400000,SOL-USDT,15m,75.6,75.69,75.58,75.64,2032.185333,153682.26691488,153682.26691488,1
2026-08-14 16:15:00+08:00,2026-08-14 16:30:00+08:00,1786695300000,SOL-USDT,15m,75.66,75.72,75.57,75.66,1715.902983,129796.81779706,129796.81779706,1
2026-08-14 16:30:00+08:00,2026-08-14 16:45:00+08:00,1786696200000,SOL-USDT,15m,75.66,75.9,75.64,75.73,6051.379029,458705.19526592,458705.19526592,1
2026-08-14 16:45:00+08:00,2026-08-14 17:00:00+08:00,1786697100000,SOL-USDT,15m,75.73,75.88,75.71,75.86,2717.735407,206025.66612753,206025.66612753,1
2026-08-14 17:00:00+08:00,2026-08-14 17:15:00+08:00,1786698000000,SOL-USDT,15m,75.87,75.88,75.75,75.82,3545.021467,268701.04858689,268701.04858689,1
2026-08-14 17:15:00+08:00,2026-08-14 17:30:00+08:00,1786698900000,SOL-USDT,15m,75.82,75.83,75.7,75.71,1806.486493,136910.84236272,136910.84236272,1
2026-08-14 17:30:00+08:00,2026-08-14 17:45:00+08:00,1786699800000,SOL-USDT,15m,75.7,75.71,75.43,75.47,5061.808932,382568.77528373,382568.77528373,1
2026-08-14 17:45:00+08:00,2026-08-14 18:00:00+08:00,1786700700000,SOL-USDT,15m,75.47,75.58,75.45,75.5,3439.848641,259696.20262398,259696.20262398,1
2026-08-14 18:00:00+08:00,2026-08-14 18:15:00+08:00,1786701600000,SOL-USDT,15m,75.49,75.61,75.45,75.59,4805.934488,363088.42245093,363088.42245093,1
2026-08-14 18:15:00+08:00,2026-08-14 18:30:00+08:00,1786702500000,SOL-USDT,15m,75.59,75.65,75.49,75.54,2299.885205,173804.48145596,173804.48145596,1
2026-08-14 18:30:00+08:00,2026-08-14 18:45:00+08:00,1786703400000,SOL-USDT,15m,75.54,75.58,75.5,75.51,1954.764496,147647.87350348,147647.87350348,1
2026-08-14 18:45:00+08:00,2026-08-14 19:00:00+08:00,1786704300000,SOL-USDT,15m,75.51,75.54,75.35,75.41,5704.474378,430462.27474738,430462.27474738,1
2026-08-14 19:00:00+08:00,2026-08-14 19:15:00+08:00,1786705200000,SOL-USDT,15m,75.4,75.54,75.4,75.48,3627.192772,273778.48458014,273778.48458014,1
2026-08-14 19:15:00+08:00,2026-08-14 19:30:00+08:00,1786706100000,SOL-USDT,15m,75.47,75.6,75.46,75.55,1836.593688,138741.73903903,138741.73903903,1
2026-08-14 19:30:00+08:00,2026-08-14 19:45:00+08:00,1786707000000,SOL-USDT,15m,75.55,75.6,75.5,75.55,1478.40292,111694.98297106,111694.98297106,1
2026-08-14 19:45:00+08:00,2026-08-14 20:00:00+08:00,1786707900000,SOL-USDT,15m,75.54,75.57,75.5,75.54,1790.861216,135275.63623909,135275.63623909,1
2026-08-14 20:00:00+08:00,2026-08-14 20:15:00+08:00,1786708800000,SOL-USDT,15m,75.53,75.58,75.35,75.41,3035.593988,229023.70228957,229023.70228957,1
2026-08-14 20:15:00+08:00,2026-08-14 20:30:00+08:00,1786709700000,SOL-USDT,15m,75.42,75.56,75.4,75.55,2404.337375,181500.67339152,181500.67339152,1
2026-08-14 20:30:00+08:00,2026-08-14 20:45:00+08:00,1786710600000,SOL-USDT,15m,75.54,75.59,75.45,75.46,2133.668995,161105.15378855,161105.15378855,1
2026-08-14 20:45:00+08:00,2026-08-14 21:00:00+08:00,1786711500000,SOL-USDT,15m,75.45,75.51,75.39,75.48,2472.823644,186571.6240156,186571.6240156,1
2026-08-14 21:00:00+08:00,2026-08-14 21:15:00+08:00,1786712400000,SOL-USDT,15m,75.47,75.49,75.34,75.46,3263.375292,246115.52638905,246115.52638905,1
2026-08-14 21:15:00+08:00,2026-08-14 21:30:00+08:00,1786713300000,SOL-USDT,15m,75.46,75.47,75.31,75.36,6334.045064,477434.83159486,477434.83159486,1
2026-08-14 21:30:00+08:00,2026-08-14 21:45:00+08:00,1786714200000,SOL-USDT,15m,75.36,75.42,75.26,75.39,5755.454411,433522.9966455,433522.9966455,1
2026-08-14 21:45:00+08:00,2026-08-14 22:00:00+08:00,1786715100000,SOL-USDT,15m,75.4,75.44,75.3,75.37,5350.957049,403361.45019722,403361.45019722,1
2026-08-14 22:00:00+08:00,2026-08-14 22:15:00+08:00,1786716000000,SOL-USDT,15m,75.37,75.42,75.23,75.24,4528.932271,341215.79355646,341215.79355646,1
2026-08-14 22:15:00+08:00,2026-08-14 22:30:00+08:00,1786716900000,SOL-USDT,15m,75.23,75.28,75.05,75.25,5650.529045,424694.16262099,424694.16262099,1
2026-08-14 22:30:00+08:00,2026-08-14 22:45:00+08:00,1786717800000,SOL-USDT,15m,75.25,75.41,75.21,75.33,2512.761743,189307.30512441,189307.30512441,1
2026-08-14 22:45:00+08:00,2026-08-14 23:00:00+08:00,1786718700000,SOL-USDT,15m,75.34,75.38,75.18,75.27,3123.072655,235173.66770632,235173.66770632,1
2026-08-14 23:00:00+08:00,2026-08-14 23:15:00+08:00,1786719600000,SOL-USDT,15m,75.27,75.32,75.2,75.28,2311.522432,173946.77145697,173946.77145697,1
2026-08-14 23:15:00+08:00,2026-08-14 23:30:00+08:00,1786720500000,SOL-USDT,15m,75.29,75.56,75.25,75.56,2674.400736,201570.73009999,201570.73009999,1
2026-08-14 23:30:00+08:00,2026-08-14 23:45:00+08:00,1786721400000,SOL-USDT,15m,75.57,75.74,75.43,75.71,3339.101549,252427.30313293,252427.30313293,1
2026-08-14 23:45:00+08:00,2026-08-15 00:00:00+08:00,1786722300000,SOL-USDT,15m,75.72,75.77,75.64,75.64,3032.593491,229603.12579501,229603.12579501,1
2026-08-15 00:00:00+08:00,2026-08-15 00:15:00+08:00,1786723200000,SOL-USDT,15m,75.65,75.72,75.58,75.66,2781.548442,210413.86657754,210413.86657754,1
2026-08-15 00:15:00+08:00,2026-08-15 00:30:00+08:00,1786724100000,SOL-USDT,15m,75.66,75.68,75.55,75.58,2385.509171,180363.39833386,180363.39833386,1
2026-08-15 00:30:00+08:00,2026-08-15 00:45:00+08:00,1786725000000,SOL-USDT,15m,75.58,75.69,75.57,75.59,2190.642793,165638.09446728,165638.09446728,1
2026-08-15 00:45:00+08:00,2026-08-15 01:00:00+08:00,1786725900000,SOL-USDT,15m,75.58,75.59,75.45,75.47,1361.673724,102811.35524801,102811.35524801,1
2026-08-15 01:00:00+08:00,2026-08-15 01:15:00+08:00,1786726800000,SOL-USDT,15m,75.48,75.56,75.45,75.56,1035.10542,78142.92515681,78142.92515681,1
2026-08-15 01:15:00+08:00,2026-08-15 01:30:00+08:00,1786727700000,SOL-USDT,15m,75.55,75.68,75.54,75.61,2092.721598,158252.3945713,158252.3945713,1
2026-08-15 01:30:00+08:00,2026-08-15 01:45:00+08:00,1786728600000,SOL-USDT,15m,75.61,75.66,75.44,75.45,3083.589608,233013.11666972,233013.11666972,1
2026-08-15 01:45:00+08:00,2026-08-15 02:00:00+08:00,1786729500000,SOL-USDT,15m,75.46,75.49,75.17,75.29,4515.4226,340011.5755664,340011.5755664,1
2026-08-15 02:00:00+08:00,2026-08-15 02:15:00+08:00,1786730400000,SOL-USDT,15m,75.29,75.3,75,75.08,7452.901127,559612.25605349,559612.25605349,1
2026-08-15 02:15:00+08:00,2026-08-15 02:30:00+08:00,1786731300000,SOL-USDT,15m,75.08,75.26,75.07,75.18,2869.569182,215679.566442,215679.566442,1
2026-08-15 02:30:00+08:00,2026-08-15 02:45:00+08:00,1786732200000,SOL-USDT,15m,75.17,75.2,75.04,75.13,1781.595995,133846.2109248,133846.2109248,1
2026-08-15 02:45:00+08:00,2026-08-15 03:00:00+08:00,1786733100000,SOL-USDT,15m,75.15,75.15,74.94,74.97,4081.058977,306053.50886855,306053.50886855,1
2026-08-15 03:00:00+08:00,2026-08-15 03:15:00+08:00,1786734000000,SOL-USDT,15m,74.96,74.97,74.74,74.75,7285.78058,545237.57350463,545237.57350463,1
2026-08-15 03:15:00+08:00,2026-08-15 03:30:00+08:00,1786734900000,SOL-USDT,15m,74.74,74.89,74.68,74.86,4677.735499,349695.2024551,349695.2024551,1
2026-08-15 03:30:00+08:00,2026-08-15 03:45:00+08:00,1786735800000,SOL-USDT,15m,74.85,75.06,74.81,75.06,4184.732825,313661.60281085,313661.60281085,1
2026-08-15 03:45:00+08:00,2026-08-15 04:00:00+08:00,1786736700000,SOL-USDT,15m,75.06,75.11,75.01,75.01,3992.394317,299660.87860128,299660.87860128,1
2026-08-15 04:00:00+08:00,2026-08-15 04:15:00+08:00,1786737600000,SOL-USDT,15m,75.02,75.18,74.98,75.12,3448.503302,259061.47483667,259061.47483667,1
2026-08-15 04:15:00+08:00,2026-08-15 04:30:00+08:00,1786738500000,SOL-USDT,15m,75.12,75.22,75.1,75.21,2840.763478,213500.93934554,213500.93934554,1
2026-08-15 04:30:00+08:00,2026-08-15 04:45:00+08:00,1786739400000,SOL-USDT,15m,75.2,75.25,75.15,75.22,1308.530029,98412.20853553,98412.20853553,1
2026-08-15 04:45:00+08:00,2026-08-15 05:00:00+08:00,1786740300000,SOL-USDT,15m,75.22,75.24,75.12,75.15,1629.740059,122512.38128995,122512.38128995,1
2026-08-15 05:00:00+08:00,2026-08-15 05:15:00+08:00,1786741200000,SOL-USDT,15m,75.16,75.22,75.09,75.14,2089.773633,157079.47857536,157079.47857536,1
2026-08-15 05:15:00+08:00,2026-08-15 05:30:00+08:00,1786742100000,SOL-USDT,15m,75.14,75.24,75.14,75.21,1401.836742,105420.7021996,105420.7021996,1
2026-08-15 05:30:00+08:00,2026-08-15 05:45:00+08:00,1786743000000,SOL-USDT,15m,75.21,75.23,75.14,75.15,1445.772373,108708.36708513,108708.36708513,1
2026-08-15 05:45:00+08:00,2026-08-15 06:00:00+08:00,1786743900000,SOL-USDT,15m,75.15,75.22,75.11,75.2,1903.971972,143126.25213337,143126.25213337,1
2026-08-15 06:00:00+08:00,2026-08-15 06:15:00+08:00,1786744800000,SOL-USDT,15m,75.2,75.28,75.13,75.15,2099.256006,157882.33374816,157882.33374816,1
2026-08-15 06:15:00+08:00,2026-08-15 06:30:00+08:00,1786745700000,SOL-USDT,15m,75.15,75.15,74.98,74.99,1512.018779,113464.46323034,113464.46323034,1
2026-08-15 06:30:00+08:00,2026-08-15 06:45:00+08:00,1786746600000,SOL-USDT,15m,74.99,75.11,74.99,75.1,1500.870406,112686.58774583,112686.58774583,1
2026-08-15 06:45:00+08:00,2026-08-15 07:00:00+08:00,1786747500000,SOL-USDT,15m,75.1,75.23,75.08,75.2,1593.926786,119820.12064985,119820.12064985,1
2026-08-15 07:00:00+08:00,2026-08-15 07:15:00+08:00,1786748400000,SOL-USDT,15m,75.2,75.26,75.16,75.24,945.248069,71077.88140731,71077.88140731,1
2026-08-15 07:15:00+08:00,2026-08-15 07:30:00+08:00,1786749300000,SOL-USDT,15m,75.25,75.35,75.21,75.33,1463.729294,110192.66462144,110192.66462144,1
2026-08-15 07:30:00+08:00,2026-08-15 07:45:00+08:00,1786750200000,SOL-USDT,15m,75.33,75.41,75.24,75.37,3933.614298,296256.06883332,296256.06883332,1
2026-08-15 07:45:00+08:00,2026-08-15 08:00:00+08:00,1786751100000,SOL-USDT,15m,75.37,75.42,75.35,75.41,1391.375988,104893.86593865,104893.86593865,1
2026-08-15 08:00:00+08:00,2026-08-15 08:15:00+08:00,1786752000000,SOL-USDT,15m,75.41,75.44,75.36,75.38,2284.763289,172267.67690681,172267.67690681,1
2026-08-15 08:15:00+08:00,2026-08-15 08:30:00+08:00,1786752900000,SOL-USDT,15m,75.38,75.41,75.35,75.39,1610.693784,121422.58397889,121422.58397889,1
2026-08-15 08:30:00+08:00,2026-08-15 08:45:00+08:00,1786753800000,SOL-USDT,15m,75.39,75.42,75.36,75.38,1267.712565,95576.80198601,95576.80198601,1
2026-08-15 08:45:00+08:00,2026-08-15 09:00:00+08:00,1786754700000,SOL-USDT,15m,75.38,75.43,75.3,75.35,7315.672869,551149.62597162,551149.62597162,1
2026-08-15 09:00:00+08:00,2026-08-15 09:15:00+08:00,1786755600000,SOL-USDT,15m,75.35,75.42,75.29,75.4,2739.348028,206404.96764146,206404.96764146,1
2026-08-15 09:15:00+08:00,2026-08-15 09:30:00+08:00,1786756500000,SOL-USDT,15m,75.39,75.47,75.36,75.42,2269.621032,171145.65699757,171145.65699757,1
2026-08-15 09:30:00+08:00,2026-08-15 09:45:00+08:00,1786757400000,SOL-USDT,15m,75.42,75.46,75.38,75.44,1936.688134,146070.09054333,146070.09054333,1
2026-08-15 09:45:00+08:00,2026-08-15 10:00:00+08:00,1786758300000,SOL-USDT,15m,75.43,75.44,75.38,75.42,2373.407305,178991.60911476,178991.60911476,1
2026-08-15 10:00:00+08:00,2026-08-15 10:15:00+08:00,1786759200000,SOL-USDT,15m,75.42,75.48,75.39,75.47,3881.45257,292772.92364853,292772.92364853,1
2026-08-15 10:15:00+08:00,2026-08-15 10:30:00+08:00,1786760100000,SOL-USDT,15m,75.48,75.62,75.48,75.57,7683.078765,580645.78481683,580645.78481683,1
2026-08-15 10:30:00+08:00,2026-08-15 10:45:00+08:00,1786761000000,SOL-USDT,15m,75.57,75.69,75.56,75.63,4063.825832,307285.20145317,307285.20145317,1
2026-08-15 10:45:00+08:00,2026-08-15 11:00:00+08:00,1786761900000,SOL-USDT,15m,75.62,75.67,75.57,75.67,2353.961376,178013.04853319,178013.04853319,1
2026-08-15 11:00:00+08:00,2026-08-15 11:15:00+08:00,1786762800000,SOL-USDT,15m,75.67,75.72,75.64,75.69,2187.11742,165509.33136216,165509.33136216,1
2026-08-15 11:15:00+08:00,2026-08-15 11:30:00+08:00,1786763700000,SOL-USDT,15m,75.69,75.71,75.58,75.63,1398.526726,105793.0795943,105793.0795943,1
2026-08-15 11:30:00+08:00,2026-08-15 11:45:00+08:00,1786764600000,SOL-USDT,15m,75.63,75.65,75.5,75.51,2368.331091,178918.46803872,178918.46803872,1
2026-08-15 11:45:00+08:00,2026-08-15 12:00:00+08:00,1786765500000,SOL-USDT,15m,75.5,75.5,75.41,75.42,3369.196749,254181.99294727,254181.99294727,1
2026-08-15 12:00:00+08:00,2026-08-15 12:15:00+08:00,1786766400000,SOL-USDT,15m,75.43,75.49,75.36,75.49,8503.034951,641164.00352941,641164.00352941,1
2026-08-15 12:15:00+08:00,2026-08-15 12:30:00+08:00,1786767300000,SOL-USDT,15m,75.49,75.6,75.47,75.58,1942.031619,146701.69308566,146701.69308566,1
2026-08-15 12:30:00+08:00,2026-08-15 12:45:00+08:00,1786768200000,SOL-USDT,15m,75.57,75.6,75.53,75.59,3164.499217,239119.07800817,239119.07800817,1
2026-08-15 12:45:00+08:00,2026-08-15 13:00:00+08:00,1786769100000,SOL-USDT,15m,75.59,75.6,75.52,75.53,3189.655713,240981.20946182,240981.20946182,1
2026-08-15 13:00:00+08:00,2026-08-15 13:15:00+08:00,1786770000000,SOL-USDT,15m,75.54,75.6,75.48,75.55,3909.244495,295347.52521057,295347.52521057,1
2026-08-15 13:15:00+08:00,2026-08-15 13:30:00+08:00,1786770900000,SOL-USDT,15m,75.54,75.56,75.46,75.46,1022.621963,77217.99807375,77217.99807375,1
2026-08-15 13:30:00+08:00,2026-08-15 13:45:00+08:00,1786771800000,SOL-USDT,15m,75.46,75.49,75.31,75.39,8855.671585,667507.36202452,667507.36202452,1
2026-08-15 13:45:00+08:00,2026-08-15 14:00:00+08:00,1786772700000,SOL-USDT,15m,75.39,75.42,75.31,75.35,1236.17322,93154.68469841,93154.68469841,1
2026-08-15 14:00:00+08:00,2026-08-15 14:15:00+08:00,1786773600000,SOL-USDT,15m,75.35,75.41,75.28,75.28,1773.802367,133652.31674304,133652.31674304,1
2026-08-15 14:15:00+08:00,2026-08-15 14:30:00+08:00,1786774500000,SOL-USDT,15m,75.28,75.36,75.28,75.32,859.097724,64707.17495157,64707.17495157,1
2026-08-15 14:30:00+08:00,2026-08-15 14:45:00+08:00,1786775400000,SOL-USDT,15m,75.32,75.39,75.32,75.37,2443.573844,184138.19890627,184138.19890627,1
2026-08-15 14:45:00+08:00,2026-08-15 15:00:00+08:00,1786776300000,SOL-USDT,15m,75.37,75.49,75.36,75.43,1519.82566,114667.57610109,114667.57610109,1
2026-08-15 15:00:00+08:00,2026-08-15 15:15:00+08:00,1786777200000,SOL-USDT,15m,75.42,75.43,75.35,75.41,2063.450728,155566.63011755,155566.63011755,1
2026-08-15 15:15:00+08:00,2026-08-15 15:30:00+08:00,1786778100000,SOL-USDT,15m,75.4,75.42,75.31,75.33,1395.621016,105158.59244905,105158.59244905,1
2026-08-15 15:30:00+08:00,2026-08-15 15:45:00+08:00,1786779000000,SOL-USDT,15m,75.33,75.33,75.27,75.29,1423.714145,107188.84375369,107188.84375369,1
2026-08-15 15:45:00+08:00,2026-08-15 16:00:00+08:00,1786779900000,SOL-USDT,15m,75.29,75.3,75.21,75.23,1472.257981,110796.82642394,110796.82642394,1
2026-08-15 16:00:00+08:00,2026-08-15 16:15:00+08:00,1786780800000,SOL-USDT,15m,75.25,75.26,75.18,75.23,2542.003575,191198.76888115,191198.76888115,1
2026-08-15 16:15:00+08:00,2026-08-15 16:30:00+08:00,1786781700000,SOL-USDT,15m,75.24,75.32,75.23,75.27,2396.185978,180402.57199354,180402.57199354,1
2026-08-15 16:30:00+08:00,2026-08-15 16:45:00+08:00,1786782600000,SOL-USDT,15m,75.28,75.28,75.14,75.15,2523.588593,189669.23427793,189669.23427793,1
2026-08-15 16:45:00+08:00,2026-08-15 17:00:00+08:00,1786783500000,SOL-USDT,15m,75.15,75.2,75.08,75.09,4413.417054,331563.70689187,331563.70689187,1
2026-08-15 17:00:00+08:00,2026-08-15 17:15:00+08:00,1786784400000,SOL-USDT,15m,75.09,75.14,75.04,75.12,2700.386071,202766.03838964,202766.03838964,1
2026-08-15 17:15:00+08:00,2026-08-15 17:30:00+08:00,1786785300000,SOL-USDT,15m,75.12,75.19,75.11,75.19,826.330384,62099.6763271,62099.6763271,1
2026-08-15 17:30:00+08:00,2026-08-15 17:45:00+08:00,1786786200000,SOL-USDT,15m,75.19,75.22,75.17,75.2,1350.673594,101567.78855238,101567.78855238,1
2026-08-15 17:45:00+08:00,2026-08-15 18:00:00+08:00,1786787100000,SOL-USDT,15m,75.22,75.26,75.2,75.25,749.221565,56357.75918395,56357.75918395,1
2026-08-15 18:00:00+08:00,2026-08-15 18:15:00+08:00,1786788000000,SOL-USDT,15m,75.25,75.3,75.2,75.29,3638.117992,273790.2196413,273790.2196413,1
2026-08-15 18:15:00+08:00,2026-08-15 18:30:00+08:00,1786788900000,SOL-USDT,15m,75.29,75.36,75.29,75.31,3076.537608,231729.28465532,231729.28465532,1
2026-08-15 18:30:00+08:00,2026-08-15 18:45:00+08:00,1786789800000,SOL-USDT,15m,75.31,75.35,75.27,75.28,1727.768757,130105.24729493,130105.24729493,1
2026-08-15 18:45:00+08:00,2026-08-15 19:00:00+08:00,1786790700000,SOL-USDT,15m,75.27,75.32,75.26,75.3,2267.741178,170729.097637,170729.097637,1
2026-08-15 19:00:00+08:00,2026-08-15 19:15:00+08:00,1786791600000,SOL-USDT,15m,75.29,75.31,75.27,75.28,1283.827254,96649.61172901,96649.61172901,1
2026-08-15 19:15:00+08:00,2026-08-15 19:30:00+08:00,1786792500000,SOL-USDT,15m,75.27,75.31,75.25,75.27,735.296626,55356.34680001,55356.34680001,1
2026-08-15 19:30:00+08:00,2026-08-15 19:45:00+08:00,1786793400000,SOL-USDT,15m,75.27,75.3,75.26,75.3,790.201358,59481.63253286,59481.63253286,1
2026-08-15 19:45:00+08:00,2026-08-15 20:00:00+08:00,1786794300000,SOL-USDT,15m,75.29,75.31,75.21,75.26,1788.274752,134573.17939438,134573.17939438,1
2026-08-15 20:00:00+08:00,2026-08-15 20:15:00+08:00,1786795200000,SOL-USDT,15m,75.26,75.26,75.2,75.23,859.135644,64639.17414845,64639.17414845,1
2026-08-15 20:15:00+08:00,2026-08-15 20:30:00+08:00,1786796100000,SOL-USDT,15m,75.24,75.27,75.21,75.21,2370.832171,178400.68276751,178400.68276751,1
2026-08-15 20:30:00+08:00,2026-08-15 20:45:00+08:00,1786797000000,SOL-USDT,15m,75.22,75.28,75.21,75.27,1240.716334,93365.04538768,93365.04538768,1
2026-08-15 20:45:00+08:00,2026-08-15 21:00:00+08:00,1786797900000,SOL-USDT,15m,75.28,75.44,75.25,75.43,1450.830654,109305.5878774,109305.5878774,1
2026-08-15 21:00:00+08:00,2026-08-15 21:15:00+08:00,1786798800000,SOL-USDT,15m,75.43,75.5,75.4,75.48,3282.981231,247776.53796894,247776.53796894,1
2026-08-15 21:15:00+08:00,2026-08-15 21:30:00+08:00,1786799700000,SOL-USDT,15m,75.48,75.5,75.45,75.48,1500.841152,113266.43963498,113266.43963498,1
2026-08-15 21:30:00+08:00,2026-08-15 21:45:00+08:00,1786800600000,SOL-USDT,15m,75.48,75.57,75.46,75.57,1737.12894,131223.43493123,131223.43493123,1
2026-08-15 21:45:00+08:00,2026-08-15 22:00:00+08:00,1786801500000,SOL-USDT,15m,75.58,75.58,75.54,75.57,1411.868927,106685.41171182,106685.41171182,1
2026-08-15 22:00:00+08:00,2026-08-15 22:15:00+08:00,1786802400000,SOL-USDT,15m,75.57,75.58,75.54,75.58,1051.317146,79439.87900155,79439.87900155,1
2026-08-15 22:15:00+08:00,2026-08-15 22:30:00+08:00,1786803300000,SOL-USDT,15m,75.58,75.59,75.45,75.5,2862.505105,216149.79037365,216149.79037365,1
2026-08-15 22:30:00+08:00,2026-08-15 22:45:00+08:00,1786804200000,SOL-USDT,15m,75.49,75.58,75.48,75.51,2586.851781,195375.90720151,195375.90720151,1
2026-08-15 22:45:00+08:00,2026-08-15 23:00:00+08:00,1786805100000,SOL-USDT,15m,75.51,75.53,75.45,75.46,1329.01412,100334.39690124,100334.39690124,1
2026-08-15 23:00:00+08:00,2026-08-15 23:15:00+08:00,1786806000000,SOL-USDT,15m,75.46,75.48,75.43,75.46,1315.501112,99273.72243988,99273.72243988,1
2026-08-15 23:15:00+08:00,2026-08-15 23:30:00+08:00,1786806900000,SOL-USDT,15m,75.46,75.51,75.38,75.47,887.648818,66971.44223521,66971.44223521,1
2026-08-15 23:30:00+08:00,2026-08-15 23:45:00+08:00,1786807800000,SOL-USDT,15m,75.47,75.54,75.46,75.51,1334.591398,100765.35522346,100765.35522346,1
2026-08-15 23:45:00+08:00,2026-08-16 00:00:00+08:00,1786808700000,SOL-USDT,15m,75.51,75.53,75.5,75.52,740.596006,55926.25148727,55926.25148727,1
2026-08-16 00:00:00+08:00,2026-08-16 00:15:00+08:00,1786809600000,SOL-USDT,15m,75.53,75.54,75.44,75.45,2426.426785,183187.61516232,183187.61516232,1
2026-08-16 00:15:00+08:00,2026-08-16 00:30:00+08:00,1786810500000,SOL-USDT,15m,75.44,75.52,75.42,75.51,1114.646312,84104.87149725,84104.87149725,1
2026-08-16 00:30:00+08:00,2026-08-16 00:45:00+08:00,1786811400000,SOL-USDT,15m,75.51,75.52,75.43,75.45,1410.679928,106449.06976298,106449.06976298,1
2026-08-16 00:45:00+08:00,2026-08-16 01:00:00+08:00,1786812300000,SOL-USDT,15m,75.45,75.49,75.44,75.49,637.709299,48128.56254163,48128.56254163,1
2026-08-16 01:00:00+08:00,2026-08-16 01:15:00+08:00,1786813200000,SOL-USDT,15m,75.49,75.59,75.48,75.56,1658.656488,125270.11747113,125270.11747113,1
2026-08-16 01:15:00+08:00,2026-08-16 01:30:00+08:00,1786814100000,SOL-USDT,15m,75.57,75.66,75.54,75.58,2375.154102,179532.88002356,179532.88002356,1
2026-08-16 01:30:00+08:00,2026-08-16 01:45:00+08:00,1786815000000,SOL-USDT,15m,75.58,75.65,75.57,75.63,1364.571325,103187.38632952,103187.38632952,1
2026-08-16 01:45:00+08:00,2026-08-16 02:00:00+08:00,1786815900000,SOL-USDT,15m,75.64,75.69,75.62,75.67,1201.733835,90914.96892511,90914.96892511,1
2026-08-16 02:00:00+08:00,2026-08-16 02:15:00+08:00,1786816800000,SOL-USDT,15m,75.67,75.68,75.52,75.56,4415.260382,333772.7557469,333772.7557469,1
2026-08-16 02:15:00+08:00,2026-08-16 02:30:00+08:00,1786817700000,SOL-USDT,15m,75.57,75.58,75.51,75.53,710.233475,53653.25162589,53653.25162589,1
2026-08-16 02:30:00+08:00,2026-08-16 02:45:00+08:00,1786818600000,SOL-USDT,15m,75.53,75.59,75.52,75.58,1601.078141,120971.33213596,120971.33213596,1
2026-08-16 02:45:00+08:00,2026-08-16 03:00:00+08:00,1786819500000,SOL-USDT,15m,75.59,75.6,75.55,75.55,645.154668,48759.65414433,48759.65414433,1
2026-08-16 03:00:00+08:00,2026-08-16 03:15:00+08:00,1786820400000,SOL-USDT,15m,75.56,75.58,75.52,75.55,1920.226977,145076.34782946,145076.34782946,1
2026-08-16 03:15:00+08:00,2026-08-16 03:30:00+08:00,1786821300000,SOL-USDT,15m,75.55,75.55,75.53,75.54,597.566331,45141.09875115,45141.09875115,1
2026-08-16 03:30:00+08:00,2026-08-16 03:45:00+08:00,1786822200000,SOL-USDT,15m,75.55,75.57,75.53,75.54,1535.056041,115980.06984828,115980.06984828,1
2026-08-16 03:45:00+08:00,2026-08-16 04:00:00+08:00,1786823100000,SOL-USDT,15m,75.53,75.56,75.53,75.56,548.583188,41446.94799695,41446.94799695,1
2026-08-16 04:00:00+08:00,2026-08-16 04:15:00+08:00,1786824000000,SOL-USDT,15m,75.56,75.57,75.51,75.52,1705.902438,128885.16473549,128885.16473549,1
2026-08-16 04:15:00+08:00,2026-08-16 04:30:00+08:00,1786824900000,SOL-USDT,15m,75.51,75.52,75.42,75.48,1856.810054,140151.66955337,140151.66955337,1
2026-08-16 04:30:00+08:00,2026-08-16 04:45:00+08:00,1786825800000,SOL-USDT,15m,75.47,75.51,75.46,75.51,314.978859,23773.61204752,23773.61204752,1
2026-08-16 04:45:00+08:00,2026-08-16 05:00:00+08:00,1786826700000,SOL-USDT,15m,75.52,75.58,75.48,75.54,4482.782721,338642.77702802,338642.77702802,1
2026-08-16 05:00:00+08:00,2026-08-16 05:15:00+08:00,1786827600000,SOL-USDT,15m,75.54,75.6,75.53,75.6,2698.669558,203903.00168698,203903.00168698,1
2026-08-16 05:15:00+08:00,2026-08-16 05:30:00+08:00,1786828500000,SOL-USDT,15m,75.6,75.67,75.59,75.67,3861.9735,292053.21967396,292053.21967396,1
2026-08-16 05:30:00+08:00,2026-08-16 05:45:00+08:00,1786829400000,SOL-USDT,15m,75.67,75.74,75.63,75.73,3273.168066,247736.08314768,247736.08314768,1
2026-08-16 05:45:00+08:00,2026-08-16 06:00:00+08:00,1786830300000,SOL-USDT,15m,75.73,75.73,75.62,75.63,1673.29047,126632.79949341,126632.79949341,1
2026-08-16 06:00:00+08:00,2026-08-16 06:15:00+08:00,1786831200000,SOL-USDT,15m,75.63,75.69,75.61,75.63,2139.377452,161850.02707994,161850.02707994,1
2026-08-16 06:15:00+08:00,2026-08-16 06:30:00+08:00,1786832100000,SOL-USDT,15m,75.63,75.64,75.59,75.62,1169.312406,88417.76427415,88417.76427415,1
2026-08-16 06:30:00+08:00,2026-08-16 06:45:00+08:00,1786833000000,SOL-USDT,15m,75.63,75.64,75.56,75.62,1242.779608,93971.46889497,93971.46889497,1
2026-08-16 06:45:00+08:00,2026-08-16 07:00:00+08:00,1786833900000,SOL-USDT,15m,75.62,75.67,75.58,75.58,1009.482838,76362.07005702,76362.07005702,1
2026-08-16 07:00:00+08:00,2026-08-16 07:15:00+08:00,1786834800000,SOL-USDT,15m,75.59,75.59,75.33,75.43,4072.815396,307275.58416941,307275.58416941,1
2026-08-16 07:15:00+08:00,2026-08-16 07:30:00+08:00,1786835700000,SOL-USDT,15m,75.43,75.46,75.33,75.38,1821.271409,137355.44454856,137355.44454856,1
2026-08-16 07:30:00+08:00,2026-08-16 07:45:00+08:00,1786836600000,SOL-USDT,15m,75.37,75.39,75.32,75.35,1252.197184,94353.45939683,94353.45939683,1
2026-08-16 07:45:00+08:00,2026-08-16 08:00:00+08:00,1786837500000,SOL-USDT,15m,75.34,75.37,75.33,75.35,441.723654,33282.00332323,33282.00332323,1
2026-08-16 08:00:00+08:00,2026-08-16 08:15:00+08:00,1786838400000,SOL-USDT,15m,75.35,75.37,75.27,75.35,1633.901253,123071.16056735,123071.16056735,1
2026-08-16 08:15:00+08:00,2026-08-16 08:30:00+08:00,1786839300000,SOL-USDT,15m,75.35,75.43,75.31,75.41,1579.627633,119050.5224958,119050.5224958,1
2026-08-16 08:30:00+08:00,2026-08-16 08:45:00+08:00,1786840200000,SOL-USDT,15m,75.41,75.48,75.4,75.47,735.119454,55452.4687085,55452.4687085,1
2026-08-16 08:45:00+08:00,2026-08-16 09:00:00+08:00,1786841100000,SOL-USDT,15m,75.47,75.5,75.4,75.48,1015.399571,76610.44220976,76610.44220976,1
2026-08-16 09:00:00+08:00,2026-08-16 09:15:00+08:00,1786842000000,SOL-USDT,15m,75.48,75.49,75.37,75.39,1404.780371,105957.74503216,105957.74503216,1
2026-08-16 09:15:00+08:00,2026-08-16 09:30:00+08:00,1786842900000,SOL-USDT,15m,75.39,75.43,75.37,75.37,464.081595,34984.79670578,34984.79670578,1
2026-08-16 09:30:00+08:00,2026-08-16 09:45:00+08:00,1786843800000,SOL-USDT,15m,75.37,75.44,75.31,75.44,1536.885776,115819.61066432,115819.61066432,1
2026-08-16 09:45:00+08:00,2026-08-16 10:00:00+08:00,1786844700000,SOL-USDT,15m,75.44,75.46,75.39,75.43,861.14113,64945.63401102,64945.63401102,1
2026-08-16 10:00:00+08:00,2026-08-16 10:15:00+08:00,1786845600000,SOL-USDT,15m,75.44,75.45,75.32,75.33,643.395323,48507.86623963,48507.86623963,1
2026-08-16 10:15:00+08:00,2026-08-16 10:30:00+08:00,1786846500000,SOL-USDT,15m,75.34,75.61,75.27,75.6,3930.228774,296448.54254597,296448.54254597,1
2026-08-16 10:30:00+08:00,2026-08-16 10:45:00+08:00,1786847400000,SOL-USDT,15m,75.6,75.66,75.6,75.66,2301.921738,174091.08364997,174091.08364997,1
2026-08-16 10:45:00+08:00,2026-08-16 11:00:00+08:00,1786848300000,SOL-USDT,15m,75.65,75.66,75.52,75.57,2820.482224,213232.87763534,213232.87763534,1
2026-08-16 11:00:00+08:00,2026-08-16 11:15:00+08:00,1786849200000,SOL-USDT,15m,75.58,75.66,75.58,75.61,1502.897759,113651.55660877,113651.55660877,1
2026-08-16 11:15:00+08:00,2026-08-16 11:30:00+08:00,1786850100000,SOL-USDT,15m,75.62,75.66,75.6,75.61,854.1394,64593.11110508,64593.11110508,1
2026-08-16 11:30:00+08:00,2026-08-16 11:45:00+08:00,1786851000000,SOL-USDT,15m,75.61,75.63,75.58,75.6,622.579164,47073.54146102,47073.54146102,1
2026-08-16 11:45:00+08:00,2026-08-16 12:00:00+08:00,1786851900000,SOL-USDT,15m,75.6,75.61,75.57,75.58,849.96357,64241.71565723,64241.71565723,1
2026-08-16 12:00:00+08:00,2026-08-16 12:15:00+08:00,1786852800000,SOL-USDT,15m,75.58,75.62,75.55,75.55,854.222225,64564.32975469,64564.32975469,1
2026-08-16 12:15:00+08:00,2026-08-16 12:30:00+08:00,1786853700000,SOL-USDT,15m,75.55,75.61,75.52,75.59,1269.370956,95924.79673232,95924.79673232,1
2026-08-16 12:30:00+08:00,2026-08-16 12:45:00+08:00,1786854600000,SOL-USDT,15m,75.59,75.59,75.5,75.54,808.124497,61035.54572604,61035.54572604,1
2026-08-16 12:45:00+08:00,2026-08-16 13:00:00+08:00,1786855500000,SOL-USDT,15m,75.55,75.55,75.44,75.46,707.383415,53405.63838259,53405.63838259,1
2026-08-16 13:00:00+08:00,2026-08-16 13:15:00+08:00,1786856400000,SOL-USDT,15m,75.46,75.53,75.42,75.52,916.669227,69182.69517767,69182.69517767,1
2026-08-16 13:15:00+08:00,2026-08-16 13:30:00+08:00,1786857300000,SOL-USDT,15m,75.53,75.53,75.37,75.38,3071.004817,231586.84935948,231586.84935948,1
2026-08-16 13:30:00+08:00,2026-08-16 13:45:00+08:00,1786858200000,SOL-USDT,15m,75.38,75.45,75.37,75.38,1658.807238,125069.14972793,125069.14972793,1
2026-08-16 13:45:00+08:00,2026-08-16 14:00:00+08:00,1786859100000,SOL-USDT,15m,75.37,75.39,75.35,75.37,1231.285956,92798.09745772,92798.09745772,1
2026-08-16 14:00:00+08:00,2026-08-16 14:15:00+08:00,1786860000000,SOL-USDT,15m,75.37,75.4,75.32,75.34,960.538726,72397.70019462,72397.70019462,1
2026-08-16 14:15:00+08:00,2026-08-16 14:30:00+08:00,1786860900000,SOL-USDT,15m,75.35,75.37,75.29,75.37,2554.813856,192431.41876296,192431.41876296,1
2026-08-16 14:30:00+08:00,2026-08-16 14:45:00+08:00,1786861800000,SOL-USDT,15m,75.36,75.44,75.33,75.44,1379.861179,104032.94369905,104032.94369905,1
2026-08-16 14:45:00+08:00,2026-08-16 15:00:00+08:00,1786862700000,SOL-USDT,15m,75.44,75.53,75.38,75.38,3826.28671,288824.69196958,288824.69196958,1
2026-08-16 15:00:00+08:00,2026-08-16 15:15:00+08:00,1786863600000,SOL-USDT,15m,75.39,75.45,75.35,75.44,1538.897532,116023.65404015,116023.65404015,1
2026-08-16 15:15:00+08:00,2026-08-16 15:30:00+08:00,1786864500000,SOL-USDT,15m,75.44,75.48,75.44,75.45,1052.729007,79429.2665781,79429.2665781,1
2026-08-16 15:30:00+08:00,2026-08-16 15:45:00+08:00,1786865400000,SOL-USDT,15m,75.45,75.45,75.42,75.42,664.436846,50127.3856379,50127.3856379,1
2026-08-16 15:45:00+08:00,2026-08-16 16:00:00+08:00,1786866300000,SOL-USDT,15m,75.43,75.49,75.42,75.48,1080.207212,81496.70577498,81496.70577498,1
2026-08-16 16:00:00+08:00,2026-08-16 16:15:00+08:00,1786867200000,SOL-USDT,15m,75.48,75.48,75.41,75.41,620.261789,46793.35822589,46793.35822589,1
2026-08-16 16:15:00+08:00,2026-08-16 16:30:00+08:00,1786868100000,SOL-USDT,15m,75.42,75.47,75.41,75.44,810.843385,61179.39164345,61179.39164345,1
2026-08-16 16:30:00+08:00,2026-08-16 16:45:00+08:00,1786869000000,SOL-USDT,15m,75.45,75.49,75.44,75.45,719.884453,54326.30717063,54326.30717063,1
2026-08-16 16:45:00+08:00,2026-08-16 17:00:00+08:00,1786869900000,SOL-USDT,15m,75.45,75.49,75.44,75.47,591.101346,44606.77446134,44606.77446134,1
2026-08-16 17:00:00+08:00,2026-08-16 17:15:00+08:00,1786870800000,SOL-USDT,15m,75.48,75.49,75.43,75.46,740.984008,55913.23160716,55913.23160716,1
2026-08-16 17:15:00+08:00,2026-08-16 17:30:00+08:00,1786871700000,SOL-USDT,15m,75.46,75.46,75.41,75.44,2198.935652,165883.8976992,165883.8976992,1
2026-08-16 17:30:00+08:00,2026-08-16 17:45:00+08:00,1786872600000,SOL-USDT,15m,75.44,75.46,75.26,75.33,5277.131876,397541.21787389,397541.21787389,1
2026-08-16 17:45:00+08:00,2026-08-16 18:00:00+08:00,1786873500000,SOL-USDT,15m,75.32,75.38,75.27,75.32,1574.699612,118618.10373782,118618.10373782,1
2026-08-16 18:00:00+08:00,2026-08-16 18:15:00+08:00,1786874400000,SOL-USDT,15m,75.33,75.33,75.21,75.23,2427.575925,182759.30827893,182759.30827893,1
2026-08-16 18:15:00+08:00,2026-08-16 18:30:00+08:00,1786875300000,SOL-USDT,15m,75.24,75.24,75.19,75.24,894.861228,67312.40478731,67312.40478731,1
2026-08-16 18:30:00+08:00,2026-08-16 18:45:00+08:00,1786876200000,SOL-USDT,15m,75.23,75.25,75.18,75.22,1517.249772,114113.26807414,114113.26807414,1
2026-08-16 18:45:00+08:00,2026-08-16 19:00:00+08:00,1786877100000,SOL-USDT,15m,75.23,75.31,75.22,75.27,1026.542449,77274.34718114,77274.34718114,1
2026-08-16 19:00:00+08:00,2026-08-16 19:15:00+08:00,1786878000000,SOL-USDT,15m,75.27,75.29,75.24,75.29,751.450009,56556.16181645,56556.16181645,1
2026-08-16 19:15:00+08:00,2026-08-16 19:30:00+08:00,1786878900000,SOL-USDT,15m,75.28,75.32,75.26,75.31,2540.956697,191300.26557213,191300.26557213,1
2026-08-16 19:30:00+08:00,2026-08-16 19:45:00+08:00,1786879800000,SOL-USDT,15m,75.31,75.31,75.25,75.26,1997.696101,150390.57401769,150390.57401769,1
2026-08-16 19:45:00+08:00,2026-08-16 20:00:00+08:00,1786880700000,SOL-USDT,15m,75.26,75.3,75.23,75.3,2576.580326,193927.30982673,193927.30982673,1
2026-08-16 20:00:00+08:00,2026-08-16 20:15:00+08:00,1786881600000,SOL-USDT,15m,75.29,75.3,75.25,75.26,532.345654,40076.66125244,40076.66125244,1
2026-08-16 20:15:00+08:00,2026-08-16 20:30:00+08:00,1786882500000,SOL-USDT,15m,75.26,75.3,75.22,75.3,1161.647558,87413.53567861,87413.53567861,1
2026-08-16 20:30:00+08:00,2026-08-16 20:45:00+08:00,1786883400000,SOL-USDT,15m,75.3,75.3,75.2,75.23,934.972439,70360.40361735,70360.40361735,1
2026-08-16 20:45:00+08:00,2026-08-16 21:00:00+08:00,1786884300000,SOL-USDT,15m,75.23,75.23,75.21,75.23,639.339592,48091.33014901,48091.33014901,1
2026-08-16 21:00:00+08:00,2026-08-16 21:15:00+08:00,1786885200000,SOL-USDT,15m,75.23,75.35,75.22,75.32,1190.486024,89621.29456254,89621.29456254,1
2026-08-16 21:15:00+08:00,2026-08-16 21:30:00+08:00,1786886100000,SOL-USDT,15m,75.32,75.4,75.31,75.4,1719.30455,129601.0759343,129601.0759343,1
2026-08-16 21:30:00+08:00,2026-08-16 21:45:00+08:00,1786887000000,SOL-USDT,15m,75.4,75.43,75.34,75.39,2474.230228,186554.61943512,186554.61943512,1
2026-08-16 21:45:00+08:00,2026-08-16 22:00:00+08:00,1786887900000,SOL-USDT,15m,75.4,75.4,75.31,75.32,535.778296,40374.97734355,40374.97734355,1
2026-08-16 22:00:00+08:00,2026-08-16 22:15:00+08:00,1786888800000,SOL-USDT,15m,75.32,75.33,75.25,75.28,1160.977344,87409.45098279,87409.45098279,1
2026-08-16 22:15:00+08:00,2026-08-16 22:30:00+08:00,1786889700000,SOL-USDT,15m,75.28,75.39,75.27,75.31,2020.695139,152232.336208,152232.336208,1
2026-08-16 22:30:00+08:00,2026-08-16 22:45:00+08:00,1786890600000,SOL-USDT,15m,75.3,75.41,75.3,75.38,1221.801408,92081.93170348,92081.93170348,1
2026-08-16 22:45:00+08:00,2026-08-16 23:00:00+08:00,1786891500000,SOL-USDT,15m,75.38,75.42,75.36,75.4,1079.686875,81399.83199617,81399.83199617,1
2026-08-16 23:00:00+08:00,2026-08-16 23:15:00+08:00,1786892400000,SOL-USDT,15m,75.41,75.47,75.39,75.44,3441.155263,259638.57229155,259638.57229155,1
2026-08-16 23:15:00+08:00,2026-08-16 23:30:00+08:00,1786893300000,SOL-USDT,15m,75.44,75.59,75.44,75.59,1833.684008,138474.48626757,138474.48626757,1
2026-08-16 23:30:00+08:00,2026-08-16 23:45:00+08:00,1786894200000,SOL-USDT,15m,75.58,75.59,75.52,75.53,1326.781403,100255.89554072,100255.89554072,1
2026-08-16 23:45:00+08:00,2026-08-17 00:00:00+08:00,1786895100000,SOL-USDT,15m,75.53,75.64,75.53,75.57,3953.717214,298861.35841384,298861.35841384,1
2026-08-17 00:00:00+08:00,2026-08-17 00:15:00+08:00,1786896000000,SOL-USDT,15m,75.58,75.6,75.52,75.53,2054.839744,155261.24012566,155261.24012566,1
2026-08-17 00:15:00+08:00,2026-08-17 00:30:00+08:00,1786896900000,SOL-USDT,15m,75.53,75.63,75.51,75.61,2857.368624,215979.21457924,215979.21457924,1
2026-08-17 00:30:00+08:00,2026-08-17 00:45:00+08:00,1786897800000,SOL-USDT,15m,75.62,75.71,75.55,75.56,2759.787142,208781.28481437,208781.28481437,1
2026-08-17 00:45:00+08:00,2026-08-17 01:00:00+08:00,1786898700000,SOL-USDT,15m,75.55,75.61,75.51,75.56,2225.7877,168171.85824162,168171.85824162,1
2026-08-17 01:00:00+08:00,2026-08-17 01:15:00+08:00,1786899600000,SOL-USDT,15m,75.57,75.6,75.54,75.54,2464.887095,186294.94997718,186294.94997718,1
2026-08-17 01:15:00+08:00,2026-08-17 01:30:00+08:00,1786900500000,SOL-USDT,15m,75.55,75.55,75.41,75.46,2218.032073,167394.34212325,167394.34212325,1
2026-08-17 01:30:00+08:00,2026-08-17 01:45:00+08:00,1786901400000,SOL-USDT,15m,75.46,75.46,75.33,75.33,2093.906695,157889.12036408,157889.12036408,1
2026-08-17 01:45:00+08:00,2026-08-17 02:00:00+08:00,1786902300000,SOL-USDT,15m,75.33,75.36,75.28,75.29,7984.310815,601471.19443003,601471.19443003,1
2026-08-17 02:00:00+08:00,2026-08-17 02:15:00+08:00,1786903200000,SOL-USDT,15m,75.29,75.3,75.05,75.15,5323.123564,400250.211529,400250.211529,1
2026-08-17 02:15:00+08:00,2026-08-17 02:30:00+08:00,1786904100000,SOL-USDT,15m,75.14,75.23,75.13,75.2,1312.504704,98675.77343583,98675.77343583,1
2026-08-17 02:30:00+08:00,2026-08-17 02:45:00+08:00,1786905000000,SOL-USDT,15m,75.19,75.2,75.14,75.19,842.977265,63368.39297893,63368.39297893,1
2026-08-17 02:45:00+08:00,2026-08-17 03:00:00+08:00,1786905900000,SOL-USDT,15m,75.19,75.24,75.18,75.2,1865.181373,140293.65775018,140293.65775018,1
2026-08-17 03:00:00+08:00,2026-08-17 03:15:00+08:00,1786906800000,SOL-USDT,15m,75.2,75.29,75.18,75.28,889.491824,66922.15106166,66922.15106166,1
2026-08-17 03:15:00+08:00,2026-08-17 03:30:00+08:00,1786907700000,SOL-USDT,15m,75.28,75.36,75.28,75.36,650.343461,48979.87733914,48979.87733914,1
2026-08-17 03:30:00+08:00,2026-08-17 03:45:00+08:00,1786908600000,SOL-USDT,15m,75.36,75.37,75.27,75.28,1099.066036,82802.53738563,82802.53738563,1
2026-08-17 03:45:00+08:00,2026-08-17 04:00:00+08:00,1786909500000,SOL-USDT,15m,75.28,75.28,75.19,75.24,1667.480353,125441.70982764,125441.70982764,1
2026-08-17 04:00:00+08:00,2026-08-17 04:15:00+08:00,1786910400000,SOL-USDT,15m,75.24,75.34,75.21,75.27,5037.226092,379257.68948944,379257.68948944,1
2026-08-17 04:15:00+08:00,2026-08-17 04:30:00+08:00,1786911300000,SOL-USDT,15m,75.27,75.3,75.22,75.26,757.33845,56997.09184531,56997.09184531,1
2026-08-17 04:30:00+08:00,2026-08-17 04:45:00+08:00,1786912200000,SOL-USDT,15m,75.25,75.28,75.05,75.15,5683.961067,426994.85987318,426994.85987318,1
2026-08-17 04:45:00+08:00,2026-08-17 05:00:00+08:00,1786913100000,SOL-USDT,15m,75.15,75.16,74.97,75.04,5061.470179,379937.4466496,379937.4466496,1
2026-08-17 05:00:00+08:00,2026-08-17 05:15:00+08:00,1786914000000,SOL-USDT,15m,75.04,75.09,74.89,75.04,3497.070351,262190.20584663,262190.20584663,1
2026-08-17 05:15:00+08:00,2026-08-17 05:30:00+08:00,1786914900000,SOL-USDT,15m,75.03,75.09,74.94,74.98,1705.026108,127941.08270064,127941.08270064,1
2026-08-17 05:30:00+08:00,2026-08-17 05:45:00+08:00,1786915800000,SOL-USDT,15m,74.99,75.03,74.02,74.58,27097.847096,2016941.531449,2016941.531449,1
2026-08-17 05:45:00+08:00,2026-08-17 06:00:00+08:00,1786916700000,SOL-USDT,15m,74.57,74.57,74.13,74.33,15020.28505,1117172.54696482,1117172.54696482,1
2026-08-17 06:00:00+08:00,2026-08-17 06:15:00+08:00,1786917600000,SOL-USDT,15m,74.33,74.53,74.18,74.45,5671.289633,421619.05552425,421619.05552425,1
2026-08-17 06:15:00+08:00,2026-08-17 06:30:00+08:00,1786918500000,SOL-USDT,15m,74.44,74.5,74.35,74.38,2379.059938,177095.8252934,177095.8252934,1
2026-08-17 06:30:00+08:00,2026-08-17 06:45:00+08:00,1786919400000,SOL-USDT,15m,74.38,74.43,74.25,74.36,3568.158603,265272.24138664,265272.24138664,1
2026-08-17 06:45:00+08:00,2026-08-17 07:00:00+08:00,1786920300000,SOL-USDT,15m,74.37,74.51,74.34,74.51,2897.332011,215627.88925684,215627.88925684,1
2026-08-17 07:00:00+08:00,2026-08-17 07:15:00+08:00,1786921200000,SOL-USDT,15m,74.51,74.61,74.47,74.47,1955.49283,145760.78894301,145760.78894301,1
2026-08-17 07:15:00+08:00,2026-08-17 07:30:00+08:00,1786922100000,SOL-USDT,15m,74.47,74.59,74.46,74.54,1200.350019,89454.76349391,89454.76349391,1
2026-08-17 07:30:00+08:00,2026-08-17 07:45:00+08:00,1786923000000,SOL-USDT,15m,74.53,74.6,74.51,74.57,1572.650304,117263.02233034,117263.02233034,1
2026-08-17 07:45:00+08:00,2026-08-17 08:00:00+08:00,1786923900000,SOL-USDT,15m,74.58,74.66,74.57,74.61,1090.429654,81362.04028847,81362.04028847,1
2026-08-17 08:00:00+08:00,2026-08-17 08:15:00+08:00,1786924800000,SOL-USDT,15m,74.61,74.65,74.56,74.63,1895.485727,141402.58076548,141402.58076548,1
2026-08-17 08:15:00+08:00,2026-08-17 08:30:00+08:00,1786925700000,SOL-USDT,15m,74.62,74.63,74.43,74.63,4500.099922,335283.24421129,335283.24421129,1
2026-08-17 08:30:00+08:00,2026-08-17 08:45:00+08:00,1786926600000,SOL-USDT,15m,74.63,74.74,74.45,74.73,2995.125041,223328.77469072,223328.77469072,1
2026-08-17 08:45:00+08:00,2026-08-17 09:00:00+08:00,1786927500000,SOL-USDT,15m,74.74,74.75,74.54,74.63,4514.103771,337129.40682455,337129.40682455,1
2026-08-17 09:00:00+08:00,2026-08-17 09:15:00+08:00,1786928400000,SOL-USDT,15m,74.62,75.13,74.59,74.93,6628.551193,496957.4291737,496957.4291737,1
2026-08-17 09:15:00+08:00,2026-08-17 09:30:00+08:00,1786929300000,SOL-USDT,15m,74.93,75.29,74.91,75.24,5183.91944,389481.38773042,389481.38773042,1
2026-08-17 09:30:00+08:00,2026-08-17 09:45:00+08:00,1786930200000,SOL-USDT,15m,75.24,75.35,75.15,75.28,6743.546374,507457.98311908,507457.98311908,1
2026-08-17 09:45:00+08:00,2026-08-17 10:00:00+08:00,1786931100000,SOL-USDT,15m,75.29,75.3,75.1,75.11,1966.656065,147871.01522251,147871.01522251,1
2026-08-17 10:00:00+08:00,2026-08-17 10:15:00+08:00,1786932000000,SOL-USDT,15m,75.11,75.16,75.07,75.1,1913.086176,143697.35066784,143697.35066784,1
2026-08-17 10:15:00+08:00,2026-08-17 10:30:00+08:00,1786932900000,SOL-USDT,15m,75.11,75.24,75.07,75.2,1231.054613,92508.91442399,92508.91442399,1
2026-08-17 10:30:00+08:00,2026-08-17 10:45:00+08:00,1786933800000,SOL-USDT,15m,75.19,75.43,75.14,75.35,7376.313059,555696.8944043,555696.8944043,1
2026-08-17 10:45:00+08:00,2026-08-17 11:00:00+08:00,1786934700000,SOL-USDT,15m,75.36,75.59,75.32,75.49,13031.980945,983637.03737754,983637.03737754,1
2026-08-17 11:00:00+08:00,2026-08-17 11:15:00+08:00,1786935600000,SOL-USDT,15m,75.5,75.55,75.47,75.54,2653.532795,200380.97954409,200380.97954409,1
2026-08-17 11:15:00+08:00,2026-08-17 11:30:00+08:00,1786936500000,SOL-USDT,15m,75.54,75.57,75.44,75.48,15362.24369,1159894.3101737,1159894.3101737,1
2026-08-17 11:30:00+08:00,2026-08-17 11:45:00+08:00,1786937400000,SOL-USDT,15m,75.48,75.53,75.45,75.51,4322.234766,326300.94821806,326300.94821806,1
2026-08-17 11:45:00+08:00,2026-08-17 12:00:00+08:00,1786938300000,SOL-USDT,15m,75.51,75.58,75.47,75.51,3966.842601,299561.85437947,299561.85437947,1
2026-08-17 12:00:00+08:00,2026-08-17 12:15:00+08:00,1786939200000,SOL-USDT,15m,75.51,75.63,75.51,75.61,3370.388148,254693.39201674,254693.39201674,1
2026-08-17 12:15:00+08:00,2026-08-17 12:30:00+08:00,1786940100000,SOL-USDT,15m,75.6,75.61,75.52,75.53,3339.206359,252294.82548993,252294.82548993,1
2026-08-17 12:30:00+08:00,2026-08-17 12:45:00+08:00,1786941000000,SOL-USDT,15m,75.53,75.56,75.49,75.51,2792.646337,210906.97201211,210906.97201211,1
2026-08-17 12:45:00+08:00,2026-08-17 13:00:00+08:00,1786941900000,SOL-USDT,15m,75.51,75.57,75.49,75.55,3169.198053,239346.2741197,239346.2741197,1
2026-08-17 13:00:00+08:00,2026-08-17 13:15:00+08:00,1786942800000,SOL-USDT,15m,75.56,75.57,75.43,75.51,4462.772776,336895.12205809,336895.12205809,1
2026-08-17 13:15:00+08:00,2026-08-17 13:30:00+08:00,1786943700000,SOL-USDT,15m,75.51,75.61,75.48,75.48,2534.335797,191451.78519891,191451.78519891,1
2026-08-17 13:30:00+08:00,2026-08-17 13:45:00+08:00,1786944600000,SOL-USDT,15m,75.48,75.5,75.45,75.47,1591.657586,120129.34838949,120129.34838949,1
2026-08-17 13:45:00+08:00,2026-08-17 14:00:00+08:00,1786945500000,SOL-USDT,15m,75.46,75.49,75.39,75.41,2681.572812,202297.00452535,202297.00452535,1
2026-08-17 14:00:00+08:00,2026-08-17 14:15:00+08:00,1786946400000,SOL-USDT,15m,75.4,75.5,75.36,75.46,6478.345562,488609.5520013,488609.5520013,1
2026-08-17 14:15:00+08:00,2026-08-17 14:30:00+08:00,1786947300000,SOL-USDT,15m,75.47,75.59,75.45,75.48,8817.762935,666040.03603447,666040.03603447,1
2026-08-17 14:30:00+08:00,2026-08-17 14:45:00+08:00,1786948200000,SOL-USDT,15m,75.48,75.62,75.46,75.62,2890.144152,218344.8021963,218344.8021963,1
2026-08-17 14:45:00+08:00,2026-08-17 15:00:00+08:00,1786949100000,SOL-USDT,15m,75.62,76,75.62,75.84,13484.535637,1022607.96825629,1022607.96825629,1
2026-08-17 15:00:00+08:00,2026-08-17 15:15:00+08:00,1786950000000,SOL-USDT,15m,75.85,75.95,75.79,75.81,4104.808632,311462.24687828,311462.24687828,1
2026-08-17 15:15:00+08:00,2026-08-17 15:30:00+08:00,1786950900000,SOL-USDT,15m,75.81,75.88,75.75,75.87,2648.005089,200733.46789219,200733.46789219,1
2026-08-17 15:30:00+08:00,2026-08-17 15:45:00+08:00,1786951800000,SOL-USDT,15m,75.87,75.89,75.82,75.82,2430.023538,184350.55533032,184350.55533032,1
2026-08-17 15:45:00+08:00,2026-08-17 16:00:00+08:00,1786952700000,SOL-USDT,15m,75.83,75.83,75.74,75.79,2079.155401,157581.53850773,157581.53850773,1
2026-08-17 16:00:00+08:00,2026-08-17 16:15:00+08:00,1786953600000,SOL-USDT,15m,75.79,75.82,75.51,75.57,18059.672226,1367021.40511315,1367021.40511315,1
2026-08-17 16:15:00+08:00,2026-08-17 16:30:00+08:00,1786954500000,SOL-USDT,15m,75.56,75.57,75.36,75.42,12127.590386,914722.72270371,914722.72270371,1
2026-08-17 16:30:00+08:00,2026-08-17 16:45:00+08:00,1786955400000,SOL-USDT,15m,75.42,75.47,75.31,75.33,7873.976716,593701.3839829,593701.3839829,1
2026-08-17 16:45:00+08:00,2026-08-17 17:00:00+08:00,1786956300000,SOL-USDT,15m,75.33,75.34,75.18,75.26,7907.15081,594974.45176645,594974.45176645,1
2026-08-17 17:00:00+08:00,2026-08-17 17:15:00+08:00,1786957200000,SOL-USDT,15m,75.26,75.41,75.24,75.41,3092.866186,232974.51728409,232974.51728409,1
2026-08-17 17:15:00+08:00,2026-08-17 17:30:00+08:00,1786958100000,SOL-USDT,15m,75.4,75.44,75.27,75.39,2026.520912,152715.76081769,152715.76081769,1
2026-08-17 17:30:00+08:00,2026-08-17 17:45:00+08:00,1786959000000,SOL-USDT,15m,75.39,75.4,75.31,75.31,1147.856921,86482.32569357,86482.32569357,1
2026-08-17 17:45:00+08:00,2026-08-17 18:00:00+08:00,1786959900000,SOL-USDT,15m,75.32,75.4,75.26,75.36,6585.837769,496078.42367402,496078.42367402,1
2026-08-17 18:00:00+08:00,2026-08-17 18:15:00+08:00,1786960800000,SOL-USDT,15m,75.36,75.41,75.33,75.38,2976.116919,224292.0175866,224292.0175866,1
2026-08-17 18:15:00+08:00,2026-08-17 18:30:00+08:00,1786961700000,SOL-USDT,15m,75.39,75.52,75.31,75.52,1880.68852,141780.47154356,141780.47154356,1
2026-08-17 18:30:00+08:00,2026-08-17 18:45:00+08:00,1786962600000,SOL-USDT,15m,75.53,75.78,75.49,75.76,7390.059976,558957.23653519,558957.23653519,1
2026-08-17 18:45:00+08:00,2026-08-17 19:00:00+08:00,1786963500000,SOL-USDT,15m,75.76,75.81,75.71,75.78,2338.881524,177186.28203814,177186.28203814,1
2026-08-17 19:00:00+08:00,2026-08-17 19:15:00+08:00,1786964400000,SOL-USDT,15m,75.77,75.81,75.74,75.75,3464.098355,262549.0300647,262549.0300647,1
2026-08-17 19:15:00+08:00,2026-08-17 19:30:00+08:00,1786965300000,SOL-USDT,15m,75.74,75.8,75.69,75.78,2843.548304,215358.60396385,215358.60396385,1
2026-08-17 19:30:00+08:00,2026-08-17 19:45:00+08:00,1786966200000,SOL-USDT,15m,75.77,75.86,75.77,75.83,2418.799875,183400.74782392,183400.74782392,1
2026-08-17 19:45:00+08:00,2026-08-17 20:00:00+08:00,1786967100000,SOL-USDT,15m,75.82,75.93,75.68,75.7,4146.812839,314304.80767564,314304.80767564,1
2026-08-17 20:00:00+08:00,2026-08-17 20:15:00+08:00,1786968000000,SOL-USDT,15m,75.7,75.72,75.55,75.62,4375.967449,331021.594765,331021.594765,1
2026-08-17 20:15:00+08:00,2026-08-17 20:30:00+08:00,1786968900000,SOL-USDT,15m,75.62,75.62,75.41,75.42,7395.454582,558563.82619974,558563.82619974,1
2026-08-17 20:30:00+08:00,2026-08-17 20:45:00+08:00,1786969800000,SOL-USDT,15m,75.42,75.5,75.35,75.41,2880.372467,217241.38294948,217241.38294948,1
2026-08-17 20:45:00+08:00,2026-08-17 21:00:00+08:00,1786970700000,SOL-USDT,15m,75.41,75.48,75.38,75.46,3686.099068,278055.25957298,278055.25957298,1
2026-08-17 21:00:00+08:00,2026-08-17 21:15:00+08:00,1786971600000,SOL-USDT,15m,75.45,75.46,75.32,75.42,5264.96095,396855.70796174,396855.70796174,1
2026-08-17 21:15:00+08:00,2026-08-17 21:30:00+08:00,1786972500000,SOL-USDT,15m,75.42,75.42,75.3,75.32,2107.834758,158803.74200493,158803.74200493,1
2026-08-17 21:30:00+08:00,2026-08-17 21:45:00+08:00,1786973400000,SOL-USDT,15m,75.32,75.78,75.3,75.65,3908.500063,295478.5934868,295478.5934868,1
2026-08-17 21:45:00+08:00,2026-08-17 22:00:00+08:00,1786974300000,SOL-USDT,15m,75.64,75.76,75.56,75.64,6881.809989,520686.11666647,520686.11666647,1
2026-08-17 22:00:00+08:00,2026-08-17 22:15:00+08:00,1786975200000,SOL-USDT,15m,75.64,75.7,75.51,75.67,2553.583046,193076.99124678,193076.99124678,1
2026-08-17 22:15:00+08:00,2026-08-17 22:30:00+08:00,1786976100000,SOL-USDT,15m,75.68,75.72,75.54,75.65,2663.107451,201366.1392805,201366.1392805,1
2026-08-17 22:30:00+08:00,2026-08-17 22:45:00+08:00,1786977000000,SOL-USDT,15m,75.65,75.73,75.6,75.68,2488.977971,188370.25954824,188370.25954824,1
2026-08-17 22:45:00+08:00,2026-08-17 23:00:00+08:00,1786977900000,SOL-USDT,15m,75.69,76.03,75.61,75.99,4759.755859,361237.38012166,361237.38012166,1
2026-08-17 23:00:00+08:00,2026-08-17 23:15:00+08:00,1786978800000,SOL-USDT,15m,75.99,76.03,75.86,75.88,3861.091369,293237.88547948,293237.88547948,1
2026-08-17 23:15:00+08:00,2026-08-17 23:30:00+08:00,1786979700000,SOL-USDT,15m,75.88,76,75.81,75.97,4988.134839,378581.03742164,378581.03742164,1
2026-08-17 23:30:00+08:00,2026-08-17 23:45:00+08:00,1786980600000,SOL-USDT,15m,75.97,76.1,75.87,76.05,6561.54666,498486.24070235,498486.24070235,1
2026-08-17 23:45:00+08:00,2026-08-18 00:00:00+08:00,1786981500000,SOL-USDT,15m,76.05,76.23,76.04,76.1,8798.098245,669834.96157261,669834.96157261,1
2026-08-18 00:00:00+08:00,2026-08-18 00:15:00+08:00,1786982400000,SOL-USDT,15m,76.11,76.15,76,76,4317.178896,328471.95142271,328471.95142271,1
2026-08-18 00:15:00+08:00,2026-08-18 00:30:00+08:00,1786983300000,SOL-USDT,15m,76.01,76.07,75.95,75.97,11066.194244,841036.63515768,841036.63515768,1
2026-08-18 00:30:00+08:00,2026-08-18 00:45:00+08:00,1786984200000,SOL-USDT,15m,75.97,76.13,75.97,76.01,3637.281852,276637.19496724,276637.19496724,1
2026-08-18 00:45:00+08:00,2026-08-18 01:00:00+08:00,1786985100000,SOL-USDT,15m,76.02,76.13,75.97,76.02,1653.248293,125700.49070919,125700.49070919,1
2026-08-18 01:00:00+08:00,2026-08-18 01:15:00+08:00,1786986000000,SOL-USDT,15m,76.02,76.04,75.81,75.81,2726.249105,206921.26487579,206921.26487579,1
2026-08-18 01:15:00+08:00,2026-08-18 01:30:00+08:00,1786986900000,SOL-USDT,15m,75.81,76.12,75.79,75.91,4955.314887,376762.7061744,376762.7061744,1
2026-08-18 01:30:00+08:00,2026-08-18 01:45:00+08:00,1786987800000,SOL-USDT,15m,75.91,75.94,75.7,75.87,4903.268693,371826.94149345,371826.94149345,1
2026-08-18 01:45:00+08:00,2026-08-18 02:00:00+08:00,1786988700000,SOL-USDT,15m,75.88,75.97,75.88,75.92,1234.036056,93713.63151956,93713.63151956,1
2026-08-18 02:00:00+08:00,2026-08-18 02:15:00+08:00,1786989600000,SOL-USDT,15m,75.92,75.96,75.87,75.93,1682.176652,127671.545342,127671.545342,1
2026-08-18 02:15:00+08:00,2026-08-18 02:30:00+08:00,1786990500000,SOL-USDT,15m,75.94,76.17,75.93,76.03,4143.955962,315281.25560831,315281.25560831,1
2026-08-18 02:30:00+08:00,2026-08-18 02:45:00+08:00,1786991400000,SOL-USDT,15m,76.04,76.04,75.9,75.99,1027.158628,78048.60972599,78048.60972599,1
2026-08-18 02:45:00+08:00,2026-08-18 03:00:00+08:00,1786992300000,SOL-USDT,15m,75.98,75.99,75.89,75.9,1743.324838,132385.84314562,132385.84314562,1
2026-08-18 03:00:00+08:00,2026-08-18 03:15:00+08:00,1786993200000,SOL-USDT,15m,75.91,75.91,75.79,75.8,1680.038515,127432.81746665,127432.81746665,1
2026-08-18 03:15:00+08:00,2026-08-18 03:30:00+08:00,1786994100000,SOL-USDT,15m,75.79,75.91,75.78,75.87,1231.665226,93432.79318484,93432.79318484,1
2026-08-18 03:30:00+08:00,2026-08-18 03:45:00+08:00,1786995000000,SOL-USDT,15m,75.86,75.95,75.77,75.92,2182.470087,165628.75344375,165628.75344375,1
2026-08-18 03:45:00+08:00,2026-08-18 04:00:00+08:00,1786995900000,SOL-USDT,15m,75.91,75.91,75.76,75.81,1462.452856,110857.66937076,110857.66937076,1
2026-08-18 04:00:00+08:00,2026-08-18 04:15:00+08:00,1786996800000,SOL-USDT,15m,75.81,75.82,75.7,75.71,1668.664752,126393.0948768,126393.0948768,1
2026-08-18 04:15:00+08:00,2026-08-18 04:30:00+08:00,1786997700000,SOL-USDT,15m,75.72,75.82,75.63,75.81,2911.341075,220383.12750016,220383.12750016,1
2026-08-18 04:30:00+08:00,2026-08-18 04:45:00+08:00,1786998600000,SOL-USDT,15m,75.81,76.07,75.78,76.05,2954.317537,224316.18602887,224316.18602887,1
2026-08-18 04:45:00+08:00,2026-08-18 05:00:00+08:00,1786999500000,SOL-USDT,15m,76.06,76.11,75.93,76,6291.115249,478430.14592622,478430.14592622,1
2026-08-18 05:00:00+08:00,2026-08-18 05:15:00+08:00,1787000400000,SOL-USDT,15m,76,76.06,75.9,75.96,1630.445196,123889.6415764,123889.6415764,1
2026-08-18 05:15:00+08:00,2026-08-18 05:30:00+08:00,1787001300000,SOL-USDT,15m,75.96,76,75.91,75.91,1193.543776,90630.69581069,90630.69581069,1
2026-08-18 05:30:00+08:00,2026-08-18 05:45:00+08:00,1787002200000,SOL-USDT,15m,75.92,75.98,75.88,75.96,947.786153,71971.44975017,71971.44975017,1
2026-08-18 05:45:00+08:00,2026-08-18 06:00:00+08:00,1787003100000,SOL-USDT,15m,75.95,75.99,75.93,75.95,1124.154704,85389.65574676,85389.65574676,1
2026-08-18 06:00:00+08:00,2026-08-18 06:15:00+08:00,1787004000000,SOL-USDT,15m,75.96,76.03,75.86,75.88,3992.351956,303063.94580013,303063.94580013,1
2026-08-18 06:15:00+08:00,2026-08-18 06:30:00+08:00,1787004900000,SOL-USDT,15m,75.88,75.9,75.8,75.82,3983.953087,302075.78082489,302075.78082489,1
2026-08-18 06:30:00+08:00,2026-08-18 06:45:00+08:00,1787005800000,SOL-USDT,15m,75.81,75.83,75.76,75.77,975.757208,73958.46626849,73958.46626849,1
2026-08-18 06:45:00+08:00,2026-08-18 07:00:00+08:00,1787006700000,SOL-USDT,15m,75.77,75.78,75.72,75.74,1181.224537,89481.61042323,89481.61042323,1
2026-08-18 07:00:00+08:00,2026-08-18 07:15:00+08:00,1787007600000,SOL-USDT,15m,75.75,75.86,75.73,75.84,781.274233,59207.11442922,59207.11442922,1
2026-08-18 07:15:00+08:00,2026-08-18 07:30:00+08:00,1787008500000,SOL-USDT,15m,75.84,75.98,75.83,75.98,2187.462411,166077.40506927,166077.40506927,1
2026-08-18 07:30:00+08:00,2026-08-18 07:45:00+08:00,1787009400000,SOL-USDT,15m,75.98,76.13,75.94,75.97,2630.778838,200021.41946003,200021.41946003,1
2026-08-18 07:45:00+08:00,2026-08-18 08:00:00+08:00,1787010300000,SOL-USDT,15m,75.97,76.05,75.95,76.01,3286.041645,249806.39677438,249806.39677438,1
2026-08-18 08:00:00+08:00,2026-08-18 08:15:00+08:00,1787011200000,SOL-USDT,15m,76.02,76.06,75.94,76.02,5395.24738,409956.03631144,409956.03631144,1
2026-08-18 08:15:00+08:00,2026-08-18 08:30:00+08:00,1787012100000,SOL-USDT,15m,76.01,76.1,76,76,3006.728971,228669.57036923,228669.57036923,1
2026-08-18 08:30:00+08:00,2026-08-18 08:45:00+08:00,1787013000000,SOL-USDT,15m,76,76,75.87,75.9,4354.49731,330573.94778874,330573.94778874,1
2026-08-18 08:45:00+08:00,2026-08-18 09:00:00+08:00,1787013900000,SOL-USDT,15m,75.9,76.05,75.88,76.04,1482.815888,112657.79922406,112657.79922406,1
2026-08-18 09:00:00+08:00,2026-08-18 09:15:00+08:00,1787014800000,SOL-USDT,15m,76.05,76.06,75.9,75.97,4304.648757,327085.34442065,327085.34442065,1
2026-08-18 09:15:00+08:00,2026-08-18 09:30:00+08:00,1787015700000,SOL-USDT,15m,75.97,75.97,75.86,75.88,804.618546,61074.59490618,61074.59490618,1
2026-08-18 09:30:00+08:00,2026-08-18 09:45:00+08:00,1787016600000,SOL-USDT,15m,75.88,75.88,75.78,75.78,2424.414025,183852.07654442,183852.07654442,1
2026-08-18 09:45:00+08:00,2026-08-18 10:00:00+08:00,1787017500000,SOL-USDT,15m,75.78,75.79,75.57,75.6,4732.136936,358036.58395834,358036.58395834,1
2026-08-18 10:00:00+08:00,2026-08-18 10:15:00+08:00,1787018400000,SOL-USDT,15m,75.61,75.66,75.48,75.49,3787.756816,286318.50872659,286318.50872659,1
2026-08-18 10:15:00+08:00,2026-08-18 10:30:00+08:00,1787019300000,SOL-USDT,15m,75.5,75.56,75.42,75.42,3300.380073,249146.45946024,249146.45946024,1
2026-08-18 10:30:00+08:00,2026-08-18 10:45:00+08:00,1787020200000,SOL-USDT,15m,75.42,75.5,75.36,75.39,3570.655526,269388.97901384,269388.97901384,1
2026-08-18 10:45:00+08:00,2026-08-18 11:00:00+08:00,1787021100000,SOL-USDT,15m,75.38,75.44,75.23,75.29,7665.276715,577377.36333605,577377.36333605,1
2026-08-18 11:00:00+08:00,2026-08-18 11:15:00+08:00,1787022000000,SOL-USDT,15m,75.3,75.41,75.27,75.35,1354.824261,102085.60586651,102085.60586651,1
2026-08-18 11:15:00+08:00,2026-08-18 11:30:00+08:00,1787022900000,SOL-USDT,15m,75.35,75.45,75.34,75.4,2969.908758,223933.75081119,223933.75081119,1
2026-08-18 11:30:00+08:00,2026-08-18 11:45:00+08:00,1787023800000,SOL-USDT,15m,75.4,75.55,75.33,75.54,5958.587445,449543.02013549,449543.02013549,1
2026-08-18 11:45:00+08:00,2026-08-18 12:00:00+08:00,1787024700000,SOL-USDT,15m,75.53,75.53,75.46,75.51,1513.807608,114284.81504169,114284.81504169,1
2026-08-18 12:00:00+08:00,2026-08-18 12:15:00+08:00,1787025600000,SOL-USDT,15m,75.51,75.7,75.4,75.68,5904.440949,446445.41850046,446445.41850046,1
2026-08-18 12:15:00+08:00,2026-08-18 12:30:00+08:00,1787026500000,SOL-USDT,15m,75.68,75.72,75.61,75.71,1443.75893,109224.00253273,109224.00253273,1
2026-08-18 12:30:00+08:00,2026-08-18 12:45:00+08:00,1787027400000,SOL-USDT,15m,75.72,75.81,75.72,75.8,1346.453556,102039.15905634,102039.15905634,1
2026-08-18 12:45:00+08:00,2026-08-18 13:00:00+08:00,1787028300000,SOL-USDT,15m,75.8,75.85,75.79,75.84,1404.60175,106491.61473604,106491.61473604,1
2026-08-18 13:00:00+08:00,2026-08-18 13:15:00+08:00,1787029200000,SOL-USDT,15m,75.83,75.98,75.77,75.94,3219.182363,244153.50731283,244153.50731283,1
2026-08-18 13:15:00+08:00,2026-08-18 13:30:00+08:00,1787030100000,SOL-USDT,15m,75.93,75.95,75.78,75.78,4676.130302,354861.88631419,354861.88631419,1
2026-08-18 13:30:00+08:00,2026-08-18 13:45:00+08:00,1787031000000,SOL-USDT,15m,75.79,75.83,75.58,75.82,6473.357047,489771.35300037,489771.35300037,1
2026-08-18 13:45:00+08:00,2026-08-18 14:00:00+08:00,1787031900000,SOL-USDT,15m,75.82,75.82,75.72,75.73,1245.398091,94354.37485697,94354.37485697,1
2026-08-18 14:00:00+08:00,2026-08-18 14:15:00+08:00,1787032800000,SOL-USDT,15m,75.72,75.81,75.65,75.77,2165.386217,163968.96625835,163968.96625835,1
2026-08-18 14:15:00+08:00,2026-08-18 14:30:00+08:00,1787033700000,SOL-USDT,15m,75.77,75.99,75.77,75.95,1972.913169,149734.06127644,149734.06127644,1
2026-08-18 14:30:00+08:00,2026-08-18 14:45:00+08:00,1787034600000,SOL-USDT,15m,75.96,76.04,75.94,76.04,4494.753523,341585.48765779,341585.48765779,1
2026-08-18 14:45:00+08:00,2026-08-18 15:00:00+08:00,1787035500000,SOL-USDT,15m,76.04,76.05,75.89,76.01,2729.125186,207276.15715677,207276.15715677,1
2026-08-18 15:00:00+08:00,2026-08-18 15:15:00+08:00,1787036400000,SOL-USDT,15m,76.01,76.18,76,76.17,4571.831109,347903.23329641,347903.23329641,1
2026-08-18 15:15:00+08:00,2026-08-18 15:30:00+08:00,1787037300000,SOL-USDT,15m,76.17,76.27,76.01,76.01,4469.445452,340436.45271869,340436.45271869,1
2026-08-18 15:30:00+08:00,2026-08-18 15:45:00+08:00,1787038200000,SOL-USDT,15m,76.02,76.16,76,76.05,6423.035934,488655.06005415,488655.06005415,1
2026-08-18 15:45:00+08:00,2026-08-18 16:00:00+08:00,1787039100000,SOL-USDT,15m,76.04,76.09,75.95,76.09,3861.442937,293490.34173805,293490.34173805,1
2026-08-18 16:00:00+08:00,2026-08-18 16:15:00+08:00,1787040000000,SOL-USDT,15m,76.1,76.12,75.86,75.91,5915.463535,449484.459088,449484.459088,1
2026-08-18 16:15:00+08:00,2026-08-18 16:30:00+08:00,1787040900000,SOL-USDT,15m,75.91,76,75.88,75.91,2129.149193,161708.91068928,161708.91068928,1
2026-08-18 16:30:00+08:00,2026-08-18 16:45:00+08:00,1787041800000,SOL-USDT,15m,75.91,76.1,75.89,76.02,1873.446821,142440.52136746,142440.52136746,1
2026-08-18 16:45:00+08:00,2026-08-18 17:00:00+08:00,1787042700000,SOL-USDT,15m,76.02,76.19,75.94,76.18,5644.639492,429413.89494828,429413.89494828,1
2026-08-18 17:00:00+08:00,2026-08-18 17:15:00+08:00,1787043600000,SOL-USDT,15m,76.17,76.17,76.05,76.1,4676.710285,355864.39852226,355864.39852226,1
2026-08-18 17:15:00+08:00,2026-08-18 17:30:00+08:00,1787044500000,SOL-USDT,15m,76.09,76.09,75.9,75.91,3076.475577,233779.30256179,233779.30256179,1
2026-08-18 17:30:00+08:00,2026-08-18 17:45:00+08:00,1787045400000,SOL-USDT,15m,75.91,76,75.9,75.92,4442.069026,337320.53850017,337320.53850017,1
2026-08-18 17:45:00+08:00,2026-08-18 18:00:00+08:00,1787046300000,SOL-USDT,15m,75.92,75.98,75.9,75.95,1596.694649,121226.73696287,121226.73696287,1
2026-08-18 18:00:00+08:00,2026-08-18 18:15:00+08:00,1787047200000,SOL-USDT,15m,75.95,75.99,75.89,75.92,1903.917151,144567.55838186,144567.55838186,1
2026-08-18 18:15:00+08:00,2026-08-18 18:30:00+08:00,1787048100000,SOL-USDT,15m,75.91,75.95,75.81,75.83,1824.301839,138406.72586646,138406.72586646,1
2026-08-18 18:30:00+08:00,2026-08-18 18:45:00+08:00,1787049000000,SOL-USDT,15m,75.83,75.9,75.82,75.87,2929.632779,222228.70822186,222228.70822186,1
2026-08-18 18:45:00+08:00,2026-08-18 19:00:00+08:00,1787049900000,SOL-USDT,15m,75.87,75.9,75.83,75.84,1181.244022,89604.76059424,89604.76059424,1
2026-08-18 19:00:00+08:00,2026-08-18 19:15:00+08:00,1787050800000,SOL-USDT,15m,75.84,76.07,75.82,76.06,4346.031365,330070.55727095,330070.55727095,1
2026-08-18 19:15:00+08:00,2026-08-18 19:30:00+08:00,1787051700000,SOL-USDT,15m,76.07,76.44,76.06,76.27,10948.580425,835324.52764424,835324.52764424,1
2026-08-18 19:30:00+08:00,2026-08-18 19:45:00+08:00,1787052600000,SOL-USDT,15m,76.26,76.44,76.23,76.38,3115.398949,237894.50786525,237894.50786525,1
2026-08-18 19:45:00+08:00,2026-08-18 20:00:00+08:00,1787053500000,SOL-USDT,15m,76.38,76.41,76.3,76.33,1283.807032,98010.91871776,98010.91871776,1
2026-08-18 20:00:00+08:00,2026-08-18 20:15:00+08:00,1787054400000,SOL-USDT,15m,76.33,76.52,76.33,76.38,7533.67478,575860.76047166,575860.76047166,1
2026-08-18 20:15:00+08:00,2026-08-18 20:30:00+08:00,1787055300000,SOL-USDT,15m,76.38,76.39,76.24,76.31,1738.35362,132665.63089622,132665.63089622,1
2026-08-18 20:30:00+08:00,2026-08-18 20:45:00+08:00,1787056200000,SOL-USDT,15m,76.3,76.34,76.25,76.26,1144.244447,87298.58582818,87298.58582818,1
2026-08-18 20:45:00+08:00,2026-08-18 21:00:00+08:00,1787057100000,SOL-USDT,15m,76.26,76.4,76.23,76.25,2883.478292,220041.44040979,220041.44040979,1
2026-08-18 21:00:00+08:00,2026-08-18 21:15:00+08:00,1787058000000,SOL-USDT,15m,76.25,76.25,76.15,76.15,1730.869388,131869.03927214,131869.03927214,1
2026-08-18 21:15:00+08:00,2026-08-18 21:30:00+08:00,1787058900000,SOL-USDT,15m,76.16,76.2,76.1,76.11,2920.835674,222413.37069639,222413.37069639,1
2026-08-18 21:30:00+08:00,2026-08-18 21:45:00+08:00,1787059800000,SOL-USDT,15m,76.11,76.31,76.06,76.14,7521.324208,572705.06541498,572705.06541498,1
2026-08-18 21:45:00+08:00,2026-08-18 22:00:00+08:00,1787060700000,SOL-USDT,15m,76.13,76.25,76.06,76.22,4872.651417,370962.8944488,370962.8944488,1
2026-08-18 22:00:00+08:00,2026-08-18 22:15:00+08:00,1787061600000,SOL-USDT,15m,76.22,76.36,76.13,76.19,3548.53692,270673.97061498,270673.97061498,1
2026-08-18 22:15:00+08:00,2026-08-18 22:30:00+08:00,1787062500000,SOL-USDT,15m,76.2,77.07,76.18,77.01,32136.040374,2464012.94747525,2464012.94747525,1
2026-08-18 22:30:00+08:00,2026-08-18 22:45:00+08:00,1787063400000,SOL-USDT,15m,77.02,77.32,76.79,76.81,21818.778483,1681687.32917865,1681687.32917865,1
2026-08-18 22:45:00+08:00,2026-08-18 23:00:00+08:00,1787064300000,SOL-USDT,15m,76.81,76.96,76.77,76.79,5018.741296,385641.93540892,385641.93540892,1
2026-08-18 23:00:00+08:00,2026-08-18 23:15:00+08:00,1787065200000,SOL-USDT,15m,76.79,77.05,76.79,76.94,5895.357244,453246.92486147,453246.92486147,1
2026-08-18 23:15:00+08:00,2026-08-18 23:30:00+08:00,1787066100000,SOL-USDT,15m,76.94,77.05,76.88,77.04,8248.316835,634835.99667795,634835.99667795,1
2026-08-18 23:30:00+08:00,2026-08-18 23:45:00+08:00,1787067000000,SOL-USDT,15m,77.04,77.13,77,77.08,4240.420662,326803.8067973,326803.8067973,1
2026-08-18 23:45:00+08:00,2026-08-19 00:00:00+08:00,1787067900000,SOL-USDT,15m,77.08,77.26,77.03,77.21,5869.776543,452948.40172981,452948.40172981,1
2026-08-19 00:00:00+08:00,2026-08-19 00:15:00+08:00,1787068800000,SOL-USDT,15m,77.21,77.33,77.05,77.07,11685.605572,902582.09516286,902582.09516286,1
2026-08-19 00:15:00+08:00,2026-08-19 00:30:00+08:00,1787069700000,SOL-USDT,15m,77.07,77.08,76.86,76.91,6486.926994,499305.9998974,499305.9998974,1
2026-08-19 00:30:00+08:00,2026-08-19 00:45:00+08:00,1787070600000,SOL-USDT,15m,76.9,77.12,76.85,77.02,2111.941349,162563.39290535,162563.39290535,1
2026-08-19 00:45:00+08:00,2026-08-19 01:00:00+08:00,1787071500000,SOL-USDT,15m,77.02,77.16,76.98,77.08,1379.629879,106345.29264259,106345.29264259,1
2026-08-19 01:00:00+08:00,2026-08-19 01:15:00+08:00,1787072400000,SOL-USDT,15m,77.08,77.09,76.94,76.97,2696.602415,207636.23881867,207636.23881867,1
2026-08-19 01:15:00+08:00,2026-08-19 01:30:00+08:00,1787073300000,SOL-USDT,15m,76.96,77,76.89,76.93,1402.127669,107851.72476905,107851.72476905,1
2026-08-19 01:30:00+08:00,2026-08-19 01:45:00+08:00,1787074200000,SOL-USDT,15m,76.95,77.03,76.89,77,7379.367188,567644.68703519,567644.68703519,1
2026-08-19 01:45:00+08:00,2026-08-19 02:00:00+08:00,1787075100000,SOL-USDT,15m,77,77.02,76.89,76.9,4473.765166,344428.43071914,344428.43071914,1
2026-08-19 02:00:00+08:00,2026-08-19 02:15:00+08:00,1787076000000,SOL-USDT,15m,76.89,77.09,76.88,77.09,1689.645967,130081.77929679,130081.77929679,1
2026-08-19 02:15:00+08:00,2026-08-19 02:30:00+08:00,1787076900000,SOL-USDT,15m,77.1,77.28,77.09,77.25,5511.885606,425553.79201237,425553.79201237,1
2026-08-19 02:30:00+08:00,2026-08-19 02:45:00+08:00,1787077800000,SOL-USDT,15m,77.25,77.3,77.13,77.15,2963.499872,228834.82287639,228834.82287639,1
2026-08-19 02:45:00+08:00,2026-08-19 03:00:00+08:00,1787078700000,SOL-USDT,15m,77.14,77.29,77.14,77.27,1809.383128,139755.25452064,139755.25452064,1
2026-08-19 03:00:00+08:00,2026-08-19 03:15:00+08:00,1787079600000,SOL-USDT,15m,77.27,77.28,77.18,77.23,3489.027435,269420.50582088,269420.50582088,1
2026-08-19 03:15:00+08:00,2026-08-19 03:30:00+08:00,1787080500000,SOL-USDT,15m,77.23,77.42,77.2,77.35,2476.000138,191405.43390761,191405.43390761,1
2026-08-19 03:30:00+08:00,2026-08-19 03:45:00+08:00,1787081400000,SOL-USDT,15m,77.35,77.37,77.19,77.19,3954.571955,305505.88560823,305505.88560823,1
2026-08-19 03:45:00+08:00,2026-08-19 04:00:00+08:00,1787082300000,SOL-USDT,15m,77.19,77.23,77.08,77.19,7014.763621,541311.40328806,541311.40328806,1
2026-08-19 04:00:00+08:00,2026-08-19 04:15:00+08:00,1787083200000,SOL-USDT,15m,77.19,77.23,77.06,77.22,5984.875344,461781.09461712,461781.09461712,1
2026-08-19 04:15:00+08:00,2026-08-19 04:30:00+08:00,1787084100000,SOL-USDT,15m,77.22,77.22,76.94,77.01,6086.781082,468921.91376986,468921.91376986,1
2026-08-19 04:30:00+08:00,2026-08-19 04:45:00+08:00,1787085000000,SOL-USDT,15m,77,77.13,76.92,76.92,6629.015069,510711.75514195,510711.75514195,1
2026-08-19 04:45:00+08:00,2026-08-19 05:00:00+08:00,1787085900000,SOL-USDT,15m,76.92,76.95,76.75,76.9,9442.622746,725720.71397842,725720.71397842,1
2026-08-19 05:00:00+08:00,2026-08-19 05:15:00+08:00,1787086800000,SOL-USDT,15m,76.9,77.13,76.9,77,4050.175299,311971.75666622,311971.75666622,1
2026-08-19 05:15:00+08:00,2026-08-19 05:30:00+08:00,1787087700000,SOL-USDT,15m,77.01,77.05,76.95,76.97,836.158995,64383.00070935,64383.00070935,1
2026-08-19 05:30:00+08:00,2026-08-19 05:45:00+08:00,1787088600000,SOL-USDT,15m,76.97,77.02,76.92,76.94,1702.012512,131014.55154652,131014.55154652,1
2026-08-19 05:45:00+08:00,2026-08-19 06:00:00+08:00,1787089500000,SOL-USDT,15m,76.95,77.02,76.92,77,1105.319288,85082.41278461,85082.41278461,1
2026-08-19 06:00:00+08:00,2026-08-19 06:15:00+08:00,1787090400000,SOL-USDT,15m,77.01,77.18,76.95,77.08,5077.267059,391305.42400489,391305.42400489,1
2026-08-19 06:15:00+08:00,2026-08-19 06:30:00+08:00,1787091300000,SOL-USDT,15m,77.09,77.12,76.99,77.07,5415.281785,417318.35068635,417318.35068635,1
2026-08-19 06:30:00+08:00,2026-08-19 06:45:00+08:00,1787092200000,SOL-USDT,15m,77.06,77.21,77.04,77.05,6620.741735,510779.19529742,510779.19529742,1
2026-08-19 06:45:00+08:00,2026-08-19 07:00:00+08:00,1787093100000,SOL-USDT,15m,77.04,77.05,76.88,76.95,6391.313246,491714.13055467,491714.13055467,1
2026-08-19 07:00:00+08:00,2026-08-19 07:15:00+08:00,1787094000000,SOL-USDT,15m,76.96,77.16,76.95,77.1,5317.144562,409971.90780766,409971.90780766,1
2026-08-19 07:15:00+08:00,2026-08-19 07:30:00+08:00,1787094900000,SOL-USDT,15m,77.1,77.18,77.07,77.12,2412.61905,186064.90354912,186064.90354912,1
2026-08-19 07:30:00+08:00,2026-08-19 07:45:00+08:00,1787095800000,SOL-USDT,15m,77.12,77.24,77.11,77.16,8002.779628,617744.84989505,617744.84989505,1
2026-08-19 07:45:00+08:00,2026-08-19 08:00:00+08:00,1787096700000,SOL-USDT,15m,77.17,77.2,77.04,77.05,1078.800847,83203.0808091,83203.0808091,1
2026-08-19 08:00:00+08:00,2026-08-19 08:15:00+08:00,1787097600000,SOL-USDT,15m,77.06,77.1,76.89,76.9,3915.750908,301592.54765782,301592.54765782,1
2026-08-19 08:15:00+08:00,2026-08-19 08:30:00+08:00,1787098500000,SOL-USDT,15m,76.89,77.04,76.83,76.95,2302.072955,177073.68263354,177073.68263354,1
2026-08-19 08:30:00+08:00,2026-08-19 08:45:00+08:00,1787099400000,SOL-USDT,15m,76.96,77.06,76.96,76.99,2466.626069,189910.31101095,189910.31101095,1
2026-08-19 08:45:00+08:00,2026-08-19 09:00:00+08:00,1787100300000,SOL-USDT,15m,76.98,77.09,76.92,76.92,1565.589637,120583.77581712,120583.77581712,1
2026-08-19 09:00:00+08:00,2026-08-19 09:15:00+08:00,1787101200000,SOL-USDT,15m,76.92,77.06,76.85,76.98,7987.124939,614873.73251417,614873.73251417,1
2026-08-19 09:15:00+08:00,2026-08-19 09:30:00+08:00,1787102100000,SOL-USDT,15m,76.97,76.98,76.72,76.84,10953.878173,841647.44399055,841647.44399055,1
2026-08-19 09:30:00+08:00,2026-08-19 09:45:00+08:00,1787103000000,SOL-USDT,15m,76.85,76.85,76.73,76.76,3804.399005,292125.74354891,292125.74354891,1
2026-08-19 09:45:00+08:00,2026-08-19 10:00:00+08:00,1787103900000,SOL-USDT,15m,76.75,76.86,76.72,76.81,3056.227347,234653.64151318,234653.64151318,1
2026-08-19 10:00:00+08:00,2026-08-19 10:15:00+08:00,1787104800000,SOL-USDT,15m,76.81,76.86,76.72,76.81,5693.834429,437138.62818958,437138.62818958,1
2026-08-19 10:15:00+08:00,2026-08-19 10:30:00+08:00,1787105700000,SOL-USDT,15m,76.81,76.91,76.71,76.88,2525.682414,193972.98068938,193972.98068938,1
2026-08-19 10:30:00+08:00,2026-08-19 10:45:00+08:00,1787106600000,SOL-USDT,15m,76.88,76.93,76.8,76.8,1275.989012,98086.51682826,98086.51682826,1
2026-08-19 10:45:00+08:00,2026-08-19 11:00:00+08:00,1787107500000,SOL-USDT,15m,76.8,76.87,76.76,76.82,2432.710275,186877.95316934,186877.95316934,1
2026-08-19 11:00:00+08:00,2026-08-19 11:15:00+08:00,1787108400000,SOL-USDT,15m,76.82,76.93,76.72,76.93,3650.048374,280236.54447607,280236.54447607,1
2026-08-19 11:15:00+08:00,2026-08-19 11:30:00+08:00,1787109300000,SOL-USDT,15m,76.93,77.11,76.93,77.02,5853.310486,451019.53881112,451019.53881112,1
2026-08-19 11:30:00+08:00,2026-08-19 11:45:00+08:00,1787110200000,SOL-USDT,15m,77.02,77.1,76.96,77.05,1409.733959,108585.81277979,108585.81277979,1
2026-08-19 11:45:00+08:00,2026-08-19 12:00:00+08:00,1787111100000,SOL-USDT,15m,77.04,77.09,76.97,77,712.479342,54889.82343286,54889.82343286,1
2026-08-19 12:00:00+08:00,2026-08-19 12:15:00+08:00,1787112000000,SOL-USDT,15m,77,77.04,76.96,77.01,1319.818633,101606.3793177,101606.3793177,1
2026-08-19 12:15:00+08:00,2026-08-19 12:30:00+08:00,1787112900000,SOL-USDT,15m,77,77.14,77,77.07,958.289091,73883.82725879,73883.82725879,1
2026-08-19 12:30:00+08:00,2026-08-19 12:45:00+08:00,1787113800000,SOL-USDT,15m,77.06,77.08,76.9,76.92,5508.496971,424303.58802983,424303.58802983,1
2026-08-19 12:45:00+08:00,2026-08-19 13:00:00+08:00,1787114700000,SOL-USDT,15m,76.93,76.95,76.79,76.87,6127.732841,471067.68196803,471067.68196803,1
2026-08-19 13:00:00+08:00,2026-08-19 13:15:00+08:00,1787115600000,SOL-USDT,15m,76.87,77.06,76.86,77,5819.6614,448003.66690383,448003.66690383,1
2026-08-19 13:15:00+08:00,2026-08-19 13:30:00+08:00,1787116500000,SOL-USDT,15m,77,77.02,76.86,76.95,3191.310951,245409.12298986,245409.12298986,1
2026-08-19 13:30:00+08:00,2026-08-19 13:45:00+08:00,1787117400000,SOL-USDT,15m,76.95,76.99,76.88,76.89,911.662231,70124.68948671,70124.68948671,1
2026-08-19 13:45:00+08:00,2026-08-19 14:00:00+08:00,1787118300000,SOL-USDT,15m,76.89,76.89,76.78,76.8,2305.69316,177161.60750757,177161.60750757,1
2026-08-19 14:00:00+08:00,2026-08-19 14:15:00+08:00,1787119200000,SOL-USDT,15m,76.81,76.84,76.63,76.66,5148.931451,395078.69407578,395078.69407578,1
2026-08-19 14:15:00+08:00,2026-08-19 14:30:00+08:00,1787120100000,SOL-USDT,15m,76.66,76.96,76.66,76.87,4537.165585,348843.81671606,348843.81671606,1
2026-08-19 14:30:00+08:00,2026-08-19 14:45:00+08:00,1787121000000,SOL-USDT,15m,76.87,76.96,76.76,76.94,9026.973101,693798.06466173,693798.06466173,1
2026-08-19 14:45:00+08:00,2026-08-19 15:00:00+08:00,1787121900000,SOL-USDT,15m,76.95,77.17,76.95,77.08,20017.722305,1542766.51026777,1542766.51026777,1
2026-08-19 15:00:00+08:00,2026-08-19 15:15:00+08:00,1787122800000,SOL-USDT,15m,77.08,77.11,76.96,77.09,4026.580611,310111.86120155,310111.86120155,1
2026-08-19 15:15:00+08:00,2026-08-19 15:30:00+08:00,1787123700000,SOL-USDT,15m,77.09,77.09,76.96,76.99,2228.783929,171643.30951995,171643.30951995,1
2026-08-19 15:30:00+08:00,2026-08-19 15:45:00+08:00,1787124600000,SOL-USDT,15m,77,77.06,76.97,76.98,828.481704,63811.55933155,63811.55933155,1
2026-08-19 15:45:00+08:00,2026-08-19 16:00:00+08:00,1787125500000,SOL-USDT,15m,76.98,77.08,76.95,76.95,5070.332501,390484.13555607,390484.13555607,1
2026-08-19 16:00:00+08:00,2026-08-19 16:15:00+08:00,1787126400000,SOL-USDT,15m,76.95,77.12,76.92,77.06,5493.274334,423187.78393657,423187.78393657,1
2026-08-19 16:15:00+08:00,2026-08-19 16:30:00+08:00,1787127300000,SOL-USDT,15m,77.06,77.23,77.03,77.19,7023.216915,541638.61990847,541638.61990847,1
2026-08-19 16:30:00+08:00,2026-08-19 16:45:00+08:00,1787128200000,SOL-USDT,15m,77.2,77.68,77.16,77.48,25916.853426,2004971.17298351,2004971.17298351,1
2026-08-19 16:45:00+08:00,2026-08-19 17:00:00+08:00,1787129100000,SOL-USDT,15m,77.48,77.54,77.37,77.38,7679.845678,595018.24476528,595018.24476528,1
2026-08-19 17:00:00+08:00,2026-08-19 17:15:00+08:00,1787130000000,SOL-USDT,15m,77.38,77.49,77.35,77.4,4470.932008,346088.1893197,346088.1893197,1
2026-08-19 17:15:00+08:00,2026-08-19 17:30:00+08:00,1787130900000,SOL-USDT,15m,77.39,77.44,77.31,77.32,1356.91203,104997.15771079,104997.15771079,1
2026-08-19 17:30:00+08:00,2026-08-19 17:45:00+08:00,1787131800000,SOL-USDT,15m,77.33,77.36,77.22,77.27,7070.918906,546743.88268513,546743.88268513,1
2026-08-19 17:45:00+08:00,2026-08-19 18:00:00+08:00,1787132700000,SOL-USDT,15m,77.27,77.34,77.23,77.33,2876.343378,222262.26554463,222262.26554463,1
2026-08-19 18:00:00+08:00,2026-08-19 18:15:00+08:00,1787133600000,SOL-USDT,15m,77.33,77.33,77.24,77.28,3214.198374,248363.82617106,248363.82617106,1
2026-08-19 18:15:00+08:00,2026-08-19 18:30:00+08:00,1787134500000,SOL-USDT,15m,77.28,77.33,77.22,77.27,1820.918771,140727.37711555,140727.37711555,1
2026-08-19 18:30:00+08:00,2026-08-19 18:45:00+08:00,1787135400000,SOL-USDT,15m,77.28,77.39,77.24,77.38,2984.958206,230806.91631172,230806.91631172,1
2026-08-19 18:45:00+08:00,2026-08-19 19:00:00+08:00,1787136300000,SOL-USDT,15m,77.37,77.4,77.28,77.39,3869.236449,299174.7199873,299174.7199873,1
2026-08-19 19:00:00+08:00,2026-08-19 19:15:00+08:00,1787137200000,SOL-USDT,15m,77.39,77.59,77.38,77.55,8073.50006,625877.46883042,625877.46883042,1
2026-08-19 19:15:00+08:00,2026-08-19 19:30:00+08:00,1787138100000,SOL-USDT,15m,77.56,77.63,77.5,77.61,7825.551498,607092.12962467,607092.12962467,1
2026-08-19 19:30:00+08:00,2026-08-19 19:45:00+08:00,1787139000000,SOL-USDT,15m,77.61,77.61,77.48,77.48,3680.030577,285453.9895868,285453.9895868,1
2026-08-19 19:45:00+08:00,2026-08-19 20:00:00+08:00,1787139900000,SOL-USDT,15m,77.48,77.58,77.48,77.54,4433.444301,343771.79492346,343771.79492346,1
2026-08-19 20:00:00+08:00,2026-08-19 20:15:00+08:00,1787140800000,SOL-USDT,15m,77.54,77.56,77.44,77.47,3279.061865,254098.86257578,254098.86257578,1
2026-08-19 20:15:00+08:00,2026-08-19 20:30:00+08:00,1787141700000,SOL-USDT,15m,77.47,77.55,77.44,77.53,1644.047867,127403.2506528,127403.2506528,1
2026-08-19 20:30:00+08:00,2026-08-19 20:45:00+08:00,1787142600000,SOL-USDT,15m,77.53,78.09,77.51,78.09,18606.752692,1447521.50304022,1447521.50304022,1
2026-08-19 20:45:00+08:00,2026-08-19 21:00:00+08:00,1787143500000,SOL-USDT,15m,78.08,78.78,78.02,78.41,56016.063105,4395893.76314807,4395893.76314807,1
2026-08-19 21:00:00+08:00,2026-08-19 21:15:00+08:00,1787144400000,SOL-USDT,15m,78.41,78.42,78.17,78.31,18378.880653,1438729.99101135,1438729.99101135,1
2026-08-19 21:15:00+08:00,2026-08-19 21:30:00+08:00,1787145300000,SOL-USDT,15m,78.31,78.57,78.31,78.53,5006.96491,392871.18561281,392871.18561281,1
2026-08-19 21:30:00+08:00,2026-08-19 21:45:00+08:00,1787146200000,SOL-USDT,15m,78.52,78.7,78.32,78.52,26128.638535,2052564.29489348,2052564.29489348,1
2026-08-19 21:45:00+08:00,2026-08-19 22:00:00+08:00,1787147100000,SOL-USDT,15m,78.51,78.6,78.35,78.41,14266.531171,1119529.4471855,1119529.4471855,1
2026-08-19 22:00:00+08:00,2026-08-19 22:15:00+08:00,1787148000000,SOL-USDT,15m,78.42,78.69,78.37,78.64,12680.91906,996277.75170437,996277.75170437,1
2026-08-19 22:15:00+08:00,2026-08-19 22:30:00+08:00,1787148900000,SOL-USDT,15m,78.63,78.81,78.5,78.55,17607.762086,1384658.18049253,1384658.18049253,1
2026-08-19 22:30:00+08:00,2026-08-19 22:45:00+08:00,1787149800000,SOL-USDT,15m,78.55,79.1,78.46,79.05,21354.95485,1683366.8374132,1683366.8374132,1
2026-08-19 22:45:00+08:00,2026-08-19 23:00:00+08:00,1787150700000,SOL-USDT,15m,79.04,81,79.01,80.87,107461.788613,8623422.48705818,8623422.48705818,1
2026-08-19 23:00:00+08:00,2026-08-19 23:15:00+08:00,1787151600000,SOL-USDT,15m,80.89,82.14,80.67,81.38,111157.750732,9048435.91867802,9048435.91867802,1
2026-08-19 23:15:00+08:00,2026-08-19 23:30:00+08:00,1787152500000,SOL-USDT,15m,81.38,82.96,80.88,82.01,162900.898632,13363945.83944019,13363945.83944019,1
2026-08-19 23:30:00+08:00,2026-08-19 23:45:00+08:00,1787153400000,SOL-USDT,15m,82.02,82.6,81.55,82.29,58220.79341,4776901.65535847,4776901.65535847,1
2026-08-19 23:45:00+08:00,2026-08-20 00:00:00+08:00,1787154300000,SOL-USDT,15m,82.3,82.36,81.6,81.83,56942.621864,4665335.21208415,4665335.21208415,1
2026-08-20 00:00:00+08:00,2026-08-20 00:15:00+08:00,1787155200000,SOL-USDT,15m,81.83,82.41,81.68,81.9,39512.891397,3244037.63862046,3244037.63862046,1
2026-08-20 00:15:00+08:00,2026-08-20 00:30:00+08:00,1787156100000,SOL-USDT,15m,81.9,82.15,81.79,82.1,18922.060456,1550810.92427846,1550810.92427846,1
2026-08-20 00:30:00+08:00,2026-08-20 00:45:00+08:00,1787157000000,SOL-USDT,15m,82.09,82.09,81.81,81.88,29910.578359,2450769.84549052,2450769.84549052,1
2026-08-20 00:45:00+08:00,2026-08-20 01:00:00+08:00,1787157900000,SOL-USDT,15m,81.87,81.99,81.56,81.59,10199.84389,833905.92754465,833905.92754465,1
2026-08-20 01:00:00+08:00,2026-08-20 01:15:00+08:00,1787158800000,SOL-USDT,15m,81.6,81.66,81.36,81.37,22202.783599,1810623.73485726,1810623.73485726,1
2026-08-20 01:15:00+08:00,2026-08-20 01:30:00+08:00,1787159700000,SOL-USDT,15m,81.38,81.41,81.05,81.26,19716.533719,1600641.90449448,1600641.90449448,1
2026-08-20 01:30:00+08:00,2026-08-20 01:45:00+08:00,1787160600000,SOL-USDT,15m,81.27,81.44,81.03,81.44,20610.482134,1674533.96922,1674533.96922,1
2026-08-20 01:45:00+08:00,2026-08-20 02:00:00+08:00,1787161500000,SOL-USDT,15m,81.45,81.73,81.43,81.65,11526.535045,941230.77240308,941230.77240308,1
2026-08-20 02:00:00+08:00,2026-08-20 02:15:00+08:00,1787162400000,SOL-USDT,15m,81.65,81.72,81.27,81.51,18137.776647,1478235.35094029,1478235.35094029,1
2026-08-20 02:15:00+08:00,2026-08-20 02:30:00+08:00,1787163300000,SOL-USDT,15m,81.52,82.03,81.48,81.96,20430.113666,1669273.48495333,1669273.48495333,1
2026-08-20 02:30:00+08:00,2026-08-20 02:45:00+08:00,1787164200000,SOL-USDT,15m,81.96,82.2,81.91,82.14,26075.744881,2139087.28481803,2139087.28481803,1
2026-08-20 02:45:00+08:00,2026-08-20 03:00:00+08:00,1787165100000,SOL-USDT,15m,82.14,82.3,82.05,82.28,14793.7965,1215579.24389498,1215579.24389498,1
2026-08-20 03:00:00+08:00,2026-08-20 03:15:00+08:00,1787166000000,SOL-USDT,15m,82.27,82.44,82,82.06,13275.584864,1091515.24190478,1091515.24190478,1
2026-08-20 03:15:00+08:00,2026-08-20 03:30:00+08:00,1787166900000,SOL-USDT,15m,82.06,82.52,82.06,82.2,13237.324298,1090083.33483473,1090083.33483473,1
2026-08-20 03:30:00+08:00,2026-08-20 03:45:00+08:00,1787167800000,SOL-USDT,15m,82.19,82.33,82.1,82.3,7743.167102,636892.53256773,636892.53256773,1
2026-08-20 03:45:00+08:00,2026-08-20 04:00:00+08:00,1787168700000,SOL-USDT,15m,82.3,82.45,82.22,82.37,8141.930066,670205.04085378,670205.04085378,1
2026-08-20 04:00:00+08:00,2026-08-20 04:15:00+08:00,1787169600000,SOL-USDT,15m,82.37,82.51,82.29,82.42,7680.35139,632699.57174147,632699.57174147,1
2026-08-20 04:15:00+08:00,2026-08-20 04:30:00+08:00,1787170500000,SOL-USDT,15m,82.43,82.56,82.32,82.51,11162.806916,920247.61633832,920247.61633832,1
2026-08-20 04:30:00+08:00,2026-08-20 04:45:00+08:00,1787171400000,SOL-USDT,15m,82.51,82.69,82.47,82.63,8434.198425,696323.31350545,696323.31350545,1
2026-08-20 04:45:00+08:00,2026-08-20 05:00:00+08:00,1787172300000,SOL-USDT,15m,82.63,84.38,82.57,83.73,157409.78305,13188113.97011117,13188113.97011117,1
2026-08-20 05:00:00+08:00,2026-08-20 05:15:00+08:00,1787173200000,SOL-USDT,15m,83.74,87.33,83.73,86.12,278839.300324,23960581.62399314,23960581.62399314,1
2026-08-20 05:15:00+08:00,2026-08-20 05:30:00+08:00,1787174100000,SOL-USDT,15m,86.13,87.23,85.93,87.01,84053.106087,7265222.61747825,7265222.61747825,1
2026-08-20 05:30:00+08:00,2026-08-20 05:45:00+08:00,1787175000000,SOL-USDT,15m,87.02,87.24,86.23,86.64,42580.055132,3693210.16740112,3693210.16740112,1
2026-08-20 05:45:00+08:00,2026-08-20 06:00:00+08:00,1787175900000,SOL-USDT,15m,86.64,87.25,86.43,86.64,32083.539044,2783137.96259709,2783137.96259709,1
2026-08-20 06:00:00+08:00,2026-08-20 06:15:00+08:00,1787176800000,SOL-USDT,15m,86.66,86.85,85.6,85.78,44920.575415,3866941.09325078,3866941.09325078,1
2026-08-20 06:15:00+08:00,2026-08-20 06:30:00+08:00,1787177700000,SOL-USDT,15m,85.76,86.07,85.34,85.36,22012.953712,1888519.61075381,1888519.61075381,1
2026-08-20 06:30:00+08:00,2026-08-20 06:45:00+08:00,1787178600000,SOL-USDT,15m,85.39,85.99,84.93,85.7,34816.416845,2973432.27856291,2973432.27856291,1
2026-08-20 06:45:00+08:00,2026-08-20 07:00:00+08:00,1787179500000,SOL-USDT,15m,85.69,85.69,85.12,85.5,18722.205909,1598585.85176077,1598585.85176077,1
2026-08-20 07:00:00+08:00,2026-08-20 07:15:00+08:00,1787180400000,SOL-USDT,15m,85.5,85.6,85.34,85.37,15929.129524,1361355.38993483,1361355.38993483,1
2026-08-20 07:15:00+08:00,2026-08-20 07:30:00+08:00,1787181300000,SOL-USDT,15m,85.37,85.56,85.29,85.46,9432.865492,805648.51015349,805648.51015349,1
2026-08-20 07:30:00+08:00,2026-08-20 07:45:00+08:00,1787182200000,SOL-USDT,15m,85.45,85.76,85.17,85.63,16964.118809,1449932.11610913,1449932.11610913,1
2026-08-20 07:45:00+08:00,2026-08-20 08:00:00+08:00,1787183100000,SOL-USDT,15m,85.62,85.62,85.04,85.4,13033.949146,1111253.67509402,1111253.67509402,1
2026-08-20 08:00:00+08:00,2026-08-20 08:15:00+08:00,1787184000000,SOL-USDT,15m,85.4,85.7,85.32,85.5,13033.574317,1114755.72041745,1114755.72041745,1
2026-08-20 08:15:00+08:00,2026-08-20 08:30:00+08:00,1787184900000,SOL-USDT,15m,85.5,85.8,85.43,85.63,11260.111373,964239.41160489,964239.41160489,1
2026-08-20 08:30:00+08:00,2026-08-20 08:45:00+08:00,1787185800000,SOL-USDT,15m,85.64,85.72,85.41,85.49,11053.181227,945832.60209606,945832.60209606,1
2026-08-20 08:45:00+08:00,2026-08-20 09:00:00+08:00,1787186700000,SOL-USDT,15m,85.5,85.69,84.9,85.01,31408.708486,2676436.36358758,2676436.36358758,1
2026-08-20 09:00:00+08:00,2026-08-20 09:15:00+08:00,1787187600000,SOL-USDT,15m,85.01,85.14,84.66,84.83,16633.364464,1411434.03567845,1411434.03567845,1
2026-08-20 09:15:00+08:00,2026-08-20 09:30:00+08:00,1787188500000,SOL-USDT,15m,84.82,84.99,84.69,84.77,9529.792166,808236.09253987,808236.09253987,1
2026-08-20 09:30:00+08:00,2026-08-20 09:45:00+08:00,1787189400000,SOL-USDT,15m,84.76,85.08,84.71,85.08,7859.233464,667496.60170467,667496.60170467,1
2026-08-20 09:45:00+08:00,2026-08-20 10:00:00+08:00,1787190300000,SOL-USDT,15m,85.08,85.41,85.07,85.37,15082.95147,1285692.78160049,1285692.78160049,1
2026-08-20 10:00:00+08:00,2026-08-20 10:15:00+08:00,1787191200000,SOL-USDT,15m,85.38,85.46,85.17,85.32,8850.672264,755264.079518,755264.079518,1
2026-08-20 10:15:00+08:00,2026-08-20 10:30:00+08:00,1787192100000,SOL-USDT,15m,85.31,85.38,85.07,85.09,8744.605458,745153.26983738,745153.26983738,1
2026-08-20 10:30:00+08:00,2026-08-20 10:45:00+08:00,1787193000000,SOL-USDT,15m,85.08,85.13,84.88,84.89,6551.539733,556690.13229573,556690.13229573,1
2026-08-20 10:45:00+08:00,2026-08-20 11:00:00+08:00,1787193900000,SOL-USDT,15m,84.88,84.89,84.71,84.77,8226.90125,697787.96297684,697787.96297684,1
2026-08-20 11:00:00+08:00,2026-08-20 11:15:00+08:00,1787194800000,SOL-USDT,15m,84.78,84.79,84.02,84.23,22060.472693,1859073.47307884,1859073.47307884,1
2026-08-20 11:15:00+08:00,2026-08-20 11:30:00+08:00,1787195700000,SOL-USDT,15m,84.24,84.6,84.24,84.27,14267.262502,1203672.24381357,1203672.24381357,1
2026-08-20 11:30:00+08:00,2026-08-20 11:45:00+08:00,1787196600000,SOL-USDT,15m,84.28,84.57,84.27,84.53,6197.056022,523083.61176567,523083.61176567,1
2026-08-20 11:45:00+08:00,2026-08-20 12:00:00+08:00,1787197500000,SOL-USDT,15m,84.53,84.71,84.47,84.48,11811.088586,998788.02802979,998788.02802979,1
2026-08-20 12:00:00+08:00,2026-08-20 12:15:00+08:00,1787198400000,SOL-USDT,15m,84.48,84.72,84.46,84.64,4431.244411,374837.79554077,374837.79554077,1
2026-08-20 12:15:00+08:00,2026-08-20 12:30:00+08:00,1787199300000,SOL-USDT,15m,84.63,84.7,84.52,84.55,3642.148042,308141.33534771,308141.33534771,1
2026-08-20 12:30:00+08:00,2026-08-20 12:45:00+08:00,1787200200000,SOL-USDT,15m,84.56,84.62,84.42,84.6,6697.464214,566031.95708608,566031.95708608,1
2026-08-20 12:45:00+08:00,2026-08-20 13:00:00+08:00,1787201100000,SOL-USDT,15m,84.6,84.99,84.6,84.83,8104.491245,687607.66930104,687607.66930104,1
2026-08-20 13:00:00+08:00,2026-08-20 13:15:00+08:00,1787202000000,SOL-USDT,15m,84.83,84.98,84.82,84.87,3325.65534,282290.61707932,282290.61707932,1
2026-08-20 13:15:00+08:00,2026-08-20 13:30:00+08:00,1787202900000,SOL-USDT,15m,84.87,85.08,84.86,84.9,7829.555036,665594.2253121,665594.2253121,1
2026-08-20 13:30:00+08:00,2026-08-20 13:45:00+08:00,1787203800000,SOL-USDT,15m,84.9,85.04,84.89,84.99,3636.181983,308971.49559167,308971.49559167,1
2026-08-20 13:45:00+08:00,2026-08-20 14:00:00+08:00,1787204700000,SOL-USDT,15m,84.99,85,84.82,84.95,2753.333459,233786.21989329,233786.21989329,1
2026-08-20 14:00:00+08:00,2026-08-20 14:15:00+08:00,1787205600000,SOL-USDT,15m,84.96,84.96,84.72,84.81,6805.59963,577259.84565252,577259.84565252,1
2026-08-20 14:15:00+08:00,2026-08-20 14:30:00+08:00,1787206500000,SOL-USDT,15m,84.8,85.47,84.78,85.44,15693.086577,1336166.88445152,1336166.88445152,1
2026-08-20 14:30:00+08:00,2026-08-20 14:45:00+08:00,1787207400000,SOL-USDT,15m,85.45,85.83,85.29,85.78,18702.197566,1599249.32414748,1599249.32414748,1
2026-08-20 14:45:00+08:00,2026-08-20 15:00:00+08:00,1787208300000,SOL-USDT,15m,85.79,85.93,85.72,85.91,14159.631268,1215581.38325118,1215581.38325118,1
2026-08-20 15:00:00+08:00,2026-08-20 15:15:00+08:00,1787209200000,SOL-USDT,15m,85.91,86.01,85.81,85.92,7998.456827,687242.59335476,687242.59335476,1
2026-08-20 15:15:00+08:00,2026-08-20 15:30:00+08:00,1787210100000,SOL-USDT,15m,85.94,86.09,85.78,86.01,5217.405886,448142.64336637,448142.64336637,1
2026-08-20 15:30:00+08:00,2026-08-20 15:45:00+08:00,1787211000000,SOL-USDT,15m,86.01,86.16,85.79,85.87,9942.829905,854274.64573719,854274.64573719,1
2026-08-20 15:45:00+08:00,2026-08-20 16:00:00+08:00,1787211900000,SOL-USDT,15m,85.86,86.2,85.82,86.17,12220.525918,1051510.75559491,1051510.75559491,1
2026-08-20 16:00:00+08:00,2026-08-20 16:15:00+08:00,1787212800000,SOL-USDT,15m,86.17,87.52,86.04,87.43,28466.107279,2473905.20489521,2473905.20489521,1
2026-08-20 16:15:00+08:00,2026-08-20 16:30:00+08:00,1787213700000,SOL-USDT,15m,87.41,87.63,87.03,87.53,29313.764386,2559060.08484444,2559060.08484444,1
2026-08-20 16:30:00+08:00,2026-08-20 16:45:00+08:00,1787214600000,SOL-USDT,15m,87.54,87.89,87.36,87.88,21440.485861,1878056.27669305,1878056.27669305,1
2026-08-20 16:45:00+08:00,2026-08-20 17:00:00+08:00,1787215500000,SOL-USDT,15m,87.88,87.98,87.48,87.52,20410.68784,1791849.10640332,1791849.10640332,1
2026-08-20 17:00:00+08:00,2026-08-20 17:15:00+08:00,1787216400000,SOL-USDT,15m,87.53,87.68,87.27,87.67,19117.739356,1672375.86524813,1672375.86524813,1
2026-08-20 17:15:00+08:00,2026-08-20 17:30:00+08:00,1787217300000,SOL-USDT,15m,87.67,87.83,87.53,87.53,21012.358288,1843252.15110811,1843252.15110811,1
