timestamp_beijing,close_time_beijing,timestamp_ms,inst_id,bar,open,high,low,close,volume,volume_ccy,volume_quote,confirm
2026-07-24 03:30:00+08:00,2026-07-24 04:00:00+08:00,1784835000000,SOL-USDT,30m,75.78,75.83,75.43,75.74,10287.219316,777947.12800545,777947.12800545,1
2026-07-24 04:00:00+08:00,2026-07-24 04:30:00+08:00,1784836800000,SOL-USDT,30m,75.74,76.18,75.71,76.14,6732.628117,511550.33181309,511550.33181309,1
2026-07-24 04:30:00+08:00,2026-07-24 05:00:00+08:00,1784838600000,SOL-USDT,30m,76.14,76.17,76.07,76.14,2788.791589,212210.85862891,212210.85862891,1
2026-07-24 05:00:00+08:00,2026-07-24 05:30:00+08:00,1784840400000,SOL-USDT,30m,76.14,76.27,75.9,76.04,6716.842101,510910.20564365,510910.20564365,1
2026-07-24 05:30:00+08:00,2026-07-24 06:00:00+08:00,1784842200000,SOL-USDT,30m,76.04,76.11,75.97,76.04,2802.361639,213128.82481676,213128.82481676,1
2026-07-24 06:00:00+08:00,2026-07-24 06:30:00+08:00,1784844000000,SOL-USDT,30m,76.05,76.2,75.85,76.11,4994.228487,379618.54096062,379618.54096062,1
2026-07-24 06:30:00+08:00,2026-07-24 07:00:00+08:00,1784845800000,SOL-USDT,30m,76.1,76.23,76.1,76.19,2214.636723,168723.5331026,168723.5331026,1
2026-07-24 07:00:00+08:00,2026-07-24 07:30:00+08:00,1784847600000,SOL-USDT,30m,76.19,76.25,76.14,76.21,6399.150772,487593.89755468,487593.89755468,1
2026-07-24 07:30:00+08:00,2026-07-24 08:00:00+08:00,1784849400000,SOL-USDT,30m,76.2,76.21,75.88,75.89,4690.757674,356456.27946396,356456.27946396,1
2026-07-24 08:00:00+08:00,2026-07-24 08:30:00+08:00,1784851200000,SOL-USDT,30m,75.89,75.91,75.64,75.75,14858.539015,1126126.98356756,1126126.98356756,1
2026-07-24 08:30:00+08:00,2026-07-24 09:00:00+08:00,1784853000000,SOL-USDT,30m,75.76,75.85,75.54,75.82,7835.170246,593150.7682743,593150.7682743,1
2026-07-24 09:00:00+08:00,2026-07-24 09:30:00+08:00,1784854800000,SOL-USDT,30m,75.83,76.12,75.78,75.93,8215.466944,624090.78775988,624090.78775988,1
2026-07-24 09:30:00+08:00,2026-07-24 10:00:00+08:00,1784856600000,SOL-USDT,30m,75.92,76.02,75.67,75.7,8095.31162,614249.23527557,614249.23527557,1
2026-07-24 10:00:00+08:00,2026-07-24 10:30:00+08:00,1784858400000,SOL-USDT,30m,75.7,75.92,75.69,75.79,4489.304458,340216.90941998,340216.90941998,1
2026-07-24 10:30:00+08:00,2026-07-24 11:00:00+08:00,1784860200000,SOL-USDT,30m,75.78,75.78,75.29,75.53,10602.150712,799977.27267716,799977.27267716,1
2026-07-24 11:00:00+08:00,2026-07-24 11:30:00+08:00,1784862000000,SOL-USDT,30m,75.54,75.96,75.46,75.88,9657.883879,732385.17965746,732385.17965746,1
2026-07-24 11:30:00+08:00,2026-07-24 12:00:00+08:00,1784863800000,SOL-USDT,30m,75.89,75.93,75.75,75.84,6003.817523,455299.29854528,455299.29854528,1
2026-07-24 12:00:00+08:00,2026-07-24 12:30:00+08:00,1784865600000,SOL-USDT,30m,75.84,75.87,75.64,75.8,5285.423443,400484.4541376,400484.4541376,1
2026-07-24 12:30:00+08:00,2026-07-24 13:00:00+08:00,1784867400000,SOL-USDT,30m,75.79,75.83,75.62,75.66,2319.275486,175605.98257381,175605.98257381,1
2026-07-24 13:00:00+08:00,2026-07-24 13:30:00+08:00,1784869200000,SOL-USDT,30m,75.68,75.91,75.58,75.85,9676.075063,733585.97530828,733585.97530828,1
2026-07-24 13:30:00+08:00,2026-07-24 14:00:00+08:00,1784871000000,SOL-USDT,30m,75.85,75.87,75.7,75.79,2985.6148,226254.98099404,226254.98099404,1
2026-07-24 14:00:00+08:00,2026-07-24 14:30:00+08:00,1784872800000,SOL-USDT,30m,75.8,76.02,75.73,75.87,6728.112376,510480.46892295,510480.46892295,1
2026-07-24 14:30:00+08:00,2026-07-24 15:00:00+08:00,1784874600000,SOL-USDT,30m,75.86,75.96,75.79,75.85,3127.415645,237282.09480455,237282.09480455,1
2026-07-24 15:00:00+08:00,2026-07-24 15:30:00+08:00,1784876400000,SOL-USDT,30m,75.85,76.44,75.85,76.15,28694.861191,2187467.71149721,2187467.71149721,1
2026-07-24 15:30:00+08:00,2026-07-24 16:00:00+08:00,1784878200000,SOL-USDT,30m,76.15,76.23,75.79,76.06,12181.495336,925985.89786078,925985.89786078,1
2026-07-24 16:00:00+08:00,2026-07-24 16:30:00+08:00,1784880000000,SOL-USDT,30m,76.07,76.08,75.72,75.82,15369.743873,1166951.25542795,1166951.25542795,1
2026-07-24 16:30:00+08:00,2026-07-24 17:00:00+08:00,1784881800000,SOL-USDT,30m,75.83,75.93,75.76,75.78,5576.684823,422929.50757596,422929.50757596,1
2026-07-24 17:00:00+08:00,2026-07-24 17:30:00+08:00,1784883600000,SOL-USDT,30m,75.77,75.84,75.37,75.55,13165.521775,994954.00009873,994954.00009873,1
2026-07-24 17:30:00+08:00,2026-07-24 18:00:00+08:00,1784885400000,SOL-USDT,30m,75.55,75.68,75.43,75.63,8433.612626,636953.16281041,636953.16281041,1
2026-07-24 18:00:00+08:00,2026-07-24 18:30:00+08:00,1784887200000,SOL-USDT,30m,75.63,75.66,75.41,75.55,4283.834955,323507.83484423,323507.83484423,1
2026-07-24 18:30:00+08:00,2026-07-24 19:00:00+08:00,1784889000000,SOL-USDT,30m,75.54,75.62,75.38,75.49,2731.384267,206284.04225522,206284.04225522,1
2026-07-24 19:00:00+08:00,2026-07-24 19:30:00+08:00,1784890800000,SOL-USDT,30m,75.49,75.52,75.23,75.31,6066.700756,457262.46997329,457262.46997329,1
2026-07-24 19:30:00+08:00,2026-07-24 20:00:00+08:00,1784892600000,SOL-USDT,30m,75.33,75.34,74.99,75.2,20984.890421,1576353.06521529,1576353.06521529,1
2026-07-24 20:00:00+08:00,2026-07-24 20:30:00+08:00,1784894400000,SOL-USDT,30m,75.19,75.3,75.09,75.17,7249.408841,545070.31684182,545070.31684182,1
2026-07-24 20:30:00+08:00,2026-07-24 21:00:00+08:00,1784896200000,SOL-USDT,30m,75.18,75.26,74.81,74.87,7548.972325,565795.24898798,565795.24898798,1
2026-07-24 21:00:00+08:00,2026-07-24 21:30:00+08:00,1784898000000,SOL-USDT,30m,74.86,74.93,74.25,74.55,32874.376998,2451343.73657357,2451343.73657357,1
2026-07-24 21:30:00+08:00,2026-07-24 22:00:00+08:00,1784899800000,SOL-USDT,30m,74.54,74.59,73.97,74.22,37827.044483,2809074.26190401,2809074.26190401,1
2026-07-24 22:00:00+08:00,2026-07-24 22:30:00+08:00,1784901600000,SOL-USDT,30m,74.22,74.27,73.64,73.97,37155.557415,2747196.28635967,2747196.28635967,1
2026-07-24 22:30:00+08:00,2026-07-24 23:00:00+08:00,1784903400000,SOL-USDT,30m,73.95,74.06,73.61,74.04,16158.179348,1192985.05942875,1192985.05942875,1
2026-07-24 23:00:00+08:00,2026-07-24 23:30:00+08:00,1784905200000,SOL-USDT,30m,74.03,74.2,73.7,74.16,19180.281834,1419649.3256444,1419649.3256444,1
2026-07-24 23:30:00+08:00,2026-07-25 00:00:00+08:00,1784907000000,SOL-USDT,30m,74.16,74.3,73.99,74.04,16983.744073,1259461.76598963,1259461.76598963,1
2026-07-25 00:00:00+08:00,2026-07-25 00:30:00+08:00,1784908800000,SOL-USDT,30m,74.05,74.22,73.97,74.04,8988.131264,665871.54433611,665871.54433611,1
2026-07-25 00:30:00+08:00,2026-07-25 01:00:00+08:00,1784910600000,SOL-USDT,30m,74.03,74.04,73.72,73.91,10779.339107,796474.93697085,796474.93697085,1
2026-07-25 01:00:00+08:00,2026-07-25 01:30:00+08:00,1784912400000,SOL-USDT,30m,73.91,74.15,73.86,74.12,8604.294589,636423.92891803,636423.92891803,1
2026-07-25 01:30:00+08:00,2026-07-25 02:00:00+08:00,1784914200000,SOL-USDT,30m,74.12,74.15,73.95,74.05,4070.313289,301374.30586931,301374.30586931,1
2026-07-25 02:00:00+08:00,2026-07-25 02:30:00+08:00,1784916000000,SOL-USDT,30m,74.05,74.08,73.96,74,3994.232996,295663.31338583,295663.31338583,1
2026-07-25 02:30:00+08:00,2026-07-25 03:00:00+08:00,1784917800000,SOL-USDT,30m,74,74.06,73.9,73.98,7331.404535,542315.73559009,542315.73559009,1
2026-07-25 03:00:00+08:00,2026-07-25 03:30:00+08:00,1784919600000,SOL-USDT,30m,73.98,74,73.79,73.97,5232.479599,386545.109915,386545.109915,1
2026-07-25 03:30:00+08:00,2026-07-25 04:00:00+08:00,1784921400000,SOL-USDT,30m,73.97,74.04,73.9,73.96,10685.145867,790409.48721096,790409.48721096,1
2026-07-25 04:00:00+08:00,2026-07-25 04:30:00+08:00,1784923200000,SOL-USDT,30m,73.96,74.03,73.87,73.91,3286.279386,243033.80239953,243033.80239953,1
2026-07-25 04:30:00+08:00,2026-07-25 05:00:00+08:00,1784925000000,SOL-USDT,30m,73.91,73.91,73.72,73.79,4637.76275,342310.66732352,342310.66732352,1
2026-07-25 05:00:00+08:00,2026-07-25 05:30:00+08:00,1784926800000,SOL-USDT,30m,73.79,73.84,73.45,73.7,20451.448569,1505241.85476223,1505241.85476223,1
2026-07-25 05:30:00+08:00,2026-07-25 06:00:00+08:00,1784928600000,SOL-USDT,30m,73.71,73.82,73.62,73.65,7461.900923,550221.3465216,550221.3465216,1
2026-07-25 06:00:00+08:00,2026-07-25 06:30:00+08:00,1784930400000,SOL-USDT,30m,73.65,73.87,73.63,73.87,3134.35567,231287.84060164,231287.84060164,1
2026-07-25 06:30:00+08:00,2026-07-25 07:00:00+08:00,1784932200000,SOL-USDT,30m,73.87,73.98,73.87,73.94,4510.830142,333531.87341414,333531.87341414,1
2026-07-25 07:00:00+08:00,2026-07-25 07:30:00+08:00,1784934000000,SOL-USDT,30m,73.93,74.03,73.85,73.91,3770.134303,278771.56413293,278771.56413293,1
2026-07-25 07:30:00+08:00,2026-07-25 08:00:00+08:00,1784935800000,SOL-USDT,30m,73.92,73.98,73.86,73.96,4204.195599,310859.11085215,310859.11085215,1
2026-07-25 08:00:00+08:00,2026-07-25 08:30:00+08:00,1784937600000,SOL-USDT,30m,73.97,74.07,73.94,74.06,5284.196023,391096.554034,391096.554034,1
2026-07-25 08:30:00+08:00,2026-07-25 09:00:00+08:00,1784939400000,SOL-USDT,30m,74.06,74.15,73.97,74.13,9489.542754,702787.23887905,702787.23887905,1
2026-07-25 09:00:00+08:00,2026-07-25 09:30:00+08:00,1784941200000,SOL-USDT,30m,74.13,74.24,74.01,74.04,4700.056218,348292.0604204,348292.0604204,1
2026-07-25 09:30:00+08:00,2026-07-25 10:00:00+08:00,1784943000000,SOL-USDT,30m,74.04,74.25,74.02,74.14,5425.2264,402346.1832461,402346.1832461,1
2026-07-25 10:00:00+08:00,2026-07-25 10:30:00+08:00,1784944800000,SOL-USDT,30m,74.14,74.21,74.06,74.17,1948.975624,144481.38397622,144481.38397622,1
2026-07-25 10:30:00+08:00,2026-07-25 11:00:00+08:00,1784946600000,SOL-USDT,30m,74.17,74.22,74.06,74.1,2919.396391,216440.21277545,216440.21277545,1
2026-07-25 11:00:00+08:00,2026-07-25 11:30:00+08:00,1784948400000,SOL-USDT,30m,74.11,74.33,74.04,74.23,4946.047799,367089.39014494,367089.39014494,1
2026-07-25 11:30:00+08:00,2026-07-25 12:00:00+08:00,1784950200000,SOL-USDT,30m,74.23,74.25,74.1,74.14,7030.766299,521529.15438451,521529.15438451,1
2026-07-25 12:00:00+08:00,2026-07-25 12:30:00+08:00,1784952000000,SOL-USDT,30m,74.14,74.37,74.13,74.29,6667.714241,495199.74057633,495199.74057633,1
2026-07-25 12:30:00+08:00,2026-07-25 13:00:00+08:00,1784953800000,SOL-USDT,30m,74.3,74.34,74.24,74.31,6656.292129,494480.55674003,494480.55674003,1
2026-07-25 13:00:00+08:00,2026-07-25 13:30:00+08:00,1784955600000,SOL-USDT,30m,74.32,74.36,74.18,74.21,4335.580142,321980.29318631,321980.29318631,1
2026-07-25 13:30:00+08:00,2026-07-25 14:00:00+08:00,1784957400000,SOL-USDT,30m,74.21,74.22,73.91,73.98,6347.258931,469725.10103964,469725.10103964,1
2026-07-25 14:00:00+08:00,2026-07-25 14:30:00+08:00,1784959200000,SOL-USDT,30m,73.98,74.03,73.84,73.88,5931.421553,438590.6921022,438590.6921022,1
2026-07-25 14:30:00+08:00,2026-07-25 15:00:00+08:00,1784961000000,SOL-USDT,30m,73.87,74.04,73.77,74.04,7377.595439,544983.1995137,544983.1995137,1
2026-07-25 15:00:00+08:00,2026-07-25 15:30:00+08:00,1784962800000,SOL-USDT,30m,74.04,74.07,73.85,73.87,4934.689537,365002.04519618,365002.04519618,1
2026-07-25 15:30:00+08:00,2026-07-25 16:00:00+08:00,1784964600000,SOL-USDT,30m,73.86,73.91,73.79,73.79,4082.10383,301464.03592508,301464.03592508,1
2026-07-25 16:00:00+08:00,2026-07-25 16:30:00+08:00,1784966400000,SOL-USDT,30m,73.79,73.86,73.55,73.86,8554.697761,630508.36524642,630508.36524642,1
2026-07-25 16:30:00+08:00,2026-07-25 17:00:00+08:00,1784968200000,SOL-USDT,30m,73.86,73.87,73.74,73.8,3920.57819,289314.08917131,289314.08917131,1
2026-07-25 17:00:00+08:00,2026-07-25 17:30:00+08:00,1784970000000,SOL-USDT,30m,73.8,74,73.76,73.99,5350.159743,395167.34003259,395167.34003259,1
2026-07-25 17:30:00+08:00,2026-07-25 18:00:00+08:00,1784971800000,SOL-USDT,30m,74,74.04,73.94,73.99,2640.467433,195372.44920061,195372.44920061,1
2026-07-25 18:00:00+08:00,2026-07-25 18:30:00+08:00,1784973600000,SOL-USDT,30m,74,74.03,73.92,73.99,3568.794067,264010.08332118,264010.08332118,1
2026-07-25 18:30:00+08:00,2026-07-25 19:00:00+08:00,1784975400000,SOL-USDT,30m,73.99,74,73.91,73.99,3314.472957,245094.89079143,245094.89079143,1
2026-07-25 19:00:00+08:00,2026-07-25 19:30:00+08:00,1784977200000,SOL-USDT,30m,73.99,74.05,73.91,73.93,4631.751646,342754.33437804,342754.33437804,1
2026-07-25 19:30:00+08:00,2026-07-25 20:00:00+08:00,1784979000000,SOL-USDT,30m,73.94,73.99,73.86,73.92,2363.75144,174731.54510235,174731.54510235,1
2026-07-25 20:00:00+08:00,2026-07-25 20:30:00+08:00,1784980800000,SOL-USDT,30m,73.93,74,73.87,73.94,2537.636752,187578.4718921,187578.4718921,1
2026-07-25 20:30:00+08:00,2026-07-25 21:00:00+08:00,1784982600000,SOL-USDT,30m,73.94,73.98,73.87,73.97,5266.240636,389237.01140861,389237.01140861,1
2026-07-25 21:00:00+08:00,2026-07-25 21:30:00+08:00,1784984400000,SOL-USDT,30m,73.97,74.07,73.94,73.99,3990.183223,295289.53539449,295289.53539449,1
2026-07-25 21:30:00+08:00,2026-07-25 22:00:00+08:00,1784986200000,SOL-USDT,30m,74,74.18,73.96,73.99,5169.036785,382921.95944857,382921.95944857,1
2026-07-25 22:00:00+08:00,2026-07-25 22:30:00+08:00,1784988000000,SOL-USDT,30m,73.99,73.99,73.78,73.86,6761.268663,499335.04445355,499335.04445355,1
2026-07-25 22:30:00+08:00,2026-07-25 23:00:00+08:00,1784989800000,SOL-USDT,30m,73.86,74.08,73.85,74.06,3757.513145,277927.44777367,277927.44777367,1
2026-07-25 23:00:00+08:00,2026-07-25 23:30:00+08:00,1784991600000,SOL-USDT,30m,74.05,74.31,74.01,74.19,7168.669931,531777.49399922,531777.49399922,1
2026-07-25 23:30:00+08:00,2026-07-26 00:00:00+08:00,1784993400000,SOL-USDT,30m,74.19,74.27,74.14,74.17,4034.852129,299415.22749019,299415.22749019,1
2026-07-26 00:00:00+08:00,2026-07-26 00:30:00+08:00,1784995200000,SOL-USDT,30m,74.17,74.3,74.1,74.18,4056.05663,300905.93085356,300905.93085356,1
2026-07-26 00:30:00+08:00,2026-07-26 01:00:00+08:00,1784997000000,SOL-USDT,30m,74.18,74.43,74.17,74.32,8563.542882,636424.22751829,636424.22751829,1
2026-07-26 01:00:00+08:00,2026-07-26 01:30:00+08:00,1784998800000,SOL-USDT,30m,74.33,74.59,74.3,74.49,4713.616504,350965.96509597,350965.96509597,1
2026-07-26 01:30:00+08:00,2026-07-26 02:00:00+08:00,1785000600000,SOL-USDT,30m,74.49,74.67,74.45,74.47,6060.744414,451848.64897655,451848.64897655,1
2026-07-26 02:00:00+08:00,2026-07-26 02:30:00+08:00,1785002400000,SOL-USDT,30m,74.48,74.68,74.48,74.57,5340.499158,398102.88078942,398102.88078942,1
2026-07-26 02:30:00+08:00,2026-07-26 03:00:00+08:00,1785004200000,SOL-USDT,30m,74.56,74.72,74.52,74.65,4026.088556,300424.11294471,300424.11294471,1
2026-07-26 03:00:00+08:00,2026-07-26 03:30:00+08:00,1785006000000,SOL-USDT,30m,74.66,74.73,74.6,74.61,2630.188468,196360.71576066,196360.71576066,1
2026-07-26 03:30:00+08:00,2026-07-26 04:00:00+08:00,1785007800000,SOL-USDT,30m,74.61,74.63,74.54,74.57,1649.722781,123043.37102017,123043.37102017,1
2026-07-26 04:00:00+08:00,2026-07-26 04:30:00+08:00,1785009600000,SOL-USDT,30m,74.57,74.58,74.43,74.5,3546.029429,264148.42799201,264148.42799201,1
2026-07-26 04:30:00+08:00,2026-07-26 05:00:00+08:00,1785011400000,SOL-USDT,30m,74.5,74.51,74.4,74.44,1272.562878,94723.00108211,94723.00108211,1
2026-07-26 05:00:00+08:00,2026-07-26 05:30:00+08:00,1785013200000,SOL-USDT,30m,74.45,74.45,74.28,74.43,3060.696535,227581.19291626,227581.19291626,1
2026-07-26 05:30:00+08:00,2026-07-26 06:00:00+08:00,1785015000000,SOL-USDT,30m,74.43,74.61,74.39,74.47,7377.978214,549799.52147434,549799.52147434,1
2026-07-26 06:00:00+08:00,2026-07-26 06:30:00+08:00,1785016800000,SOL-USDT,30m,74.47,74.5,74.38,74.39,3537.816199,263338.70777932,263338.70777932,1
2026-07-26 06:30:00+08:00,2026-07-26 07:00:00+08:00,1785018600000,SOL-USDT,30m,74.38,74.53,74.3,74.5,2313.610416,172163.1972847,172163.1972847,1
2026-07-26 07:00:00+08:00,2026-07-26 07:30:00+08:00,1785020400000,SOL-USDT,30m,74.51,74.51,74.4,74.46,3336.016082,248451.00403512,248451.00403512,1
2026-07-26 07:30:00+08:00,2026-07-26 08:00:00+08:00,1785022200000,SOL-USDT,30m,74.46,74.54,74.43,74.53,2275.784431,169506.49897979,169506.49897979,1
2026-07-26 08:00:00+08:00,2026-07-26 08:30:00+08:00,1785024000000,SOL-USDT,30m,74.53,74.96,74.47,74.88,8356.709294,625009.46669076,625009.46669076,1
2026-07-26 08:30:00+08:00,2026-07-26 09:00:00+08:00,1785025800000,SOL-USDT,30m,74.89,74.9,74.66,74.78,7313.126269,546788.63985572,546788.63985572,1
2026-07-26 09:00:00+08:00,2026-07-26 09:30:00+08:00,1785027600000,SOL-USDT,30m,74.79,74.82,74.67,74.7,4208.734919,314683.07346696,314683.07346696,1
2026-07-26 09:30:00+08:00,2026-07-26 10:00:00+08:00,1785029400000,SOL-USDT,30m,74.7,74.9,74.7,74.83,2130.616224,159380.96093839,159380.96093839,1
2026-07-26 10:00:00+08:00,2026-07-26 10:30:00+08:00,1785031200000,SOL-USDT,30m,74.84,74.88,74.72,74.81,4260.172385,318632.08776996,318632.08776996,1
2026-07-26 10:30:00+08:00,2026-07-26 11:00:00+08:00,1785033000000,SOL-USDT,30m,74.81,74.93,74.72,74.9,3487.580989,261082.6432622,261082.6432622,1
2026-07-26 11:00:00+08:00,2026-07-26 11:30:00+08:00,1785034800000,SOL-USDT,30m,74.91,75.06,74.82,74.93,7738.611886,580083.11590131,580083.11590131,1
2026-07-26 11:30:00+08:00,2026-07-26 12:00:00+08:00,1785036600000,SOL-USDT,30m,74.92,75.02,74.91,75.02,3892.809778,291849.18241097,291849.18241097,1
2026-07-26 12:00:00+08:00,2026-07-26 12:30:00+08:00,1785038400000,SOL-USDT,30m,75.04,75.16,74.95,75.14,4535.939911,340455.81032555,340455.81032555,1
2026-07-26 12:30:00+08:00,2026-07-26 13:00:00+08:00,1785040200000,SOL-USDT,30m,75.14,75.23,75.03,75.08,5094.104266,382659.02655896,382659.02655896,1
2026-07-26 13:00:00+08:00,2026-07-26 13:30:00+08:00,1785042000000,SOL-USDT,30m,75.08,75.18,75.01,75.04,2474.227748,185789.85434979,185789.85434979,1
2026-07-26 13:30:00+08:00,2026-07-26 14:00:00+08:00,1785043800000,SOL-USDT,30m,75.04,75.12,74.93,75.01,3522.388501,264269.8492459,264269.8492459,1
2026-07-26 14:00:00+08:00,2026-07-26 14:30:00+08:00,1785045600000,SOL-USDT,30m,75.02,75.06,74.75,74.78,4971.548406,372210.29594852,372210.29594852,1
2026-07-26 14:30:00+08:00,2026-07-26 15:00:00+08:00,1785047400000,SOL-USDT,30m,74.78,75.14,74.76,75.12,5869.320374,439918.86263416,439918.86263416,1
2026-07-26 15:00:00+08:00,2026-07-26 15:30:00+08:00,1785049200000,SOL-USDT,30m,75.13,75.15,74.94,74.94,4232.42658,317697.39488687,317697.39488687,1
2026-07-26 15:30:00+08:00,2026-07-26 16:00:00+08:00,1785051000000,SOL-USDT,30m,74.95,74.99,74.85,74.88,1993.206408,149319.21704621,149319.21704621,1
2026-07-26 16:00:00+08:00,2026-07-26 16:30:00+08:00,1785052800000,SOL-USDT,30m,74.88,74.96,74.85,74.9,2799.141731,209646.95542699,209646.95542699,1
2026-07-26 16:30:00+08:00,2026-07-26 17:00:00+08:00,1785054600000,SOL-USDT,30m,74.91,75.07,74.88,75,4603.83724,345206.19889958,345206.19889958,1
2026-07-26 17:00:00+08:00,2026-07-26 17:30:00+08:00,1785056400000,SOL-USDT,30m,74.99,75.12,74.99,75.08,3165.928654,237661.59414563,237661.59414563,1
2026-07-26 17:30:00+08:00,2026-07-26 18:00:00+08:00,1785058200000,SOL-USDT,30m,75.08,75.28,75.02,75.07,8469.376202,636636.61107652,636636.61107652,1
2026-07-26 18:00:00+08:00,2026-07-26 18:30:00+08:00,1785060000000,SOL-USDT,30m,75.08,75.19,75.02,75.13,4851.064401,364379.74087726,364379.74087726,1
2026-07-26 18:30:00+08:00,2026-07-26 19:00:00+08:00,1785061800000,SOL-USDT,30m,75.13,75.25,75.11,75.13,3198.333159,240407.45058436,240407.45058436,1
2026-07-26 19:00:00+08:00,2026-07-26 19:30:00+08:00,1785063600000,SOL-USDT,30m,75.12,75.18,75.05,75.07,2279.655695,171163.22643371,171163.22643371,1
2026-07-26 19:30:00+08:00,2026-07-26 20:00:00+08:00,1785065400000,SOL-USDT,30m,75.06,75.1,74.9,74.94,7487.151226,561566.81189074,561566.81189074,1
2026-07-26 20:00:00+08:00,2026-07-26 20:30:00+08:00,1785067200000,SOL-USDT,30m,74.95,75.14,74.88,75,3313.808763,248618.19827532,248618.19827532,1
2026-07-26 20:30:00+08:00,2026-07-26 21:00:00+08:00,1785069000000,SOL-USDT,30m,75,75,74.82,74.87,3638.144538,272467.86587993,272467.86587993,1
2026-07-26 21:00:00+08:00,2026-07-26 21:30:00+08:00,1785070800000,SOL-USDT,30m,74.86,74.96,74.77,74.87,3697.836648,276814.11849636,276814.11849636,1
2026-07-26 21:30:00+08:00,2026-07-26 22:00:00+08:00,1785072600000,SOL-USDT,30m,74.87,74.98,74.78,74.94,4793.548464,358938.07139272,358938.07139272,1
2026-07-26 22:00:00+08:00,2026-07-26 22:30:00+08:00,1785074400000,SOL-USDT,30m,74.94,75.23,74.92,74.92,7356.767987,552368.65472911,552368.65472911,1
2026-07-26 22:30:00+08:00,2026-07-26 23:00:00+08:00,1785076200000,SOL-USDT,30m,74.92,75.08,74.89,75.06,5785.101131,433761.29468204,433761.29468204,1
2026-07-26 23:00:00+08:00,2026-07-26 23:30:00+08:00,1785078000000,SOL-USDT,30m,75.06,75.38,74.96,75.21,9296.364589,699071.26394908,699071.26394908,1
2026-07-26 23:30:00+08:00,2026-07-27 00:00:00+08:00,1785079800000,SOL-USDT,30m,75.22,75.5,75.16,75.5,6758.282854,509408.55095424,509408.55095424,1
2026-07-27 00:00:00+08:00,2026-07-27 00:30:00+08:00,1785081600000,SOL-USDT,30m,75.49,75.73,75.31,75.69,8098.009212,611591.43456744,611591.43456744,1
2026-07-27 00:30:00+08:00,2026-07-27 01:00:00+08:00,1785083400000,SOL-USDT,30m,75.68,75.98,75.53,75.54,11311.800243,856817.79052639,856817.79052639,1
2026-07-27 01:00:00+08:00,2026-07-27 01:30:00+08:00,1785085200000,SOL-USDT,30m,75.54,75.6,75.3,75.34,5157.363092,389257.74443529,389257.74443529,1
2026-07-27 01:30:00+08:00,2026-07-27 02:00:00+08:00,1785087000000,SOL-USDT,30m,75.34,75.44,75.3,75.38,3649.571866,275134.80555505,275134.80555505,1
2026-07-27 02:00:00+08:00,2026-07-27 02:30:00+08:00,1785088800000,SOL-USDT,30m,75.39,75.44,75.29,75.34,1784.965561,134502.98459445,134502.98459445,1
2026-07-27 02:30:00+08:00,2026-07-27 03:00:00+08:00,1785090600000,SOL-USDT,30m,75.34,75.45,75.3,75.39,1634.152953,123179.62214499,123179.62214499,1
2026-07-27 03:00:00+08:00,2026-07-27 03:30:00+08:00,1785092400000,SOL-USDT,30m,75.4,75.45,75.26,75.3,1843.04341,138827.76959636,138827.76959636,1
2026-07-27 03:30:00+08:00,2026-07-27 04:00:00+08:00,1785094200000,SOL-USDT,30m,75.3,75.35,75.25,75.35,2023.869354,152387.56906952,152387.56906952,1
2026-07-27 04:00:00+08:00,2026-07-27 04:30:00+08:00,1785096000000,SOL-USDT,30m,75.35,75.4,75.33,75.37,3031.568582,228493.12513717,228493.12513717,1
2026-07-27 04:30:00+08:00,2026-07-27 05:00:00+08:00,1785097800000,SOL-USDT,30m,75.36,75.4,75.31,75.35,1290.683482,97269.75065735,97269.75065735,1
2026-07-27 05:00:00+08:00,2026-07-27 05:30:00+08:00,1785099600000,SOL-USDT,30m,75.35,75.71,75.33,75.64,5654.823604,426864.16332637,426864.16332637,1
2026-07-27 05:30:00+08:00,2026-07-27 06:00:00+08:00,1785101400000,SOL-USDT,30m,75.63,75.76,75.53,75.65,6355.416023,480716.12888047,480716.12888047,1
2026-07-27 06:00:00+08:00,2026-07-27 06:30:00+08:00,1785103200000,SOL-USDT,30m,75.66,76.42,75.66,76.39,32865.077748,2503263.55100826,2503263.55100826,1
2026-07-27 06:30:00+08:00,2026-07-27 07:00:00+08:00,1785105000000,SOL-USDT,30m,76.37,76.8,76.35,76.71,19405.111872,1486085.10099065,1486085.10099065,1
2026-07-27 07:00:00+08:00,2026-07-27 07:30:00+08:00,1785106800000,SOL-USDT,30m,76.72,77.1,76.62,76.69,30045.504949,2309763.26578202,2309763.26578202,1
2026-07-27 07:30:00+08:00,2026-07-27 08:00:00+08:00,1785108600000,SOL-USDT,30m,76.68,76.77,76.52,76.77,9096.687058,697312.00201429,697312.00201429,1
2026-07-27 08:00:00+08:00,2026-07-27 08:30:00+08:00,1785110400000,SOL-USDT,30m,76.78,76.8,76.39,76.5,10084.177163,772172.89237376,772172.89237376,1
2026-07-27 08:30:00+08:00,2026-07-27 09:00:00+08:00,1785112200000,SOL-USDT,30m,76.49,76.54,76.21,76.34,8134.388518,621684.0887539,621684.0887539,1
2026-07-27 09:00:00+08:00,2026-07-27 09:30:00+08:00,1785114000000,SOL-USDT,30m,76.35,76.45,76.17,76.22,6448.411545,492186.39199755,492186.39199755,1
2026-07-27 09:30:00+08:00,2026-07-27 10:00:00+08:00,1785115800000,SOL-USDT,30m,76.22,76.53,76,76.53,11822.888005,901846.35125034,901846.35125034,1
2026-07-27 10:00:00+08:00,2026-07-27 10:30:00+08:00,1785117600000,SOL-USDT,30m,76.53,76.75,76.45,76.59,36143.782975,2768593.63362284,2768593.63362284,1
2026-07-27 10:30:00+08:00,2026-07-27 11:00:00+08:00,1785119400000,SOL-USDT,30m,76.58,76.68,76.38,76.45,7877.710744,603094.34995849,603094.34995849,1
2026-07-27 11:00:00+08:00,2026-07-27 11:30:00+08:00,1785121200000,SOL-USDT,30m,76.46,76.56,76.36,76.46,5850.693286,447257.95126781,447257.95126781,1
2026-07-27 11:30:00+08:00,2026-07-27 12:00:00+08:00,1785123000000,SOL-USDT,30m,76.46,76.52,76.34,76.43,5912.698045,451786.91591574,451786.91591574,1
2026-07-27 12:00:00+08:00,2026-07-27 12:30:00+08:00,1785124800000,SOL-USDT,30m,76.43,76.64,76.34,76.4,10404.786944,795735.15930039,795735.15930039,1
2026-07-27 12:30:00+08:00,2026-07-27 13:00:00+08:00,1785126600000,SOL-USDT,30m,76.41,76.45,76.28,76.33,6746.861847,515181.70546256,515181.70546256,1
2026-07-27 13:00:00+08:00,2026-07-27 13:30:00+08:00,1785128400000,SOL-USDT,30m,76.33,76.52,76.28,76.44,5576.078144,425997.11746081,425997.11746081,1
2026-07-27 13:30:00+08:00,2026-07-27 14:00:00+08:00,1785130200000,SOL-USDT,30m,76.44,76.66,76.32,76.57,5756.309883,440021.17375765,440021.17375765,1
2026-07-27 14:00:00+08:00,2026-07-27 14:30:00+08:00,1785132000000,SOL-USDT,30m,76.58,77.02,76.54,76.7,16286.603672,1251308.74058701,1251308.74058701,1
2026-07-27 14:30:00+08:00,2026-07-27 15:00:00+08:00,1785133800000,SOL-USDT,30m,76.69,76.94,76.65,76.73,8856.045256,680128.76710047,680128.76710047,1
2026-07-27 15:00:00+08:00,2026-07-27 15:30:00+08:00,1785135600000,SOL-USDT,30m,76.73,76.76,76.58,76.58,6168.718133,472954.72189277,472954.72189277,1
2026-07-27 15:30:00+08:00,2026-07-27 16:00:00+08:00,1785137400000,SOL-USDT,30m,76.58,76.63,76.4,76.48,11236.036949,860282.69950093,860282.69950093,1
2026-07-27 16:00:00+08:00,2026-07-27 16:30:00+08:00,1785139200000,SOL-USDT,30m,76.49,76.52,76.3,76.4,6491.642802,495937.10810308,495937.10810308,1
2026-07-27 16:30:00+08:00,2026-07-27 17:00:00+08:00,1785141000000,SOL-USDT,30m,76.4,76.41,76.24,76.31,4122.799109,314712.78533317,314712.78533317,1
2026-07-27 17:00:00+08:00,2026-07-27 17:30:00+08:00,1785142800000,SOL-USDT,30m,76.3,76.37,76.13,76.37,7301.232202,556588.85206297,556588.85206297,1
2026-07-27 17:30:00+08:00,2026-07-27 18:00:00+08:00,1785144600000,SOL-USDT,30m,76.36,76.57,76.32,76.49,10009.396506,765481.86061869,765481.86061869,1
2026-07-27 18:00:00+08:00,2026-07-27 18:30:00+08:00,1785146400000,SOL-USDT,30m,76.49,76.64,76.43,76.59,9433.82695,721803.82049602,721803.82049602,1
2026-07-27 18:30:00+08:00,2026-07-27 19:00:00+08:00,1785148200000,SOL-USDT,30m,76.6,76.68,76.55,76.63,5157.367914,395101.00456227,395101.00456227,1
2026-07-27 19:00:00+08:00,2026-07-27 19:30:00+08:00,1785150000000,SOL-USDT,30m,76.63,76.67,76.5,76.51,4094.652389,313583.22116317,313583.22116317,1
2026-07-27 19:30:00+08:00,2026-07-27 20:00:00+08:00,1785151800000,SOL-USDT,30m,76.51,76.69,76.51,76.53,4834.162019,370307.18901941,370307.18901941,1
2026-07-27 20:00:00+08:00,2026-07-27 20:30:00+08:00,1785153600000,SOL-USDT,30m,76.52,76.79,76.39,76.39,12091.03431,925801.70156766,925801.70156766,1
2026-07-27 20:30:00+08:00,2026-07-27 21:00:00+08:00,1785155400000,SOL-USDT,30m,76.4,77.07,76.25,76.85,49103.012036,3768199.4863355,3768199.4863355,1
2026-07-27 21:00:00+08:00,2026-07-27 21:30:00+08:00,1785157200000,SOL-USDT,30m,76.86,76.97,76.46,76.52,18641.579151,1429847.64986755,1429847.64986755,1
2026-07-27 21:30:00+08:00,2026-07-27 22:00:00+08:00,1785159000000,SOL-USDT,30m,76.52,77.52,76.49,76.91,54826.898171,4227417.32386232,4227417.32386232,1
2026-07-27 22:00:00+08:00,2026-07-27 22:30:00+08:00,1785160800000,SOL-USDT,30m,76.91,77.01,75.81,75.83,31618.333796,2415235.54140912,2415235.54140912,1
2026-07-27 22:30:00+08:00,2026-07-27 23:00:00+08:00,1785162600000,SOL-USDT,30m,75.82,75.82,75.01,75.49,47306.452977,3567443.84132346,3567443.84132346,1
2026-07-27 23:00:00+08:00,2026-07-27 23:30:00+08:00,1785164400000,SOL-USDT,30m,75.48,75.62,75.27,75.38,13905.227176,1049254.76693751,1049254.76693751,1
2026-07-27 23:30:00+08:00,2026-07-28 00:00:00+08:00,1785166200000,SOL-USDT,30m,75.37,75.48,75.1,75.28,8685.063037,654299.15806353,654299.15806353,1
2026-07-28 00:00:00+08:00,2026-07-28 00:30:00+08:00,1785168000000,SOL-USDT,30m,75.29,75.76,75.15,75.7,17219.93276,1299416.61853309,1299416.61853309,1
2026-07-28 00:30:00+08:00,2026-07-28 01:00:00+08:00,1785169800000,SOL-USDT,30m,75.7,75.99,75.7,75.96,11392.868357,864497.43136639,864497.43136639,1
2026-07-28 01:00:00+08:00,2026-07-28 01:30:00+08:00,1785171600000,SOL-USDT,30m,75.96,76.26,75.81,76.02,14305.236979,1087776.47190314,1087776.47190314,1
2026-07-28 01:30:00+08:00,2026-07-28 02:00:00+08:00,1785173400000,SOL-USDT,30m,76.01,76.17,75.84,75.91,9797.526523,744650.02388878,744650.02388878,1
2026-07-28 02:00:00+08:00,2026-07-28 02:30:00+08:00,1785175200000,SOL-USDT,30m,75.91,76,75.55,75.62,7508.417287,568418.40670493,568418.40670493,1
2026-07-28 02:30:00+08:00,2026-07-28 03:00:00+08:00,1785177000000,SOL-USDT,30m,75.62,75.64,75.27,75.6,13250.30585,999507.26490826,999507.26490826,1
2026-07-28 03:00:00+08:00,2026-07-28 03:30:00+08:00,1785178800000,SOL-USDT,30m,75.61,76,75.5,75.84,9159.185676,694182.31515669,694182.31515669,1
2026-07-28 03:30:00+08:00,2026-07-28 04:00:00+08:00,1785180600000,SOL-USDT,30m,75.83,76.05,75.75,75.99,12342.779702,937058.88982637,937058.88982637,1
2026-07-28 04:00:00+08:00,2026-07-28 04:30:00+08:00,1785182400000,SOL-USDT,30m,75.99,76.14,75.81,76.1,5893.310663,447864.93792505,447864.93792505,1
2026-07-28 04:30:00+08:00,2026-07-28 05:00:00+08:00,1785184200000,SOL-USDT,30m,76.09,76.1,75.81,75.96,4913.837743,372903.45612394,372903.45612394,1
2026-07-28 05:00:00+08:00,2026-07-28 05:30:00+08:00,1785186000000,SOL-USDT,30m,75.97,75.99,75.59,75.59,3445.654065,261266.71003869,261266.71003869,1
2026-07-28 05:30:00+08:00,2026-07-28 06:00:00+08:00,1785187800000,SOL-USDT,30m,75.59,75.68,75.51,75.6,4284.47509,323852.50244265,323852.50244265,1
2026-07-28 06:00:00+08:00,2026-07-28 06:30:00+08:00,1785189600000,SOL-USDT,30m,75.61,75.63,75.17,75.24,9012.033139,679335.83688044,679335.83688044,1
2026-07-28 06:30:00+08:00,2026-07-28 07:00:00+08:00,1785191400000,SOL-USDT,30m,75.23,75.38,74.01,74.07,41973.208914,3134370.46765504,3134370.46765504,1
2026-07-28 07:00:00+08:00,2026-07-28 07:30:00+08:00,1785193200000,SOL-USDT,30m,74.06,74.42,73.75,74.29,27760.240017,2053824.79618386,2053824.79618386,1
2026-07-28 07:30:00+08:00,2026-07-28 08:00:00+08:00,1785195000000,SOL-USDT,30m,74.3,74.38,73.97,74.22,10618.737452,787124.28606057,787124.28606057,1
2026-07-28 08:00:00+08:00,2026-07-28 08:30:00+08:00,1785196800000,SOL-USDT,30m,74.22,74.29,73.77,73.99,13641.817568,1009746.5786206,1009746.5786206,1
2026-07-28 08:30:00+08:00,2026-07-28 09:00:00+08:00,1785198600000,SOL-USDT,30m,74,74.09,73.68,73.73,17081.754175,1261729.01016193,1261729.01016193,1
2026-07-28 09:00:00+08:00,2026-07-28 09:30:00+08:00,1785200400000,SOL-USDT,30m,73.73,73.75,72.85,73.36,51861.751922,3795366.39130891,3795366.39130891,1
2026-07-28 09:30:00+08:00,2026-07-28 10:00:00+08:00,1785202200000,SOL-USDT,30m,73.35,73.49,73.16,73.21,12230.561342,896902.95678204,896902.95678204,1
2026-07-28 10:00:00+08:00,2026-07-28 10:30:00+08:00,1785204000000,SOL-USDT,30m,73.21,73.46,73.06,73.38,19954.034678,1462020.67203373,1462020.67203373,1
2026-07-28 10:30:00+08:00,2026-07-28 11:00:00+08:00,1785205800000,SOL-USDT,30m,73.38,73.41,73.18,73.38,14616.522207,1071403.05790385,1071403.05790385,1
2026-07-28 11:00:00+08:00,2026-07-28 11:30:00+08:00,1785207600000,SOL-USDT,30m,73.38,73.41,73.21,73.27,8257.651535,605317.72244213,605317.72244213,1
2026-07-28 11:30:00+08:00,2026-07-28 12:00:00+08:00,1785209400000,SOL-USDT,30m,73.28,73.39,73.18,73.29,7928.944115,580818.06754699,580818.06754699,1
2026-07-28 12:00:00+08:00,2026-07-28 12:30:00+08:00,1785211200000,SOL-USDT,30m,73.28,73.28,73.12,73.12,9191.079633,672678.53211804,672678.53211804,1
2026-07-28 12:30:00+08:00,2026-07-28 13:00:00+08:00,1785213000000,SOL-USDT,30m,73.11,73.28,72.99,73.21,11056.268726,808248.79868115,808248.79868115,1
2026-07-28 13:00:00+08:00,2026-07-28 13:30:00+08:00,1785214800000,SOL-USDT,30m,73.21,73.53,73.2,73.41,8762.973155,643159.98603958,643159.98603958,1
2026-07-28 13:30:00+08:00,2026-07-28 14:00:00+08:00,1785216600000,SOL-USDT,30m,73.42,73.48,73.26,73.26,7635.614665,560066.83915952,560066.83915952,1
2026-07-28 14:00:00+08:00,2026-07-28 14:30:00+08:00,1785218400000,SOL-USDT,30m,73.27,73.39,73.13,73.35,12165.06859,890963.56138456,890963.56138456,1
2026-07-28 14:30:00+08:00,2026-07-28 15:00:00+08:00,1785220200000,SOL-USDT,30m,73.36,73.49,73.34,73.45,5352.867904,393143.89301101,393143.89301101,1
2026-07-28 15:00:00+08:00,2026-07-28 15:30:00+08:00,1785222000000,SOL-USDT,30m,73.45,73.5,73.36,73.43,5498.494451,403806.10364801,403806.10364801,1
2026-07-28 15:30:00+08:00,2026-07-28 16:00:00+08:00,1785223800000,SOL-USDT,30m,73.43,73.43,73.13,73.27,12232.980207,895800.02208763,895800.02208763,1
2026-07-28 16:00:00+08:00,2026-07-28 16:30:00+08:00,1785225600000,SOL-USDT,30m,73.28,73.39,73.15,73.31,9948.837571,729023.30660711,729023.30660711,1
2026-07-28 16:30:00+08:00,2026-07-28 17:00:00+08:00,1785227400000,SOL-USDT,30m,73.31,73.44,73.22,73.36,7864.156414,576739.88619603,576739.88619603,1
2026-07-28 17:00:00+08:00,2026-07-28 17:30:00+08:00,1785229200000,SOL-USDT,30m,73.37,73.51,73.29,73.42,5614.864018,412156.08607023,412156.08607023,1
2026-07-28 17:30:00+08:00,2026-07-28 18:00:00+08:00,1785231000000,SOL-USDT,30m,73.42,73.48,73.2,73.25,9255.216053,678660.64561671,678660.64561671,1
2026-07-28 18:00:00+08:00,2026-07-28 18:30:00+08:00,1785232800000,SOL-USDT,30m,73.25,73.33,73.13,73.22,8345.788343,611033.7388962,611033.7388962,1
2026-07-28 18:30:00+08:00,2026-07-28 19:00:00+08:00,1785234600000,SOL-USDT,30m,73.22,73.32,73.14,73.15,11132.889899,815275.14378273,815275.14378273,1
2026-07-28 19:00:00+08:00,2026-07-28 19:30:00+08:00,1785236400000,SOL-USDT,30m,73.15,73.3,72.88,73.07,20050.317033,1464361.31529871,1464361.31529871,1
2026-07-28 19:30:00+08:00,2026-07-28 20:00:00+08:00,1785238200000,SOL-USDT,30m,73.06,73.34,73.05,73.19,8548.555026,625606.69938102,625606.69938102,1
2026-07-28 20:00:00+08:00,2026-07-28 20:30:00+08:00,1785240000000,SOL-USDT,30m,73.19,73.31,73.12,73.24,4494.775163,329166.92681799,329166.92681799,1
2026-07-28 20:30:00+08:00,2026-07-28 21:00:00+08:00,1785241800000,SOL-USDT,30m,73.24,73.45,73.11,73.39,15515.254131,1137130.05110999,1137130.05110999,1
2026-07-28 21:00:00+08:00,2026-07-28 21:30:00+08:00,1785243600000,SOL-USDT,30m,73.38,73.44,73,73,13902.591786,1018685.81553708,1018685.81553708,1
2026-07-28 21:30:00+08:00,2026-07-28 22:00:00+08:00,1785245400000,SOL-USDT,30m,73,73.11,72.34,72.71,50782.836449,3690280.49740548,3690280.49740548,1
2026-07-28 22:00:00+08:00,2026-07-28 22:30:00+08:00,1785247200000,SOL-USDT,30m,72.7,72.99,72.54,72.95,15656.078512,1139745.03877113,1139745.03877113,1
2026-07-28 22:30:00+08:00,2026-07-28 23:00:00+08:00,1785249000000,SOL-USDT,30m,72.95,73.5,72.83,73.41,21603.90098,1582043.45559487,1582043.45559487,1
2026-07-28 23:00:00+08:00,2026-07-28 23:30:00+08:00,1785250800000,SOL-USDT,30m,73.42,74.53,73.3,74.27,28340.550885,2095258.81867466,2095258.81867466,1
2026-07-28 23:30:00+08:00,2026-07-29 00:00:00+08:00,1785252600000,SOL-USDT,30m,74.25,74.57,74.11,74.34,15575.363862,1157712.09961175,1157712.09961175,1
2026-07-29 00:00:00+08:00,2026-07-29 00:30:00+08:00,1785254400000,SOL-USDT,30m,74.34,74.34,74.09,74.22,12906.394417,957747.41220742,957747.41220742,1
2026-07-29 00:30:00+08:00,2026-07-29 01:00:00+08:00,1785256200000,SOL-USDT,30m,74.21,74.57,74.05,74.42,9002.344945,668957.72068868,668957.72068868,1
2026-07-29 01:00:00+08:00,2026-07-29 01:30:00+08:00,1785258000000,SOL-USDT,30m,74.42,74.43,73.79,73.83,12955.580522,958954.42560439,958954.42560439,1
2026-07-29 01:30:00+08:00,2026-07-29 02:00:00+08:00,1785259800000,SOL-USDT,30m,73.83,73.84,73.55,73.82,8673.460585,639047.70984618,639047.70984618,1
2026-07-29 02:00:00+08:00,2026-07-29 02:30:00+08:00,1785261600000,SOL-USDT,30m,73.83,74.05,73.82,73.84,4641.171599,342994.19604572,342994.19604572,1
2026-07-29 02:30:00+08:00,2026-07-29 03:00:00+08:00,1785263400000,SOL-USDT,30m,73.84,73.95,73.81,73.89,2075.835326,153376.07310189,153376.07310189,1
2026-07-29 03:00:00+08:00,2026-07-29 03:30:00+08:00,1785265200000,SOL-USDT,30m,73.89,74.05,73.83,74.04,2508.719981,185503.07428786,185503.07428786,1
2026-07-29 03:30:00+08:00,2026-07-29 04:00:00+08:00,1785267000000,SOL-USDT,30m,74.05,74.39,74.05,74.32,7901.857,586763.36717708,586763.36717708,1
2026-07-29 04:00:00+08:00,2026-07-29 04:30:00+08:00,1785268800000,SOL-USDT,30m,74.33,74.37,74.11,74.11,11560.168946,858214.76745913,858214.76745913,1
2026-07-29 04:30:00+08:00,2026-07-29 05:00:00+08:00,1785270600000,SOL-USDT,30m,74.1,74.2,74.01,74.05,3943.614378,292123.92747376,292123.92747376,1
2026-07-29 05:00:00+08:00,2026-07-29 05:30:00+08:00,1785272400000,SOL-USDT,30m,74.05,74.18,74.01,74.18,3488.316519,258432.09330427,258432.09330427,1
2026-07-29 05:30:00+08:00,2026-07-29 06:00:00+08:00,1785274200000,SOL-USDT,30m,74.18,74.39,74.11,74.14,5229.477293,388308.3797202,388308.3797202,1
2026-07-29 06:00:00+08:00,2026-07-29 06:30:00+08:00,1785276000000,SOL-USDT,30m,74.15,74.23,73.98,73.98,6571.315573,487018.40021161,487018.40021161,1
2026-07-29 06:30:00+08:00,2026-07-29 07:00:00+08:00,1785277800000,SOL-USDT,30m,73.98,73.98,73.42,73.45,8028.707286,591277.44919143,591277.44919143,1
2026-07-29 07:00:00+08:00,2026-07-29 07:30:00+08:00,1785279600000,SOL-USDT,30m,73.45,73.48,73.17,73.32,8128.380382,596081.50239475,596081.50239475,1
2026-07-29 07:30:00+08:00,2026-07-29 08:00:00+08:00,1785281400000,SOL-USDT,30m,73.31,73.85,73.31,73.82,11704.770746,862136.17686574,862136.17686574,1
2026-07-29 08:00:00+08:00,2026-07-29 08:30:00+08:00,1785283200000,SOL-USDT,30m,73.82,74.19,73.81,73.95,14411.553967,1067024.96448553,1067024.96448553,1
2026-07-29 08:30:00+08:00,2026-07-29 09:00:00+08:00,1785285000000,SOL-USDT,30m,73.95,74.1,73.76,73.79,8589.076206,634605.47385026,634605.47385026,1
2026-07-29 09:00:00+08:00,2026-07-29 09:30:00+08:00,1785286800000,SOL-USDT,30m,73.79,73.79,73.48,73.7,7086.583439,521922.56220605,521922.56220605,1
2026-07-29 09:30:00+08:00,2026-07-29 10:00:00+08:00,1785288600000,SOL-USDT,30m,73.7,73.74,73.23,73.26,8991.727525,660785.45157346,660785.45157346,1
2026-07-29 10:00:00+08:00,2026-07-29 10:30:00+08:00,1785290400000,SOL-USDT,30m,73.27,73.72,73.08,73.72,8086.426515,593508.16863697,593508.16863697,1
2026-07-29 10:30:00+08:00,2026-07-29 11:00:00+08:00,1785292200000,SOL-USDT,30m,73.72,73.97,73.62,73.69,6899.506749,508922.81171277,508922.81171277,1
2026-07-29 11:00:00+08:00,2026-07-29 11:30:00+08:00,1785294000000,SOL-USDT,30m,73.7,73.75,73.25,73.26,6026.33314,442961.91991954,442961.91991954,1
2026-07-29 11:30:00+08:00,2026-07-29 12:00:00+08:00,1785295800000,SOL-USDT,30m,73.26,73.35,73.01,73.07,10215.395701,747328.15405948,747328.15405948,1
2026-07-29 12:00:00+08:00,2026-07-29 12:30:00+08:00,1785297600000,SOL-USDT,30m,73.1,73.3,72.73,73.18,21917.201816,1600036.28754882,1600036.28754882,1
2026-07-29 12:30:00+08:00,2026-07-29 13:00:00+08:00,1785299400000,SOL-USDT,30m,73.16,73.49,73.11,73.45,8578.186845,628946.63212063,628946.63212063,1
2026-07-29 13:00:00+08:00,2026-07-29 13:30:00+08:00,1785301200000,SOL-USDT,30m,73.45,73.6,73.33,73.52,12306.407939,904347.13762524,904347.13762524,1
2026-07-29 13:30:00+08:00,2026-07-29 14:00:00+08:00,1785303000000,SOL-USDT,30m,73.53,73.79,73.48,73.68,9169.013349,675874.0836166,675874.0836166,1
2026-07-29 14:00:00+08:00,2026-07-29 14:30:00+08:00,1785304800000,SOL-USDT,30m,73.68,74.01,73.53,73.99,9876.754125,728818.26907073,728818.26907073,1
2026-07-29 14:30:00+08:00,2026-07-29 15:00:00+08:00,1785306600000,SOL-USDT,30m,74,74.08,73.96,74.07,5576.124698,412823.41907646,412823.41907646,1
2026-07-29 15:00:00+08:00,2026-07-29 15:30:00+08:00,1785308400000,SOL-USDT,30m,74.08,74.15,73.98,74.15,4717.876465,349309.86919879,349309.86919879,1
2026-07-29 15:30:00+08:00,2026-07-29 16:00:00+08:00,1785310200000,SOL-USDT,30m,74.15,74.28,73.99,74.25,9976.285383,739316.80311114,739316.80311114,1
2026-07-29 16:00:00+08:00,2026-07-29 16:30:00+08:00,1785312000000,SOL-USDT,30m,74.27,74.36,73.71,73.77,25822.249258,1912323.91803761,1912323.91803761,1
2026-07-29 16:30:00+08:00,2026-07-29 17:00:00+08:00,1785313800000,SOL-USDT,30m,73.76,74.23,73.72,73.93,10369.098823,767058.52015919,767058.52015919,1
2026-07-29 17:00:00+08:00,2026-07-29 17:30:00+08:00,1785315600000,SOL-USDT,30m,73.93,74.09,73.91,74.07,6679.708018,494194.86565392,494194.86565392,1
2026-07-29 17:30:00+08:00,2026-07-29 18:00:00+08:00,1785317400000,SOL-USDT,30m,74.08,74.32,74.05,74.12,7445.613411,552191.99048954,552191.99048954,1
2026-07-29 18:00:00+08:00,2026-07-29 18:30:00+08:00,1785319200000,SOL-USDT,30m,74.13,74.14,74,74.01,8753.533242,648389.70136985,648389.70136985,1
2026-07-29 18:30:00+08:00,2026-07-29 19:00:00+08:00,1785321000000,SOL-USDT,30m,74.01,74.11,73.79,73.9,11271.195296,833810.10273202,833810.10273202,1
2026-07-29 19:00:00+08:00,2026-07-29 19:30:00+08:00,1785322800000,SOL-USDT,30m,73.91,74.1,73.88,73.94,3165.13057,234223.56792544,234223.56792544,1
2026-07-29 19:30:00+08:00,2026-07-29 20:00:00+08:00,1785324600000,SOL-USDT,30m,73.94,73.99,73.83,73.96,3193.687018,236029.76954417,236029.76954417,1
2026-07-29 20:00:00+08:00,2026-07-29 20:30:00+08:00,1785326400000,SOL-USDT,30m,73.96,73.96,73.47,73.54,9895.499167,728968.56726231,728968.56726231,1
2026-07-29 20:30:00+08:00,2026-07-29 21:00:00+08:00,1785328200000,SOL-USDT,30m,73.54,73.64,73.46,73.53,5942.0742,437119.21911621,437119.21911621,1
2026-07-29 21:00:00+08:00,2026-07-29 21:30:00+08:00,1785330000000,SOL-USDT,30m,73.53,73.61,73.43,73.57,6054.134727,445124.80119184,445124.80119184,1
2026-07-29 21:30:00+08:00,2026-07-29 22:00:00+08:00,1785331800000,SOL-USDT,30m,73.57,73.77,73.33,73.72,12008.894368,883588.92315135,883588.92315135,1
2026-07-29 22:00:00+08:00,2026-07-29 22:30:00+08:00,1785333600000,SOL-USDT,30m,73.73,73.91,73.16,73.32,13850.987197,1019014.18584898,1019014.18584898,1
2026-07-29 22:30:00+08:00,2026-07-29 23:00:00+08:00,1785335400000,SOL-USDT,30m,73.34,73.47,73.1,73.28,12610.343306,923616.72307638,923616.72307638,1
2026-07-29 23:00:00+08:00,2026-07-29 23:30:00+08:00,1785337200000,SOL-USDT,30m,73.27,73.43,73.13,73.32,12273.037699,899284.1202031,899284.1202031,1
2026-07-29 23:30:00+08:00,2026-07-30 00:00:00+08:00,1785339000000,SOL-USDT,30m,73.32,73.46,72.98,73.13,15247.948639,1115916.32078126,1115916.32078126,1
2026-07-30 00:00:00+08:00,2026-07-30 00:30:00+08:00,1785340800000,SOL-USDT,30m,73.13,73.38,72.95,73.24,13234.72963,967587.43284779,967587.43284779,1
2026-07-30 00:30:00+08:00,2026-07-30 01:00:00+08:00,1785342600000,SOL-USDT,30m,73.24,73.29,72.91,73.28,9918.84598,725248.43325949,725248.43325949,1
2026-07-30 01:00:00+08:00,2026-07-30 01:30:00+08:00,1785344400000,SOL-USDT,30m,73.29,73.56,73.27,73.28,15514.578852,1139233.60554221,1139233.60554221,1
2026-07-30 01:30:00+08:00,2026-07-30 02:00:00+08:00,1785346200000,SOL-USDT,30m,73.3,73.95,73.18,73.95,12703.685248,935054.25999642,935054.25999642,1
2026-07-30 02:00:00+08:00,2026-07-30 02:30:00+08:00,1785348000000,SOL-USDT,30m,73.94,74.37,73.81,73.93,63763.171261,4727382.72888588,4727382.72888588,1
2026-07-30 02:30:00+08:00,2026-07-30 03:00:00+08:00,1785349800000,SOL-USDT,30m,73.94,74.53,73.45,74.24,33869.505739,2509354.53111066,2509354.53111066,1
2026-07-30 03:00:00+08:00,2026-07-30 03:30:00+08:00,1785351600000,SOL-USDT,30m,74.25,74.38,73.46,73.56,17034.317924,1259384.98255926,1259384.98255926,1
2026-07-30 03:30:00+08:00,2026-07-30 04:00:00+08:00,1785353400000,SOL-USDT,30m,73.58,73.66,72.74,72.75,30939.94545,2260532.86081811,2260532.86081811,1
2026-07-30 04:00:00+08:00,2026-07-30 04:30:00+08:00,1785355200000,SOL-USDT,30m,72.77,73.11,72.44,72.74,32367.832147,2354002.35765736,2354002.35765736,1
2026-07-30 04:30:00+08:00,2026-07-30 05:00:00+08:00,1785357000000,SOL-USDT,30m,72.75,73.2,72.62,72.66,7870.911942,573759.32404434,573759.32404434,1
2026-07-30 05:00:00+08:00,2026-07-30 05:30:00+08:00,1785358800000,SOL-USDT,30m,72.66,72.96,72.33,72.95,15223.546149,1104681.98998141,1104681.98998141,1
2026-07-30 05:30:00+08:00,2026-07-30 06:00:00+08:00,1785360600000,SOL-USDT,30m,72.96,73.18,72.9,73.18,11472.494488,837824.17157461,837824.17157461,1
2026-07-30 06:00:00+08:00,2026-07-30 06:30:00+08:00,1785362400000,SOL-USDT,30m,73.19,73.8,73.19,73.71,29643.731121,2181912.33166598,2181912.33166598,1
2026-07-30 06:30:00+08:00,2026-07-30 07:00:00+08:00,1785364200000,SOL-USDT,30m,73.71,73.72,73.51,73.65,2942.551335,216588.22179897,216588.22179897,1
2026-07-30 07:00:00+08:00,2026-07-30 07:30:00+08:00,1785366000000,SOL-USDT,30m,73.65,73.75,73.42,73.62,10251.190439,754430.66530299,754430.66530299,1
2026-07-30 07:30:00+08:00,2026-07-30 08:00:00+08:00,1785367800000,SOL-USDT,30m,73.61,73.74,73.51,73.68,4487.539076,330549.81991635,330549.81991635,1
2026-07-30 08:00:00+08:00,2026-07-30 08:30:00+08:00,1785369600000,SOL-USDT,30m,73.69,73.87,73.64,73.81,4264.210265,314625.95917534,314625.95917534,1
2026-07-30 08:30:00+08:00,2026-07-30 09:00:00+08:00,1785371400000,SOL-USDT,30m,73.82,73.82,73.15,73.29,8390.768142,615644.3784347,615644.3784347,1
2026-07-30 09:00:00+08:00,2026-07-30 09:30:00+08:00,1785373200000,SOL-USDT,30m,73.3,73.76,73.28,73.66,7517.196064,552620.82927704,552620.82927704,1
2026-07-30 09:30:00+08:00,2026-07-30 10:00:00+08:00,1785375000000,SOL-USDT,30m,73.65,74.2,73.65,74.03,12866.602495,952269.31464015,952269.31464015,1
2026-07-30 10:00:00+08:00,2026-07-30 10:30:00+08:00,1785376800000,SOL-USDT,30m,74.03,74.15,73.99,74.02,5085.37881,376702.96592632,376702.96592632,1
2026-07-30 10:30:00+08:00,2026-07-30 11:00:00+08:00,1785378600000,SOL-USDT,30m,74.01,74.04,73.82,73.84,3673.916947,271686.39438169,271686.39438169,1
2026-07-30 11:00:00+08:00,2026-07-30 11:30:00+08:00,1785380400000,SOL-USDT,30m,73.85,74.01,73.72,73.91,6389.07656,471989.46097706,471989.46097706,1
2026-07-30 11:30:00+08:00,2026-07-30 12:00:00+08:00,1785382200000,SOL-USDT,30m,73.91,73.91,73.67,73.71,2739.002418,202010.36356073,202010.36356073,1
2026-07-30 12:00:00+08:00,2026-07-30 12:30:00+08:00,1785384000000,SOL-USDT,30m,73.72,73.75,73.51,73.58,3919.210492,288494.97408339,288494.97408339,1
2026-07-30 12:30:00+08:00,2026-07-30 13:00:00+08:00,1785385800000,SOL-USDT,30m,73.55,73.73,73.51,73.53,5486.968785,403891.76339844,403891.76339844,1
2026-07-30 13:00:00+08:00,2026-07-30 13:30:00+08:00,1785387600000,SOL-USDT,30m,73.53,73.62,73.43,73.58,3804.294433,279707.34820689,279707.34820689,1
2026-07-30 13:30:00+08:00,2026-07-30 14:00:00+08:00,1785389400000,SOL-USDT,30m,73.58,73.87,73.58,73.71,3846.860932,283770.17644174,283770.17644174,1
2026-07-30 14:00:00+08:00,2026-07-30 14:30:00+08:00,1785391200000,SOL-USDT,30m,73.71,73.76,73.53,73.7,9624.831116,708792.59285476,708792.59285476,1
2026-07-30 14:30:00+08:00,2026-07-30 15:00:00+08:00,1785393000000,SOL-USDT,30m,73.7,73.7,73.48,73.52,2794.29111,205665.30688704,205665.30688704,1
2026-07-30 15:00:00+08:00,2026-07-30 15:30:00+08:00,1785394800000,SOL-USDT,30m,73.53,73.82,73.51,73.69,7329.886307,540418.78445284,540418.78445284,1
2026-07-30 15:30:00+08:00,2026-07-30 16:00:00+08:00,1785396600000,SOL-USDT,30m,73.67,73.68,73.4,73.43,4234.050487,311258.34879653,311258.34879653,1
2026-07-30 16:00:00+08:00,2026-07-30 16:30:00+08:00,1785398400000,SOL-USDT,30m,73.43,73.84,73.31,73.74,7572.699098,556682.22672128,556682.22672128,1
2026-07-30 16:30:00+08:00,2026-07-30 17:00:00+08:00,1785400200000,SOL-USDT,30m,73.74,73.82,73.65,73.81,16550.194955,1220561.85588251,1220561.85588251,1
2026-07-30 17:00:00+08:00,2026-07-30 17:30:00+08:00,1785402000000,SOL-USDT,30m,73.82,74.1,73.8,74.05,9995.81932,739258.71670105,739258.71670105,1
2026-07-30 17:30:00+08:00,2026-07-30 18:00:00+08:00,1785403800000,SOL-USDT,30m,74.05,74.22,74.03,74.06,14726.695225,1091289.73472532,1091289.73472532,1
2026-07-30 18:00:00+08:00,2026-07-30 18:30:00+08:00,1785405600000,SOL-USDT,30m,74.07,74.23,74.05,74.09,16643.885102,1234016.3303422,1234016.3303422,1
2026-07-30 18:30:00+08:00,2026-07-30 19:00:00+08:00,1785407400000,SOL-USDT,30m,74.09,74.14,73.83,73.91,10063.254277,744822.70556305,744822.70556305,1
2026-07-30 19:00:00+08:00,2026-07-30 19:30:00+08:00,1785409200000,SOL-USDT,30m,73.92,74.13,73.88,74.08,11800.523037,872831.53012567,872831.53012567,1
2026-07-30 19:30:00+08:00,2026-07-30 20:00:00+08:00,1785411000000,SOL-USDT,30m,74.08,74.33,74.03,74.23,8957.348319,664723.89549248,664723.89549248,1
2026-07-30 20:00:00+08:00,2026-07-30 20:30:00+08:00,1785412800000,SOL-USDT,30m,74.24,74.36,74.11,74.19,19404.268362,1441066.44095263,1441066.44095263,1
2026-07-30 20:30:00+08:00,2026-07-30 21:00:00+08:00,1785414600000,SOL-USDT,30m,74.19,74.49,74.08,74.41,15536.495679,1154450.99336919,1154450.99336919,1
2026-07-30 21:00:00+08:00,2026-07-30 21:30:00+08:00,1785416400000,SOL-USDT,30m,74.4,74.45,74.25,74.25,5844.750511,434521.13004016,434521.13004016,1
2026-07-30 21:30:00+08:00,2026-07-30 22:00:00+08:00,1785418200000,SOL-USDT,30m,74.25,74.91,74.12,74.7,28172.442113,2100609.23156252,2100609.23156252,1
2026-07-30 22:00:00+08:00,2026-07-30 22:30:00+08:00,1785420000000,SOL-USDT,30m,74.67,74.78,74.3,74.62,19008.64859,1417155.16339222,1417155.16339222,1
2026-07-30 22:30:00+08:00,2026-07-30 23:00:00+08:00,1785421800000,SOL-USDT,30m,74.62,74.78,74.51,74.64,10840.718848,809710.95146147,809710.95146147,1
2026-07-30 23:00:00+08:00,2026-07-30 23:30:00+08:00,1785423600000,SOL-USDT,30m,74.64,74.87,74.51,74.53,13244.258525,988495.74029364,988495.74029364,1
2026-07-30 23:30:00+08:00,2026-07-31 00:00:00+08:00,1785425400000,SOL-USDT,30m,74.53,74.68,74.48,74.64,7524.805797,561193.35198258,561193.35198258,1
2026-07-31 00:00:00+08:00,2026-07-31 00:30:00+08:00,1785427200000,SOL-USDT,30m,74.65,74.85,74.63,74.73,12664.491211,946752.63634198,946752.63634198,1
2026-07-31 00:30:00+08:00,2026-07-31 01:00:00+08:00,1785429000000,SOL-USDT,30m,74.73,74.75,74.47,74.6,6951.723656,518542.52791051,518542.52791051,1
2026-07-31 01:00:00+08:00,2026-07-31 01:30:00+08:00,1785430800000,SOL-USDT,30m,74.6,74.66,74.44,74.58,11347.332299,846350.23242675,846350.23242675,1
2026-07-31 01:30:00+08:00,2026-07-31 02:00:00+08:00,1785432600000,SOL-USDT,30m,74.59,74.89,74.49,74.78,7811.596525,583603.43830164,583603.43830164,1
2026-07-31 02:00:00+08:00,2026-07-31 02:30:00+08:00,1785434400000,SOL-USDT,30m,74.78,74.99,74.69,74.74,7716.463614,577424.66725977,577424.66725977,1
2026-07-31 02:30:00+08:00,2026-07-31 03:00:00+08:00,1785436200000,SOL-USDT,30m,74.74,74.76,74.5,74.52,1956.237798,145947.01517031,145947.01517031,1
2026-07-31 03:00:00+08:00,2026-07-31 03:30:00+08:00,1785438000000,SOL-USDT,30m,74.53,74.77,74.53,74.7,3685.398142,275367.89446453,275367.89446453,1
2026-07-31 03:30:00+08:00,2026-07-31 04:00:00+08:00,1785439800000,SOL-USDT,30m,74.7,74.82,74.55,74.79,5688.475608,424785.91562497,424785.91562497,1
2026-07-31 04:00:00+08:00,2026-07-31 04:30:00+08:00,1785441600000,SOL-USDT,30m,74.78,74.91,74.57,74.59,8619.132167,644510.70712057,644510.70712057,1
2026-07-31 04:30:00+08:00,2026-07-31 05:00:00+08:00,1785443400000,SOL-USDT,30m,74.59,74.66,74.45,74.49,5874.157268,437955.08342,437955.08342,1
2026-07-31 05:00:00+08:00,2026-07-31 05:30:00+08:00,1785445200000,SOL-USDT,30m,74.5,74.62,74.44,74.47,4894.423685,364822.27130267,364822.27130267,1
2026-07-31 05:30:00+08:00,2026-07-31 06:00:00+08:00,1785447000000,SOL-USDT,30m,74.47,74.57,74.44,74.5,3705.972995,276112.11237281,276112.11237281,1
2026-07-31 06:00:00+08:00,2026-07-31 06:30:00+08:00,1785448800000,SOL-USDT,30m,74.49,74.89,74.41,74.85,8527.666002,637103.2712827,637103.2712827,1
2026-07-31 06:30:00+08:00,2026-07-31 07:00:00+08:00,1785450600000,SOL-USDT,30m,74.86,74.89,74.73,74.76,2458.477486,183899.29967853,183899.29967853,1
2026-07-31 07:00:00+08:00,2026-07-31 07:30:00+08:00,1785452400000,SOL-USDT,30m,74.75,74.79,74.66,74.69,4160.333569,310959.90589535,310959.90589535,1
2026-07-31 07:30:00+08:00,2026-07-31 08:00:00+08:00,1785454200000,SOL-USDT,30m,74.69,75,74.48,74.52,22858.570501,1708092.72028035,1708092.72028035,1
2026-07-31 08:00:00+08:00,2026-07-31 08:30:00+08:00,1785456000000,SOL-USDT,30m,74.52,74.66,74.49,74.56,7107.96445,529967.14700246,529967.14700246,1
2026-07-31 08:30:00+08:00,2026-07-31 09:00:00+08:00,1785457800000,SOL-USDT,30m,74.56,74.64,74.44,74.49,7306.555293,544264.33299161,544264.33299161,1
2026-07-31 09:00:00+08:00,2026-07-31 09:30:00+08:00,1785459600000,SOL-USDT,30m,74.5,75.3,74.5,75.12,21502.033499,1613507.26667939,1613507.26667939,1
2026-07-31 09:30:00+08:00,2026-07-31 10:00:00+08:00,1785461400000,SOL-USDT,30m,75.12,75.12,74.29,74.41,15604.307436,1165142.45527872,1165142.45527872,1
2026-07-31 10:00:00+08:00,2026-07-31 10:30:00+08:00,1785463200000,SOL-USDT,30m,74.4,74.56,74.2,74.21,7295.52637,542465.17336516,542465.17336516,1
2026-07-31 10:30:00+08:00,2026-07-31 11:00:00+08:00,1785465000000,SOL-USDT,30m,74.2,74.31,74.09,74.17,8989.519478,666846.83473844,666846.83473844,1
2026-07-31 11:00:00+08:00,2026-07-31 11:30:00+08:00,1785466800000,SOL-USDT,30m,74.17,74.36,73.89,74.22,11522.47591,853882.86013745,853882.86013745,1
2026-07-31 11:30:00+08:00,2026-07-31 12:00:00+08:00,1785468600000,SOL-USDT,30m,74.22,74.27,74.11,74.16,3362.028608,249450.54714926,249450.54714926,1
2026-07-31 12:00:00+08:00,2026-07-31 12:30:00+08:00,1785470400000,SOL-USDT,30m,74.15,74.16,73.75,73.84,8590.35822,635080.65935721,635080.65935721,1
2026-07-31 12:30:00+08:00,2026-07-31 13:00:00+08:00,1785472200000,SOL-USDT,30m,73.85,73.9,73.74,73.84,7609.966216,561825.76596659,561825.76596659,1
2026-07-31 13:00:00+08:00,2026-07-31 13:30:00+08:00,1785474000000,SOL-USDT,30m,73.84,74.33,73.83,74.19,17442.750883,1292851.705946,1292851.705946,1
2026-07-31 13:30:00+08:00,2026-07-31 14:00:00+08:00,1785475800000,SOL-USDT,30m,74.19,74.26,74.07,74.23,7091.235784,525859.494951,525859.494951,1
2026-07-31 14:00:00+08:00,2026-07-31 14:30:00+08:00,1785477600000,SOL-USDT,30m,74.25,74.45,74.2,74.45,5580.860128,414992.05296023,414992.05296023,1
2026-07-31 14:30:00+08:00,2026-07-31 15:00:00+08:00,1785479400000,SOL-USDT,30m,74.45,74.53,74.01,74.1,9156.753831,679802.20890619,679802.20890619,1
2026-07-31 15:00:00+08:00,2026-07-31 15:30:00+08:00,1785481200000,SOL-USDT,30m,74.09,74.09,73.54,73.54,13570.132679,1001571.5103552,1001571.5103552,1
2026-07-31 15:30:00+08:00,2026-07-31 16:00:00+08:00,1785483000000,SOL-USDT,30m,73.54,73.76,73.52,73.69,7152.380612,526941.36429697,526941.36429697,1
2026-07-31 16:00:00+08:00,2026-07-31 16:30:00+08:00,1785484800000,SOL-USDT,30m,73.69,73.79,73.62,73.74,8637.40947,636466.34712305,636466.34712305,1
2026-07-31 16:30:00+08:00,2026-07-31 17:00:00+08:00,1785486600000,SOL-USDT,30m,73.74,73.81,73.54,73.66,6062.478706,446653.40088942,446653.40088942,1
2026-07-31 17:00:00+08:00,2026-07-31 17:30:00+08:00,1785488400000,SOL-USDT,30m,73.67,73.72,73.46,73.49,7904.814028,581635.64659797,581635.64659797,1
2026-07-31 17:30:00+08:00,2026-07-31 18:00:00+08:00,1785490200000,SOL-USDT,30m,73.48,73.6,73.4,73.49,8793.748851,646326.75477315,646326.75477315,1
2026-07-31 18:00:00+08:00,2026-07-31 18:30:00+08:00,1785492000000,SOL-USDT,30m,73.49,73.66,73.3,73.63,6653.107403,489077.72057887,489077.72057887,1
2026-07-31 18:30:00+08:00,2026-07-31 19:00:00+08:00,1785493800000,SOL-USDT,30m,73.63,73.66,73.51,73.57,10642.654279,782995.78200793,782995.78200793,1
2026-07-31 19:00:00+08:00,2026-07-31 19:30:00+08:00,1785495600000,SOL-USDT,30m,73.58,73.73,73.5,73.6,6318.17331,465320.67018337,465320.67018337,1
2026-07-31 19:30:00+08:00,2026-07-31 20:00:00+08:00,1785497400000,SOL-USDT,30m,73.61,73.61,73.48,73.58,3367.35666,247597.57306349,247597.57306349,1
2026-07-31 20:00:00+08:00,2026-07-31 20:30:00+08:00,1785499200000,SOL-USDT,30m,73.58,73.65,73.38,73.62,6359.752275,467358.36753875,467358.36753875,1
2026-07-31 20:30:00+08:00,2026-07-31 21:00:00+08:00,1785501000000,SOL-USDT,30m,73.61,73.64,73.43,73.63,7589.317937,558272.98556562,558272.98556562,1
2026-07-31 21:00:00+08:00,2026-07-31 21:30:00+08:00,1785502800000,SOL-USDT,30m,73.64,73.82,73.63,73.81,5564.852194,410351.40011978,410351.40011978,1
2026-07-31 21:30:00+08:00,2026-07-31 22:00:00+08:00,1785504600000,SOL-USDT,30m,73.81,73.82,73.17,73.29,12965.464979,952075.27454946,952075.27454946,1
2026-07-31 22:00:00+08:00,2026-07-31 22:30:00+08:00,1785506400000,SOL-USDT,30m,73.3,73.7,72.8,73.3,48640.159961,3562881.95591815,3562881.95591815,1
2026-07-31 22:30:00+08:00,2026-07-31 23:00:00+08:00,1785508200000,SOL-USDT,30m,73.31,73.36,72.84,73.03,25105.506652,1834551.64942712,1834551.64942712,1
2026-07-31 23:00:00+08:00,2026-07-31 23:30:00+08:00,1785510000000,SOL-USDT,30m,73.05,73.13,72.89,72.98,7572.894912,552798.02585565,552798.02585565,1
2026-07-31 23:30:00+08:00,2026-08-01 00:00:00+08:00,1785511800000,SOL-USDT,30m,72.98,73.22,72.91,73.11,10184.234255,744269.35283378,744269.35283378,1
2026-08-01 00:00:00+08:00,2026-08-01 00:30:00+08:00,1785513600000,SOL-USDT,30m,73.11,73.29,72.98,73.22,11797.453269,862854.91907031,862854.91907031,1
2026-08-01 00:30:00+08:00,2026-08-01 01:00:00+08:00,1785515400000,SOL-USDT,30m,73.23,73.36,73.07,73.3,5097.474957,373193.7835404,373193.7835404,1
2026-08-01 01:00:00+08:00,2026-08-01 01:30:00+08:00,1785517200000,SOL-USDT,30m,73.3,73.38,73.18,73.33,9090.20422,666206.73128963,666206.73128963,1
2026-08-01 01:30:00+08:00,2026-08-01 02:00:00+08:00,1785519000000,SOL-USDT,30m,73.32,73.44,73.27,73.37,7996.600971,586694.00186916,586694.00186916,1
2026-08-01 02:00:00+08:00,2026-08-01 02:30:00+08:00,1785520800000,SOL-USDT,30m,73.37,73.48,73.22,73.22,7935.894775,582178.8260088,582178.8260088,1
2026-08-01 02:30:00+08:00,2026-08-01 03:00:00+08:00,1785522600000,SOL-USDT,30m,73.22,73.23,72.96,73.12,5428.226015,396884.10943731,396884.10943731,1
2026-08-01 03:00:00+08:00,2026-08-01 03:30:00+08:00,1785524400000,SOL-USDT,30m,73.11,73.2,72.95,73.02,3280.979282,239711.78508932,239711.78508932,1
2026-08-01 03:30:00+08:00,2026-08-01 04:00:00+08:00,1785526200000,SOL-USDT,30m,73.02,73.3,72.92,73.08,13763.274328,1007061.39425139,1007061.39425139,1
2026-08-01 04:00:00+08:00,2026-08-01 04:30:00+08:00,1785528000000,SOL-USDT,30m,73.09,73.23,73.08,73.12,5631.780461,411931.01522521,411931.01522521,1
2026-08-01 04:30:00+08:00,2026-08-01 05:00:00+08:00,1785529800000,SOL-USDT,30m,73.11,73.12,72.95,72.97,11847.993708,864996.2495354,864996.2495354,1
2026-08-01 05:00:00+08:00,2026-08-01 05:30:00+08:00,1785531600000,SOL-USDT,30m,72.97,73.11,72.89,73.03,3953.970181,288771.80097103,288771.80097103,1
2026-08-01 05:30:00+08:00,2026-08-01 06:00:00+08:00,1785533400000,SOL-USDT,30m,73.03,73.09,72.56,72.73,15675.723899,1141491.24367644,1141491.24367644,1
2026-08-01 06:00:00+08:00,2026-08-01 06:30:00+08:00,1785535200000,SOL-USDT,30m,72.74,72.92,72.68,72.88,5464.476571,397927.11796069,397927.11796069,1
2026-08-01 06:30:00+08:00,2026-08-01 07:00:00+08:00,1785537000000,SOL-USDT,30m,72.87,72.95,72.85,72.85,2558.997385,186559.18781303,186559.18781303,1
2026-08-01 07:00:00+08:00,2026-08-01 07:30:00+08:00,1785538800000,SOL-USDT,30m,72.86,72.97,72.84,72.91,3154.72844,230073.9621177,230073.9621177,1
2026-08-01 07:30:00+08:00,2026-08-01 08:00:00+08:00,1785540600000,SOL-USDT,30m,72.91,72.94,72.8,72.87,5327.192614,388260.10150653,388260.10150653,1
2026-08-01 08:00:00+08:00,2026-08-01 08:30:00+08:00,1785542400000,SOL-USDT,30m,72.88,73.04,72.88,73.01,2955.302626,215634.70945144,215634.70945144,1
2026-08-01 08:30:00+08:00,2026-08-01 09:00:00+08:00,1785544200000,SOL-USDT,30m,73.01,73.16,72.94,73.02,8978.411724,655620.54643025,655620.54643025,1
2026-08-01 09:00:00+08:00,2026-08-01 09:30:00+08:00,1785546000000,SOL-USDT,30m,73.02,73.15,73.02,73.09,2876.952846,210261.60674237,210261.60674237,1
2026-08-01 09:30:00+08:00,2026-08-01 10:00:00+08:00,1785547800000,SOL-USDT,30m,73.09,73.11,72.99,73.03,3036.752556,221843.05072744,221843.05072744,1
2026-08-01 10:00:00+08:00,2026-08-01 10:30:00+08:00,1785549600000,SOL-USDT,30m,73.04,73.16,73.01,73.15,3149.410843,230211.25772165,230211.25772165,1
2026-08-01 10:30:00+08:00,2026-08-01 11:00:00+08:00,1785551400000,SOL-USDT,30m,73.15,73.17,73.01,73.09,4104.91228,300066.50024808,300066.50024808,1
2026-08-01 11:00:00+08:00,2026-08-01 11:30:00+08:00,1785553200000,SOL-USDT,30m,73.09,73.11,72.92,72.92,2010.622738,146815.86807941,146815.86807941,1
2026-08-01 11:30:00+08:00,2026-08-01 12:00:00+08:00,1785555000000,SOL-USDT,30m,72.93,73.04,72.88,73.04,12209.432534,890712.19067209,890712.19067209,1
2026-08-01 12:00:00+08:00,2026-08-01 12:30:00+08:00,1785556800000,SOL-USDT,30m,73.04,73.14,73.03,73.11,3063.674189,223947.95220315,223947.95220315,1
2026-08-01 12:30:00+08:00,2026-08-01 13:00:00+08:00,1785558600000,SOL-USDT,30m,73.12,73.22,73.08,73.18,2025.505285,148146.4806624,148146.4806624,1
2026-08-01 13:00:00+08:00,2026-08-01 13:30:00+08:00,1785560400000,SOL-USDT,30m,73.18,73.21,73.05,73.06,3708.994896,271245.6110826,271245.6110826,1
2026-08-01 13:30:00+08:00,2026-08-01 14:00:00+08:00,1785562200000,SOL-USDT,30m,73.06,73.11,72.88,72.96,3335.363407,243460.99426844,243460.99426844,1
2026-08-01 14:00:00+08:00,2026-08-01 14:30:00+08:00,1785564000000,SOL-USDT,30m,72.96,73.04,72.9,73.02,2097.424681,153066.88423233,153066.88423233,1
2026-08-01 14:30:00+08:00,2026-08-01 15:00:00+08:00,1785565800000,SOL-USDT,30m,73.02,73.03,72.97,73,1872.414025,136679.31402221,136679.31402221,1
2026-08-01 15:00:00+08:00,2026-08-01 15:30:00+08:00,1785567600000,SOL-USDT,30m,73.01,73.11,72.98,73,2968.89033,216888.98134416,216888.98134416,1
2026-08-01 15:30:00+08:00,2026-08-01 16:00:00+08:00,1785569400000,SOL-USDT,30m,73,73.02,72.93,72.98,3324.162062,242572.72968134,242572.72968134,1
2026-08-01 16:00:00+08:00,2026-08-01 16:30:00+08:00,1785571200000,SOL-USDT,30m,72.99,73.08,72.96,73.04,1486.842158,108554.11631853,108554.11631853,1
2026-08-01 16:30:00+08:00,2026-08-01 17:00:00+08:00,1785573000000,SOL-USDT,30m,73.05,73.07,72.98,73.05,2551.20338,186312.89706783,186312.89706783,1
2026-08-01 17:00:00+08:00,2026-08-01 17:30:00+08:00,1785574800000,SOL-USDT,30m,73.05,73.09,72.96,72.96,2920.829371,213255.64506478,213255.64506478,1
2026-08-01 17:30:00+08:00,2026-08-01 18:00:00+08:00,1785576600000,SOL-USDT,30m,72.96,72.99,72.84,72.85,2717.575021,198215.64927648,198215.64927648,1
2026-08-01 18:00:00+08:00,2026-08-01 18:30:00+08:00,1785578400000,SOL-USDT,30m,72.85,72.9,72.67,72.84,3868.871837,281585.06226579,281585.06226579,1
2026-08-01 18:30:00+08:00,2026-08-01 19:00:00+08:00,1785580200000,SOL-USDT,30m,72.84,72.9,72.8,72.85,2664.198027,194076.43812995,194076.43812995,1
2026-08-01 19:00:00+08:00,2026-08-01 19:30:00+08:00,1785582000000,SOL-USDT,30m,72.86,72.92,72.8,72.87,2300.165811,167584.33588442,167584.33588442,1
2026-08-01 19:30:00+08:00,2026-08-01 20:00:00+08:00,1785583800000,SOL-USDT,30m,72.88,72.91,72.85,72.9,2587.304722,188587.01133731,188587.01133731,1
2026-08-01 20:00:00+08:00,2026-08-01 20:30:00+08:00,1785585600000,SOL-USDT,30m,72.91,72.95,72.88,72.94,1191.482079,86877.23039108,86877.23039108,1
2026-08-01 20:30:00+08:00,2026-08-01 21:00:00+08:00,1785587400000,SOL-USDT,30m,72.94,72.96,72.89,72.95,1647.389041,120138.42656956,120138.42656956,1
2026-08-01 21:00:00+08:00,2026-08-01 21:30:00+08:00,1785589200000,SOL-USDT,30m,72.95,73,72.92,72.94,1794.447164,130922.95639394,130922.95639394,1
2026-08-01 21:30:00+08:00,2026-08-01 22:00:00+08:00,1785591000000,SOL-USDT,30m,72.93,73.01,72.91,72.99,2749.296108,200612.53058873,200612.53058873,1
2026-08-01 22:00:00+08:00,2026-08-01 22:30:00+08:00,1785592800000,SOL-USDT,30m,72.99,73.05,72.88,72.99,2908.416996,212228.78921941,212228.78921941,1
2026-08-01 22:30:00+08:00,2026-08-01 23:00:00+08:00,1785594600000,SOL-USDT,30m,72.99,73.03,72.94,73.03,3233.445521,235995.71227549,235995.71227549,1
2026-08-01 23:00:00+08:00,2026-08-01 23:30:00+08:00,1785596400000,SOL-USDT,30m,73.03,73.04,72.85,72.86,2471.333282,180276.02203577,180276.02203577,1
2026-08-01 23:30:00+08:00,2026-08-02 00:00:00+08:00,1785598200000,SOL-USDT,30m,72.86,72.87,72.73,72.79,5746.949298,418459.02717772,418459.02717772,1
2026-08-02 00:00:00+08:00,2026-08-02 00:30:00+08:00,1785600000000,SOL-USDT,30m,72.8,72.94,72.74,72.9,5422.008446,395035.55985769,395035.55985769,1
2026-08-02 00:30:00+08:00,2026-08-02 01:00:00+08:00,1785601800000,SOL-USDT,30m,72.9,72.95,72.48,72.71,12703.394891,922944.58308749,922944.58308749,1
2026-08-02 01:00:00+08:00,2026-08-02 01:30:00+08:00,1785603600000,SOL-USDT,30m,72.7,72.79,72.08,72.18,25282.989036,1828129.96406848,1828129.96406848,1
2026-08-02 01:30:00+08:00,2026-08-02 02:00:00+08:00,1785605400000,SOL-USDT,30m,72.18,72.18,71.63,71.93,40984.679374,2946310.40442781,2946310.40442781,1
2026-08-02 02:00:00+08:00,2026-08-02 02:30:00+08:00,1785607200000,SOL-USDT,30m,71.92,71.98,71.42,71.55,20654.100445,1480138.36821389,1480138.36821389,1
2026-08-02 02:30:00+08:00,2026-08-02 03:00:00+08:00,1785609000000,SOL-USDT,30m,71.54,71.54,70.58,71.09,50914.355434,3617688.00420003,3617688.00420003,1
2026-08-02 03:00:00+08:00,2026-08-02 03:30:00+08:00,1785610800000,SOL-USDT,30m,71.08,71.33,71.06,71.26,10199.236745,726592.5024044,726592.5024044,1
2026-08-02 03:30:00+08:00,2026-08-02 04:00:00+08:00,1785612600000,SOL-USDT,30m,71.26,71.37,71.18,71.27,5549.718303,395623.62551282,395623.62551282,1
2026-08-02 04:00:00+08:00,2026-08-02 04:30:00+08:00,1785614400000,SOL-USDT,30m,71.27,71.52,71.22,71.44,10797.007478,770670.65060104,770670.65060104,1
2026-08-02 04:30:00+08:00,2026-08-02 05:00:00+08:00,1785616200000,SOL-USDT,30m,71.43,71.57,71.35,71.57,4602.068831,328949.84423032,328949.84423032,1
2026-08-02 05:00:00+08:00,2026-08-02 05:30:00+08:00,1785618000000,SOL-USDT,30m,71.57,71.81,71.56,71.71,10442.823797,748498.29077655,748498.29077655,1
2026-08-02 05:30:00+08:00,2026-08-02 06:00:00+08:00,1785619800000,SOL-USDT,30m,71.71,71.86,71.68,71.85,7828.028938,561896.4410689,561896.4410689,1
2026-08-02 06:00:00+08:00,2026-08-02 06:30:00+08:00,1785621600000,SOL-USDT,30m,71.86,72.01,71.86,71.99,5777.751489,415695.41284489,415695.41284489,1
2026-08-02 06:30:00+08:00,2026-08-02 07:00:00+08:00,1785623400000,SOL-USDT,30m,71.99,72,71.9,71.92,2652.076576,190812.85295071,190812.85295071,1
2026-08-02 07:00:00+08:00,2026-08-02 07:30:00+08:00,1785625200000,SOL-USDT,30m,71.92,72.09,71.82,71.83,5649.199656,406526.12034145,406526.12034145,1
2026-08-02 07:30:00+08:00,2026-08-02 08:00:00+08:00,1785627000000,SOL-USDT,30m,71.83,71.96,71.83,71.94,2682.321069,192857.47032374,192857.47032374,1
2026-08-02 08:00:00+08:00,2026-08-02 08:30:00+08:00,1785628800000,SOL-USDT,30m,71.95,72.15,71.93,72.06,4234.970466,305109.63582783,305109.63582783,1
2026-08-02 08:30:00+08:00,2026-08-02 09:00:00+08:00,1785630600000,SOL-USDT,30m,72.06,72.11,72.01,72.11,2372.321586,170940.3098055,170940.3098055,1
2026-08-02 09:00:00+08:00,2026-08-02 09:30:00+08:00,1785632400000,SOL-USDT,30m,72.11,72.61,72.1,72.53,15225.98842,1101696.40443337,1101696.40443337,1
2026-08-02 09:30:00+08:00,2026-08-02 10:00:00+08:00,1785634200000,SOL-USDT,30m,72.53,72.75,72.49,72.65,11628.476224,844739.43982409,844739.43982409,1
2026-08-02 10:00:00+08:00,2026-08-02 10:30:00+08:00,1785636000000,SOL-USDT,30m,72.66,73.4,72.58,73.1,32800.36894,2397006.49729553,2397006.49729553,1
2026-08-02 10:30:00+08:00,2026-08-02 11:00:00+08:00,1785637800000,SOL-USDT,30m,73.1,73.16,72.93,73.14,8389.745462,612670.48083589,612670.48083589,1
2026-08-02 11:00:00+08:00,2026-08-02 11:30:00+08:00,1785639600000,SOL-USDT,30m,73.14,73.22,73.08,73.08,8757.963571,640535.82390121,640535.82390121,1
2026-08-02 11:30:00+08:00,2026-08-02 12:00:00+08:00,1785641400000,SOL-USDT,30m,73.09,73.24,73.09,73.19,3773.919003,276214.98837928,276214.98837928,1
2026-08-02 12:00:00+08:00,2026-08-02 12:30:00+08:00,1785643200000,SOL-USDT,30m,73.2,73.44,73.2,73.36,7700.341612,564553.74305121,564553.74305121,1
2026-08-02 12:30:00+08:00,2026-08-02 13:00:00+08:00,1785645000000,SOL-USDT,30m,73.37,73.55,73.3,73.53,8208.426774,602681.26189161,602681.26189161,1
2026-08-02 13:00:00+08:00,2026-08-02 13:30:00+08:00,1785646800000,SOL-USDT,30m,73.52,73.67,73.47,73.54,8788.213502,646475.22787987,646475.22787987,1
2026-08-02 13:30:00+08:00,2026-08-02 14:00:00+08:00,1785648600000,SOL-USDT,30m,73.55,73.63,73.47,73.59,5323.577807,391404.00544009,391404.00544009,1
2026-08-02 14:00:00+08:00,2026-08-02 14:30:00+08:00,1785650400000,SOL-USDT,30m,73.6,73.65,73.5,73.57,3523.338436,259138.82721854,259138.82721854,1
2026-08-02 14:30:00+08:00,2026-08-02 15:00:00+08:00,1785652200000,SOL-USDT,30m,73.55,73.59,73.43,73.45,8749.723796,643316.23298376,643316.23298376,1
2026-08-02 15:00:00+08:00,2026-08-02 15:30:00+08:00,1785654000000,SOL-USDT,30m,73.44,73.51,73.4,73.49,6247.254867,458787.91740092,458787.91740092,1
2026-08-02 15:30:00+08:00,2026-08-02 16:00:00+08:00,1785655800000,SOL-USDT,30m,73.49,73.5,73.44,73.48,7694.04903,565251.35046215,565251.35046215,1
2026-08-02 16:00:00+08:00,2026-08-02 16:30:00+08:00,1785657600000,SOL-USDT,30m,73.48,73.55,73.33,73.35,9586.210227,704235.52965966,704235.52965966,1
2026-08-02 16:30:00+08:00,2026-08-02 17:00:00+08:00,1785659400000,SOL-USDT,30m,73.36,73.41,73.17,73.2,12890.369535,944910.09972731,944910.09972731,1
2026-08-02 17:00:00+08:00,2026-08-02 17:30:00+08:00,1785661200000,SOL-USDT,30m,73.2,73.38,72.97,73.31,12609.601816,922552.77276227,922552.77276227,1
2026-08-02 17:30:00+08:00,2026-08-02 18:00:00+08:00,1785663000000,SOL-USDT,30m,73.31,73.44,73.3,73.39,5051.755524,370688.99202541,370688.99202541,1
2026-08-02 18:00:00+08:00,2026-08-02 18:30:00+08:00,1785664800000,SOL-USDT,30m,73.39,73.39,73.16,73.21,13587.137756,995617.24270708,995617.24270708,1
2026-08-02 18:30:00+08:00,2026-08-02 19:00:00+08:00,1785666600000,SOL-USDT,30m,73.21,73.32,73.2,73.28,2672.519228,195813.67704995,195813.67704995,1
2026-08-02 19:00:00+08:00,2026-08-02 19:30:00+08:00,1785668400000,SOL-USDT,30m,73.28,73.31,73.18,73.2,3812.247053,279277.04590279,279277.04590279,1
2026-08-02 19:30:00+08:00,2026-08-02 20:00:00+08:00,1785670200000,SOL-USDT,30m,73.2,73.23,72.95,73,6674.206467,487838.89179164,487838.89179164,1
2026-08-02 20:00:00+08:00,2026-08-02 20:30:00+08:00,1785672000000,SOL-USDT,30m,73.01,73.24,73,73.15,6326.271784,462635.65653267,462635.65653267,1
2026-08-02 20:30:00+08:00,2026-08-02 21:00:00+08:00,1785673800000,SOL-USDT,30m,73.15,73.19,72.9,72.91,6071.831903,443392.07148818,443392.07148818,1
2026-08-02 21:00:00+08:00,2026-08-02 21:30:00+08:00,1785675600000,SOL-USDT,30m,72.91,73.01,72.88,72.92,3655.963993,266691.15555314,266691.15555314,1
2026-08-02 21:30:00+08:00,2026-08-02 22:00:00+08:00,1785677400000,SOL-USDT,30m,72.91,73.03,72.71,72.97,8817.723316,642370.62477492,642370.62477492,1
2026-08-02 22:00:00+08:00,2026-08-02 22:30:00+08:00,1785679200000,SOL-USDT,30m,72.98,73.17,72.93,73.16,3298.149709,240874.54646095,240874.54646095,1
2026-08-02 22:30:00+08:00,2026-08-02 23:00:00+08:00,1785681000000,SOL-USDT,30m,73.16,73.24,73.08,73.11,2916.12565,213404.07844102,213404.07844102,1
2026-08-02 23:00:00+08:00,2026-08-02 23:30:00+08:00,1785682800000,SOL-USDT,30m,73.11,73.22,73.07,73.11,2068.06671,151271.99133315,151271.99133315,1
2026-08-02 23:30:00+08:00,2026-08-03 00:00:00+08:00,1785684600000,SOL-USDT,30m,73.11,73.2,73.01,73.03,4049.061773,296002.85621642,296002.85621642,1
2026-08-03 00:00:00+08:00,2026-08-03 00:30:00+08:00,1785686400000,SOL-USDT,30m,73.04,73.07,72.93,73.06,4973.53572,363071.31641371,363071.31641371,1
2026-08-03 00:30:00+08:00,2026-08-03 01:00:00+08:00,1785688200000,SOL-USDT,30m,73.06,73.31,73.05,73.16,4686.370022,343042.49616939,343042.49616939,1
2026-08-03 01:00:00+08:00,2026-08-03 01:30:00+08:00,1785690000000,SOL-USDT,30m,73.16,73.4,73.1,73.26,2269.866055,166263.84711921,166263.84711921,1
2026-08-03 01:30:00+08:00,2026-08-03 02:00:00+08:00,1785691800000,SOL-USDT,30m,73.26,73.4,73.25,73.32,3625.170746,265906.92946864,265906.92946864,1
2026-08-03 02:00:00+08:00,2026-08-03 02:30:00+08:00,1785693600000,SOL-USDT,30m,73.32,73.41,73.25,73.39,2838.124913,208150.49541245,208150.49541245,1
2026-08-03 02:30:00+08:00,2026-08-03 03:00:00+08:00,1785695400000,SOL-USDT,30m,73.39,73.87,73.38,73.57,11997.45568,883651.65170525,883651.65170525,1
2026-08-03 03:00:00+08:00,2026-08-03 03:30:00+08:00,1785697200000,SOL-USDT,30m,73.58,73.68,73.53,73.63,4780.000894,351864.71665544,351864.71665544,1
2026-08-03 03:30:00+08:00,2026-08-03 04:00:00+08:00,1785699000000,SOL-USDT,30m,73.64,73.79,73.6,73.73,2408.680159,177527.5585119,177527.5585119,1
2026-08-03 04:00:00+08:00,2026-08-03 04:30:00+08:00,1785700800000,SOL-USDT,30m,73.73,73.75,73.57,73.6,2806.992484,206742.64384702,206742.64384702,1
2026-08-03 04:30:00+08:00,2026-08-03 05:00:00+08:00,1785702600000,SOL-USDT,30m,73.6,73.74,73.59,73.69,2232.349516,164476.761484,164476.761484,1
2026-08-03 05:00:00+08:00,2026-08-03 05:30:00+08:00,1785704400000,SOL-USDT,30m,73.7,73.82,73.68,73.8,9555.852695,704848.4640964,704848.4640964,1
2026-08-03 05:30:00+08:00,2026-08-03 06:00:00+08:00,1785706200000,SOL-USDT,30m,73.8,74.35,73.75,74,14312.927494,1059610.65100475,1059610.65100475,1
2026-08-03 06:00:00+08:00,2026-08-03 06:30:00+08:00,1785708000000,SOL-USDT,30m,74,74.22,73.91,73.97,6639.101046,491962.07160182,491962.07160182,1
2026-08-03 06:30:00+08:00,2026-08-03 07:00:00+08:00,1785709800000,SOL-USDT,30m,73.96,73.97,73.65,73.66,8552.881455,630963.71555178,630963.71555178,1
2026-08-03 07:00:00+08:00,2026-08-03 07:30:00+08:00,1785711600000,SOL-USDT,30m,73.65,73.67,73.49,73.59,4153.033054,305569.35409034,305569.35409034,1
2026-08-03 07:30:00+08:00,2026-08-03 08:00:00+08:00,1785713400000,SOL-USDT,30m,73.58,73.65,73.47,73.64,3719.834593,273691.53114218,273691.53114218,1
2026-08-03 08:00:00+08:00,2026-08-03 08:30:00+08:00,1785715200000,SOL-USDT,30m,73.64,73.67,73.26,73.29,6317.908729,464182.32674436,464182.32674436,1
2026-08-03 08:30:00+08:00,2026-08-03 09:00:00+08:00,1785717000000,SOL-USDT,30m,73.29,73.39,73.18,73.24,2771.924854,203093.62234174,203093.62234174,1
2026-08-03 09:00:00+08:00,2026-08-03 09:30:00+08:00,1785718800000,SOL-USDT,30m,73.24,73.26,73,73.05,5467.297756,399726.99403726,399726.99403726,1
2026-08-03 09:30:00+08:00,2026-08-03 10:00:00+08:00,1785720600000,SOL-USDT,30m,73.05,73.11,72.95,73,4929.035521,359934.50469449,359934.50469449,1
2026-08-03 10:00:00+08:00,2026-08-03 10:30:00+08:00,1785722400000,SOL-USDT,30m,73,73.15,72.92,72.99,4188.663778,306000.30822702,306000.30822702,1
2026-08-03 10:30:00+08:00,2026-08-03 11:00:00+08:00,1785724200000,SOL-USDT,30m,73,73.27,72.96,73.05,17349.476055,1268721.21614456,1268721.21614456,1
2026-08-03 11:00:00+08:00,2026-08-03 11:30:00+08:00,1785726000000,SOL-USDT,30m,73.04,73.13,72.98,73.05,3219.376011,235099.81371165,235099.81371165,1
2026-08-03 11:30:00+08:00,2026-08-03 12:00:00+08:00,1785727800000,SOL-USDT,30m,73.05,73.05,72.7,72.91,5824.986819,424517.18079547,424517.18079547,1
2026-08-03 12:00:00+08:00,2026-08-03 12:30:00+08:00,1785729600000,SOL-USDT,30m,72.91,73.07,72.85,72.95,3986.819529,290845.56224994,290845.56224994,1
2026-08-03 12:30:00+08:00,2026-08-03 13:00:00+08:00,1785731400000,SOL-USDT,30m,72.95,73.08,72.86,72.86,3158.755119,230588.00846141,230588.00846141,1
2026-08-03 13:00:00+08:00,2026-08-03 13:30:00+08:00,1785733200000,SOL-USDT,30m,72.86,73.07,72.84,72.91,6457.29976,471220.27065461,471220.27065461,1
2026-08-03 13:30:00+08:00,2026-08-03 14:00:00+08:00,1785735000000,SOL-USDT,30m,72.91,72.94,72.83,72.93,3312.023244,241395.36023164,241395.36023164,1
2026-08-03 14:00:00+08:00,2026-08-03 14:30:00+08:00,1785736800000,SOL-USDT,30m,72.93,72.99,72.85,72.87,2465.760809,179817.68873789,179817.68873789,1
2026-08-03 14:30:00+08:00,2026-08-03 15:00:00+08:00,1785738600000,SOL-USDT,30m,72.86,72.88,72.53,72.61,6867.958855,498940.6187561,498940.6187561,1
2026-08-03 15:00:00+08:00,2026-08-03 15:30:00+08:00,1785740400000,SOL-USDT,30m,72.62,72.65,72.44,72.62,9121.519334,661709.65011108,661709.65011108,1
2026-08-03 15:30:00+08:00,2026-08-03 16:00:00+08:00,1785742200000,SOL-USDT,30m,72.61,72.7,72.5,72.54,5311.287632,385533.94562519,385533.94562519,1
2026-08-03 16:00:00+08:00,2026-08-03 16:30:00+08:00,1785744000000,SOL-USDT,30m,72.53,72.58,72.02,72.08,17701.309346,1279195.38582474,1279195.38582474,1
2026-08-03 16:30:00+08:00,2026-08-03 17:00:00+08:00,1785745800000,SOL-USDT,30m,72.08,72.4,72,72.37,8458.053712,610410.84515664,610410.84515664,1
2026-08-03 17:00:00+08:00,2026-08-03 17:30:00+08:00,1785747600000,SOL-USDT,30m,72.38,72.48,72.34,72.47,8653.640688,626637.9504204,626637.9504204,1
2026-08-03 17:30:00+08:00,2026-08-03 18:00:00+08:00,1785749400000,SOL-USDT,30m,72.46,72.8,72.46,72.75,7782.088194,565060.07727841,565060.07727841,1
2026-08-03 18:00:00+08:00,2026-08-03 18:30:00+08:00,1785751200000,SOL-USDT,30m,72.74,72.81,72.61,72.61,5678.468161,412790.08476572,412790.08476572,1
2026-08-03 18:30:00+08:00,2026-08-03 19:00:00+08:00,1785753000000,SOL-USDT,30m,72.62,72.68,72.52,72.63,3923.37312,284864.4548737,284864.4548737,1
2026-08-03 19:00:00+08:00,2026-08-03 19:30:00+08:00,1785754800000,SOL-USDT,30m,72.63,72.63,72.4,72.49,5744.224895,416526.30520437,416526.30520437,1
2026-08-03 19:30:00+08:00,2026-08-03 20:00:00+08:00,1785756600000,SOL-USDT,30m,72.49,72.66,72.42,72.46,2653.033307,192408.35812145,192408.35812145,1
2026-08-03 20:00:00+08:00,2026-08-03 20:30:00+08:00,1785758400000,SOL-USDT,30m,72.46,72.57,72.34,72.48,5563.074747,403086.61114961,403086.61114961,1
2026-08-03 20:30:00+08:00,2026-08-03 21:00:00+08:00,1785760200000,SOL-USDT,30m,72.48,72.54,72.42,72.43,4365.508621,316340.47099558,316340.47099558,1
2026-08-03 21:00:00+08:00,2026-08-03 21:30:00+08:00,1785762000000,SOL-USDT,30m,72.43,72.77,72.4,72.5,9346.583575,677825.51512238,677825.51512238,1
2026-08-03 21:30:00+08:00,2026-08-03 22:00:00+08:00,1785763800000,SOL-USDT,30m,72.51,73.29,72.33,73.28,20357.772454,1484120.21924659,1484120.21924659,1
2026-08-03 22:00:00+08:00,2026-08-03 22:30:00+08:00,1785765600000,SOL-USDT,30m,73.27,73.69,73.03,73.65,18606.898051,1363701.54060381,1363701.54060381,1
2026-08-03 22:30:00+08:00,2026-08-03 23:00:00+08:00,1785767400000,SOL-USDT,30m,73.66,73.81,73.45,73.79,20963.124772,1543486.66922895,1543486.66922895,1
2026-08-03 23:00:00+08:00,2026-08-03 23:30:00+08:00,1785769200000,SOL-USDT,30m,73.79,73.83,73.47,73.62,17182.388433,1265079.22554581,1265079.22554581,1
2026-08-03 23:30:00+08:00,2026-08-04 00:00:00+08:00,1785771000000,SOL-USDT,30m,73.62,73.74,73.47,73.62,9441.699792,694940.08874756,694940.08874756,1
2026-08-04 00:00:00+08:00,2026-08-04 00:30:00+08:00,1785772800000,SOL-USDT,30m,73.62,73.82,73.48,73.57,12473.717349,918410.94646225,918410.94646225,1
2026-08-04 00:30:00+08:00,2026-08-04 01:00:00+08:00,1785774600000,SOL-USDT,30m,73.57,73.58,73.23,73.43,9425.019009,691894.67238114,691894.67238114,1
2026-08-04 01:00:00+08:00,2026-08-04 01:30:00+08:00,1785776400000,SOL-USDT,30m,73.43,73.86,73.32,73.64,12475.880838,918613.18791332,918613.18791332,1
2026-08-04 01:30:00+08:00,2026-08-04 02:00:00+08:00,1785778200000,SOL-USDT,30m,73.63,73.8,73.58,73.7,7000.391309,515777.47786998,515777.47786998,1
2026-08-04 02:00:00+08:00,2026-08-04 02:30:00+08:00,1785780000000,SOL-USDT,30m,73.7,74.3,73.7,73.98,31537.137323,2333721.56608554,2333721.56608554,1
2026-08-04 02:30:00+08:00,2026-08-04 03:00:00+08:00,1785781800000,SOL-USDT,30m,74,74.1,73.89,73.99,7133.522305,527902.65953708,527902.65953708,1
2026-08-04 03:00:00+08:00,2026-08-04 03:30:00+08:00,1785783600000,SOL-USDT,30m,73.99,74.16,73.96,74.1,6604.999061,489078.60141279,489078.60141279,1
2026-08-04 03:30:00+08:00,2026-08-04 04:00:00+08:00,1785785400000,SOL-USDT,30m,74.11,74.2,74,74.04,5647.931034,418428.1955244,418428.1955244,1
2026-08-04 04:00:00+08:00,2026-08-04 04:30:00+08:00,1785787200000,SOL-USDT,30m,74.04,74.15,73.92,74.02,6592.781076,488079.79820468,488079.79820468,1
2026-08-04 04:30:00+08:00,2026-08-04 05:00:00+08:00,1785789000000,SOL-USDT,30m,74.02,74.04,73.78,73.86,6587.043138,487075.93976639,487075.93976639,1
2026-08-04 05:00:00+08:00,2026-08-04 05:30:00+08:00,1785790800000,SOL-USDT,30m,73.86,73.89,73.73,73.8,2500.275171,184483.47616686,184483.47616686,1
2026-08-04 05:30:00+08:00,2026-08-04 06:00:00+08:00,1785792600000,SOL-USDT,30m,73.79,73.83,73.67,73.72,2859.794239,210986.11845544,210986.11845544,1
2026-08-04 06:00:00+08:00,2026-08-04 06:30:00+08:00,1785794400000,SOL-USDT,30m,73.72,73.74,73.38,73.57,4663.716228,342955.87769351,342955.87769351,1
2026-08-04 06:30:00+08:00,2026-08-04 07:00:00+08:00,1785796200000,SOL-USDT,30m,73.57,73.58,73.42,73.54,1692.940372,124445.84295801,124445.84295801,1
2026-08-04 07:00:00+08:00,2026-08-04 07:30:00+08:00,1785798000000,SOL-USDT,30m,73.55,73.55,73.4,73.52,4026.809198,295795.55287184,295795.55287184,1
2026-08-04 07:30:00+08:00,2026-08-04 08:00:00+08:00,1785799800000,SOL-USDT,30m,73.52,73.57,73.41,73.57,1753.332298,128845.57587092,128845.57587092,1
2026-08-04 08:00:00+08:00,2026-08-04 08:30:00+08:00,1785801600000,SOL-USDT,30m,73.57,73.64,73.43,73.48,4650.934927,341948.19614767,341948.19614767,1
2026-08-04 08:30:00+08:00,2026-08-04 09:00:00+08:00,1785803400000,SOL-USDT,30m,73.47,73.47,73.05,73.08,8497.241205,621991.44995588,621991.44995588,1
2026-08-04 09:00:00+08:00,2026-08-04 09:30:00+08:00,1785805200000,SOL-USDT,30m,73.09,73.27,73.05,73.21,3544.329057,259266.77011551,259266.77011551,1
2026-08-04 09:30:00+08:00,2026-08-04 10:00:00+08:00,1785807000000,SOL-USDT,30m,73.21,73.79,73.21,73.79,11594.591438,854119.30737419,854119.30737419,1
2026-08-04 10:00:00+08:00,2026-08-04 10:30:00+08:00,1785808800000,SOL-USDT,30m,73.8,73.85,73.69,73.76,3633.964404,268134.89838419,268134.89838419,1
2026-08-04 10:30:00+08:00,2026-08-04 11:00:00+08:00,1785810600000,SOL-USDT,30m,73.76,74.13,73.76,73.88,9428.109801,697412.32981615,697412.32981615,1
2026-08-04 11:00:00+08:00,2026-08-04 11:30:00+08:00,1785812400000,SOL-USDT,30m,73.89,73.91,73.44,73.56,16513.194223,1215232.76850714,1215232.76850714,1
2026-08-04 11:30:00+08:00,2026-08-04 12:00:00+08:00,1785814200000,SOL-USDT,30m,73.58,73.8,73.58,73.7,1807.847592,133267.37281996,133267.37281996,1
2026-08-04 12:00:00+08:00,2026-08-04 12:30:00+08:00,1785816000000,SOL-USDT,30m,73.7,73.82,73.6,73.71,3715.681933,273846.88897729,273846.88897729,1
2026-08-04 12:30:00+08:00,2026-08-04 13:00:00+08:00,1785817800000,SOL-USDT,30m,73.71,74.1,73.71,73.84,17480.216572,1292167.87939321,1292167.87939321,1
2026-08-04 13:00:00+08:00,2026-08-04 13:30:00+08:00,1785819600000,SOL-USDT,30m,73.84,73.89,73.71,73.74,4446.178582,328130.20156199,328130.20156199,1
2026-08-04 13:30:00+08:00,2026-08-04 14:00:00+08:00,1785821400000,SOL-USDT,30m,73.75,73.82,73.74,73.74,2619.697762,193269.11049315,193269.11049315,1
2026-08-04 14:00:00+08:00,2026-08-04 14:30:00+08:00,1785823200000,SOL-USDT,30m,73.75,73.93,73.68,73.7,8522.57665,629068.94224982,629068.94224982,1
2026-08-04 14:30:00+08:00,2026-08-04 15:00:00+08:00,1785825000000,SOL-USDT,30m,73.69,73.72,73.4,73.43,9030.426223,664011.66079047,664011.66079047,1
2026-08-04 15:00:00+08:00,2026-08-04 15:30:00+08:00,1785826800000,SOL-USDT,30m,73.44,73.52,73.21,73.41,11284.051373,828446.46927043,828446.46927043,1
2026-08-04 15:30:00+08:00,2026-08-04 16:00:00+08:00,1785828600000,SOL-USDT,30m,73.41,73.75,73.4,73.69,7338.817218,540128.89659152,540128.89659152,1
2026-08-04 16:00:00+08:00,2026-08-04 16:30:00+08:00,1785830400000,SOL-USDT,30m,73.7,73.77,73.37,73.46,6812.767469,501252.63773357,501252.63773357,1
2026-08-04 16:30:00+08:00,2026-08-04 17:00:00+08:00,1785832200000,SOL-USDT,30m,73.44,73.46,73.3,73.37,3821.233368,280391.41349071,280391.41349071,1
2026-08-04 17:00:00+08:00,2026-08-04 17:30:00+08:00,1785834000000,SOL-USDT,30m,73.37,73.37,73.17,73.26,4852.210359,355472.2068362,355472.2068362,1
2026-08-04 17:30:00+08:00,2026-08-04 18:00:00+08:00,1785835800000,SOL-USDT,30m,73.25,73.32,73.2,73.31,3029.878229,221971.85267822,221971.85267822,1
2026-08-04 18:00:00+08:00,2026-08-04 18:30:00+08:00,1785837600000,SOL-USDT,30m,73.31,73.33,73.09,73.13,3344.962094,244810.98528794,244810.98528794,1
2026-08-04 18:30:00+08:00,2026-08-04 19:00:00+08:00,1785839400000,SOL-USDT,30m,73.13,73.72,73.11,73.61,11545.42077,848174.77027916,848174.77027916,1
2026-08-04 19:00:00+08:00,2026-08-04 19:30:00+08:00,1785841200000,SOL-USDT,30m,73.62,73.75,73.54,73.73,5516.118618,406055.93143803,406055.93143803,1
2026-08-04 19:30:00+08:00,2026-08-04 20:00:00+08:00,1785843000000,SOL-USDT,30m,73.73,73.99,73.68,73.95,13071.855171,965513.23079989,965513.23079989,1
2026-08-04 20:00:00+08:00,2026-08-04 20:30:00+08:00,1785844800000,SOL-USDT,30m,73.95,73.96,73.76,73.92,5708.158832,421577.20964032,421577.20964032,1
2026-08-04 20:30:00+08:00,2026-08-04 21:00:00+08:00,1785846600000,SOL-USDT,30m,73.93,74.09,73.82,73.82,8220.933038,608001.94167432,608001.94167432,1
2026-08-04 21:00:00+08:00,2026-08-04 21:30:00+08:00,1785848400000,SOL-USDT,30m,73.83,73.97,73.72,73.86,9343.060555,689920.36165151,689920.36165151,1
2026-08-04 21:30:00+08:00,2026-08-04 22:00:00+08:00,1785850200000,SOL-USDT,30m,73.86,74.06,73.6,73.63,16000.586452,1182297.62489149,1182297.62489149,1
2026-08-04 22:00:00+08:00,2026-08-04 22:30:00+08:00,1785852000000,SOL-USDT,30m,73.65,73.85,73.34,73.56,19876.896844,1462252.35386264,1462252.35386264,1
2026-08-04 22:30:00+08:00,2026-08-04 23:00:00+08:00,1785853800000,SOL-USDT,30m,73.56,73.92,73.53,73.84,12251.503533,903367.94965345,903367.94965345,1
2026-08-04 23:00:00+08:00,2026-08-04 23:30:00+08:00,1785855600000,SOL-USDT,30m,73.84,74.02,73.6,73.63,10561.333014,779823.38040321,779823.38040321,1
2026-08-04 23:30:00+08:00,2026-08-05 00:00:00+08:00,1785857400000,SOL-USDT,30m,73.62,74.21,73.42,73.99,17346.082311,1281389.26298733,1281389.26298733,1
2026-08-05 00:00:00+08:00,2026-08-05 00:30:00+08:00,1785859200000,SOL-USDT,30m,74,74.02,73.8,73.86,10363.90361,766077.09004867,766077.09004867,1
2026-08-05 00:30:00+08:00,2026-08-05 01:00:00+08:00,1785861000000,SOL-USDT,30m,73.86,73.92,73.61,73.74,5360.579591,395216.95248856,395216.95248856,1
2026-08-05 01:00:00+08:00,2026-08-05 01:30:00+08:00,1785862800000,SOL-USDT,30m,73.75,74.24,73.72,74.12,9463.330028,700665.19365747,700665.19365747,1
2026-08-05 01:30:00+08:00,2026-08-05 02:00:00+08:00,1785864600000,SOL-USDT,30m,74.12,74.14,73.75,73.78,6339.431485,468748.51760862,468748.51760862,1
2026-08-05 02:00:00+08:00,2026-08-05 02:30:00+08:00,1785866400000,SOL-USDT,30m,73.78,74.39,73.78,74.31,17628.936729,1308883.54933259,1308883.54933259,1
2026-08-05 02:30:00+08:00,2026-08-05 03:00:00+08:00,1785868200000,SOL-USDT,30m,74.32,74.34,74.06,74.17,8154.073159,604851.97933197,604851.97933197,1
2026-08-05 03:00:00+08:00,2026-08-05 03:30:00+08:00,1785870000000,SOL-USDT,30m,74.17,74.4,74.12,74.17,5607.653503,416250.87815427,416250.87815427,1
2026-08-05 03:30:00+08:00,2026-08-05 04:00:00+08:00,1785871800000,SOL-USDT,30m,74.18,74.37,74.13,74.19,9663.15928,717399.465972,717399.465972,1
2026-08-05 04:00:00+08:00,2026-08-05 04:30:00+08:00,1785873600000,SOL-USDT,30m,74.21,74.24,73.89,74.1,12362.115992,916161.58745461,916161.58745461,1
2026-08-05 04:30:00+08:00,2026-08-05 05:00:00+08:00,1785875400000,SOL-USDT,30m,74.1,74.47,74.08,74.28,11992.899199,891209.1099249,891209.1099249,1
2026-08-05 05:00:00+08:00,2026-08-05 05:30:00+08:00,1785877200000,SOL-USDT,30m,74.28,74.29,74.03,74.07,14886.001841,1104883.89539385,1104883.89539385,1
2026-08-05 05:30:00+08:00,2026-08-05 06:00:00+08:00,1785879000000,SOL-USDT,30m,74.07,74.16,74.05,74.14,3460.743223,256441.15291159,256441.15291159,1
2026-08-05 06:00:00+08:00,2026-08-05 06:30:00+08:00,1785880800000,SOL-USDT,30m,74.15,74.2,73.98,74.16,2068.962477,153328.02066218,153328.02066218,1
2026-08-05 06:30:00+08:00,2026-08-05 07:00:00+08:00,1785882600000,SOL-USDT,30m,74.16,74.23,74.01,74.1,2021.762852,149904.71428607,149904.71428607,1
2026-08-05 07:00:00+08:00,2026-08-05 07:30:00+08:00,1785884400000,SOL-USDT,30m,74.11,74.29,73.9,73.91,7052.299053,522604.74118202,522604.74118202,1
2026-08-05 07:30:00+08:00,2026-08-05 08:00:00+08:00,1785886200000,SOL-USDT,30m,73.91,73.95,73.75,73.76,7513.798722,554855.31301692,554855.31301692,1
2026-08-05 08:00:00+08:00,2026-08-05 08:30:00+08:00,1785888000000,SOL-USDT,30m,73.75,73.81,73.57,73.64,6143.946549,452583.47771703,452583.47771703,1
2026-08-05 08:30:00+08:00,2026-08-05 09:00:00+08:00,1785889800000,SOL-USDT,30m,73.65,73.8,73.48,73.53,4909.481887,361421.62922644,361421.62922644,1
2026-08-05 09:00:00+08:00,2026-08-05 09:30:00+08:00,1785891600000,SOL-USDT,30m,73.52,73.73,73.4,73.72,4908.801011,361005.91574199,361005.91574199,1
2026-08-05 09:30:00+08:00,2026-08-05 10:00:00+08:00,1785893400000,SOL-USDT,30m,73.73,74.12,73.72,74.11,8014.172517,592839.10721373,592839.10721373,1
2026-08-05 10:00:00+08:00,2026-08-05 10:30:00+08:00,1785895200000,SOL-USDT,30m,74.12,74.38,74.07,74.21,16383.557846,1215792.42489169,1215792.42489169,1
2026-08-05 10:30:00+08:00,2026-08-05 11:00:00+08:00,1785897000000,SOL-USDT,30m,74.21,74.49,74.18,74.22,10636.043227,790584.73802687,790584.73802687,1
2026-08-05 11:00:00+08:00,2026-08-05 11:30:00+08:00,1785898800000,SOL-USDT,30m,74.21,74.3,73.74,73.76,14757.460406,1091521.79275016,1091521.79275016,1
2026-08-05 11:30:00+08:00,2026-08-05 12:00:00+08:00,1785900600000,SOL-USDT,30m,73.75,73.85,73.72,73.8,4338.532141,320210.57216467,320210.57216467,1
2026-08-05 12:00:00+08:00,2026-08-05 12:30:00+08:00,1785902400000,SOL-USDT,30m,73.8,73.82,73.63,73.69,4127.867043,304244.85454336,304244.85454336,1
2026-08-05 12:30:00+08:00,2026-08-05 13:00:00+08:00,1785904200000,SOL-USDT,30m,73.69,73.87,73.69,73.81,3582.16191,264329.61761287,264329.61761287,1
2026-08-05 13:00:00+08:00,2026-08-05 13:30:00+08:00,1785906000000,SOL-USDT,30m,73.81,74.29,73.76,74.18,17871.378441,1323454.02711541,1323454.02711541,1
2026-08-05 13:30:00+08:00,2026-08-05 14:00:00+08:00,1785907800000,SOL-USDT,30m,74.17,74.21,74.04,74.15,5580.661493,413681.90297531,413681.90297531,1
2026-08-05 14:00:00+08:00,2026-08-05 14:30:00+08:00,1785909600000,SOL-USDT,30m,74.15,74.15,74.04,74.14,2861.99039,212084.0789158,212084.0789158,1
2026-08-05 14:30:00+08:00,2026-08-05 15:00:00+08:00,1785911400000,SOL-USDT,30m,74.14,74.25,73.98,74,5408.702899,400788.88806562,400788.88806562,1
2026-08-05 15:00:00+08:00,2026-08-05 15:30:00+08:00,1785913200000,SOL-USDT,30m,74,74.04,73.69,73.73,10108.223362,746863.97970389,746863.97970389,1
2026-08-05 15:30:00+08:00,2026-08-05 16:00:00+08:00,1785915000000,SOL-USDT,30m,73.73,73.99,73.7,73.99,8533.287051,629684.98253009,629684.98253009,1
2026-08-05 16:00:00+08:00,2026-08-05 16:30:00+08:00,1785916800000,SOL-USDT,30m,73.99,74.16,73.96,74.15,7071.651985,523586.1037949,523586.1037949,1
2026-08-05 16:30:00+08:00,2026-08-05 17:00:00+08:00,1785918600000,SOL-USDT,30m,74.15,74.16,74.02,74.08,4679.760966,346726.52217886,346726.52217886,1
2026-08-05 17:00:00+08:00,2026-08-05 17:30:00+08:00,1785920400000,SOL-USDT,30m,74.08,74.2,74.01,74.16,6997.438305,518653.91547187,518653.91547187,1
2026-08-05 17:30:00+08:00,2026-08-05 18:00:00+08:00,1785922200000,SOL-USDT,30m,74.17,74.2,74.01,74.03,2881.689943,213585.58134704,213585.58134704,1
2026-08-05 18:00:00+08:00,2026-08-05 18:30:00+08:00,1785924000000,SOL-USDT,30m,74.03,74.11,73.92,74.07,2563.837752,189713.01222919,189713.01222919,1
2026-08-05 18:30:00+08:00,2026-08-05 19:00:00+08:00,1785925800000,SOL-USDT,30m,74.06,74.14,73.79,73.86,3296.353692,243744.63157378,243744.63157378,1
2026-08-05 19:00:00+08:00,2026-08-05 19:30:00+08:00,1785927600000,SOL-USDT,30m,73.86,74,73.81,73.82,4041.018416,298628.8709725,298628.8709725,1
2026-08-05 19:30:00+08:00,2026-08-05 20:00:00+08:00,1785929400000,SOL-USDT,30m,73.81,73.9,73.74,73.78,3482.887227,257010.18617583,257010.18617583,1
2026-08-05 20:00:00+08:00,2026-08-05 20:30:00+08:00,1785931200000,SOL-USDT,30m,73.78,74.39,73.73,74.29,18585.72629,1377441.15655619,1377441.15655619,1
2026-08-05 20:30:00+08:00,2026-08-05 21:00:00+08:00,1785933000000,SOL-USDT,30m,74.29,74.32,74,74.08,10002.534653,741643.28716159,741643.28716159,1
2026-08-05 21:00:00+08:00,2026-08-05 21:30:00+08:00,1785934800000,SOL-USDT,30m,74.08,74.11,73.73,73.79,9729.916458,718418.85559275,718418.85559275,1
2026-08-05 21:30:00+08:00,2026-08-05 22:00:00+08:00,1785936600000,SOL-USDT,30m,73.78,73.99,73.27,73.99,34150.189007,2514895.04759811,2514895.04759811,1
2026-08-05 22:00:00+08:00,2026-08-05 22:30:00+08:00,1785938400000,SOL-USDT,30m,73.98,74.15,73.77,73.82,19091.505037,1412466.62174783,1412466.62174783,1
2026-08-05 22:30:00+08:00,2026-08-05 23:00:00+08:00,1785940200000,SOL-USDT,30m,73.81,74.05,73.62,73.96,17949.121085,1324203.53166411,1324203.53166411,1
2026-08-05 23:00:00+08:00,2026-08-05 23:30:00+08:00,1785942000000,SOL-USDT,30m,73.96,74.23,73.84,74.03,11623.703573,860442.0865041,860442.0865041,1
2026-08-05 23:30:00+08:00,2026-08-06 00:00:00+08:00,1785943800000,SOL-USDT,30m,74.04,74.31,73.95,73.96,13826.124011,1024886.16640323,1024886.16640323,1
2026-08-06 00:00:00+08:00,2026-08-06 00:30:00+08:00,1785945600000,SOL-USDT,30m,73.96,74.43,73.95,74.4,8074.803072,599373.93601786,599373.93601786,1
2026-08-06 00:30:00+08:00,2026-08-06 01:00:00+08:00,1785947400000,SOL-USDT,30m,74.41,74.44,74.19,74.28,8345.448812,620362.40133068,620362.40133068,1
2026-08-06 01:00:00+08:00,2026-08-06 01:30:00+08:00,1785949200000,SOL-USDT,30m,74.29,74.42,74.14,74.21,4908.436967,364507.16375683,364507.16375683,1
2026-08-06 01:30:00+08:00,2026-08-06 02:00:00+08:00,1785951000000,SOL-USDT,30m,74.2,74.66,74.17,74.56,9753.788329,726935.95184705,726935.95184705,1
2026-08-06 02:00:00+08:00,2026-08-06 02:30:00+08:00,1785952800000,SOL-USDT,30m,74.56,74.83,74.42,74.53,12187.85743,909495.73174938,909495.73174938,1
2026-08-06 02:30:00+08:00,2026-08-06 03:00:00+08:00,1785954600000,SOL-USDT,30m,74.52,74.68,74.47,74.53,4176.837879,311612.68684608,311612.68684608,1
2026-08-06 03:00:00+08:00,2026-08-06 03:30:00+08:00,1785956400000,SOL-USDT,30m,74.53,74.64,74.45,74.47,3392.426135,252836.58556623,252836.58556623,1
2026-08-06 03:30:00+08:00,2026-08-06 04:00:00+08:00,1785958200000,SOL-USDT,30m,74.48,74.57,74.42,74.48,4841.277824,360697.93249701,360697.93249701,1
2026-08-06 04:00:00+08:00,2026-08-06 04:30:00+08:00,1785960000000,SOL-USDT,30m,74.48,74.59,74.3,74.43,12867.903269,957887.38191221,957887.38191221,1
2026-08-06 04:30:00+08:00,2026-08-06 05:00:00+08:00,1785961800000,SOL-USDT,30m,74.42,74.54,74.38,74.39,7329.94377,545748.64519423,545748.64519423,1
2026-08-06 05:00:00+08:00,2026-08-06 05:30:00+08:00,1785963600000,SOL-USDT,30m,74.39,74.39,74.1,74.13,4998.116047,370963.08026116,370963.08026116,1
2026-08-06 05:30:00+08:00,2026-08-06 06:00:00+08:00,1785965400000,SOL-USDT,30m,74.14,74.23,74.08,74.14,3610.332232,267710.191467,267710.191467,1
2026-08-06 06:00:00+08:00,2026-08-06 06:30:00+08:00,1785967200000,SOL-USDT,30m,74.14,74.2,74,74.05,2470.524625,183094.9645054,183094.9645054,1
2026-08-06 06:30:00+08:00,2026-08-06 07:00:00+08:00,1785969000000,SOL-USDT,30m,74.06,74.13,74.02,74.02,3423.643023,253560.73030771,253560.73030771,1
2026-08-06 07:00:00+08:00,2026-08-06 07:30:00+08:00,1785970800000,SOL-USDT,30m,74.02,74.07,73.86,74.03,6271.205072,463765.9893946,463765.9893946,1
2026-08-06 07:30:00+08:00,2026-08-06 08:00:00+08:00,1785972600000,SOL-USDT,30m,74.04,74.12,73.99,74.04,6404.108989,474298.68773216,474298.68773216,1
2026-08-06 08:00:00+08:00,2026-08-06 08:30:00+08:00,1785974400000,SOL-USDT,30m,74.05,74.27,74.04,74.2,4390.144218,325482.86915842,325482.86915842,1
2026-08-06 08:30:00+08:00,2026-08-06 09:00:00+08:00,1785976200000,SOL-USDT,30m,74.2,74.23,74.03,74.08,4889.469715,362420.58646074,362420.58646074,1
2026-08-06 09:00:00+08:00,2026-08-06 09:30:00+08:00,1785978000000,SOL-USDT,30m,74.08,74.12,73.77,73.78,7648.301061,565363.87381772,565363.87381772,1
2026-08-06 09:30:00+08:00,2026-08-06 10:00:00+08:00,1785979800000,SOL-USDT,30m,73.79,73.94,73.73,73.77,12289.660182,907492.04543378,907492.04543378,1
2026-08-06 10:00:00+08:00,2026-08-06 10:30:00+08:00,1785981600000,SOL-USDT,30m,73.77,73.79,73.42,73.45,19617.739168,1443784.83796151,1443784.83796151,1
2026-08-06 10:30:00+08:00,2026-08-06 11:00:00+08:00,1785983400000,SOL-USDT,30m,73.45,73.62,73.4,73.56,9186.915035,675250.00496798,675250.00496798,1
2026-08-06 11:00:00+08:00,2026-08-06 11:30:00+08:00,1785985200000,SOL-USDT,30m,73.56,73.57,73.45,73.55,8043.429408,591388.5379462,591388.5379462,1
2026-08-06 11:30:00+08:00,2026-08-06 12:00:00+08:00,1785987000000,SOL-USDT,30m,73.56,73.61,73.46,73.49,7571.724313,556776.44533548,556776.44533548,1
2026-08-06 12:00:00+08:00,2026-08-06 12:30:00+08:00,1785988800000,SOL-USDT,30m,73.5,73.83,73.41,73.8,10415.32947,766952.05260587,766952.05260587,1
2026-08-06 12:30:00+08:00,2026-08-06 13:00:00+08:00,1785990600000,SOL-USDT,30m,73.81,73.88,73.7,73.88,3201.802507,236292.50361925,236292.50361925,1
2026-08-06 13:00:00+08:00,2026-08-06 13:30:00+08:00,1785992400000,SOL-USDT,30m,73.89,74.35,73.87,74.15,14024.423828,1040212.69038983,1040212.69038983,1
2026-08-06 13:30:00+08:00,2026-08-06 14:00:00+08:00,1785994200000,SOL-USDT,30m,74.13,74.24,74.09,74.24,3779.955246,280314.67979833,280314.67979833,1
2026-08-06 14:00:00+08:00,2026-08-06 14:30:00+08:00,1785996000000,SOL-USDT,30m,74.24,74.25,73.96,74.08,5089.687052,377091.36476379,377091.36476379,1
2026-08-06 14:30:00+08:00,2026-08-06 15:00:00+08:00,1785997800000,SOL-USDT,30m,74.08,74.12,74.02,74.05,2685.46187,198884.27480296,198884.27480296,1
2026-08-06 15:00:00+08:00,2026-08-06 15:30:00+08:00,1785999600000,SOL-USDT,30m,74.05,74.13,74,74.08,5163.280668,382353.97682296,382353.97682296,1
2026-08-06 15:30:00+08:00,2026-08-06 16:00:00+08:00,1786001400000,SOL-USDT,30m,74.08,74.08,73.87,73.89,5951.752514,440189.93616942,440189.93616942,1
2026-08-06 16:00:00+08:00,2026-08-06 16:30:00+08:00,1786003200000,SOL-USDT,30m,73.89,73.91,73.7,73.81,15048.336448,1110130.01350043,1110130.01350043,1
2026-08-06 16:30:00+08:00,2026-08-06 17:00:00+08:00,1786005000000,SOL-USDT,30m,73.81,74.1,73.76,74,7530.429766,556528.66809232,556528.66809232,1
2026-08-06 17:00:00+08:00,2026-08-06 17:30:00+08:00,1786006800000,SOL-USDT,30m,74,74,73.51,73.54,14032.683485,1033963.62929161,1033963.62929161,1
2026-08-06 17:30:00+08:00,2026-08-06 18:00:00+08:00,1786008600000,SOL-USDT,30m,73.54,73.54,73.2,73.31,29636.245757,2174258.23340395,2174258.23340395,1
2026-08-06 18:00:00+08:00,2026-08-06 18:30:00+08:00,1786010400000,SOL-USDT,30m,73.31,73.42,73.17,73.4,14475.858005,1061026.36326455,1061026.36326455,1
2026-08-06 18:30:00+08:00,2026-08-06 19:00:00+08:00,1786012200000,SOL-USDT,30m,73.41,73.44,73.25,73.32,4128.563515,302864.14280488,302864.14280488,1
2026-08-06 19:00:00+08:00,2026-08-06 19:30:00+08:00,1786014000000,SOL-USDT,30m,73.33,73.48,73.19,73.39,4262.858605,312639.00671978,312639.00671978,1
2026-08-06 19:30:00+08:00,2026-08-06 20:00:00+08:00,1786015800000,SOL-USDT,30m,73.4,73.57,73.4,73.46,1843.917153,135506.73452515,135506.73452515,1
2026-08-06 20:00:00+08:00,2026-08-06 20:30:00+08:00,1786017600000,SOL-USDT,30m,73.47,73.48,73.24,73.4,3844.555101,281913.97218844,281913.97218844,1
2026-08-06 20:30:00+08:00,2026-08-06 21:00:00+08:00,1786019400000,SOL-USDT,30m,73.4,73.45,73.14,73.15,4833.701169,354313.15696393,354313.15696393,1
2026-08-06 21:00:00+08:00,2026-08-06 21:30:00+08:00,1786021200000,SOL-USDT,30m,73.15,73.19,72.85,72.97,13978.302779,1020178.59249614,1020178.59249614,1
2026-08-06 21:30:00+08:00,2026-08-06 22:00:00+08:00,1786023000000,SOL-USDT,30m,72.96,73.33,72.87,73.26,10597.796285,774360.79661426,774360.79661426,1
2026-08-06 22:00:00+08:00,2026-08-06 22:30:00+08:00,1786024800000,SOL-USDT,30m,73.25,73.38,73.16,73.19,23567.74549,1726406.00226844,1726406.00226844,1
2026-08-06 22:30:00+08:00,2026-08-06 23:00:00+08:00,1786026600000,SOL-USDT,30m,73.18,73.58,73.1,73.47,14400.261546,1056796.56764261,1056796.56764261,1
2026-08-06 23:00:00+08:00,2026-08-06 23:30:00+08:00,1786028400000,SOL-USDT,30m,73.47,73.62,73.36,73.53,8724.054042,641227.7828804,641227.7828804,1
2026-08-06 23:30:00+08:00,2026-08-07 00:00:00+08:00,1786030200000,SOL-USDT,30m,73.53,73.62,73.31,73.32,6083.819875,446864.2183463,446864.2183463,1
2026-08-07 00:00:00+08:00,2026-08-07 00:30:00+08:00,1786032000000,SOL-USDT,30m,73.32,73.39,73.1,73.32,14546.349046,1065689.15604216,1065689.15604216,1
2026-08-07 00:30:00+08:00,2026-08-07 01:00:00+08:00,1786033800000,SOL-USDT,30m,73.32,73.49,73.27,73.44,5578.374527,409344.55447706,409344.55447706,1
2026-08-07 01:00:00+08:00,2026-08-07 01:30:00+08:00,1786035600000,SOL-USDT,30m,73.45,73.55,73.34,73.34,3964.156936,291223.90152423,291223.90152423,1
2026-08-07 01:30:00+08:00,2026-08-07 02:00:00+08:00,1786037400000,SOL-USDT,30m,73.33,73.39,73.06,73.2,5850.758584,428146.87533244,428146.87533244,1
2026-08-07 02:00:00+08:00,2026-08-07 02:30:00+08:00,1786039200000,SOL-USDT,30m,73.2,73.23,72.97,73.12,9065.167399,662521.50618789,662521.50618789,1
2026-08-07 02:30:00+08:00,2026-08-07 03:00:00+08:00,1786041000000,SOL-USDT,30m,73.11,73.12,72.73,72.81,20527.196996,1496747.5760926,1496747.5760926,1
2026-08-07 03:00:00+08:00,2026-08-07 03:30:00+08:00,1786042800000,SOL-USDT,30m,72.82,72.86,72.56,72.62,12438.974547,904745.97061139,904745.97061139,1
2026-08-07 03:30:00+08:00,2026-08-07 04:00:00+08:00,1786044600000,SOL-USDT,30m,72.62,72.97,72.6,72.81,10707.904896,779482.79944733,779482.79944733,1
2026-08-07 04:00:00+08:00,2026-08-07 04:30:00+08:00,1786046400000,SOL-USDT,30m,72.81,72.98,72.81,72.91,8573.277898,625039.39184678,625039.39184678,1
2026-08-07 04:30:00+08:00,2026-08-07 05:00:00+08:00,1786048200000,SOL-USDT,30m,72.91,72.99,72.84,72.85,4614.298277,336548.20601965,336548.20601965,1
2026-08-07 05:00:00+08:00,2026-08-07 05:30:00+08:00,1786050000000,SOL-USDT,30m,72.85,73,72.79,72.97,10358.478895,755485.6511809,755485.6511809,1
2026-08-07 05:30:00+08:00,2026-08-07 06:00:00+08:00,1786051800000,SOL-USDT,30m,72.96,72.99,72.81,72.88,7328.786858,534334.56458005,534334.56458005,1
2026-08-07 06:00:00+08:00,2026-08-07 06:30:00+08:00,1786053600000,SOL-USDT,30m,72.88,72.89,72.66,72.7,2958.499604,215293.16312137,215293.16312137,1
2026-08-07 06:30:00+08:00,2026-08-07 07:00:00+08:00,1786055400000,SOL-USDT,30m,72.71,72.78,72.68,72.7,5858.665287,426045.27112909,426045.27112909,1
2026-08-07 07:00:00+08:00,2026-08-07 07:30:00+08:00,1786057200000,SOL-USDT,30m,72.69,72.74,72.35,72.4,13788.789758,1000702.45949746,1000702.45949746,1
2026-08-07 07:30:00+08:00,2026-08-07 08:00:00+08:00,1786059000000,SOL-USDT,30m,72.4,72.72,72.35,72.7,6427.034929,465988.00806423,465988.00806423,1
2026-08-07 08:00:00+08:00,2026-08-07 08:30:00+08:00,1786060800000,SOL-USDT,30m,72.7,72.82,72.59,72.67,3842.129221,279281.20618493,279281.20618493,1
2026-08-07 08:30:00+08:00,2026-08-07 09:00:00+08:00,1786062600000,SOL-USDT,30m,72.66,72.75,72.57,72.67,3918.748009,284710.32105202,284710.32105202,1
2026-08-07 09:00:00+08:00,2026-08-07 09:30:00+08:00,1786064400000,SOL-USDT,30m,72.67,72.85,72.63,72.76,5355.385375,389489.26450008,389489.26450008,1
2026-08-07 09:30:00+08:00,2026-08-07 10:00:00+08:00,1786066200000,SOL-USDT,30m,72.76,72.88,72.59,72.75,7319.995509,532643.31708798,532643.31708798,1
2026-08-07 10:00:00+08:00,2026-08-07 10:30:00+08:00,1786068000000,SOL-USDT,30m,72.75,72.94,72.5,72.63,7054.42772,513183.99929559,513183.99929559,1
2026-08-07 10:30:00+08:00,2026-08-07 11:00:00+08:00,1786069800000,SOL-USDT,30m,72.63,72.8,72.59,72.71,5009.007842,364186.22875698,364186.22875698,1
2026-08-07 11:00:00+08:00,2026-08-07 11:30:00+08:00,1786071600000,SOL-USDT,30m,72.71,72.75,72.61,72.69,1948.587054,141598.0590964,141598.0590964,1
2026-08-07 11:30:00+08:00,2026-08-07 12:00:00+08:00,1786073400000,SOL-USDT,30m,72.68,72.77,72.55,72.64,4377.678201,318271.00455768,318271.00455768,1
2026-08-07 12:00:00+08:00,2026-08-07 12:30:00+08:00,1786075200000,SOL-USDT,30m,72.63,72.8,72.52,72.74,3137.269712,227935.99874577,227935.99874577,1
2026-08-07 12:30:00+08:00,2026-08-07 13:00:00+08:00,1786077000000,SOL-USDT,30m,72.74,72.79,72.59,72.67,5843.258461,424741.90692902,424741.90692902,1
2026-08-07 13:00:00+08:00,2026-08-07 13:30:00+08:00,1786078800000,SOL-USDT,30m,72.68,72.75,72.54,72.56,6233.317435,452887.28878679,452887.28878679,1
2026-08-07 13:30:00+08:00,2026-08-07 14:00:00+08:00,1786080600000,SOL-USDT,30m,72.55,72.96,72.44,72.88,12731.758046,925830.33098031,925830.33098031,1
2026-08-07 14:00:00+08:00,2026-08-07 14:30:00+08:00,1786082400000,SOL-USDT,30m,72.88,73.08,72.83,73.02,8388.535266,612083.19625441,612083.19625441,1
2026-08-07 14:30:00+08:00,2026-08-07 15:00:00+08:00,1786084200000,SOL-USDT,30m,73.03,73.05,72.81,72.84,7541.121966,549818.95287438,549818.95287438,1
2026-08-07 15:00:00+08:00,2026-08-07 15:30:00+08:00,1786086000000,SOL-USDT,30m,72.84,73,72.76,72.98,6763.694281,493186.00492728,493186.00492728,1
2026-08-07 15:30:00+08:00,2026-08-07 16:00:00+08:00,1786087800000,SOL-USDT,30m,72.98,73.03,72.92,72.94,7173.309282,523350.97407331,523350.97407331,1
2026-08-07 16:00:00+08:00,2026-08-07 16:30:00+08:00,1786089600000,SOL-USDT,30m,72.93,73.03,72.91,72.96,4704.06683,343243.39318516,343243.39318516,1
2026-08-07 16:30:00+08:00,2026-08-07 17:00:00+08:00,1786091400000,SOL-USDT,30m,72.97,73.32,72.97,73.2,5809.50742,425007.4584169,425007.4584169,1
2026-08-07 17:00:00+08:00,2026-08-07 17:30:00+08:00,1786093200000,SOL-USDT,30m,73.2,73.64,73.19,73.53,11849.723924,869946.38718279,869946.38718279,1
2026-08-07 17:30:00+08:00,2026-08-07 18:00:00+08:00,1786095000000,SOL-USDT,30m,73.54,73.74,73.53,73.62,11906.88666,877099.45019621,877099.45019621,1
2026-08-07 18:00:00+08:00,2026-08-07 18:30:00+08:00,1786096800000,SOL-USDT,30m,73.63,73.77,73.53,73.63,8145.830225,599918.79347925,599918.79347925,1
2026-08-07 18:30:00+08:00,2026-08-07 19:00:00+08:00,1786098600000,SOL-USDT,30m,73.63,73.64,73.49,73.52,7695.002506,565904.07457623,565904.07457623,1
2026-08-07 19:00:00+08:00,2026-08-07 19:30:00+08:00,1786100400000,SOL-USDT,30m,73.53,73.77,73.52,73.62,8996.220697,662458.31532902,662458.31532902,1
2026-08-07 19:30:00+08:00,2026-08-07 20:00:00+08:00,1786102200000,SOL-USDT,30m,73.62,73.68,73.56,73.63,6998.00098,515134.16925236,515134.16925236,1
2026-08-07 20:00:00+08:00,2026-08-07 20:30:00+08:00,1786104000000,SOL-USDT,30m,73.64,74.1,73.63,74.02,27784.305031,2053258.080301,2053258.080301,1
2026-08-07 20:30:00+08:00,2026-08-07 21:00:00+08:00,1786105800000,SOL-USDT,30m,74.02,74.37,73.65,73.91,35293.806211,2609149.67530623,2609149.67530623,1
2026-08-07 21:00:00+08:00,2026-08-07 21:30:00+08:00,1786107600000,SOL-USDT,30m,73.91,73.96,73.8,73.88,7936.095379,586292.20739804,586292.20739804,1
2026-08-07 21:30:00+08:00,2026-08-07 22:00:00+08:00,1786109400000,SOL-USDT,30m,73.88,74.35,73.84,74.14,29215.644244,2166890.24446455,2166890.24446455,1
2026-08-07 22:00:00+08:00,2026-08-07 22:30:00+08:00,1786111200000,SOL-USDT,30m,74.13,74.17,73.62,74.13,22014.589107,1626573.82538616,1626573.82538616,1
2026-08-07 22:30:00+08:00,2026-08-07 23:00:00+08:00,1786113000000,SOL-USDT,30m,74.13,74.23,73.57,73.72,21092.454271,1561174.92907584,1561174.92907584,1
2026-08-07 23:00:00+08:00,2026-08-07 23:30:00+08:00,1786114800000,SOL-USDT,30m,73.73,73.95,73.71,73.78,9163.425823,676307.66156403,676307.66156403,1
2026-08-07 23:30:00+08:00,2026-08-08 00:00:00+08:00,1786116600000,SOL-USDT,30m,73.77,73.98,73.73,73.9,4282.16903,316399.29329985,316399.29329985,1
2026-08-08 00:00:00+08:00,2026-08-08 00:30:00+08:00,1786118400000,SOL-USDT,30m,73.91,74.13,73.84,73.86,8780.22834,649676.2894677,649676.2894677,1
2026-08-08 00:30:00+08:00,2026-08-08 01:00:00+08:00,1786120200000,SOL-USDT,30m,73.87,73.9,73.59,73.59,8176.339398,603205.09306595,603205.09306595,1
2026-08-08 01:00:00+08:00,2026-08-08 01:30:00+08:00,1786122000000,SOL-USDT,30m,73.58,73.59,73.27,73.29,11200.763119,822136.74308183,822136.74308183,1
2026-08-08 01:30:00+08:00,2026-08-08 02:00:00+08:00,1786123800000,SOL-USDT,30m,73.28,73.45,73.2,73.44,10896.94681,798969.36309759,798969.36309759,1
2026-08-08 02:00:00+08:00,2026-08-08 02:30:00+08:00,1786125600000,SOL-USDT,30m,73.43,73.58,73.41,73.49,5695.203116,418650.26776899,418650.26776899,1
2026-08-08 02:30:00+08:00,2026-08-08 03:00:00+08:00,1786127400000,SOL-USDT,30m,73.5,73.52,73.28,73.42,2865.123716,210249.61380123,210249.61380123,1
2026-08-08 03:00:00+08:00,2026-08-08 03:30:00+08:00,1786129200000,SOL-USDT,30m,73.42,73.89,73.41,73.83,9350.171887,689106.30039392,689106.30039392,1
2026-08-08 03:30:00+08:00,2026-08-08 04:00:00+08:00,1786131000000,SOL-USDT,30m,73.84,74.04,73.79,74.02,12459.410672,920933.16431112,920933.16431112,1
2026-08-08 04:00:00+08:00,2026-08-08 04:30:00+08:00,1786132800000,SOL-USDT,30m,74.03,74.1,73.96,74.01,8333.244373,617082.39076954,617082.39076954,1
2026-08-08 04:30:00+08:00,2026-08-08 05:00:00+08:00,1786134600000,SOL-USDT,30m,74.01,74.01,73.8,73.83,4079.348912,301369.59221623,301369.59221623,1
2026-08-08 05:00:00+08:00,2026-08-08 05:30:00+08:00,1786136400000,SOL-USDT,30m,73.84,73.89,73.64,73.74,8645.601935,637915.90537042,637915.90537042,1
2026-08-08 05:30:00+08:00,2026-08-08 06:00:00+08:00,1786138200000,SOL-USDT,30m,73.73,73.86,73.61,73.67,6690.217769,493224.38506949,493224.38506949,1
2026-08-08 06:00:00+08:00,2026-08-08 06:30:00+08:00,1786140000000,SOL-USDT,30m,73.67,73.74,73.6,73.69,3535.709383,260510.44493712,260510.44493712,1
2026-08-08 06:30:00+08:00,2026-08-08 07:00:00+08:00,1786141800000,SOL-USDT,30m,73.69,73.7,73.6,73.65,2103.403957,154887.89917333,154887.89917333,1
2026-08-08 07:00:00+08:00,2026-08-08 07:30:00+08:00,1786143600000,SOL-USDT,30m,73.66,73.76,73.65,73.65,2662.971924,196303.3820351,196303.3820351,1
2026-08-08 07:30:00+08:00,2026-08-08 08:00:00+08:00,1786145400000,SOL-USDT,30m,73.64,73.79,73.62,73.68,3743.785415,275996.12815387,275996.12815387,1
2026-08-08 08:00:00+08:00,2026-08-08 08:30:00+08:00,1786147200000,SOL-USDT,30m,73.67,73.74,73.59,73.67,6213.593783,457640.13310459,457640.13310459,1
2026-08-08 08:30:00+08:00,2026-08-08 09:00:00+08:00,1786149000000,SOL-USDT,30m,73.66,73.76,73.64,73.72,5448.593293,401574.50703639,401574.50703639,1
2026-08-08 09:00:00+08:00,2026-08-08 09:30:00+08:00,1786150800000,SOL-USDT,30m,73.73,73.84,73.69,73.84,5195.839823,383222.63828647,383222.63828647,1
2026-08-08 09:30:00+08:00,2026-08-08 10:00:00+08:00,1786152600000,SOL-USDT,30m,73.83,73.96,73.81,73.89,4785.424829,353637.4911842,353637.4911842,1
2026-08-08 10:00:00+08:00,2026-08-08 10:30:00+08:00,1786154400000,SOL-USDT,30m,73.89,73.97,73.88,73.95,3919.478342,289743.99147567,289743.99147567,1
2026-08-08 10:30:00+08:00,2026-08-08 11:00:00+08:00,1786156200000,SOL-USDT,30m,73.95,73.98,73.85,73.86,5555.787887,410759.79844229,410759.79844229,1
2026-08-08 11:00:00+08:00,2026-08-08 11:30:00+08:00,1786158000000,SOL-USDT,30m,73.87,74.2,73.86,74.15,7874.268334,582743.29610899,582743.29610899,1
2026-08-08 11:30:00+08:00,2026-08-08 12:00:00+08:00,1786159800000,SOL-USDT,30m,74.16,75,74.16,74.83,53579.223525,3994564.07432815,3994564.07432815,1
2026-08-08 12:00:00+08:00,2026-08-08 12:30:00+08:00,1786161600000,SOL-USDT,30m,74.84,75.14,74.6,74.61,44390.711484,3322996.44197627,3322996.44197627,1
2026-08-08 12:30:00+08:00,2026-08-08 13:00:00+08:00,1786163400000,SOL-USDT,30m,74.6,74.76,74.6,74.65,7210.17393,538430.41624094,538430.41624094,1
2026-08-08 13:00:00+08:00,2026-08-08 13:30:00+08:00,1786165200000,SOL-USDT,30m,74.65,74.72,74.53,74.7,6291.951891,469445.19354468,469445.19354468,1
2026-08-08 13:30:00+08:00,2026-08-08 14:00:00+08:00,1786167000000,SOL-USDT,30m,74.69,74.76,74.49,74.66,9124.812095,680841.69670041,680841.69670041,1
2026-08-08 14:00:00+08:00,2026-08-08 14:30:00+08:00,1786168800000,SOL-USDT,30m,74.67,74.75,74.57,74.75,5022.465212,374971.37777226,374971.37777226,1
2026-08-08 14:30:00+08:00,2026-08-08 15:00:00+08:00,1786170600000,SOL-USDT,30m,74.75,74.84,74.68,74.72,8213.694417,613911.19528362,613911.19528362,1
2026-08-08 15:00:00+08:00,2026-08-08 15:30:00+08:00,1786172400000,SOL-USDT,30m,74.73,74.83,74.67,74.7,5594.385191,418244.50274246,418244.50274246,1
2026-08-08 15:30:00+08:00,2026-08-08 16:00:00+08:00,1786174200000,SOL-USDT,30m,74.7,74.83,74.65,74.81,3797.947394,283752.47395025,283752.47395025,1
2026-08-08 16:00:00+08:00,2026-08-08 16:30:00+08:00,1786176000000,SOL-USDT,30m,74.82,74.84,74.69,74.84,4973.835496,371862.41461823,371862.41461823,1
2026-08-08 16:30:00+08:00,2026-08-08 17:00:00+08:00,1786177800000,SOL-USDT,30m,74.83,74.93,74.71,74.8,7152.371534,535068.89839374,535068.89839374,1
2026-08-08 17:00:00+08:00,2026-08-08 17:30:00+08:00,1786179600000,SOL-USDT,30m,74.81,74.96,74.8,74.95,4406.385684,329964.69891165,329964.69891165,1
2026-08-08 17:30:00+08:00,2026-08-08 18:00:00+08:00,1786181400000,SOL-USDT,30m,74.95,75.02,74.83,74.86,5854.433599,438594.4917527,438594.4917527,1
2026-08-08 18:00:00+08:00,2026-08-08 18:30:00+08:00,1786183200000,SOL-USDT,30m,74.87,75.02,74.87,74.99,6170.905672,462496.49177719,462496.49177719,1
2026-08-08 18:30:00+08:00,2026-08-08 19:00:00+08:00,1786185000000,SOL-USDT,30m,74.99,75.17,74.94,75.09,9101.346137,683181.22900408,683181.22900408,1
2026-08-08 19:00:00+08:00,2026-08-08 19:30:00+08:00,1786186800000,SOL-USDT,30m,75.08,75.66,75.06,75.26,30670.053677,2312308.06635743,2312308.06635743,1
2026-08-08 19:30:00+08:00,2026-08-08 20:00:00+08:00,1786188600000,SOL-USDT,30m,75.25,75.7,75.19,75.6,15845.338794,1194510.30868758,1194510.30868758,1
2026-08-08 20:00:00+08:00,2026-08-08 20:30:00+08:00,1786190400000,SOL-USDT,30m,75.6,75.67,75.36,75.38,21672.75275,1637039.68150257,1637039.68150257,1
2026-08-08 20:30:00+08:00,2026-08-08 21:00:00+08:00,1786192200000,SOL-USDT,30m,75.39,75.6,75.39,75.44,5829.414576,440032.37820806,440032.37820806,1
2026-08-08 21:00:00+08:00,2026-08-08 21:30:00+08:00,1786194000000,SOL-USDT,30m,75.44,75.53,75.42,75.52,5004.241771,377730.90251514,377730.90251514,1
2026-08-08 21:30:00+08:00,2026-08-08 22:00:00+08:00,1786195800000,SOL-USDT,30m,75.52,75.56,75.44,75.54,6706.153854,506270.32052584,506270.32052584,1
2026-08-08 22:00:00+08:00,2026-08-08 22:30:00+08:00,1786197600000,SOL-USDT,30m,75.54,75.88,75.54,75.82,13916.224269,1053700.17749122,1053700.17749122,1
2026-08-08 22:30:00+08:00,2026-08-08 23:00:00+08:00,1786199400000,SOL-USDT,30m,75.82,76.62,75.79,76.48,33332.996424,2542429.73460995,2542429.73460995,1
2026-08-08 23:00:00+08:00,2026-08-08 23:30:00+08:00,1786201200000,SOL-USDT,30m,76.49,76.82,76.42,76.49,26605.003136,2037706.77951762,2037706.77951762,1
2026-08-08 23:30:00+08:00,2026-08-09 00:00:00+08:00,1786203000000,SOL-USDT,30m,76.5,76.51,76.24,76.39,15027.776585,1147841.58125945,1147841.58125945,1
2026-08-09 00:00:00+08:00,2026-08-09 00:30:00+08:00,1786204800000,SOL-USDT,30m,76.39,76.5,76.25,76.31,10956.737614,836908.29294834,836908.29294834,1
2026-08-09 00:30:00+08:00,2026-08-09 01:00:00+08:00,1786206600000,SOL-USDT,30m,76.31,76.4,76.16,76.37,7774.055715,592924.33381313,592924.33381313,1
2026-08-09 01:00:00+08:00,2026-08-09 01:30:00+08:00,1786208400000,SOL-USDT,30m,76.38,76.45,76.27,76.45,8986.023727,686190.03542168,686190.03542168,1
2026-08-09 01:30:00+08:00,2026-08-09 02:00:00+08:00,1786210200000,SOL-USDT,30m,76.44,76.49,76.34,76.39,4957.644144,378862.88906121,378862.88906121,1
2026-08-09 02:00:00+08:00,2026-08-09 02:30:00+08:00,1786212000000,SOL-USDT,30m,76.38,76.38,76.08,76.08,7421.833418,565860.33784569,565860.33784569,1
2026-08-09 02:30:00+08:00,2026-08-09 03:00:00+08:00,1786213800000,SOL-USDT,30m,76.09,76.2,76.08,76.14,3614.347975,275210.36420903,275210.36420903,1
2026-08-09 03:00:00+08:00,2026-08-09 03:30:00+08:00,1786215600000,SOL-USDT,30m,76.14,76.16,76,76.01,5950.316539,452621.16706757,452621.16706757,1
2026-08-09 03:30:00+08:00,2026-08-09 04:00:00+08:00,1786217400000,SOL-USDT,30m,76,76.31,75.98,76.16,12820.519952,976086.31312405,976086.31312405,1
2026-08-09 04:00:00+08:00,2026-08-09 04:30:00+08:00,1786219200000,SOL-USDT,30m,76.16,76.28,76.15,76.18,3180.511242,242372.56007831,242372.56007831,1
2026-08-09 04:30:00+08:00,2026-08-09 05:00:00+08:00,1786221000000,SOL-USDT,30m,76.18,76.27,76.18,76.27,3452.544095,263182.49320917,263182.49320917,1
2026-08-09 05:00:00+08:00,2026-08-09 05:30:00+08:00,1786222800000,SOL-USDT,30m,76.26,76.36,76.25,76.33,4669.120498,356356.30078917,356356.30078917,1
2026-08-09 05:30:00+08:00,2026-08-09 06:00:00+08:00,1786224600000,SOL-USDT,30m,76.33,76.33,76.15,76.22,3491.81883,266201.94810377,266201.94810377,1
2026-08-09 06:00:00+08:00,2026-08-09 06:30:00+08:00,1786226400000,SOL-USDT,30m,76.22,76.29,76.18,76.24,2851.578167,217386.90456037,217386.90456037,1
2026-08-09 06:30:00+08:00,2026-08-09 07:00:00+08:00,1786228200000,SOL-USDT,30m,76.25,76.27,75.87,75.92,6682.971902,508034.66089894,508034.66089894,1
2026-08-09 07:00:00+08:00,2026-08-09 07:30:00+08:00,1786230000000,SOL-USDT,30m,75.92,75.94,75.79,75.91,6859.256746,520383.81681388,520383.81681388,1
2026-08-09 07:30:00+08:00,2026-08-09 08:00:00+08:00,1786231800000,SOL-USDT,30m,75.9,76.09,75.89,76.01,4215.298766,320443.77022718,320443.77022718,1
2026-08-09 08:00:00+08:00,2026-08-09 08:30:00+08:00,1786233600000,SOL-USDT,30m,76.02,76.06,75.9,75.93,5369.297027,407959.18505313,407959.18505313,1
2026-08-09 08:30:00+08:00,2026-08-09 09:00:00+08:00,1786235400000,SOL-USDT,30m,75.92,76.02,75.85,76.01,4236.57045,321664.09069456,321664.09069456,1
2026-08-09 09:00:00+08:00,2026-08-09 09:30:00+08:00,1786237200000,SOL-USDT,30m,76.02,76.09,75.78,75.78,12577.480567,954489.97102667,954489.97102667,1
2026-08-09 09:30:00+08:00,2026-08-09 10:00:00+08:00,1786239000000,SOL-USDT,30m,75.78,75.93,75.75,75.89,4523.446462,343169.38428142,343169.38428142,1
2026-08-09 10:00:00+08:00,2026-08-09 10:30:00+08:00,1786240800000,SOL-USDT,30m,75.89,75.95,75.8,75.93,6788.784799,515211.40520136,515211.40520136,1
2026-08-09 10:30:00+08:00,2026-08-09 11:00:00+08:00,1786242600000,SOL-USDT,30m,75.92,76,75.82,75.88,7210.464333,547259.84856347,547259.84856347,1
2026-08-09 11:00:00+08:00,2026-08-09 11:30:00+08:00,1786244400000,SOL-USDT,30m,75.88,76.01,75.77,76,3942.727079,299179.37570938,299179.37570938,1
2026-08-09 11:30:00+08:00,2026-08-09 12:00:00+08:00,1786246200000,SOL-USDT,30m,76,76.06,75.97,76,5650.510526,429564.20350127,429564.20350127,1
2026-08-09 12:00:00+08:00,2026-08-09 12:30:00+08:00,1786248000000,SOL-USDT,30m,75.99,76.12,75.99,76.08,10851.498,825415.12119839,825415.12119839,1
2026-08-09 12:30:00+08:00,2026-08-09 13:00:00+08:00,1786249800000,SOL-USDT,30m,76.07,76.07,75.96,75.98,2785.274163,211699.7175368,211699.7175368,1
2026-08-09 13:00:00+08:00,2026-08-09 13:30:00+08:00,1786251600000,SOL-USDT,30m,75.98,76.05,75.95,75.96,6726.246643,511268.40761698,511268.40761698,1
2026-08-09 13:30:00+08:00,2026-08-09 14:00:00+08:00,1786253400000,SOL-USDT,30m,75.96,76.04,75.89,76.01,4813.140775,365688.9301563,365688.9301563,1
2026-08-09 14:00:00+08:00,2026-08-09 14:30:00+08:00,1786255200000,SOL-USDT,30m,76.01,76.29,75.97,76.24,10057.587294,765853.46480235,765853.46480235,1
2026-08-09 14:30:00+08:00,2026-08-09 15:00:00+08:00,1786257000000,SOL-USDT,30m,76.25,76.49,76.24,76.42,11823.745327,903076.54363578,903076.54363578,1
2026-08-09 15:00:00+08:00,2026-08-09 15:30:00+08:00,1786258800000,SOL-USDT,30m,76.42,76.49,76.32,76.38,8078.3674,617126.58504661,617126.58504661,1
2026-08-09 15:30:00+08:00,2026-08-09 16:00:00+08:00,1786260600000,SOL-USDT,30m,76.38,76.39,76.24,76.36,4455.470328,339976.65163039,339976.65163039,1
2026-08-09 16:00:00+08:00,2026-08-09 16:30:00+08:00,1786262400000,SOL-USDT,30m,76.36,76.57,76.34,76.38,8114.505098,620386.38308084,620386.38308084,1
2026-08-09 16:30:00+08:00,2026-08-09 17:00:00+08:00,1786264200000,SOL-USDT,30m,76.38,76.44,76.11,76.33,11471.310634,874620.59999487,874620.59999487,1
2026-08-09 17:00:00+08:00,2026-08-09 17:30:00+08:00,1786266000000,SOL-USDT,30m,76.32,76.47,76.26,76.26,6181.745596,472129.86384433,472129.86384433,1
2026-08-09 17:30:00+08:00,2026-08-09 18:00:00+08:00,1786267800000,SOL-USDT,30m,76.26,76.54,76.25,76.44,8912.636691,681300.11271302,681300.11271302,1
2026-08-09 18:00:00+08:00,2026-08-09 18:30:00+08:00,1786269600000,SOL-USDT,30m,76.45,76.66,76.42,76.52,7857.802063,601477.2698493,601477.2698493,1
2026-08-09 18:30:00+08:00,2026-08-09 19:00:00+08:00,1786271400000,SOL-USDT,30m,76.52,76.54,76.37,76.39,5429.27243,414930.62171096,414930.62171096,1
2026-08-09 19:00:00+08:00,2026-08-09 19:30:00+08:00,1786273200000,SOL-USDT,30m,76.39,76.49,76.34,76.46,2935.837474,224298.92314411,224298.92314411,1
2026-08-09 19:30:00+08:00,2026-08-09 20:00:00+08:00,1786275000000,SOL-USDT,30m,76.47,76.54,76.44,76.51,3718.422475,284464.92776204,284464.92776204,1
2026-08-09 20:00:00+08:00,2026-08-09 20:30:00+08:00,1786276800000,SOL-USDT,30m,76.5,76.6,76.43,76.43,4735.473158,362277.5384002,362277.5384002,1
2026-08-09 20:30:00+08:00,2026-08-09 21:00:00+08:00,1786278600000,SOL-USDT,30m,76.43,76.43,76.32,76.37,4849.483271,370350.13100874,370350.13100874,1
2026-08-09 21:00:00+08:00,2026-08-09 21:30:00+08:00,1786280400000,SOL-USDT,30m,76.36,76.88,76.35,76.72,14374.012077,1102109.60507464,1102109.60507464,1
2026-08-09 21:30:00+08:00,2026-08-09 22:00:00+08:00,1786282200000,SOL-USDT,30m,76.73,76.76,76.57,76.57,4618.347817,354101.77488732,354101.77488732,1
2026-08-09 22:00:00+08:00,2026-08-09 22:30:00+08:00,1786284000000,SOL-USDT,30m,76.58,76.73,76.57,76.69,6142.123914,470875.40502476,470875.40502476,1
2026-08-09 22:30:00+08:00,2026-08-09 23:00:00+08:00,1786285800000,SOL-USDT,30m,76.7,77.08,76.68,77.03,25127.285845,1931370.22951408,1931370.22951408,1
2026-08-09 23:00:00+08:00,2026-08-09 23:30:00+08:00,1786287600000,SOL-USDT,30m,77.03,77.1,76.85,76.92,9249.180178,712031.37503892,712031.37503892,1
2026-08-09 23:30:00+08:00,2026-08-10 00:00:00+08:00,1786289400000,SOL-USDT,30m,76.93,77.46,76.9,77.42,45697.466429,3529308.8065174,3529308.8065174,1
2026-08-10 00:00:00+08:00,2026-08-10 00:30:00+08:00,1786291200000,SOL-USDT,30m,77.43,77.58,77.09,77.1,25220.122979,1951256.95165779,1951256.95165779,1
2026-08-10 00:30:00+08:00,2026-08-10 01:00:00+08:00,1786293000000,SOL-USDT,30m,77.11,77.36,77.1,77.34,11581.403596,894818.09301992,894818.09301992,1
2026-08-10 01:00:00+08:00,2026-08-10 01:30:00+08:00,1786294800000,SOL-USDT,30m,77.34,77.34,77.22,77.26,7107.581275,549302.71777962,549302.71777962,1
2026-08-10 01:30:00+08:00,2026-08-10 02:00:00+08:00,1786296600000,SOL-USDT,30m,77.27,77.33,77.14,77.18,5767.345975,445535.2381548,445535.2381548,1
2026-08-10 02:00:00+08:00,2026-08-10 02:30:00+08:00,1786298400000,SOL-USDT,30m,77.18,77.24,77.1,77.2,4343.86378,335240.75613857,335240.75613857,1
2026-08-10 02:30:00+08:00,2026-08-10 03:00:00+08:00,1786300200000,SOL-USDT,30m,77.2,77.25,77.12,77.21,2617.304131,202034.18620285,202034.18620285,1
2026-08-10 03:00:00+08:00,2026-08-10 03:30:00+08:00,1786302000000,SOL-USDT,30m,77.2,77.3,77.14,77.28,2697.414982,208252.77577044,208252.77577044,1
2026-08-10 03:30:00+08:00,2026-08-10 04:00:00+08:00,1786303800000,SOL-USDT,30m,77.28,77.37,77.23,77.24,4626.935361,357656.74984771,357656.74984771,1
2026-08-10 04:00:00+08:00,2026-08-10 04:30:00+08:00,1786305600000,SOL-USDT,30m,77.23,77.25,77.07,77.21,3550.258061,273888.21142147,273888.21142147,1
2026-08-10 04:30:00+08:00,2026-08-10 05:00:00+08:00,1786307400000,SOL-USDT,30m,77.21,77.3,77.21,77.26,5560.744912,429563.46652774,429563.46652774,1
2026-08-10 05:00:00+08:00,2026-08-10 05:30:00+08:00,1786309200000,SOL-USDT,30m,77.27,77.39,77.16,77.39,3916.986143,302688.68981665,302688.68981665,1
2026-08-10 05:30:00+08:00,2026-08-10 06:00:00+08:00,1786311000000,SOL-USDT,30m,77.39,77.51,77.34,77.36,4932.775466,381922.91231751,381922.91231751,1
2026-08-10 06:00:00+08:00,2026-08-10 06:30:00+08:00,1786312800000,SOL-USDT,30m,77.37,77.86,77.37,77.44,15398.571022,1195673.58823592,1195673.58823592,1
2026-08-10 06:30:00+08:00,2026-08-10 07:00:00+08:00,1786314600000,SOL-USDT,30m,77.45,77.49,76.66,76.82,20344.031989,1566382.23291244,1566382.23291244,1
2026-08-10 07:00:00+08:00,2026-08-10 07:30:00+08:00,1786316400000,SOL-USDT,30m,76.8,76.91,76.37,76.42,11294.252043,865658.24998231,865658.24998231,1
2026-08-10 07:30:00+08:00,2026-08-10 08:00:00+08:00,1786318200000,SOL-USDT,30m,76.42,76.52,76.21,76.28,23014.795957,1756913.71897334,1756913.71897334,1
2026-08-10 08:00:00+08:00,2026-08-10 08:30:00+08:00,1786320000000,SOL-USDT,30m,76.27,77.04,76.22,76.58,22489.111576,1723943.00711845,1723943.00711845,1
2026-08-10 08:30:00+08:00,2026-08-10 09:00:00+08:00,1786321800000,SOL-USDT,30m,76.57,76.67,76.32,76.55,11295.704983,864174.95608821,864174.95608821,1
2026-08-10 09:00:00+08:00,2026-08-10 09:30:00+08:00,1786323600000,SOL-USDT,30m,76.55,76.83,76.47,76.62,8483.797009,650524.01332081,650524.01332081,1
2026-08-10 09:30:00+08:00,2026-08-10 10:00:00+08:00,1786325400000,SOL-USDT,30m,76.62,77.16,76.41,76.93,10242.190593,786710.9155336,786710.9155336,1
2026-08-10 10:00:00+08:00,2026-08-10 10:30:00+08:00,1786327200000,SOL-USDT,30m,76.93,76.95,76.45,76.54,14078.431367,1079089.68486541,1079089.68486541,1
2026-08-10 10:30:00+08:00,2026-08-10 11:00:00+08:00,1786329000000,SOL-USDT,30m,76.54,76.89,76.54,76.83,7023.892328,539001.61131831,539001.61131831,1
2026-08-10 11:00:00+08:00,2026-08-10 11:30:00+08:00,1786330800000,SOL-USDT,30m,76.82,76.93,76.38,76.72,16110.438526,1235096.10369136,1235096.10369136,1
2026-08-10 11:30:00+08:00,2026-08-10 12:00:00+08:00,1786332600000,SOL-USDT,30m,76.72,76.85,76.57,76.63,6240.929482,478725.81482625,478725.81482625,1
2026-08-10 12:00:00+08:00,2026-08-10 12:30:00+08:00,1786334400000,SOL-USDT,30m,76.64,76.75,76.61,76.63,5456.335693,418432.0946548,418432.0946548,1
2026-08-10 12:30:00+08:00,2026-08-10 13:00:00+08:00,1786336200000,SOL-USDT,30m,76.64,76.67,76.45,76.56,7905.633885,605250.42113695,605250.42113695,1
2026-08-10 13:00:00+08:00,2026-08-10 13:30:00+08:00,1786338000000,SOL-USDT,30m,76.56,76.79,76.55,76.78,4442.360923,340517.15448499,340517.15448499,1
2026-08-10 13:30:00+08:00,2026-08-10 14:00:00+08:00,1786339800000,SOL-USDT,30m,76.78,76.97,76.73,76.88,4092.823974,314606.98452691,314606.98452691,1
2026-08-10 14:00:00+08:00,2026-08-10 14:30:00+08:00,1786341600000,SOL-USDT,30m,76.88,77.06,76.82,76.9,6613.469038,508882.39460333,508882.39460333,1
2026-08-10 14:30:00+08:00,2026-08-10 15:00:00+08:00,1786343400000,SOL-USDT,30m,76.9,77.03,76.89,77,6524.312905,502154.34663984,502154.34663984,1
2026-08-10 15:00:00+08:00,2026-08-10 15:30:00+08:00,1786345200000,SOL-USDT,30m,77,77.02,76.84,77,4432.574181,341053.74780922,341053.74780922,1
2026-08-10 15:30:00+08:00,2026-08-10 16:00:00+08:00,1786347000000,SOL-USDT,30m,76.99,77.11,76.93,76.99,10458.191918,805748.43404808,805748.43404808,1
2026-08-10 16:00:00+08:00,2026-08-10 16:30:00+08:00,1786348800000,SOL-USDT,30m,76.99,77.17,76.87,76.97,15011.860751,1156568.15977032,1156568.15977032,1
2026-08-10 16:30:00+08:00,2026-08-10 17:00:00+08:00,1786350600000,SOL-USDT,30m,76.97,77,76.69,76.96,14262.04398,1095730.73854214,1095730.73854214,1
2026-08-10 17:00:00+08:00,2026-08-10 17:30:00+08:00,1786352400000,SOL-USDT,30m,76.95,77.03,76.84,76.84,5009.068226,385556.53205899,385556.53205899,1
2026-08-10 17:30:00+08:00,2026-08-10 18:00:00+08:00,1786354200000,SOL-USDT,30m,76.84,76.84,76.57,76.57,12750.566338,978076.30111218,978076.30111218,1
2026-08-10 18:00:00+08:00,2026-08-10 18:30:00+08:00,1786356000000,SOL-USDT,30m,76.58,76.69,76.54,76.65,7797.230975,597330.42467812,597330.42467812,1
2026-08-10 18:30:00+08:00,2026-08-10 19:00:00+08:00,1786357800000,SOL-USDT,30m,76.66,76.87,76.59,76.82,6400.211785,491237.5300726,491237.5300726,1
2026-08-10 19:00:00+08:00,2026-08-10 19:30:00+08:00,1786359600000,SOL-USDT,30m,76.83,76.9,76.68,76.88,7502.95274,576132.02985679,576132.02985679,1
2026-08-10 19:30:00+08:00,2026-08-10 20:00:00+08:00,1786361400000,SOL-USDT,30m,76.88,77.06,76.84,77.06,5277.992956,406021.68301832,406021.68301832,1
2026-08-10 20:00:00+08:00,2026-08-10 20:30:00+08:00,1786363200000,SOL-USDT,30m,77.06,77.13,76.88,76.89,15327.313884,1180391.20185033,1180391.20185033,1
2026-08-10 20:30:00+08:00,2026-08-10 21:00:00+08:00,1786365000000,SOL-USDT,30m,76.89,76.89,76.61,76.65,14670.980407,1126072.44353154,1126072.44353154,1
2026-08-10 21:00:00+08:00,2026-08-10 21:30:00+08:00,1786366800000,SOL-USDT,30m,76.64,76.77,76.6,76.7,8493.258573,651271.22383948,651271.22383948,1
2026-08-10 21:30:00+08:00,2026-08-10 22:00:00+08:00,1786368600000,SOL-USDT,30m,76.7,76.72,76.12,76.32,42029.038933,3208770.83310924,3208770.83310924,1
2026-08-10 22:00:00+08:00,2026-08-10 22:30:00+08:00,1786370400000,SOL-USDT,30m,76.32,76.7,76.29,76.65,12538.128395,959862.67100831,959862.67100831,1
2026-08-10 22:30:00+08:00,2026-08-10 23:00:00+08:00,1786372200000,SOL-USDT,30m,76.64,76.69,76.24,76.27,19086.726743,1460050.55507922,1460050.55507922,1
2026-08-10 23:00:00+08:00,2026-08-10 23:30:00+08:00,1786374000000,SOL-USDT,30m,76.26,76.43,75.8,76.02,45779.296867,3483484.64837308,3483484.64837308,1
2026-08-10 23:30:00+08:00,2026-08-11 00:00:00+08:00,1786375800000,SOL-USDT,30m,76.01,76.15,75.87,75.95,24805.011272,1884655.16234445,1884655.16234445,1
2026-08-11 00:00:00+08:00,2026-08-11 00:30:00+08:00,1786377600000,SOL-USDT,30m,75.95,76.09,75.59,75.74,32988.739265,2502507.71080114,2502507.71080114,1
2026-08-11 00:30:00+08:00,2026-08-11 01:00:00+08:00,1786379400000,SOL-USDT,30m,75.75,75.99,75.61,75.7,24902.206437,1886077.51120054,1886077.51120054,1
2026-08-11 01:00:00+08:00,2026-08-11 01:30:00+08:00,1786381200000,SOL-USDT,30m,75.71,76.07,75.62,75.94,18547.753336,1407250.62520528,1407250.62520528,1
2026-08-11 01:30:00+08:00,2026-08-11 02:00:00+08:00,1786383000000,SOL-USDT,30m,75.93,76.11,75.92,75.97,15355.812115,1167040.75986624,1167040.75986624,1
2026-08-11 02:00:00+08:00,2026-08-11 02:30:00+08:00,1786384800000,SOL-USDT,30m,75.97,76.07,75.93,75.98,10754.427449,817282.32133269,817282.32133269,1
2026-08-11 02:30:00+08:00,2026-08-11 03:00:00+08:00,1786386600000,SOL-USDT,30m,75.97,76,75.72,75.82,18965.701405,1438263.39395234,1438263.39395234,1
2026-08-11 03:00:00+08:00,2026-08-11 03:30:00+08:00,1786388400000,SOL-USDT,30m,75.82,76.11,75.81,76.11,15873.712727,1205490.44360836,1205490.44360836,1
2026-08-11 03:30:00+08:00,2026-08-11 04:00:00+08:00,1786390200000,SOL-USDT,30m,76.11,76.27,76.1,76.2,13726.080534,1045703.42291989,1045703.42291989,1
2026-08-11 04:00:00+08:00,2026-08-11 04:30:00+08:00,1786392000000,SOL-USDT,30m,76.2,76.35,76.17,76.33,14458.41956,1102893.05861889,1102893.05861889,1
2026-08-11 04:30:00+08:00,2026-08-11 05:00:00+08:00,1786393800000,SOL-USDT,30m,76.33,76.5,76.31,76.44,7174.32301,547916.19440207,547916.19440207,1
2026-08-11 05:00:00+08:00,2026-08-11 05:30:00+08:00,1786395600000,SOL-USDT,30m,76.43,76.49,76.32,76.43,4827.116785,368730.78653387,368730.78653387,1
2026-08-11 05:30:00+08:00,2026-08-11 06:00:00+08:00,1786397400000,SOL-USDT,30m,76.43,76.49,76.29,76.3,8715.79393,665980.82661459,665980.82661459,1
2026-08-11 06:00:00+08:00,2026-08-11 06:30:00+08:00,1786399200000,SOL-USDT,30m,76.3,76.37,76.11,76.21,7101.753422,541550.29939765,541550.29939765,1
2026-08-11 06:30:00+08:00,2026-08-11 07:00:00+08:00,1786401000000,SOL-USDT,30m,76.2,76.22,76.04,76.21,4047.375492,308254.1139495,308254.1139495,1
2026-08-11 07:00:00+08:00,2026-08-11 07:30:00+08:00,1786402800000,SOL-USDT,30m,76.22,76.22,76.05,76.12,6631.665305,504802.02571462,504802.02571462,1
2026-08-11 07:30:00+08:00,2026-08-11 08:00:00+08:00,1786404600000,SOL-USDT,30m,76.12,76.12,75.98,76,6590.038995,501186.7202769,501186.7202769,1
2026-08-11 08:00:00+08:00,2026-08-11 08:30:00+08:00,1786406400000,SOL-USDT,30m,76.01,76.03,75.77,76.03,6757.519703,512946.70723811,512946.70723811,1
2026-08-11 08:30:00+08:00,2026-08-11 09:00:00+08:00,1786408200000,SOL-USDT,30m,76.03,76.04,75.86,75.89,8186.797308,621581.00892058,621581.00892058,1
2026-08-11 09:00:00+08:00,2026-08-11 09:30:00+08:00,1786410000000,SOL-USDT,30m,75.9,75.99,75.71,75.96,9469.879277,718484.66656054,718484.66656054,1
2026-08-11 09:30:00+08:00,2026-08-11 10:00:00+08:00,1786411800000,SOL-USDT,30m,75.96,76.11,75.8,76.11,4634.226591,352008.42089885,352008.42089885,1
2026-08-11 10:00:00+08:00,2026-08-11 10:30:00+08:00,1786413600000,SOL-USDT,30m,76.11,76.15,75.99,76.01,4527.562743,344575.35209788,344575.35209788,1
2026-08-11 10:30:00+08:00,2026-08-11 11:00:00+08:00,1786415400000,SOL-USDT,30m,76.02,76.13,76,76.04,2489.922726,189401.19969953,189401.19969953,1
2026-08-11 11:00:00+08:00,2026-08-11 11:30:00+08:00,1786417200000,SOL-USDT,30m,76.04,76.25,76.04,76.19,3798.386202,289333.01850587,289333.01850587,1
2026-08-11 11:30:00+08:00,2026-08-11 12:00:00+08:00,1786419000000,SOL-USDT,30m,76.19,76.2,76.08,76.09,1953.591993,148737.94093763,148737.94093763,1
2026-08-11 12:00:00+08:00,2026-08-11 12:30:00+08:00,1786420800000,SOL-USDT,30m,76.09,76.2,76.08,76.14,2562.739812,195168.79562801,195168.79562801,1
2026-08-11 12:30:00+08:00,2026-08-11 13:00:00+08:00,1786422600000,SOL-USDT,30m,76.14,76.23,76.08,76.09,2295.944026,174883.0597834,174883.0597834,1
2026-08-11 13:00:00+08:00,2026-08-11 13:30:00+08:00,1786424400000,SOL-USDT,30m,76.09,76.09,75.8,75.81,5030.96356,381944.21117204,381944.21117204,1
2026-08-11 13:30:00+08:00,2026-08-11 14:00:00+08:00,1786426200000,SOL-USDT,30m,75.81,75.96,75.79,75.81,3813.114862,289367.03831784,289367.03831784,1
2026-08-11 14:00:00+08:00,2026-08-11 14:30:00+08:00,1786428000000,SOL-USDT,30m,75.82,76.03,75.72,75.97,10237.293932,776956.3694287,776956.3694287,1
2026-08-11 14:30:00+08:00,2026-08-11 15:00:00+08:00,1786429800000,SOL-USDT,30m,75.98,76,75.66,75.82,11809.882763,895593.52952716,895593.52952716,1
2026-08-11 15:00:00+08:00,2026-08-11 15:30:00+08:00,1786431600000,SOL-USDT,30m,75.82,75.87,75.43,75.45,10266.981458,775766.13805145,775766.13805145,1
2026-08-11 15:30:00+08:00,2026-08-11 16:00:00+08:00,1786433400000,SOL-USDT,30m,75.45,75.77,75.45,75.69,5060.622485,382852.30104401,382852.30104401,1
2026-08-11 16:00:00+08:00,2026-08-11 16:30:00+08:00,1786435200000,SOL-USDT,30m,75.7,75.77,75.63,75.74,5313.631146,402289.96935913,402289.96935913,1
2026-08-11 16:30:00+08:00,2026-08-11 17:00:00+08:00,1786437000000,SOL-USDT,30m,75.73,75.99,75.73,75.94,5828.475107,442181.47744041,442181.47744041,1
2026-08-11 17:00:00+08:00,2026-08-11 17:30:00+08:00,1786438800000,SOL-USDT,30m,75.94,75.95,75.72,75.77,14286.859603,1083216.00884626,1083216.00884626,1
2026-08-11 17:30:00+08:00,2026-08-11 18:00:00+08:00,1786440600000,SOL-USDT,30m,75.77,75.89,75.68,75.89,15361.32405,1163707.46166057,1163707.46166057,1
2026-08-11 18:00:00+08:00,2026-08-11 18:30:00+08:00,1786442400000,SOL-USDT,30m,75.89,75.99,75.77,75.98,5627.767452,427039.84570778,427039.84570778,1
2026-08-11 18:30:00+08:00,2026-08-11 19:00:00+08:00,1786444200000,SOL-USDT,30m,75.99,76.07,75.82,75.95,8965.728195,680617.22484904,680617.22484904,1
2026-08-11 19:00:00+08:00,2026-08-11 19:30:00+08:00,1786446000000,SOL-USDT,30m,75.95,76.36,75.95,76.14,11504.002228,876667.96860533,876667.96860533,1
2026-08-11 19:30:00+08:00,2026-08-11 20:00:00+08:00,1786447800000,SOL-USDT,30m,76.15,76.24,76.11,76.22,6883.074804,524329.13575513,524329.13575513,1
2026-08-11 20:00:00+08:00,2026-08-11 20:30:00+08:00,1786449600000,SOL-USDT,30m,76.22,76.25,75.84,75.88,8517.457908,647840.51794742,647840.51794742,1
2026-08-11 20:30:00+08:00,2026-08-11 21:00:00+08:00,1786451400000,SOL-USDT,30m,75.88,75.94,75.81,75.87,5999.523281,455164.43144671,455164.43144671,1
2026-08-11 21:00:00+08:00,2026-08-11 21:30:00+08:00,1786453200000,SOL-USDT,30m,75.87,76.04,75.73,75.89,7826.007218,593766.13929596,593766.13929596,1
2026-08-11 21:30:00+08:00,2026-08-11 22:00:00+08:00,1786455000000,SOL-USDT,30m,75.89,76.11,75.74,76.02,14608.830824,1109306.01514736,1109306.01514736,1
2026-08-11 22:00:00+08:00,2026-08-11 22:30:00+08:00,1786456800000,SOL-USDT,30m,76.02,76.15,75.57,75.63,14930.441898,1132008.91001868,1132008.91001868,1
2026-08-11 22:30:00+08:00,2026-08-11 23:00:00+08:00,1786458600000,SOL-USDT,30m,75.62,75.66,75.09,75.21,24085.721857,1813746.49066817,1813746.49066817,1
2026-08-11 23:00:00+08:00,2026-08-11 23:30:00+08:00,1786460400000,SOL-USDT,30m,75.2,75.41,75.1,75.36,20865.117826,1570169.38703113,1570169.38703113,1
2026-08-11 23:30:00+08:00,2026-08-12 00:00:00+08:00,1786462200000,SOL-USDT,30m,75.36,75.39,74.63,74.93,32044.162549,2398381.97106161,2398381.97106161,1
2026-08-12 00:00:00+08:00,2026-08-12 00:30:00+08:00,1786464000000,SOL-USDT,30m,74.93,75.08,74.79,74.97,11558.23924,866395.18430212,866395.18430212,1
2026-08-12 00:30:00+08:00,2026-08-12 01:00:00+08:00,1786465800000,SOL-USDT,30m,74.98,75.03,74.88,74.94,7334.485175,549617.83927281,549617.83927281,1
2026-08-12 01:00:00+08:00,2026-08-12 01:30:00+08:00,1786467600000,SOL-USDT,30m,74.94,75.1,74.93,75.08,4901.594378,367695.02389682,367695.02389682,1
2026-08-12 01:30:00+08:00,2026-08-12 02:00:00+08:00,1786469400000,SOL-USDT,30m,75.08,75.21,74.99,75.17,10355.217865,777721.11429507,777721.11429507,1
2026-08-12 02:00:00+08:00,2026-08-12 02:30:00+08:00,1786471200000,SOL-USDT,30m,75.17,75.35,75.15,75.21,4513.347722,339668.48074036,339668.48074036,1
2026-08-12 02:30:00+08:00,2026-08-12 03:00:00+08:00,1786473000000,SOL-USDT,30m,75.22,75.32,75.09,75.28,6630.38298,498771.45673764,498771.45673764,1
2026-08-12 03:00:00+08:00,2026-08-12 03:30:00+08:00,1786474800000,SOL-USDT,30m,75.28,75.31,75.07,75.28,5256.547362,395138.67758379,395138.67758379,1
2026-08-12 03:30:00+08:00,2026-08-12 04:00:00+08:00,1786476600000,SOL-USDT,30m,75.3,75.7,75.29,75.65,16601.583195,1253533.05503141,1253533.05503141,1
2026-08-12 04:00:00+08:00,2026-08-12 04:30:00+08:00,1786478400000,SOL-USDT,30m,75.67,76.26,75.66,76.09,42568.815087,3237719.72675508,3237719.72675508,1
2026-08-12 04:30:00+08:00,2026-08-12 05:00:00+08:00,1786480200000,SOL-USDT,30m,76.09,76.18,75.88,76.06,12826.559556,975001.59705574,975001.59705574,1
2026-08-12 05:00:00+08:00,2026-08-12 05:30:00+08:00,1786482000000,SOL-USDT,30m,76.06,76.19,76.02,76.05,13217.373989,1005802.4876638,1005802.4876638,1
2026-08-12 05:30:00+08:00,2026-08-12 06:00:00+08:00,1786483800000,SOL-USDT,30m,76.06,76.44,76,76.44,13032.335134,992880.95836512,992880.95836512,1
2026-08-12 06:00:00+08:00,2026-08-12 06:30:00+08:00,1786485600000,SOL-USDT,30m,76.44,76.68,76.37,76.43,15965.309254,1221881.76904418,1221881.76904418,1
2026-08-12 06:30:00+08:00,2026-08-12 07:00:00+08:00,1786487400000,SOL-USDT,30m,76.44,76.48,76.26,76.41,8912.508541,680554.030104,680554.030104,1
2026-08-12 07:00:00+08:00,2026-08-12 07:30:00+08:00,1786489200000,SOL-USDT,30m,76.41,76.41,76.2,76.28,4812.610932,367014.97015817,367014.97015817,1
2026-08-12 07:30:00+08:00,2026-08-12 08:00:00+08:00,1786491000000,SOL-USDT,30m,76.29,76.36,76.2,76.29,5888.913497,449180.57479713,449180.57479713,1
2026-08-12 08:00:00+08:00,2026-08-12 08:30:00+08:00,1786492800000,SOL-USDT,30m,76.3,76.34,76.23,76.27,9050.850009,690372.92356677,690372.92356677,1
2026-08-12 08:30:00+08:00,2026-08-12 09:00:00+08:00,1786494600000,SOL-USDT,30m,76.27,76.38,76.24,76.38,3336.230035,254574.51515268,254574.51515268,1
2026-08-12 09:00:00+08:00,2026-08-12 09:30:00+08:00,1786496400000,SOL-USDT,30m,76.38,76.52,76.34,76.37,5669.759164,433280.83000923,433280.83000923,1
2026-08-12 09:30:00+08:00,2026-08-12 10:00:00+08:00,1786498200000,SOL-USDT,30m,76.36,76.6,76.31,76.42,7055.789155,539376.34963199,539376.34963199,1
2026-08-12 10:00:00+08:00,2026-08-12 10:30:00+08:00,1786500000000,SOL-USDT,30m,76.43,76.58,76.42,76.55,10752.735458,822636.29095404,822636.29095404,1
2026-08-12 10:30:00+08:00,2026-08-12 11:00:00+08:00,1786501800000,SOL-USDT,30m,76.56,76.6,76.43,76.43,6036.246905,461949.73486874,461949.73486874,1
2026-08-12 11:00:00+08:00,2026-08-12 11:30:00+08:00,1786503600000,SOL-USDT,30m,76.44,76.53,76.27,76.3,7732.251965,590406.12189136,590406.12189136,1
2026-08-12 11:30:00+08:00,2026-08-12 12:00:00+08:00,1786505400000,SOL-USDT,30m,76.3,76.48,76.26,76.43,6633.832743,506897.98924851,506897.98924851,1
2026-08-12 12:00:00+08:00,2026-08-12 12:30:00+08:00,1786507200000,SOL-USDT,30m,76.43,76.58,76.38,76.38,4998.590495,382208.46043649,382208.46043649,1
2026-08-12 12:30:00+08:00,2026-08-12 13:00:00+08:00,1786509000000,SOL-USDT,30m,76.37,76.39,76.28,76.3,3023.700912,230793.29441114,230793.29441114,1
2026-08-12 13:00:00+08:00,2026-08-12 13:30:00+08:00,1786510800000,SOL-USDT,30m,76.31,76.37,76.19,76.29,3431.3609,261786.6647712,261786.6647712,1
2026-08-12 13:30:00+08:00,2026-08-12 14:00:00+08:00,1786512600000,SOL-USDT,30m,76.29,76.36,76.26,76.34,3956.13971,301920.57937271,301920.57937271,1
2026-08-12 14:00:00+08:00,2026-08-12 14:30:00+08:00,1786514400000,SOL-USDT,30m,76.33,76.37,76.16,76.18,3875.131709,295471.15524859,295471.15524859,1
2026-08-12 14:30:00+08:00,2026-08-12 15:00:00+08:00,1786516200000,SOL-USDT,30m,76.17,76.17,75.99,76.06,5276.263516,401398.38078925,401398.38078925,1
2026-08-12 15:00:00+08:00,2026-08-12 15:30:00+08:00,1786518000000,SOL-USDT,30m,76.06,76.17,76.04,76.04,3227.156963,245563.51720333,245563.51720333,1
2026-08-12 15:30:00+08:00,2026-08-12 16:00:00+08:00,1786519800000,SOL-USDT,30m,76.05,76.27,75.95,76.27,4892.67946,372195.23998165,372195.23998165,1
2026-08-12 16:00:00+08:00,2026-08-12 16:30:00+08:00,1786521600000,SOL-USDT,30m,76.26,76.47,76.22,76.42,7127.86644,544282.74973555,544282.74973555,1
2026-08-12 16:30:00+08:00,2026-08-12 17:00:00+08:00,1786523400000,SOL-USDT,30m,76.41,76.41,76.16,76.19,7081.707174,540332.08457496,540332.08457496,1
2026-08-12 17:00:00+08:00,2026-08-12 17:30:00+08:00,1786525200000,SOL-USDT,30m,76.2,76.77,76.14,76.77,13731.197887,1050643.33722804,1050643.33722804,1
2026-08-12 17:30:00+08:00,2026-08-12 18:00:00+08:00,1786527000000,SOL-USDT,30m,76.77,76.9,76.69,76.75,10074.023234,773332.77493195,773332.77493195,1
2026-08-12 18:00:00+08:00,2026-08-12 18:30:00+08:00,1786528800000,SOL-USDT,30m,76.75,76.87,76.67,76.75,9164.402549,703491.47410852,703491.47410852,1
2026-08-12 18:30:00+08:00,2026-08-12 19:00:00+08:00,1786530600000,SOL-USDT,30m,76.74,76.83,76.72,76.78,4831.096835,370879.53125631,370879.53125631,1
2026-08-12 19:00:00+08:00,2026-08-12 19:30:00+08:00,1786532400000,SOL-USDT,30m,76.78,76.87,76.7,76.83,3358.140724,257842.88225236,257842.88225236,1
2026-08-12 19:30:00+08:00,2026-08-12 20:00:00+08:00,1786534200000,SOL-USDT,30m,76.83,76.86,76.71,76.84,4893.149752,375785.42127278,375785.42127278,1
2026-08-12 20:00:00+08:00,2026-08-12 20:30:00+08:00,1786536000000,SOL-USDT,30m,76.84,77.29,76.84,77.17,21785.379508,1678837.83635816,1678837.83635816,1
2026-08-12 20:30:00+08:00,2026-08-12 21:00:00+08:00,1786537800000,SOL-USDT,30m,77.16,77.35,76.38,76.66,49032.399955,3764456.46425711,3764456.46425711,1
2026-08-12 21:00:00+08:00,2026-08-12 21:30:00+08:00,1786539600000,SOL-USDT,30m,76.66,76.68,76.4,76.45,16852.980858,1289160.66856702,1289160.66856702,1
2026-08-12 21:30:00+08:00,2026-08-12 22:00:00+08:00,1786541400000,SOL-USDT,30m,76.46,76.49,76.06,76.24,37778.962547,2883222.76728817,2883222.76728817,1
2026-08-12 22:00:00+08:00,2026-08-12 22:30:00+08:00,1786543200000,SOL-USDT,30m,76.23,76.25,75.75,75.78,28568.155585,2169992.61359386,2169992.61359386,1
2026-08-12 22:30:00+08:00,2026-08-12 23:00:00+08:00,1786545000000,SOL-USDT,30m,75.77,75.85,75.41,75.47,23341.898933,1764875.22337466,1764875.22337466,1
2026-08-12 23:00:00+08:00,2026-08-12 23:30:00+08:00,1786546800000,SOL-USDT,30m,75.47,75.88,75.38,75.74,14123.765132,1069397.11619742,1069397.11619742,1
2026-08-12 23:30:00+08:00,2026-08-13 00:00:00+08:00,1786548600000,SOL-USDT,30m,75.75,75.85,75.63,75.76,5605.263874,424564.05131985,424564.05131985,1
2026-08-13 00:00:00+08:00,2026-08-13 00:30:00+08:00,1786550400000,SOL-USDT,30m,75.75,75.86,75.66,75.78,4663.7199,353320.28270168,353320.28270168,1
2026-08-13 00:30:00+08:00,2026-08-13 01:00:00+08:00,1786552200000,SOL-USDT,30m,75.78,75.78,75.57,75.7,7271.398746,550215.88710176,550215.88710176,1
2026-08-13 01:00:00+08:00,2026-08-13 01:30:00+08:00,1786554000000,SOL-USDT,30m,75.7,75.84,75.68,75.84,6598.117246,499789.8471296,499789.8471296,1
2026-08-13 01:30:00+08:00,2026-08-13 02:00:00+08:00,1786555800000,SOL-USDT,30m,75.84,76.07,75.76,75.92,7577.278617,575628.31853922,575628.31853922,1
2026-08-13 02:00:00+08:00,2026-08-13 02:30:00+08:00,1786557600000,SOL-USDT,30m,75.92,76.03,75.89,75.98,9039.217958,686605.98397002,686605.98397002,1
2026-08-13 02:30:00+08:00,2026-08-13 03:00:00+08:00,1786559400000,SOL-USDT,30m,75.98,76.1,75.84,75.88,6677.04005,507197.22178306,507197.22178306,1
2026-08-13 03:00:00+08:00,2026-08-13 03:30:00+08:00,1786561200000,SOL-USDT,30m,75.89,76.01,75.75,75.85,7228.41057,548414.08603618,548414.08603618,1
2026-08-13 03:30:00+08:00,2026-08-13 04:00:00+08:00,1786563000000,SOL-USDT,30m,75.85,75.85,75.6,75.77,10941.773584,828681.48477041,828681.48477041,1
2026-08-13 04:00:00+08:00,2026-08-13 04:30:00+08:00,1786564800000,SOL-USDT,30m,75.77,75.89,75.75,75.88,3666.873541,278047.07608866,278047.07608866,1
2026-08-13 04:30:00+08:00,2026-08-13 05:00:00+08:00,1786566600000,SOL-USDT,30m,75.89,76.02,75.88,75.94,9884.704795,750965.00340676,750965.00340676,1
2026-08-13 05:00:00+08:00,2026-08-13 05:30:00+08:00,1786568400000,SOL-USDT,30m,75.94,76.01,75.45,75.55,9165.935667,694089.88023138,694089.88023138,1
2026-08-13 05:30:00+08:00,2026-08-13 06:00:00+08:00,1786570200000,SOL-USDT,30m,75.55,75.7,75.45,75.49,6928.685491,523867.06992682,523867.06992682,1
2026-08-13 06:00:00+08:00,2026-08-13 06:30:00+08:00,1786572000000,SOL-USDT,30m,75.49,75.67,75.34,75.59,4543.352773,343140.7231011,343140.7231011,1
2026-08-13 06:30:00+08:00,2026-08-13 07:00:00+08:00,1786573800000,SOL-USDT,30m,75.59,75.59,75.43,75.54,9205.993674,695064.572697,695064.572697,1
2026-08-13 07:00:00+08:00,2026-08-13 07:30:00+08:00,1786575600000,SOL-USDT,30m,75.54,75.59,75.39,75.49,21256.69268,1603648.55534701,1603648.55534701,1
2026-08-13 07:30:00+08:00,2026-08-13 08:00:00+08:00,1786577400000,SOL-USDT,30m,75.5,75.65,75.48,75.63,3374.502929,254969.98169545,254969.98169545,1
2026-08-13 08:00:00+08:00,2026-08-13 08:30:00+08:00,1786579200000,SOL-USDT,30m,75.63,75.87,75.6,75.8,9921.828044,751884.20779627,751884.20779627,1
2026-08-13 08:30:00+08:00,2026-08-13 09:00:00+08:00,1786581000000,SOL-USDT,30m,75.81,75.81,75.56,75.62,6660.331073,503966.4924958,503966.4924958,1
2026-08-13 09:00:00+08:00,2026-08-13 09:30:00+08:00,1786582800000,SOL-USDT,30m,75.62,75.76,75.48,75.54,7677.246213,580646.33996851,580646.33996851,1
2026-08-13 09:30:00+08:00,2026-08-13 10:00:00+08:00,1786584600000,SOL-USDT,30m,75.54,75.81,75.53,75.64,9890.489068,748506.97240048,748506.97240048,1
2026-08-13 10:00:00+08:00,2026-08-13 10:30:00+08:00,1786586400000,SOL-USDT,30m,75.64,75.71,75.56,75.67,5432.706563,410880.69608139,410880.69608139,1
2026-08-13 10:30:00+08:00,2026-08-13 11:00:00+08:00,1786588200000,SOL-USDT,30m,75.67,75.98,75.54,75.97,10725.894759,812905.75062234,812905.75062234,1
2026-08-13 11:00:00+08:00,2026-08-13 11:30:00+08:00,1786590000000,SOL-USDT,30m,75.98,76.25,75.97,76.23,23628.053184,1798614.1537451,1798614.1537451,1
2026-08-13 11:30:00+08:00,2026-08-13 12:00:00+08:00,1786591800000,SOL-USDT,30m,76.24,76.31,76.18,76.25,13925.89097,1061906.24262545,1061906.24262545,1
2026-08-13 12:00:00+08:00,2026-08-13 12:30:00+08:00,1786593600000,SOL-USDT,30m,76.26,76.28,76,76.09,13590.689861,1034688.14183142,1034688.14183142,1
2026-08-13 12:30:00+08:00,2026-08-13 13:00:00+08:00,1786595400000,SOL-USDT,30m,76.08,76.19,76.08,76.13,8842.15228,673259.15183312,673259.15183312,1
2026-08-13 13:00:00+08:00,2026-08-13 13:30:00+08:00,1786597200000,SOL-USDT,30m,76.13,76.37,76.09,76.37,10854.689146,827332.48694571,827332.48694571,1
2026-08-13 13:30:00+08:00,2026-08-13 14:00:00+08:00,1786599000000,SOL-USDT,30m,76.38,76.63,76.3,76.52,18414.625634,1408867.3918487,1408867.3918487,1
2026-08-13 14:00:00+08:00,2026-08-13 14:30:00+08:00,1786600800000,SOL-USDT,30m,76.52,76.55,76.42,76.42,8247.215363,630717.34643744,630717.34643744,1
2026-08-13 14:30:00+08:00,2026-08-13 15:00:00+08:00,1786602600000,SOL-USDT,30m,76.42,76.53,76.3,76.53,15298.885676,1168575.35853167,1168575.35853167,1
2026-08-13 15:00:00+08:00,2026-08-13 15:30:00+08:00,1786604400000,SOL-USDT,30m,76.53,76.54,76.4,76.5,16276.776389,1244169.91337786,1244169.91337786,1
2026-08-13 15:30:00+08:00,2026-08-13 16:00:00+08:00,1786606200000,SOL-USDT,30m,76.51,76.53,76.41,76.45,7353.321854,562290.79297592,562290.79297592,1
2026-08-13 16:00:00+08:00,2026-08-13 16:30:00+08:00,1786608000000,SOL-USDT,30m,76.45,76.49,76.24,76.27,5682.28291,433597.84848729,433597.84848729,1
2026-08-13 16:30:00+08:00,2026-08-13 17:00:00+08:00,1786609800000,SOL-USDT,30m,76.27,76.28,76.18,76.22,4107.908227,313087.17609808,313087.17609808,1
2026-08-13 17:00:00+08:00,2026-08-13 17:30:00+08:00,1786611600000,SOL-USDT,30m,76.22,76.22,75.9,76.02,7227.154239,549597.53253699,549597.53253699,1
2026-08-13 17:30:00+08:00,2026-08-13 18:00:00+08:00,1786613400000,SOL-USDT,30m,76.02,76.18,75.96,76.16,4914.404573,373663.75464229,373663.75464229,1
2026-08-13 18:00:00+08:00,2026-08-13 18:30:00+08:00,1786615200000,SOL-USDT,30m,76.17,76.19,75.84,75.84,14869.989565,1129677.81723154,1129677.81723154,1
2026-08-13 18:30:00+08:00,2026-08-13 19:00:00+08:00,1786617000000,SOL-USDT,30m,75.85,75.85,75.71,75.77,6950.87151,526685.74806954,526685.74806954,1
2026-08-13 19:00:00+08:00,2026-08-13 19:30:00+08:00,1786618800000,SOL-USDT,30m,75.77,75.77,75.58,75.62,6291.704785,476242.12558507,476242.12558507,1
2026-08-13 19:30:00+08:00,2026-08-13 20:00:00+08:00,1786620600000,SOL-USDT,30m,75.62,75.73,75.57,75.67,5391.33513,407838.04335119,407838.04335119,1
2026-08-13 20:00:00+08:00,2026-08-13 20:30:00+08:00,1786622400000,SOL-USDT,30m,75.67,75.93,75.65,75.88,5104.934763,386962.45786125,386962.45786125,1
2026-08-13 20:30:00+08:00,2026-08-13 21:00:00+08:00,1786624200000,SOL-USDT,30m,75.87,76.15,75.78,76.14,12685.307293,964125.99815141,964125.99815141,1
2026-08-13 21:00:00+08:00,2026-08-13 21:30:00+08:00,1786626000000,SOL-USDT,30m,76.14,76.23,76.04,76.08,7892.37111,600846.8479562,600846.8479562,1
2026-08-13 21:30:00+08:00,2026-08-13 22:00:00+08:00,1786627800000,SOL-USDT,30m,76.07,76.37,76.06,76.2,7396.729881,563860.09538458,563860.09538458,1
2026-08-13 22:00:00+08:00,2026-08-13 22:30:00+08:00,1786629600000,SOL-USDT,30m,76.2,76.46,76.14,76.29,6004.416312,458237.90255942,458237.90255942,1
2026-08-13 22:30:00+08:00,2026-08-13 23:00:00+08:00,1786631400000,SOL-USDT,30m,76.29,76.58,76.24,76.47,10263.238207,785158.32502431,785158.32502431,1
2026-08-13 23:00:00+08:00,2026-08-13 23:30:00+08:00,1786633200000,SOL-USDT,30m,76.47,76.54,75.98,76.07,11801.297302,899838.3938666,899838.3938666,1
2026-08-13 23:30:00+08:00,2026-08-14 00:00:00+08:00,1786635000000,SOL-USDT,30m,76.06,76.2,75.64,75.65,10231.138643,777114.08376897,777114.08376897,1
2026-08-14 00:00:00+08:00,2026-08-14 00:30:00+08:00,1786636800000,SOL-USDT,30m,75.65,75.88,75.53,75.67,13930.652671,1054797.63845106,1054797.63845106,1
2026-08-14 00:30:00+08:00,2026-08-14 01:00:00+08:00,1786638600000,SOL-USDT,30m,75.68,75.72,75.08,75.59,34748.154254,2620222.92737508,2620222.92737508,1
2026-08-14 01:00:00+08:00,2026-08-14 01:30:00+08:00,1786640400000,SOL-USDT,30m,75.6,75.89,75.56,75.83,10157.222127,769294.1529361,769294.1529361,1
2026-08-14 01:30:00+08:00,2026-08-14 02:00:00+08:00,1786642200000,SOL-USDT,30m,75.83,75.94,75.75,75.78,4219.089137,319934.21508448,319934.21508448,1
2026-08-14 02:00:00+08:00,2026-08-14 02:30:00+08:00,1786644000000,SOL-USDT,30m,75.78,75.96,75.75,75.77,3964.357567,300634.99929301,300634.99929301,1
2026-08-14 02:30:00+08:00,2026-08-14 03:00:00+08:00,1786645800000,SOL-USDT,30m,75.76,76.09,75.69,76.02,5573.970466,422901.66991092,422901.66991092,1
2026-08-14 03:00:00+08:00,2026-08-14 03:30:00+08:00,1786647600000,SOL-USDT,30m,76.02,76.28,75.98,76.13,7889.490586,600604.80453601,600604.80453601,1
2026-08-14 03:30:00+08:00,2026-08-14 04:00:00+08:00,1786649400000,SOL-USDT,30m,76.13,76.2,76.07,76.2,4123.401086,313907.13256734,313907.13256734,1
2026-08-14 04:00:00+08:00,2026-08-14 04:30:00+08:00,1786651200000,SOL-USDT,30m,76.21,76.34,76.15,76.27,6667.13715,508215.0246375,508215.0246375,1
2026-08-14 04:30:00+08:00,2026-08-14 05:00:00+08:00,1786653000000,SOL-USDT,30m,76.27,76.34,76.18,76.23,3061.065423,233413.02230168,233413.02230168,1
2026-08-14 05:00:00+08:00,2026-08-14 05:30:00+08:00,1786654800000,SOL-USDT,30m,76.23,76.31,76.16,76.18,3927.332525,299478.50196168,299478.50196168,1
2026-08-14 05:30:00+08:00,2026-08-14 06:00:00+08:00,1786656600000,SOL-USDT,30m,76.18,76.25,76.13,76.22,3723.066513,283653.0677138,283653.0677138,1
2026-08-14 06:00:00+08:00,2026-08-14 06:30:00+08:00,1786658400000,SOL-USDT,30m,76.22,76.45,76.21,76.41,5693.625078,434916.38948204,434916.38948204,1
2026-08-14 06:30:00+08:00,2026-08-14 07:00:00+08:00,1786660200000,SOL-USDT,30m,76.42,76.42,76.25,76.25,2376.541262,181443.95436803,181443.95436803,1
2026-08-14 07:00:00+08:00,2026-08-14 07:30:00+08:00,1786662000000,SOL-USDT,30m,76.26,76.26,76.15,76.24,3266.174157,248906.10042516,248906.10042516,1
2026-08-14 07:30:00+08:00,2026-08-14 08:00:00+08:00,1786663800000,SOL-USDT,30m,76.24,76.3,76.2,76.26,4510.424292,343934.92646891,343934.92646891,1
2026-08-14 08:00:00+08:00,2026-08-14 08:30:00+08:00,1786665600000,SOL-USDT,30m,76.27,76.33,76.11,76.11,6067.502467,462531.51815784,462531.51815784,1
2026-08-14 08:30:00+08:00,2026-08-14 09:00:00+08:00,1786667400000,SOL-USDT,30m,76.11,76.2,75.99,76.09,4514.576943,343476.41440987,343476.41440987,1
2026-08-14 09:00:00+08:00,2026-08-14 09:30:00+08:00,1786669200000,SOL-USDT,30m,76.09,76.11,75.92,76,5247.938711,399024.65106973,399024.65106973,1
2026-08-14 09:30:00+08:00,2026-08-14 10:00:00+08:00,1786671000000,SOL-USDT,30m,76.01,76.17,75.98,76.1,3682.77241,280264.50358424,280264.50358424,1
2026-08-14 10:00:00+08:00,2026-08-14 10:30:00+08:00,1786672800000,SOL-USDT,30m,76.1,76.2,75.99,76.05,5712.86323,434756.03360368,434756.03360368,1
2026-08-14 10:30:00+08:00,2026-08-14 11:00:00+08:00,1786674600000,SOL-USDT,30m,76.04,76.18,76.01,76.03,6960.478227,529652.56749687,529652.56749687,1
2026-08-14 11:00:00+08:00,2026-08-14 11:30:00+08:00,1786676400000,SOL-USDT,30m,76.03,76.07,75.8,75.98,15170.517983,1151175.5984382,1151175.5984382,1
2026-08-14 11:30:00+08:00,2026-08-14 12:00:00+08:00,1786678200000,SOL-USDT,30m,75.99,75.99,75.75,75.77,6998.519482,530662.24022589,530662.24022589,1
2026-08-14 12:00:00+08:00,2026-08-14 12:30:00+08:00,1786680000000,SOL-USDT,30m,75.76,76.03,75.75,75.95,3379.057098,256554.03523905,256554.03523905,1
2026-08-14 12:30:00+08:00,2026-08-14 13:00:00+08:00,1786681800000,SOL-USDT,30m,75.94,75.96,75.83,75.85,1481.591341,112453.73838155,112453.73838155,1
2026-08-14 13:00:00+08:00,2026-08-14 13:30:00+08:00,1786683600000,SOL-USDT,30m,75.85,75.93,75.81,75.88,3247.291578,246409.85541699,246409.85541699,1
2026-08-14 13:30:00+08:00,2026-08-14 14:00:00+08:00,1786685400000,SOL-USDT,30m,75.89,76,75.86,75.93,2923.539761,221980.16587994,221980.16587994,1
2026-08-14 14:00:00+08:00,2026-08-14 14:30:00+08:00,1786687200000,SOL-USDT,30m,75.93,75.93,75.61,75.63,4678.024042,354242.969225,354242.969225,1
2026-08-14 14:30:00+08:00,2026-08-14 15:00:00+08:00,1786689000000,SOL-USDT,30m,75.63,75.71,75.51,75.55,8786.476534,664592.19004023,664592.19004023,1
2026-08-14 15:00:00+08:00,2026-08-14 15:30:00+08:00,1786690800000,SOL-USDT,30m,75.54,75.73,75.5,75.7,5607.738592,424036.85489969,424036.85489969,1
2026-08-14 15:30:00+08:00,2026-08-14 16:00:00+08:00,1786692600000,SOL-USDT,30m,75.7,75.71,75.56,75.59,8016.943018,606399.30458024,606399.30458024,1
2026-08-14 16:00:00+08:00,2026-08-14 16:30:00+08:00,1786694400000,SOL-USDT,30m,75.6,75.72,75.57,75.66,3748.088316,283479.08471194,283479.08471194,1
2026-08-14 16:30:00+08:00,2026-08-14 17:00:00+08:00,1786696200000,SOL-USDT,30m,75.66,75.9,75.64,75.86,8769.114436,664730.86139345,664730.86139345,1
2026-08-14 17:00:00+08:00,2026-08-14 17:30:00+08:00,1786698000000,SOL-USDT,30m,75.87,75.88,75.7,75.71,5351.50796,405611.89094961,405611.89094961,1
2026-08-14 17:30:00+08:00,2026-08-14 18:00:00+08:00,1786699800000,SOL-USDT,30m,75.7,75.71,75.43,75.5,8501.657573,642264.97790771,642264.97790771,1
2026-08-14 18:00:00+08:00,2026-08-14 18:30:00+08:00,1786701600000,SOL-USDT,30m,75.49,75.65,75.45,75.54,7105.819693,536892.90390689,536892.90390689,1
2026-08-14 18:30:00+08:00,2026-08-14 19:00:00+08:00,1786703400000,SOL-USDT,30m,75.54,75.58,75.35,75.41,7659.238874,578110.14825086,578110.14825086,1
2026-08-14 19:00:00+08:00,2026-08-14 19:30:00+08:00,1786705200000,SOL-USDT,30m,75.4,75.6,75.4,75.55,5463.78646,412520.22361917,412520.22361917,1
2026-08-14 19:30:00+08:00,2026-08-14 20:00:00+08:00,1786707000000,SOL-USDT,30m,75.55,75.6,75.5,75.54,3269.264136,246970.61921015,246970.61921015,1
2026-08-14 20:00:00+08:00,2026-08-14 20:30:00+08:00,1786708800000,SOL-USDT,30m,75.53,75.58,75.35,75.55,5439.931363,410524.37568109,410524.37568109,1
2026-08-14 20:30:00+08:00,2026-08-14 21:00:00+08:00,1786710600000,SOL-USDT,30m,75.54,75.59,75.39,75.48,4606.492639,347676.77780415,347676.77780415,1
2026-08-14 21:00:00+08:00,2026-08-14 21:30:00+08:00,1786712400000,SOL-USDT,30m,75.47,75.49,75.31,75.36,9597.420356,723550.35798391,723550.35798391,1
2026-08-14 21:30:00+08:00,2026-08-14 22:00:00+08:00,1786714200000,SOL-USDT,30m,75.36,75.44,75.26,75.37,11106.41146,836884.44684272,836884.44684272,1
2026-08-14 22:00:00+08:00,2026-08-14 22:30:00+08:00,1786716000000,SOL-USDT,30m,75.37,75.42,75.05,75.25,10179.461316,765909.95617745,765909.95617745,1
2026-08-14 22:30:00+08:00,2026-08-14 23:00:00+08:00,1786717800000,SOL-USDT,30m,75.25,75.41,75.18,75.27,5635.834398,424480.97283073,424480.97283073,1
2026-08-14 23:00:00+08:00,2026-08-14 23:30:00+08:00,1786719600000,SOL-USDT,30m,75.27,75.56,75.2,75.56,4985.923168,375517.50155696,375517.50155696,1
2026-08-14 23:30:00+08:00,2026-08-15 00:00:00+08:00,1786721400000,SOL-USDT,30m,75.57,75.77,75.43,75.64,6371.69504,482030.42892794,482030.42892794,1
2026-08-15 00:00:00+08:00,2026-08-15 00:30:00+08:00,1786723200000,SOL-USDT,30m,75.65,75.72,75.55,75.58,5167.057613,390777.2649114,390777.2649114,1
2026-08-15 00:30:00+08:00,2026-08-15 01:00:00+08:00,1786725000000,SOL-USDT,30m,75.58,75.69,75.45,75.47,3552.316517,268449.44971529,268449.44971529,1
2026-08-15 01:00:00+08:00,2026-08-15 01:30:00+08:00,1786726800000,SOL-USDT,30m,75.48,75.68,75.45,75.61,3127.827018,236395.31972811,236395.31972811,1
2026-08-15 01:30:00+08:00,2026-08-15 02:00:00+08:00,1786728600000,SOL-USDT,30m,75.61,75.66,75.17,75.29,7599.012208,573024.69223612,573024.69223612,1
2026-08-15 02:00:00+08:00,2026-08-15 02:30:00+08:00,1786730400000,SOL-USDT,30m,75.29,75.3,75,75.18,10322.470309,775291.82249549,775291.82249549,1
2026-08-15 02:30:00+08:00,2026-08-15 03:00:00+08:00,1786732200000,SOL-USDT,30m,75.17,75.2,74.94,74.97,5862.654972,439899.71979335,439899.71979335,1
2026-08-15 03:00:00+08:00,2026-08-15 03:30:00+08:00,1786734000000,SOL-USDT,30m,74.96,74.97,74.68,74.86,11963.516079,894932.77595973,894932.77595973,1
2026-08-15 03:30:00+08:00,2026-08-15 04:00:00+08:00,1786735800000,SOL-USDT,30m,74.85,75.11,74.81,75.01,8177.127142,613322.48141213,613322.48141213,1
2026-08-15 04:00:00+08:00,2026-08-15 04:30:00+08:00,1786737600000,SOL-USDT,30m,75.02,75.22,74.98,75.21,6289.26678,472562.41418221,472562.41418221,1
2026-08-15 04:30:00+08:00,2026-08-15 05:00:00+08:00,1786739400000,SOL-USDT,30m,75.2,75.25,75.12,75.15,2938.270088,220924.58982548,220924.58982548,1
2026-08-15 05:00:00+08:00,2026-08-15 05:30:00+08:00,1786741200000,SOL-USDT,30m,75.16,75.24,75.09,75.21,3491.610375,262500.18077496,262500.18077496,1
2026-08-15 05:30:00+08:00,2026-08-15 06:00:00+08:00,1786743000000,SOL-USDT,30m,75.21,75.23,75.11,75.2,3349.744345,251834.6192185,251834.6192185,1
2026-08-15 06:00:00+08:00,2026-08-15 06:30:00+08:00,1786744800000,SOL-USDT,30m,75.2,75.28,74.98,74.99,3611.274785,271346.7969785,271346.7969785,1
2026-08-15 06:30:00+08:00,2026-08-15 07:00:00+08:00,1786746600000,SOL-USDT,30m,74.99,75.23,74.99,75.2,3094.797192,232506.70839568,232506.70839568,1
2026-08-15 07:00:00+08:00,2026-08-15 07:30:00+08:00,1786748400000,SOL-USDT,30m,75.2,75.35,75.16,75.33,2408.977363,181270.54602875,181270.54602875,1
2026-08-15 07:30:00+08:00,2026-08-15 08:00:00+08:00,1786750200000,SOL-USDT,30m,75.33,75.42,75.24,75.41,5324.990286,401149.93477197,401149.93477197,1
2026-08-15 08:00:00+08:00,2026-08-15 08:30:00+08:00,1786752000000,SOL-USDT,30m,75.41,75.44,75.35,75.39,3895.457073,293690.2608857,293690.2608857,1
2026-08-15 08:30:00+08:00,2026-08-15 09:00:00+08:00,1786753800000,SOL-USDT,30m,75.39,75.43,75.3,75.35,8583.385434,646726.42795763,646726.42795763,1
2026-08-15 09:00:00+08:00,2026-08-15 09:30:00+08:00,1786755600000,SOL-USDT,30m,75.35,75.47,75.29,75.42,5008.96906,377550.62463903,377550.62463903,1
2026-08-15 09:30:00+08:00,2026-08-15 10:00:00+08:00,1786757400000,SOL-USDT,30m,75.42,75.46,75.38,75.42,4310.095439,325061.69965809,325061.69965809,1
2026-08-15 10:00:00+08:00,2026-08-15 10:30:00+08:00,1786759200000,SOL-USDT,30m,75.42,75.62,75.39,75.57,11564.531335,873418.70846536,873418.70846536,1
2026-08-15 10:30:00+08:00,2026-08-15 11:00:00+08:00,1786761000000,SOL-USDT,30m,75.57,75.69,75.56,75.67,6417.787208,485298.24998636,485298.24998636,1
2026-08-15 11:00:00+08:00,2026-08-15 11:30:00+08:00,1786762800000,SOL-USDT,30m,75.67,75.72,75.58,75.63,3585.644146,271302.41095646,271302.41095646,1
2026-08-15 11:30:00+08:00,2026-08-15 12:00:00+08:00,1786764600000,SOL-USDT,30m,75.63,75.65,75.41,75.42,5737.52784,433100.46098599,433100.46098599,1
2026-08-15 12:00:00+08:00,2026-08-15 12:30:00+08:00,1786766400000,SOL-USDT,30m,75.43,75.6,75.36,75.58,10445.06657,787865.69661507,787865.69661507,1
2026-08-15 12:30:00+08:00,2026-08-15 13:00:00+08:00,1786768200000,SOL-USDT,30m,75.57,75.6,75.52,75.53,6354.15493,480100.28746999,480100.28746999,1
2026-08-15 13:00:00+08:00,2026-08-15 13:30:00+08:00,1786770000000,SOL-USDT,30m,75.54,75.6,75.46,75.46,4931.866458,372565.52328432,372565.52328432,1
2026-08-15 13:30:00+08:00,2026-08-15 14:00:00+08:00,1786771800000,SOL-USDT,30m,75.46,75.49,75.31,75.35,10091.844805,760662.04672293,760662.04672293,1
2026-08-15 14:00:00+08:00,2026-08-15 14:30:00+08:00,1786773600000,SOL-USDT,30m,75.35,75.41,75.28,75.32,2632.900091,198359.49169461,198359.49169461,1
2026-08-15 14:30:00+08:00,2026-08-15 15:00:00+08:00,1786775400000,SOL-USDT,30m,75.32,75.49,75.32,75.43,3963.399504,298805.77500736,298805.77500736,1
2026-08-15 15:00:00+08:00,2026-08-15 15:30:00+08:00,1786777200000,SOL-USDT,30m,75.42,75.43,75.31,75.33,3459.071744,260725.2225666,260725.2225666,1
2026-08-15 15:30:00+08:00,2026-08-15 16:00:00+08:00,1786779000000,SOL-USDT,30m,75.33,75.33,75.21,75.23,2895.972126,217985.67017763,217985.67017763,1
2026-08-15 16:00:00+08:00,2026-08-15 16:30:00+08:00,1786780800000,SOL-USDT,30m,75.25,75.32,75.18,75.27,4938.189553,371601.34087469,371601.34087469,1
2026-08-15 16:30:00+08:00,2026-08-15 17:00:00+08:00,1786782600000,SOL-USDT,30m,75.28,75.28,75.08,75.09,6937.005647,521232.9411698,521232.9411698,1
2026-08-15 17:00:00+08:00,2026-08-15 17:30:00+08:00,1786784400000,SOL-USDT,30m,75.09,75.19,75.04,75.19,3526.716455,264865.71471674,264865.71471674,1
2026-08-15 17:30:00+08:00,2026-08-15 18:00:00+08:00,1786786200000,SOL-USDT,30m,75.19,75.26,75.17,75.25,2099.895159,157925.54773633,157925.54773633,1
2026-08-15 18:00:00+08:00,2026-08-15 18:30:00+08:00,1786788000000,SOL-USDT,30m,75.25,75.36,75.2,75.31,6714.6556,505519.50429662,505519.50429662,1
2026-08-15 18:30:00+08:00,2026-08-15 19:00:00+08:00,1786789800000,SOL-USDT,30m,75.31,75.35,75.26,75.3,3995.509935,300834.34493193,300834.34493193,1
2026-08-15 19:00:00+08:00,2026-08-15 19:30:00+08:00,1786791600000,SOL-USDT,30m,75.29,75.31,75.25,75.27,2019.12388,152005.95852902,152005.95852902,1
2026-08-15 19:30:00+08:00,2026-08-15 20:00:00+08:00,1786793400000,SOL-USDT,30m,75.27,75.31,75.21,75.26,2578.47611,194054.81192724,194054.81192724,1
2026-08-15 20:00:00+08:00,2026-08-15 20:30:00+08:00,1786795200000,SOL-USDT,30m,75.26,75.27,75.2,75.21,3229.967815,243039.85691596,243039.85691596,1
2026-08-15 20:30:00+08:00,2026-08-15 21:00:00+08:00,1786797000000,SOL-USDT,30m,75.22,75.44,75.21,75.43,2691.546988,202670.63326508,202670.63326508,1
2026-08-15 21:00:00+08:00,2026-08-15 21:30:00+08:00,1786798800000,SOL-USDT,30m,75.43,75.5,75.4,75.48,4783.822383,361042.97760392,361042.97760392,1
2026-08-15 21:30:00+08:00,2026-08-15 22:00:00+08:00,1786800600000,SOL-USDT,30m,75.48,75.58,75.46,75.57,3148.997867,237908.84664305,237908.84664305,1
2026-08-15 22:00:00+08:00,2026-08-15 22:30:00+08:00,1786802400000,SOL-USDT,30m,75.57,75.59,75.45,75.5,3913.822251,295589.6693752,295589.6693752,1
2026-08-15 22:30:00+08:00,2026-08-15 23:00:00+08:00,1786804200000,SOL-USDT,30m,75.49,75.58,75.45,75.46,3915.865901,295710.30410275,295710.30410275,1
2026-08-15 23:00:00+08:00,2026-08-15 23:30:00+08:00,1786806000000,SOL-USDT,30m,75.46,75.51,75.38,75.47,2203.14993,166245.16467509,166245.16467509,1
2026-08-15 23:30:00+08:00,2026-08-16 00:00:00+08:00,1786807800000,SOL-USDT,30m,75.47,75.54,75.46,75.52,2075.187404,156691.60671073,156691.60671073,1
2026-08-16 00:00:00+08:00,2026-08-16 00:30:00+08:00,1786809600000,SOL-USDT,30m,75.53,75.54,75.42,75.51,3541.073097,267292.48665957,267292.48665957,1
2026-08-16 00:30:00+08:00,2026-08-16 01:00:00+08:00,1786811400000,SOL-USDT,30m,75.51,75.52,75.43,75.49,2048.389227,154577.63230461,154577.63230461,1
2026-08-16 01:00:00+08:00,2026-08-16 01:30:00+08:00,1786813200000,SOL-USDT,30m,75.49,75.66,75.48,75.58,4033.81059,304802.99749469,304802.99749469,1
2026-08-16 01:30:00+08:00,2026-08-16 02:00:00+08:00,1786815000000,SOL-USDT,30m,75.58,75.69,75.57,75.67,2566.30516,194102.35525463,194102.35525463,1
2026-08-16 02:00:00+08:00,2026-08-16 02:30:00+08:00,1786816800000,SOL-USDT,30m,75.67,75.68,75.51,75.53,5125.493857,387426.00737279,387426.00737279,1
2026-08-16 02:30:00+08:00,2026-08-16 03:00:00+08:00,1786818600000,SOL-USDT,30m,75.53,75.6,75.52,75.55,2246.232809,169730.98628029,169730.98628029,1
2026-08-16 03:00:00+08:00,2026-08-16 03:30:00+08:00,1786820400000,SOL-USDT,30m,75.56,75.58,75.52,75.54,2517.793308,190217.44658061,190217.44658061,1
2026-08-16 03:30:00+08:00,2026-08-16 04:00:00+08:00,1786822200000,SOL-USDT,30m,75.55,75.57,75.53,75.56,2083.639229,157427.01784523,157427.01784523,1
2026-08-16 04:00:00+08:00,2026-08-16 04:30:00+08:00,1786824000000,SOL-USDT,30m,75.56,75.57,75.42,75.48,3562.712492,269036.83428886,269036.83428886,1
2026-08-16 04:30:00+08:00,2026-08-16 05:00:00+08:00,1786825800000,SOL-USDT,30m,75.47,75.58,75.46,75.54,4797.76158,362416.38907554,362416.38907554,1
2026-08-16 05:00:00+08:00,2026-08-16 05:30:00+08:00,1786827600000,SOL-USDT,30m,75.54,75.67,75.53,75.67,6560.643058,495956.22136094,495956.22136094,1
2026-08-16 05:30:00+08:00,2026-08-16 06:00:00+08:00,1786829400000,SOL-USDT,30m,75.67,75.74,75.62,75.63,4946.458536,374368.88264109,374368.88264109,1
2026-08-16 06:00:00+08:00,2026-08-16 06:30:00+08:00,1786831200000,SOL-USDT,30m,75.63,75.69,75.59,75.62,3308.689858,250267.79135409,250267.79135409,1
2026-08-16 06:30:00+08:00,2026-08-16 07:00:00+08:00,1786833000000,SOL-USDT,30m,75.63,75.67,75.56,75.58,2252.262446,170333.53895199,170333.53895199,1
2026-08-16 07:00:00+08:00,2026-08-16 07:30:00+08:00,1786834800000,SOL-USDT,30m,75.59,75.59,75.33,75.38,5894.086805,444631.02871797,444631.02871797,1
2026-08-16 07:30:00+08:00,2026-08-16 08:00:00+08:00,1786836600000,SOL-USDT,30m,75.37,75.39,75.32,75.35,1693.920838,127635.46272006,127635.46272006,1
2026-08-16 08:00:00+08:00,2026-08-16 08:30:00+08:00,1786838400000,SOL-USDT,30m,75.35,75.43,75.27,75.41,3213.528886,242121.68306315,242121.68306315,1
2026-08-16 08:30:00+08:00,2026-08-16 09:00:00+08:00,1786840200000,SOL-USDT,30m,75.41,75.5,75.4,75.48,1750.519025,132062.91091826,132062.91091826,1
2026-08-16 09:00:00+08:00,2026-08-16 09:30:00+08:00,1786842000000,SOL-USDT,30m,75.48,75.49,75.37,75.37,1868.861966,140942.54173794,140942.54173794,1
2026-08-16 09:30:00+08:00,2026-08-16 10:00:00+08:00,1786843800000,SOL-USDT,30m,75.37,75.46,75.31,75.43,2398.026906,180765.24467534,180765.24467534,1
2026-08-16 10:00:00+08:00,2026-08-16 10:30:00+08:00,1786845600000,SOL-USDT,30m,75.44,75.61,75.27,75.6,4573.624097,344956.4087856,344956.4087856,1
2026-08-16 10:30:00+08:00,2026-08-16 11:00:00+08:00,1786847400000,SOL-USDT,30m,75.6,75.66,75.52,75.57,5122.403962,387323.96128531,387323.96128531,1
2026-08-16 11:00:00+08:00,2026-08-16 11:30:00+08:00,1786849200000,SOL-USDT,30m,75.58,75.66,75.58,75.61,2357.037159,178244.66771385,178244.66771385,1
2026-08-16 11:30:00+08:00,2026-08-16 12:00:00+08:00,1786851000000,SOL-USDT,30m,75.61,75.63,75.57,75.58,1472.542734,111315.25711825,111315.25711825,1
2026-08-16 12:00:00+08:00,2026-08-16 12:30:00+08:00,1786852800000,SOL-USDT,30m,75.58,75.62,75.52,75.59,2123.593181,160489.12648701,160489.12648701,1
2026-08-16 12:30:00+08:00,2026-08-16 13:00:00+08:00,1786854600000,SOL-USDT,30m,75.59,75.59,75.44,75.46,1515.507912,114441.18410863,114441.18410863,1
2026-08-16 13:00:00+08:00,2026-08-16 13:30:00+08:00,1786856400000,SOL-USDT,30m,75.46,75.53,75.37,75.38,3987.674044,300769.54453715,300769.54453715,1
2026-08-16 13:30:00+08:00,2026-08-16 14:00:00+08:00,1786858200000,SOL-USDT,30m,75.38,75.45,75.35,75.37,2890.093194,217867.24718565,217867.24718565,1
2026-08-16 14:00:00+08:00,2026-08-16 14:30:00+08:00,1786860000000,SOL-USDT,30m,75.37,75.4,75.29,75.37,3515.352582,264829.11895758,264829.11895758,1
2026-08-16 14:30:00+08:00,2026-08-16 15:00:00+08:00,1786861800000,SOL-USDT,30m,75.36,75.53,75.33,75.38,5206.147889,392857.63566863,392857.63566863,1
2026-08-16 15:00:00+08:00,2026-08-16 15:30:00+08:00,1786863600000,SOL-USDT,30m,75.39,75.48,75.35,75.45,2591.626539,195452.92061825,195452.92061825,1
2026-08-16 15:30:00+08:00,2026-08-16 16:00:00+08:00,1786865400000,SOL-USDT,30m,75.45,75.49,75.42,75.48,1744.644058,131624.09141288,131624.09141288,1
2026-08-16 16:00:00+08:00,2026-08-16 16:30:00+08:00,1786867200000,SOL-USDT,30m,75.48,75.48,75.41,75.44,1431.105174,107972.74986934,107972.74986934,1
2026-08-16 16:30:00+08:00,2026-08-16 17:00:00+08:00,1786869000000,SOL-USDT,30m,75.45,75.49,75.44,75.47,1310.985799,98933.08163197,98933.08163197,1
2026-08-16 17:00:00+08:00,2026-08-16 17:30:00+08:00,1786870800000,SOL-USDT,30m,75.48,75.49,75.41,75.44,2939.91966,221797.12930636,221797.12930636,1
2026-08-16 17:30:00+08:00,2026-08-16 18:00:00+08:00,1786872600000,SOL-USDT,30m,75.44,75.46,75.26,75.32,6851.831488,516159.32161171,516159.32161171,1
2026-08-16 18:00:00+08:00,2026-08-16 18:30:00+08:00,1786874400000,SOL-USDT,30m,75.33,75.33,75.19,75.24,3322.437153,250071.71306624,250071.71306624,1
2026-08-16 18:30:00+08:00,2026-08-16 19:00:00+08:00,1786876200000,SOL-USDT,30m,75.23,75.31,75.18,75.27,2543.792221,191387.61525528,191387.61525528,1
2026-08-16 19:00:00+08:00,2026-08-16 19:30:00+08:00,1786878000000,SOL-USDT,30m,75.27,75.32,75.24,75.31,3292.406706,247856.42738858,247856.42738858,1
2026-08-16 19:30:00+08:00,2026-08-16 20:00:00+08:00,1786879800000,SOL-USDT,30m,75.31,75.31,75.23,75.3,4574.276427,344317.88384442,344317.88384442,1
2026-08-16 20:00:00+08:00,2026-08-16 20:30:00+08:00,1786881600000,SOL-USDT,30m,75.29,75.3,75.22,75.3,1693.993212,127490.19693105,127490.19693105,1
2026-08-16 20:30:00+08:00,2026-08-16 21:00:00+08:00,1786883400000,SOL-USDT,30m,75.3,75.3,75.2,75.23,1574.312031,118451.73376636,118451.73376636,1
2026-08-16 21:00:00+08:00,2026-08-16 21:30:00+08:00,1786885200000,SOL-USDT,30m,75.23,75.4,75.22,75.4,2909.790574,219222.37049684,219222.37049684,1
2026-08-16 21:30:00+08:00,2026-08-16 22:00:00+08:00,1786887000000,SOL-USDT,30m,75.4,75.43,75.31,75.32,3010.008524,226929.59677867,226929.59677867,1
2026-08-16 22:00:00+08:00,2026-08-16 22:30:00+08:00,1786888800000,SOL-USDT,30m,75.32,75.39,75.25,75.31,3181.672483,239641.78719079,239641.78719079,1
2026-08-16 22:30:00+08:00,2026-08-16 23:00:00+08:00,1786890600000,SOL-USDT,30m,75.3,75.42,75.3,75.4,2301.488283,173481.76369965,173481.76369965,1
2026-08-16 23:00:00+08:00,2026-08-16 23:30:00+08:00,1786892400000,SOL-USDT,30m,75.41,75.59,75.39,75.59,5274.839271,398113.05855912,398113.05855912,1
2026-08-16 23:30:00+08:00,2026-08-17 00:00:00+08:00,1786894200000,SOL-USDT,30m,75.58,75.64,75.52,75.57,5280.498617,399117.25395456,399117.25395456,1
2026-08-17 00:00:00+08:00,2026-08-17 00:30:00+08:00,1786896000000,SOL-USDT,30m,75.58,75.63,75.51,75.61,4912.208368,371240.4547049,371240.4547049,1
2026-08-17 00:30:00+08:00,2026-08-17 01:00:00+08:00,1786897800000,SOL-USDT,30m,75.62,75.71,75.51,75.56,4985.574842,376953.14305599,376953.14305599,1
2026-08-17 01:00:00+08:00,2026-08-17 01:30:00+08:00,1786899600000,SOL-USDT,30m,75.57,75.6,75.41,75.46,4682.919168,353689.29210043,353689.29210043,1
2026-08-17 01:30:00+08:00,2026-08-17 02:00:00+08:00,1786901400000,SOL-USDT,30m,75.46,75.46,75.28,75.29,10078.21751,759360.31479411,759360.31479411,1
2026-08-17 02:00:00+08:00,2026-08-17 02:30:00+08:00,1786903200000,SOL-USDT,30m,75.29,75.3,75.05,75.2,6635.628268,498925.98496483,498925.98496483,1
2026-08-17 02:30:00+08:00,2026-08-17 03:00:00+08:00,1786905000000,SOL-USDT,30m,75.19,75.24,75.14,75.2,2708.158638,203662.05072911,203662.05072911,1
2026-08-17 03:00:00+08:00,2026-08-17 03:30:00+08:00,1786906800000,SOL-USDT,30m,75.2,75.36,75.18,75.36,1539.835285,115902.0284008,115902.0284008,1
2026-08-17 03:30:00+08:00,2026-08-17 04:00:00+08:00,1786908600000,SOL-USDT,30m,75.36,75.37,75.19,75.24,2766.546389,208244.24721327,208244.24721327,1
2026-08-17 04:00:00+08:00,2026-08-17 04:30:00+08:00,1786910400000,SOL-USDT,30m,75.24,75.34,75.21,75.26,5794.564542,436254.78133475,436254.78133475,1
2026-08-17 04:30:00+08:00,2026-08-17 05:00:00+08:00,1786912200000,SOL-USDT,30m,75.25,75.28,74.97,75.04,10745.431246,806932.30652278,806932.30652278,1
2026-08-17 05:00:00+08:00,2026-08-17 05:30:00+08:00,1786914000000,SOL-USDT,30m,75.04,75.09,74.89,74.98,5202.096459,390131.28854727,390131.28854727,1
2026-08-17 05:30:00+08:00,2026-08-17 06:00:00+08:00,1786915800000,SOL-USDT,30m,74.99,75.03,74.02,74.33,42118.132146,3134114.07841382,3134114.07841382,1
2026-08-17 06:00:00+08:00,2026-08-17 06:30:00+08:00,1786917600000,SOL-USDT,30m,74.33,74.53,74.18,74.38,8050.349571,598714.88081765,598714.88081765,1
2026-08-17 06:30:00+08:00,2026-08-17 07:00:00+08:00,1786919400000,SOL-USDT,30m,74.38,74.51,74.25,74.51,6465.490614,480900.13064348,480900.13064348,1
2026-08-17 07:00:00+08:00,2026-08-17 07:30:00+08:00,1786921200000,SOL-USDT,30m,74.51,74.61,74.46,74.54,3155.842849,235215.55243692,235215.55243692,1
2026-08-17 07:30:00+08:00,2026-08-17 08:00:00+08:00,1786923000000,SOL-USDT,30m,74.53,74.66,74.51,74.61,2663.079958,198625.06261881,198625.06261881,1
2026-08-17 08:00:00+08:00,2026-08-17 08:30:00+08:00,1786924800000,SOL-USDT,30m,74.61,74.65,74.43,74.63,6395.585649,476685.82497677,476685.82497677,1
2026-08-17 08:30:00+08:00,2026-08-17 09:00:00+08:00,1786926600000,SOL-USDT,30m,74.63,74.75,74.45,74.63,7509.228812,560458.18151527,560458.18151527,1
2026-08-17 09:00:00+08:00,2026-08-17 09:30:00+08:00,1786928400000,SOL-USDT,30m,74.62,75.29,74.59,75.24,11812.470633,886438.81690412,886438.81690412,1
2026-08-17 09:30:00+08:00,2026-08-17 10:00:00+08:00,1786930200000,SOL-USDT,30m,75.24,75.35,75.1,75.11,8710.202439,655328.99834159,655328.99834159,1
2026-08-17 10:00:00+08:00,2026-08-17 10:30:00+08:00,1786932000000,SOL-USDT,30m,75.11,75.24,75.07,75.2,3144.140789,236206.26509183,236206.26509183,1
2026-08-17 10:30:00+08:00,2026-08-17 11:00:00+08:00,1786933800000,SOL-USDT,30m,75.19,75.59,75.14,75.49,20408.294004,1539333.93178184,1539333.93178184,1
2026-08-17 11:00:00+08:00,2026-08-17 11:30:00+08:00,1786935600000,SOL-USDT,30m,75.5,75.57,75.44,75.48,18015.776485,1360275.28971779,1360275.28971779,1
2026-08-17 11:30:00+08:00,2026-08-17 12:00:00+08:00,1786937400000,SOL-USDT,30m,75.48,75.58,75.45,75.51,8289.077367,625862.80259753,625862.80259753,1
2026-08-17 12:00:00+08:00,2026-08-17 12:30:00+08:00,1786939200000,SOL-USDT,30m,75.51,75.63,75.51,75.53,6709.594507,506988.21750667,506988.21750667,1
2026-08-17 12:30:00+08:00,2026-08-17 13:00:00+08:00,1786941000000,SOL-USDT,30m,75.53,75.57,75.49,75.55,5961.84439,450253.24613181,450253.24613181,1
2026-08-17 13:00:00+08:00,2026-08-17 13:30:00+08:00,1786942800000,SOL-USDT,30m,75.56,75.61,75.43,75.48,6997.108573,528346.907257,528346.907257,1
2026-08-17 13:30:00+08:00,2026-08-17 14:00:00+08:00,1786944600000,SOL-USDT,30m,75.48,75.5,75.39,75.41,4273.230398,322426.35291484,322426.35291484,1
2026-08-17 14:00:00+08:00,2026-08-17 14:30:00+08:00,1786946400000,SOL-USDT,30m,75.4,75.59,75.36,75.48,15296.108497,1154649.58803577,1154649.58803577,1
2026-08-17 14:30:00+08:00,2026-08-17 15:00:00+08:00,1786948200000,SOL-USDT,30m,75.48,76,75.46,75.84,16374.679789,1240952.77045259,1240952.77045259,1
2026-08-17 15:00:00+08:00,2026-08-17 15:30:00+08:00,1786950000000,SOL-USDT,30m,75.85,75.95,75.75,75.87,6752.813721,512195.71477047,512195.71477047,1
2026-08-17 15:30:00+08:00,2026-08-17 16:00:00+08:00,1786951800000,SOL-USDT,30m,75.87,75.89,75.74,75.79,4509.178939,341932.09383805,341932.09383805,1
2026-08-17 16:00:00+08:00,2026-08-17 16:30:00+08:00,1786953600000,SOL-USDT,30m,75.79,75.82,75.36,75.42,30187.262612,2281744.12781686,2281744.12781686,1
2026-08-17 16:30:00+08:00,2026-08-17 17:00:00+08:00,1786955400000,SOL-USDT,30m,75.42,75.47,75.18,75.26,15781.127526,1188675.83574935,1188675.83574935,1
2026-08-17 17:00:00+08:00,2026-08-17 17:30:00+08:00,1786957200000,SOL-USDT,30m,75.26,75.44,75.24,75.39,5119.387098,385690.27810178,385690.27810178,1
2026-08-17 17:30:00+08:00,2026-08-17 18:00:00+08:00,1786959000000,SOL-USDT,30m,75.39,75.4,75.26,75.36,7733.69469,582560.74936759,582560.74936759,1
2026-08-17 18:00:00+08:00,2026-08-17 18:30:00+08:00,1786960800000,SOL-USDT,30m,75.36,75.52,75.31,75.52,4856.805439,366072.48913016,366072.48913016,1
2026-08-17 18:30:00+08:00,2026-08-17 19:00:00+08:00,1786962600000,SOL-USDT,30m,75.53,75.81,75.49,75.78,9728.9415,736143.51857333,736143.51857333,1
2026-08-17 19:00:00+08:00,2026-08-17 19:30:00+08:00,1786964400000,SOL-USDT,30m,75.77,75.81,75.69,75.78,6307.646659,477907.63402855,477907.63402855,1
2026-08-17 19:30:00+08:00,2026-08-17 20:00:00+08:00,1786966200000,SOL-USDT,30m,75.77,75.93,75.68,75.7,6565.612714,497705.55549956,497705.55549956,1
2026-08-17 20:00:00+08:00,2026-08-17 20:30:00+08:00,1786968000000,SOL-USDT,30m,75.7,75.72,75.41,75.42,11771.422031,889585.42096474,889585.42096474,1
2026-08-17 20:30:00+08:00,2026-08-17 21:00:00+08:00,1786969800000,SOL-USDT,30m,75.42,75.5,75.35,75.46,6566.471535,495296.64252246,495296.64252246,1
2026-08-17 21:00:00+08:00,2026-08-17 21:30:00+08:00,1786971600000,SOL-USDT,30m,75.45,75.46,75.3,75.32,7372.795708,555659.44996667,555659.44996667,1
2026-08-17 21:30:00+08:00,2026-08-17 22:00:00+08:00,1786973400000,SOL-USDT,30m,75.32,75.78,75.3,75.64,10790.310052,816164.71015327,816164.71015327,1
2026-08-17 22:00:00+08:00,2026-08-17 22:30:00+08:00,1786975200000,SOL-USDT,30m,75.64,75.72,75.51,75.65,5216.690497,394443.13052728,394443.13052728,1
2026-08-17 22:30:00+08:00,2026-08-17 23:00:00+08:00,1786977000000,SOL-USDT,30m,75.65,76.03,75.6,75.99,7248.73383,549607.6396699,549607.6396699,1
2026-08-17 23:00:00+08:00,2026-08-17 23:30:00+08:00,1786978800000,SOL-USDT,30m,75.99,76.03,75.81,75.97,8849.226208,671818.92290112,671818.92290112,1
2026-08-17 23:30:00+08:00,2026-08-18 00:00:00+08:00,1786980600000,SOL-USDT,30m,75.97,76.23,75.87,76.1,15359.644905,1168321.20227496,1168321.20227496,1
2026-08-18 00:00:00+08:00,2026-08-18 00:30:00+08:00,1786982400000,SOL-USDT,30m,76.11,76.15,75.95,75.97,15383.37314,1169508.58658039,1169508.58658039,1
2026-08-18 00:30:00+08:00,2026-08-18 01:00:00+08:00,1786984200000,SOL-USDT,30m,75.97,76.13,75.97,76.02,5290.530145,402337.68567643,402337.68567643,1
2026-08-18 01:00:00+08:00,2026-08-18 01:30:00+08:00,1786986000000,SOL-USDT,30m,76.02,76.12,75.79,75.91,7681.563992,583683.97105019,583683.97105019,1
2026-08-18 01:30:00+08:00,2026-08-18 02:00:00+08:00,1786987800000,SOL-USDT,30m,75.91,75.97,75.7,75.92,6137.304749,465540.57301301,465540.57301301,1
2026-08-18 02:00:00+08:00,2026-08-18 02:30:00+08:00,1786989600000,SOL-USDT,30m,75.92,76.17,75.87,76.03,5826.132614,442952.80095031,442952.80095031,1
2026-08-18 02:30:00+08:00,2026-08-18 03:00:00+08:00,1786991400000,SOL-USDT,30m,76.04,76.04,75.89,75.9,2770.483466,210434.45287161,210434.45287161,1
2026-08-18 03:00:00+08:00,2026-08-18 03:30:00+08:00,1786993200000,SOL-USDT,30m,75.91,75.91,75.78,75.87,2911.703741,220865.61065149,220865.61065149,1
2026-08-18 03:30:00+08:00,2026-08-18 04:00:00+08:00,1786995000000,SOL-USDT,30m,75.86,75.95,75.76,75.81,3644.922943,276486.42281451,276486.42281451,1
2026-08-18 04:00:00+08:00,2026-08-18 04:30:00+08:00,1786996800000,SOL-USDT,30m,75.81,75.82,75.63,75.81,4580.005827,346776.22237696,346776.22237696,1
2026-08-18 04:30:00+08:00,2026-08-18 05:00:00+08:00,1786998600000,SOL-USDT,30m,75.81,76.11,75.78,76,9245.432786,702746.33195509,702746.33195509,1
2026-08-18 05:00:00+08:00,2026-08-18 05:30:00+08:00,1787000400000,SOL-USDT,30m,76,76.06,75.9,75.91,2823.988972,214520.33738709,214520.33738709,1
2026-08-18 05:30:00+08:00,2026-08-18 06:00:00+08:00,1787002200000,SOL-USDT,30m,75.92,75.99,75.88,75.95,2071.940857,157361.10549693,157361.10549693,1
2026-08-18 06:00:00+08:00,2026-08-18 06:30:00+08:00,1787004000000,SOL-USDT,30m,75.96,76.03,75.8,75.82,7976.305043,605139.72662502,605139.72662502,1
2026-08-18 06:30:00+08:00,2026-08-18 07:00:00+08:00,1787005800000,SOL-USDT,30m,75.81,75.83,75.72,75.74,2156.981745,163440.07669172,163440.07669172,1
2026-08-18 07:00:00+08:00,2026-08-18 07:30:00+08:00,1787007600000,SOL-USDT,30m,75.75,75.98,75.73,75.98,2968.736644,225284.51949849,225284.51949849,1
2026-08-18 07:30:00+08:00,2026-08-18 08:00:00+08:00,1787009400000,SOL-USDT,30m,75.98,76.13,75.94,76.01,5916.820483,449827.81623441,449827.81623441,1
2026-08-18 08:00:00+08:00,2026-08-18 08:30:00+08:00,1787011200000,SOL-USDT,30m,76.02,76.1,75.94,76,8401.976351,638625.60668067,638625.60668067,1
2026-08-18 08:30:00+08:00,2026-08-18 09:00:00+08:00,1787013000000,SOL-USDT,30m,76,76.05,75.87,76.04,5837.313198,443231.7470128,443231.7470128,1
2026-08-18 09:00:00+08:00,2026-08-18 09:30:00+08:00,1787014800000,SOL-USDT,30m,76.05,76.06,75.86,75.88,5109.267303,388159.93932683,388159.93932683,1
2026-08-18 09:30:00+08:00,2026-08-18 10:00:00+08:00,1787016600000,SOL-USDT,30m,75.88,75.88,75.57,75.6,7156.550961,541888.66050276,541888.66050276,1
2026-08-18 10:00:00+08:00,2026-08-18 10:30:00+08:00,1787018400000,SOL-USDT,30m,75.61,75.66,75.42,75.42,7088.136889,535464.96818683,535464.96818683,1
2026-08-18 10:30:00+08:00,2026-08-18 11:00:00+08:00,1787020200000,SOL-USDT,30m,75.42,75.5,75.23,75.29,11235.932241,846766.34234989,846766.34234989,1
2026-08-18 11:00:00+08:00,2026-08-18 11:30:00+08:00,1787022000000,SOL-USDT,30m,75.3,75.45,75.27,75.4,4324.733019,326019.3566777,326019.3566777,1
2026-08-18 11:30:00+08:00,2026-08-18 12:00:00+08:00,1787023800000,SOL-USDT,30m,75.4,75.55,75.33,75.51,7472.395053,563827.83517718,563827.83517718,1
2026-08-18 12:00:00+08:00,2026-08-18 12:30:00+08:00,1787025600000,SOL-USDT,30m,75.51,75.72,75.4,75.71,7348.199879,555669.42103319,555669.42103319,1
2026-08-18 12:30:00+08:00,2026-08-18 13:00:00+08:00,1787027400000,SOL-USDT,30m,75.72,75.85,75.72,75.84,2751.055306,208530.77379238,208530.77379238,1
2026-08-18 13:00:00+08:00,2026-08-18 13:30:00+08:00,1787029200000,SOL-USDT,30m,75.83,75.98,75.77,75.78,7895.312665,599015.39362702,599015.39362702,1
2026-08-18 13:30:00+08:00,2026-08-18 14:00:00+08:00,1787031000000,SOL-USDT,30m,75.79,75.83,75.58,75.73,7718.755138,584125.72785734,584125.72785734,1
2026-08-18 14:00:00+08:00,2026-08-18 14:30:00+08:00,1787032800000,SOL-USDT,30m,75.72,75.99,75.65,75.95,4138.299386,313703.02753479,313703.02753479,1
2026-08-18 14:30:00+08:00,2026-08-18 15:00:00+08:00,1787034600000,SOL-USDT,30m,75.96,76.05,75.89,76.01,7223.878709,548861.64481456,548861.64481456,1
2026-08-18 15:00:00+08:00,2026-08-18 15:30:00+08:00,1787036400000,SOL-USDT,30m,76.01,76.27,76,76.01,9041.276561,688339.6860151,688339.6860151,1
2026-08-18 15:30:00+08:00,2026-08-18 16:00:00+08:00,1787038200000,SOL-USDT,30m,76.02,76.16,75.95,76.09,10284.478871,782145.4017922,782145.4017922,1
2026-08-18 16:00:00+08:00,2026-08-18 16:30:00+08:00,1787040000000,SOL-USDT,30m,76.1,76.12,75.86,75.91,8044.612728,611193.36977728,611193.36977728,1
2026-08-18 16:30:00+08:00,2026-08-18 17:00:00+08:00,1787041800000,SOL-USDT,30m,75.91,76.19,75.89,76.18,7518.086313,571854.41631574,571854.41631574,1
2026-08-18 17:00:00+08:00,2026-08-18 17:30:00+08:00,1787043600000,SOL-USDT,30m,76.17,76.17,75.9,75.91,7753.185862,589643.70108405,589643.70108405,1
2026-08-18 17:30:00+08:00,2026-08-18 18:00:00+08:00,1787045400000,SOL-USDT,30m,75.91,76,75.9,75.95,6038.763675,458547.27546304,458547.27546304,1
2026-08-18 18:00:00+08:00,2026-08-18 18:30:00+08:00,1787047200000,SOL-USDT,30m,75.95,75.99,75.81,75.83,3728.21899,282974.28424832,282974.28424832,1
2026-08-18 18:30:00+08:00,2026-08-18 19:00:00+08:00,1787049000000,SOL-USDT,30m,75.83,75.9,75.82,75.84,4110.876801,311833.4688161,311833.4688161,1
2026-08-18 19:00:00+08:00,2026-08-18 19:30:00+08:00,1787050800000,SOL-USDT,30m,75.84,76.44,75.82,76.27,15294.61179,1165395.08491519,1165395.08491519,1
2026-08-18 19:30:00+08:00,2026-08-18 20:00:00+08:00,1787052600000,SOL-USDT,30m,76.26,76.44,76.23,76.33,4399.205981,335905.42658301,335905.42658301,1
2026-08-18 20:00:00+08:00,2026-08-18 20:30:00+08:00,1787054400000,SOL-USDT,30m,76.33,76.52,76.24,76.31,9272.0284,708526.39136788,708526.39136788,1
2026-08-18 20:30:00+08:00,2026-08-18 21:00:00+08:00,1787056200000,SOL-USDT,30m,76.3,76.4,76.23,76.25,4027.722739,307340.02623797,307340.02623797,1
2026-08-18 21:00:00+08:00,2026-08-18 21:30:00+08:00,1787058000000,SOL-USDT,30m,76.25,76.25,76.1,76.11,4651.705062,354282.40996853,354282.40996853,1
2026-08-18 21:30:00+08:00,2026-08-18 22:00:00+08:00,1787059800000,SOL-USDT,30m,76.11,76.31,76.06,76.22,12393.975625,943667.95986378,943667.95986378,1
2026-08-18 22:00:00+08:00,2026-08-18 22:30:00+08:00,1787061600000,SOL-USDT,30m,76.22,77.07,76.13,77.01,35684.577294,2734686.91809023,2734686.91809023,1
2026-08-18 22:30:00+08:00,2026-08-18 23:00:00+08:00,1787063400000,SOL-USDT,30m,77.02,77.32,76.77,76.79,26837.519779,2067329.26458757,2067329.26458757,1
2026-08-18 23:00:00+08:00,2026-08-18 23:30:00+08:00,1787065200000,SOL-USDT,30m,76.79,77.05,76.79,77.04,14143.674079,1088082.92153942,1088082.92153942,1
2026-08-18 23:30:00+08:00,2026-08-19 00:00:00+08:00,1787067000000,SOL-USDT,30m,77.04,77.26,77,77.21,10110.197205,779752.20852711,779752.20852711,1
2026-08-19 00:00:00+08:00,2026-08-19 00:30:00+08:00,1787068800000,SOL-USDT,30m,77.21,77.33,76.86,76.91,18172.532566,1401888.09506026,1401888.09506026,1
2026-08-19 00:30:00+08:00,2026-08-19 01:00:00+08:00,1787070600000,SOL-USDT,30m,76.9,77.16,76.85,77.08,3491.571228,268908.68554794,268908.68554794,1
2026-08-19 01:00:00+08:00,2026-08-19 01:30:00+08:00,1787072400000,SOL-USDT,30m,77.08,77.09,76.89,76.93,4098.730084,315487.96358772,315487.96358772,1
2026-08-19 01:30:00+08:00,2026-08-19 02:00:00+08:00,1787074200000,SOL-USDT,30m,76.95,77.03,76.89,76.9,11853.132354,912073.11775433,912073.11775433,1
2026-08-19 02:00:00+08:00,2026-08-19 02:30:00+08:00,1787076000000,SOL-USDT,30m,76.89,77.28,76.88,77.25,7201.531573,555635.57130916,555635.57130916,1
2026-08-19 02:30:00+08:00,2026-08-19 03:00:00+08:00,1787077800000,SOL-USDT,30m,77.25,77.3,77.13,77.27,4772.883,368590.07739703,368590.07739703,1
2026-08-19 03:00:00+08:00,2026-08-19 03:30:00+08:00,1787079600000,SOL-USDT,30m,77.27,77.42,77.18,77.35,5965.027573,460825.93972849,460825.93972849,1
2026-08-19 03:30:00+08:00,2026-08-19 04:00:00+08:00,1787081400000,SOL-USDT,30m,77.35,77.37,77.08,77.19,10969.335576,846817.28889629,846817.28889629,1
2026-08-19 04:00:00+08:00,2026-08-19 04:30:00+08:00,1787083200000,SOL-USDT,30m,77.19,77.23,76.94,77.01,12071.656426,930703.00838698,930703.00838698,1
2026-08-19 04:30:00+08:00,2026-08-19 05:00:00+08:00,1787085000000,SOL-USDT,30m,77,77.13,76.75,76.9,16071.637815,1236432.46912037,1236432.46912037,1
2026-08-19 05:00:00+08:00,2026-08-19 05:30:00+08:00,1787086800000,SOL-USDT,30m,76.9,77.13,76.9,76.97,4886.334294,376354.75737557,376354.75737557,1
2026-08-19 05:30:00+08:00,2026-08-19 06:00:00+08:00,1787088600000,SOL-USDT,30m,76.97,77.02,76.92,77,2807.3318,216096.96433113,216096.96433113,1
2026-08-19 06:00:00+08:00,2026-08-19 06:30:00+08:00,1787090400000,SOL-USDT,30m,77.01,77.18,76.95,77.07,10492.548844,808623.77469124,808623.77469124,1
2026-08-19 06:30:00+08:00,2026-08-19 07:00:00+08:00,1787092200000,SOL-USDT,30m,77.06,77.21,76.88,76.95,13012.054981,1002493.32585209,1002493.32585209,1
2026-08-19 07:00:00+08:00,2026-08-19 07:30:00+08:00,1787094000000,SOL-USDT,30m,76.96,77.18,76.95,77.12,7729.763612,596036.81135678,596036.81135678,1
2026-08-19 07:30:00+08:00,2026-08-19 08:00:00+08:00,1787095800000,SOL-USDT,30m,77.12,77.24,77.04,77.05,9081.580475,700947.93070415,700947.93070415,1
2026-08-19 08:00:00+08:00,2026-08-19 08:30:00+08:00,1787097600000,SOL-USDT,30m,77.06,77.1,76.83,76.95,6217.823863,478666.23029136,478666.23029136,1
2026-08-19 08:30:00+08:00,2026-08-19 09:00:00+08:00,1787099400000,SOL-USDT,30m,76.96,77.09,76.92,76.92,4032.215706,310494.08682807,310494.08682807,1
2026-08-19 09:00:00+08:00,2026-08-19 09:30:00+08:00,1787101200000,SOL-USDT,30m,76.92,77.06,76.72,76.84,18941.003112,1456521.17650472,1456521.17650472,1
2026-08-19 09:30:00+08:00,2026-08-19 10:00:00+08:00,1787103000000,SOL-USDT,30m,76.85,76.86,76.72,76.81,6860.626352,526779.38506209,526779.38506209,1
2026-08-19 10:00:00+08:00,2026-08-19 10:30:00+08:00,1787104800000,SOL-USDT,30m,76.81,76.91,76.71,76.88,8219.516843,631111.60887896,631111.60887896,1
2026-08-19 10:30:00+08:00,2026-08-19 11:00:00+08:00,1787106600000,SOL-USDT,30m,76.88,76.93,76.76,76.82,3708.699287,284964.4699976,284964.4699976,1
2026-08-19 11:00:00+08:00,2026-08-19 11:30:00+08:00,1787108400000,SOL-USDT,30m,76.82,77.11,76.72,77.02,9503.35886,731256.08328719,731256.08328719,1
2026-08-19 11:30:00+08:00,2026-08-19 12:00:00+08:00,1787110200000,SOL-USDT,30m,77.02,77.1,76.96,77,2122.213301,163475.63621265,163475.63621265,1
2026-08-19 12:00:00+08:00,2026-08-19 12:30:00+08:00,1787112000000,SOL-USDT,30m,77,77.14,76.96,77.07,2278.107724,175490.20657649,175490.20657649,1
2026-08-19 12:30:00+08:00,2026-08-19 13:00:00+08:00,1787113800000,SOL-USDT,30m,77.06,77.08,76.79,76.87,11636.229812,895371.26999786,895371.26999786,1
2026-08-19 13:00:00+08:00,2026-08-19 13:30:00+08:00,1787115600000,SOL-USDT,30m,76.87,77.06,76.86,76.95,9010.972351,693412.78989369,693412.78989369,1
2026-08-19 13:30:00+08:00,2026-08-19 14:00:00+08:00,1787117400000,SOL-USDT,30m,76.95,76.99,76.78,76.8,3217.355391,247286.29699428,247286.29699428,1
2026-08-19 14:00:00+08:00,2026-08-19 14:30:00+08:00,1787119200000,SOL-USDT,30m,76.81,76.96,76.63,76.87,9686.097036,743922.51079184,743922.51079184,1
2026-08-19 14:30:00+08:00,2026-08-19 15:00:00+08:00,1787121000000,SOL-USDT,30m,76.87,77.17,76.76,77.08,29044.695406,2236564.5749295,2236564.5749295,1
2026-08-19 15:00:00+08:00,2026-08-19 15:30:00+08:00,1787122800000,SOL-USDT,30m,77.08,77.11,76.96,76.99,6255.36454,481755.1707215,481755.1707215,1
2026-08-19 15:30:00+08:00,2026-08-19 16:00:00+08:00,1787124600000,SOL-USDT,30m,77,77.08,76.95,76.95,5898.814205,454295.69488762,454295.69488762,1
2026-08-19 16:00:00+08:00,2026-08-19 16:30:00+08:00,1787126400000,SOL-USDT,30m,76.95,77.23,76.92,77.19,12516.491249,964826.40384504,964826.40384504,1
2026-08-19 16:30:00+08:00,2026-08-19 17:00:00+08:00,1787128200000,SOL-USDT,30m,77.2,77.68,77.16,77.38,33596.699104,2599989.41774879,2599989.41774879,1
2026-08-19 17:00:00+08:00,2026-08-19 17:30:00+08:00,1787130000000,SOL-USDT,30m,77.38,77.49,77.31,77.32,5827.844038,451085.34703049,451085.34703049,1
2026-08-19 17:30:00+08:00,2026-08-19 18:00:00+08:00,1787131800000,SOL-USDT,30m,77.33,77.36,77.22,77.33,9947.262284,769006.14822976,769006.14822976,1
2026-08-19 18:00:00+08:00,2026-08-19 18:30:00+08:00,1787133600000,SOL-USDT,30m,77.33,77.33,77.22,77.27,5035.117145,389091.20328661,389091.20328661,1
2026-08-19 18:30:00+08:00,2026-08-19 19:00:00+08:00,1787135400000,SOL-USDT,30m,77.28,77.4,77.24,77.39,6854.194655,529981.63629902,529981.63629902,1
2026-08-19 19:00:00+08:00,2026-08-19 19:30:00+08:00,1787137200000,SOL-USDT,30m,77.39,77.63,77.38,77.61,15899.051558,1232969.59845509,1232969.59845509,1
2026-08-19 19:30:00+08:00,2026-08-19 20:00:00+08:00,1787139000000,SOL-USDT,30m,77.61,77.61,77.48,77.54,8113.474878,629225.78451026,629225.78451026,1
2026-08-19 20:00:00+08:00,2026-08-19 20:30:00+08:00,1787140800000,SOL-USDT,30m,77.54,77.56,77.44,77.53,4923.109732,381502.11322858,381502.11322858,1
2026-08-19 20:30:00+08:00,2026-08-19 21:00:00+08:00,1787142600000,SOL-USDT,30m,77.53,78.78,77.51,78.41,74622.815797,5843415.26618829,5843415.26618829,1
2026-08-19 21:00:00+08:00,2026-08-19 21:30:00+08:00,1787144400000,SOL-USDT,30m,78.41,78.57,78.17,78.53,23385.845563,1831601.17662416,1831601.17662416,1
2026-08-19 21:30:00+08:00,2026-08-19 22:00:00+08:00,1787146200000,SOL-USDT,30m,78.52,78.7,78.32,78.41,40395.169706,3172093.74207898,3172093.74207898,1
2026-08-19 22:00:00+08:00,2026-08-19 22:30:00+08:00,1787148000000,SOL-USDT,30m,78.42,78.81,78.37,78.55,30288.681146,2380935.9321969,2380935.9321969,1
2026-08-19 22:30:00+08:00,2026-08-19 23:00:00+08:00,1787149800000,SOL-USDT,30m,78.55,81,78.46,80.87,128816.743463,10306789.32447138,10306789.32447138,1
2026-08-19 23:00:00+08:00,2026-08-19 23:30:00+08:00,1787151600000,SOL-USDT,30m,80.89,82.96,80.67,82.01,274058.649364,22412381.75811821,22412381.75811821,1
2026-08-19 23:30:00+08:00,2026-08-20 00:00:00+08:00,1787153400000,SOL-USDT,30m,82.02,82.6,81.55,81.83,115163.415274,9442236.86744262,9442236.86744262,1
2026-08-20 00:00:00+08:00,2026-08-20 00:30:00+08:00,1787155200000,SOL-USDT,30m,81.83,82.41,81.68,82.1,58434.951853,4794848.56289892,4794848.56289892,1
2026-08-20 00:30:00+08:00,2026-08-20 01:00:00+08:00,1787157000000,SOL-USDT,30m,82.09,82.09,81.56,81.59,40110.422249,3284675.77303517,3284675.77303517,1
2026-08-20 01:00:00+08:00,2026-08-20 01:30:00+08:00,1787158800000,SOL-USDT,30m,81.6,81.66,81.05,81.26,41919.317318,3411265.63935174,3411265.63935174,1
2026-08-20 01:30:00+08:00,2026-08-20 02:00:00+08:00,1787160600000,SOL-USDT,30m,81.27,81.73,81.03,81.65,32137.017179,2615764.74162308,2615764.74162308,1
2026-08-20 02:00:00+08:00,2026-08-20 02:30:00+08:00,1787162400000,SOL-USDT,30m,81.65,82.03,81.27,81.96,38567.890313,3147508.83589362,3147508.83589362,1
2026-08-20 02:30:00+08:00,2026-08-20 03:00:00+08:00,1787164200000,SOL-USDT,30m,81.96,82.3,81.91,82.28,40869.541381,3354666.52871301,3354666.52871301,1
2026-08-20 03:00:00+08:00,2026-08-20 03:30:00+08:00,1787166000000,SOL-USDT,30m,82.27,82.52,82,82.2,26512.909162,2181598.57673951,2181598.57673951,1
2026-08-20 03:30:00+08:00,2026-08-20 04:00:00+08:00,1787167800000,SOL-USDT,30m,82.19,82.45,82.1,82.37,15885.097168,1307097.57342151,1307097.57342151,1
2026-08-20 04:00:00+08:00,2026-08-20 04:30:00+08:00,1787169600000,SOL-USDT,30m,82.37,82.56,82.29,82.51,18843.158306,1552947.18807979,1552947.18807979,1
2026-08-20 04:30:00+08:00,2026-08-20 05:00:00+08:00,1787171400000,SOL-USDT,30m,82.51,84.38,82.47,83.73,165843.981475,13884437.28361662,13884437.28361662,1
2026-08-20 05:00:00+08:00,2026-08-20 05:30:00+08:00,1787173200000,SOL-USDT,30m,83.74,87.33,83.73,87.01,362892.406411,31225804.24147139,31225804.24147139,1
2026-08-20 05:30:00+08:00,2026-08-20 06:00:00+08:00,1787175000000,SOL-USDT,30m,87.02,87.25,86.23,86.64,74663.594176,6476348.12999821,6476348.12999821,1
2026-08-20 06:00:00+08:00,2026-08-20 06:30:00+08:00,1787176800000,SOL-USDT,30m,86.66,86.85,85.34,85.36,66933.529127,5755460.70400459,5755460.70400459,1
2026-08-20 06:30:00+08:00,2026-08-20 07:00:00+08:00,1787178600000,SOL-USDT,30m,85.39,85.99,84.93,85.5,53538.622754,4572018.13032368,4572018.13032368,1
2026-08-20 07:00:00+08:00,2026-08-20 07:30:00+08:00,1787180400000,SOL-USDT,30m,85.5,85.6,85.29,85.46,25361.995016,2167003.90008832,2167003.90008832,1
2026-08-20 07:30:00+08:00,2026-08-20 08:00:00+08:00,1787182200000,SOL-USDT,30m,85.45,85.76,85.04,85.4,29998.067955,2561185.79120315,2561185.79120315,1
2026-08-20 08:00:00+08:00,2026-08-20 08:30:00+08:00,1787184000000,SOL-USDT,30m,85.4,85.8,85.32,85.63,24293.68569,2078995.13202234,2078995.13202234,1
2026-08-20 08:30:00+08:00,2026-08-20 09:00:00+08:00,1787185800000,SOL-USDT,30m,85.64,85.72,84.9,85.01,42461.889713,3622268.96568364,3622268.96568364,1
2026-08-20 09:00:00+08:00,2026-08-20 09:30:00+08:00,1787187600000,SOL-USDT,30m,85.01,85.14,84.66,84.77,26163.15663,2219670.12821832,2219670.12821832,1
2026-08-20 09:30:00+08:00,2026-08-20 10:00:00+08:00,1787189400000,SOL-USDT,30m,84.76,85.41,84.71,85.37,22942.184934,1953189.38330516,1953189.38330516,1
2026-08-20 10:00:00+08:00,2026-08-20 10:30:00+08:00,1787191200000,SOL-USDT,30m,85.38,85.46,85.07,85.09,17595.277722,1500417.34935538,1500417.34935538,1
2026-08-20 10:30:00+08:00,2026-08-20 11:00:00+08:00,1787193000000,SOL-USDT,30m,85.08,85.13,84.71,84.77,14778.440983,1254478.09527257,1254478.09527257,1
2026-08-20 11:00:00+08:00,2026-08-20 11:30:00+08:00,1787194800000,SOL-USDT,30m,84.78,84.79,84.02,84.27,36327.735195,3062745.71689241,3062745.71689241,1
2026-08-20 11:30:00+08:00,2026-08-20 12:00:00+08:00,1787196600000,SOL-USDT,30m,84.28,84.71,84.27,84.48,18008.144608,1521871.63979546,1521871.63979546,1
2026-08-20 12:00:00+08:00,2026-08-20 12:30:00+08:00,1787198400000,SOL-USDT,30m,84.48,84.72,84.46,84.55,8073.392453,682979.13088848,682979.13088848,1
2026-08-20 12:30:00+08:00,2026-08-20 13:00:00+08:00,1787200200000,SOL-USDT,30m,84.56,84.99,84.42,84.83,14801.955459,1253639.62638712,1253639.62638712,1
2026-08-20 13:00:00+08:00,2026-08-20 13:30:00+08:00,1787202000000,SOL-USDT,30m,84.83,85.08,84.82,84.9,11155.210376,947884.84239142,947884.84239142,1
2026-08-20 13:30:00+08:00,2026-08-20 14:00:00+08:00,1787203800000,SOL-USDT,30m,84.9,85.04,84.82,84.95,6389.515442,542757.71548496,542757.71548496,1
2026-08-20 14:00:00+08:00,2026-08-20 14:30:00+08:00,1787205600000,SOL-USDT,30m,84.96,85.47,84.72,85.44,22498.686207,1913426.73010404,1913426.73010404,1
2026-08-20 14:30:00+08:00,2026-08-20 15:00:00+08:00,1787207400000,SOL-USDT,30m,85.45,85.93,85.29,85.91,32861.828834,2814830.70739866,2814830.70739866,1
2026-08-20 15:00:00+08:00,2026-08-20 15:30:00+08:00,1787209200000,SOL-USDT,30m,85.91,86.09,85.78,86.01,13215.862713,1135385.23672113,1135385.23672113,1
2026-08-20 15:30:00+08:00,2026-08-20 16:00:00+08:00,1787211000000,SOL-USDT,30m,86.01,86.2,85.79,86.17,22163.355823,1905785.4013321,1905785.4013321,1
2026-08-20 16:00:00+08:00,2026-08-20 16:30:00+08:00,1787212800000,SOL-USDT,30m,86.17,87.63,86.04,87.53,57779.871665,5032965.28973965,5032965.28973965,1
2026-08-20 16:30:00+08:00,2026-08-20 17:00:00+08:00,1787214600000,SOL-USDT,30m,87.54,87.98,87.36,87.52,41851.173701,3669905.38309637,3669905.38309637,1
2026-08-20 17:00:00+08:00,2026-08-20 17:30:00+08:00,1787216400000,SOL-USDT,30m,87.53,87.83,87.27,87.53,40130.097644,3515628.01635624,3515628.01635624,1
2026-08-20 17:30:00+08:00,2026-08-20 18:00:00+08:00,1787218200000,SOL-USDT,30m,87.54,87.74,87.1,87.34,31401.693758,2744394.33656158,2744394.33656158,1
2026-08-20 18:00:00+08:00,2026-08-20 18:30:00+08:00,1787220000000,SOL-USDT,30m,87.34,87.81,87.22,87.44,21220.775232,1858044.37197455,1858044.37197455,1
2026-08-20 18:30:00+08:00,2026-08-20 19:00:00+08:00,1787221800000,SOL-USDT,30m,87.44,87.49,87,87.46,20817.077912,1816487.57293967,1816487.57293967,1
2026-08-20 19:00:00+08:00,2026-08-20 19:30:00+08:00,1787223600000,SOL-USDT,30m,87.47,87.47,87.1,87.19,19017.058326,1659925.61048404,1659925.61048404,1
2026-08-20 19:30:00+08:00,2026-08-20 20:00:00+08:00,1787225400000,SOL-USDT,30m,87.17,88.12,87.15,87.22,35496.376563,3113909.7210208,3113909.7210208,1
2026-08-20 20:00:00+08:00,2026-08-20 20:30:00+08:00,1787227200000,SOL-USDT,30m,87.21,87.41,86.57,86.97,25602.87415,2225644.13726676,2225644.13726676,1
2026-08-20 20:30:00+08:00,2026-08-20 21:00:00+08:00,1787229000000,SOL-USDT,30m,87,87.15,86.53,87.09,25123.185854,2182343.60828873,2182343.60828873,1
2026-08-20 21:00:00+08:00,2026-08-20 21:30:00+08:00,1787230800000,SOL-USDT,30m,87.09,87.49,86.68,87.03,83526.65416,7273434.77582807,7273434.77582807,1
2026-08-20 21:30:00+08:00,2026-08-20 22:00:00+08:00,1787232600000,SOL-USDT,30m,87.03,87.04,86.16,86.57,50597.204996,4379518.0566482,4379518.0566482,1
2026-08-20 22:00:00+08:00,2026-08-20 22:30:00+08:00,1787234400000,SOL-USDT,30m,86.57,86.88,86.23,86.31,23021.686861,1992760.85385919,1992760.85385919,1
2026-08-20 22:30:00+08:00,2026-08-20 23:00:00+08:00,1787236200000,SOL-USDT,30m,86.32,86.6,86.16,86.6,17270.632052,1492822.37686822,1492822.37686822,1
2026-08-20 23:00:00+08:00,2026-08-20 23:30:00+08:00,1787238000000,SOL-USDT,30m,86.61,87.33,86.57,87.04,39654.689915,3448644.69199682,3448644.69199682,1
2026-08-20 23:30:00+08:00,2026-08-21 00:00:00+08:00,1787239800000,SOL-USDT,30m,87.06,87.48,86.74,87.37,28877.194553,2515401.6416267,2515401.6416267,1
2026-08-21 00:00:00+08:00,2026-08-21 00:30:00+08:00,1787241600000,SOL-USDT,30m,87.37,87.38,86.87,87.12,20364.017853,1774827.40202119,1774827.40202119,1
2026-08-21 00:30:00+08:00,2026-08-21 01:00:00+08:00,1787243400000,SOL-USDT,30m,87.11,87.86,86.94,87.77,30737.271161,2688820.53589032,2688820.53589032,1
2026-08-21 01:00:00+08:00,2026-08-21 01:30:00+08:00,1787245200000,SOL-USDT,30m,87.76,87.88,87.29,87.61,35454.465024,3106267.00254689,3106267.00254689,1
2026-08-21 01:30:00+08:00,2026-08-21 02:00:00+08:00,1787247000000,SOL-USDT,30m,87.6,87.95,87.46,87.5,15668.949173,1374019.17089491,1374019.17089491,1
2026-08-21 02:00:00+08:00,2026-08-21 02:30:00+08:00,1787248800000,SOL-USDT,30m,87.5,87.67,86.79,87.2,33055.985253,2880667.88847751,2880667.88847751,1
2026-08-21 02:30:00+08:00,2026-08-21 03:00:00+08:00,1787250600000,SOL-USDT,30m,87.19,87.26,86.67,86.86,16766.83947,1457116.08553298,1457116.08553298,1
2026-08-21 03:00:00+08:00,2026-08-21 03:30:00+08:00,1787252400000,SOL-USDT,30m,86.85,87.47,86.85,87.3,22204.985405,1937332.59891881,1937332.59891881,1
2026-08-21 03:30:00+08:00,2026-08-21 04:00:00+08:00,1787254200000,SOL-USDT,30m,87.28,87.53,87.09,87.31,28478.918658,2486146.2431554,2486146.2431554,1
2026-08-21 04:00:00+08:00,2026-08-21 04:30:00+08:00,1787256000000,SOL-USDT,30m,87.31,87.48,87.24,87.42,7497.896235,655097.94570433,655097.94570433,1
2026-08-21 04:30:00+08:00,2026-08-21 05:00:00+08:00,1787257800000,SOL-USDT,30m,87.43,87.68,87.42,87.6,8130.18491,711763.30318149,711763.30318149,1
2026-08-21 05:00:00+08:00,2026-08-21 05:30:00+08:00,1787259600000,SOL-USDT,30m,87.59,87.88,87.43,87.46,9317.033085,816713.45870877,816713.45870877,1
2026-08-21 05:30:00+08:00,2026-08-21 06:00:00+08:00,1787261400000,SOL-USDT,30m,87.46,87.72,87.45,87.5,7345.930979,643175.74456492,643175.74456492,1
2026-08-21 06:00:00+08:00,2026-08-21 06:30:00+08:00,1787263200000,SOL-USDT,30m,87.51,87.6,87.25,87.47,13862.571733,1211534.00375246,1211534.00375246,1
2026-08-21 06:30:00+08:00,2026-08-21 07:00:00+08:00,1787265000000,SOL-USDT,30m,87.47,87.49,87.19,87.22,6944.318453,606425.21990598,606425.21990598,1
2026-08-21 07:00:00+08:00,2026-08-21 07:30:00+08:00,1787266800000,SOL-USDT,30m,87.24,87.93,87.21,87.84,15868.150158,1390590.94929752,1390590.94929752,1
2026-08-21 07:30:00+08:00,2026-08-21 08:00:00+08:00,1787268600000,SOL-USDT,30m,87.84,87.99,87.57,87.65,11954.248996,1048721.02035509,1048721.02035509,1
2026-08-21 08:00:00+08:00,2026-08-21 08:30:00+08:00,1787270400000,SOL-USDT,30m,87.66,88.8,87.58,88.4,33556.411081,2960467.47836461,2960467.47836461,1
2026-08-21 08:30:00+08:00,2026-08-21 09:00:00+08:00,1787272200000,SOL-USDT,30m,88.41,88.67,87.8,88.24,26032.726237,2295633.59202233,2295633.59202233,1
2026-08-21 09:00:00+08:00,2026-08-21 09:30:00+08:00,1787274000000,SOL-USDT,30m,88.23,89.07,88.13,88.38,29925.92579,2650096.43769606,2650096.43769606,1
2026-08-21 09:30:00+08:00,2026-08-21 10:00:00+08:00,1787275800000,SOL-USDT,30m,88.4,89.5,88.28,89.01,46844.738423,4168689.27898589,4168689.27898589,1
2026-08-21 10:00:00+08:00,2026-08-21 10:30:00+08:00,1787277600000,SOL-USDT,30m,89.01,89.78,88.5,89.42,56005.440871,4991059.52770543,4991059.52770543,1
2026-08-21 10:30:00+08:00,2026-08-21 11:00:00+08:00,1787279400000,SOL-USDT,30m,89.43,90.21,88.92,89.26,53030.006118,4752214.29683401,4752214.29683401,1
2026-08-21 11:00:00+08:00,2026-08-21 11:30:00+08:00,1787281200000,SOL-USDT,30m,89.27,89.42,88.76,89.38,24992.93161,2227671.0893792,2227671.0893792,1
2026-08-21 11:30:00+08:00,2026-08-21 12:00:00+08:00,1787283000000,SOL-USDT,30m,89.38,89.55,89.1,89.11,20120.708102,1797298.65606089,1797298.65606089,1
2026-08-21 12:00:00+08:00,2026-08-21 12:30:00+08:00,1787284800000,SOL-USDT,30m,89.11,89.47,88.89,88.96,23510.655056,2096660.6965683,2096660.6965683,1
2026-08-21 12:30:00+08:00,2026-08-21 13:00:00+08:00,1787286600000,SOL-USDT,30m,88.96,89.5,88.89,89.47,21363.214204,1906340.86288567,1906340.86288567,1
2026-08-21 13:00:00+08:00,2026-08-21 13:30:00+08:00,1787288400000,SOL-USDT,30m,89.48,90,89.18,89.65,23488.918425,2105224.87990684,2105224.87990684,1
2026-08-21 13:30:00+08:00,2026-08-21 14:00:00+08:00,1787290200000,SOL-USDT,30m,89.64,90.75,89.55,90.44,35617.594685,3214810.10757078,3214810.10757078,1
2026-08-21 14:00:00+08:00,2026-08-21 14:30:00+08:00,1787292000000,SOL-USDT,30m,90.45,91.34,90.03,90.06,49999.681643,4533894.05134778,4533894.05134778,1
2026-08-21 14:30:00+08:00,2026-08-21 15:00:00+08:00,1787293800000,SOL-USDT,30m,90.06,90.48,89.77,90.24,39247.302264,3537420.8437985,3537420.8437985,1
2026-08-21 15:00:00+08:00,2026-08-21 15:30:00+08:00,1787295600000,SOL-USDT,30m,90.24,91.2,90.18,90.26,44952.717431,4078406.75480191,4078406.75480191,1
2026-08-21 15:30:00+08:00,2026-08-21 16:00:00+08:00,1787297400000,SOL-USDT,30m,90.28,90.77,89.97,90.42,36329.948405,3282409.7767345,3282409.7767345,1
2026-08-21 16:00:00+08:00,2026-08-21 16:30:00+08:00,1787299200000,SOL-USDT,30m,90.42,91.58,90.37,91.4,53623.722704,4878878.81575236,4878878.81575236,1
2026-08-21 16:30:00+08:00,2026-08-21 17:00:00+08:00,1787301000000,SOL-USDT,30m,91.4,93.41,91.25,93.29,97154.197599,8977906.96346104,8977906.96346104,1
2026-08-21 17:00:00+08:00,2026-08-21 17:30:00+08:00,1787302800000,SOL-USDT,30m,93.27,93.35,90.27,91.19,115607.363042,10569822.12365626,10569822.12365626,1
2026-08-21 17:30:00+08:00,2026-08-21 18:00:00+08:00,1787304600000,SOL-USDT,30m,91.2,92.18,91.02,91.67,34813.061327,3194359.51842933,3194359.51842933,1
2026-08-21 18:00:00+08:00,2026-08-21 18:30:00+08:00,1787306400000,SOL-USDT,30m,91.66,91.76,90.86,91.27,24597.392991,2246503.15899786,2246503.15899786,1
2026-08-21 18:30:00+08:00,2026-08-21 19:00:00+08:00,1787308200000,SOL-USDT,30m,91.29,91.68,90.88,91.47,19086.967256,1742447.15223823,1742447.15223823,1
2026-08-21 19:00:00+08:00,2026-08-21 19:30:00+08:00,1787310000000,SOL-USDT,30m,91.47,91.62,90.51,91.01,37227.99018,3386192.88395561,3386192.88395561,1
2026-08-21 19:30:00+08:00,2026-08-21 20:00:00+08:00,1787311800000,SOL-USDT,30m,91.01,91.03,89.91,90.3,44649.935485,4036801.54438336,4036801.54438336,1
2026-08-21 20:00:00+08:00,2026-08-21 20:30:00+08:00,1787313600000,SOL-USDT,30m,90.3,90.5,90.01,90.31,26166.010704,2362356.45346287,2362356.45346287,1
2026-08-21 20:30:00+08:00,2026-08-21 21:00:00+08:00,1787315400000,SOL-USDT,30m,90.31,91.14,90.24,90.86,23895.366552,2167323.35236821,2167323.35236821,1
2026-08-21 21:00:00+08:00,2026-08-21 21:30:00+08:00,1787317200000,SOL-USDT,30m,90.87,90.99,90.42,90.76,17201.363559,1561116.65154428,1561116.65154428,1
2026-08-21 21:30:00+08:00,2026-08-21 22:00:00+08:00,1787319000000,SOL-USDT,30m,90.75,91.38,89.77,91.07,53007.234656,4803741.55859675,4803741.55859675,1
2026-08-21 22:00:00+08:00,2026-08-21 22:30:00+08:00,1787320800000,SOL-USDT,30m,91.07,91.38,90.56,91.32,31874.415782,2900471.70832301,2900471.70832301,1
2026-08-21 22:30:00+08:00,2026-08-21 23:00:00+08:00,1787322600000,SOL-USDT,30m,91.31,91.97,91.14,91.89,29139.581766,2668727.2534943,2668727.2534943,1
2026-08-21 23:00:00+08:00,2026-08-21 23:30:00+08:00,1787324400000,SOL-USDT,30m,91.88,92.16,91.5,91.57,36117.918854,3319786.3004503,3319786.3004503,1
2026-08-21 23:30:00+08:00,2026-08-22 00:00:00+08:00,1787326200000,SOL-USDT,30m,91.57,91.81,91.25,91.36,36056.367246,3300238.32735519,3300238.32735519,1
2026-08-22 00:00:00+08:00,2026-08-22 00:30:00+08:00,1787328000000,SOL-USDT,30m,91.37,91.53,90.76,91.51,30232.907757,2756200.40060343,2756200.40060343,1
2026-08-22 00:30:00+08:00,2026-08-22 01:00:00+08:00,1787329800000,SOL-USDT,30m,91.51,91.93,91.33,91.62,16442.948037,1506228.91293041,1506228.91293041,1
2026-08-22 01:00:00+08:00,2026-08-22 01:30:00+08:00,1787331600000,SOL-USDT,30m,91.62,91.93,91.18,91.56,26981.188965,2471696.48837028,2471696.48837028,1
2026-08-22 01:30:00+08:00,2026-08-22 02:00:00+08:00,1787333400000,SOL-USDT,30m,91.56,92,91.52,91.79,32607.842239,2991898.71497803,2991898.71497803,1
2026-08-22 02:00:00+08:00,2026-08-22 02:30:00+08:00,1787335200000,SOL-USDT,30m,91.8,92.07,91.65,91.9,22236.301796,2043896.83505467,2043896.83505467,1
2026-08-22 02:30:00+08:00,2026-08-22 03:00:00+08:00,1787337000000,SOL-USDT,30m,91.9,92,91.08,91.57,29408.873431,2691486.90228428,2691486.90228428,1
2026-08-22 03:00:00+08:00,2026-08-22 03:30:00+08:00,1787338800000,SOL-USDT,30m,91.58,91.64,90.84,91.34,20910.927421,1905325.8153672,1905325.8153672,1
2026-08-22 03:30:00+08:00,2026-08-22 04:00:00+08:00,1787340600000,SOL-USDT,30m,91.33,91.38,90.76,90.96,18537.06303,1686640.12154869,1686640.12154869,1
2026-08-22 04:00:00+08:00,2026-08-22 04:30:00+08:00,1787342400000,SOL-USDT,30m,90.96,91.98,90.57,91.8,32010.452985,2922190.48508707,2922190.48508707,1
2026-08-22 04:30:00+08:00,2026-08-22 05:00:00+08:00,1787344200000,SOL-USDT,30m,91.8,91.94,91.55,91.87,12228.827691,1122072.15232644,1122072.15232644,1
2026-08-22 05:00:00+08:00,2026-08-22 05:30:00+08:00,1787346000000,SOL-USDT,30m,91.86,92.97,91.65,92.8,38641.150271,3570610.92873253,3570610.92873253,1
2026-08-22 05:30:00+08:00,2026-08-22 06:00:00+08:00,1787347800000,SOL-USDT,30m,92.81,93.86,92.62,93.74,57067.831013,5326870.17680081,5326870.17680081,1
2026-08-22 06:00:00+08:00,2026-08-22 06:30:00+08:00,1787349600000,SOL-USDT,30m,93.75,94.4,93.47,94.17,55865.576792,5252333.93086444,5252333.93086444,1
2026-08-22 06:30:00+08:00,2026-08-22 07:00:00+08:00,1787351400000,SOL-USDT,30m,94.18,94.64,93.3,94.32,55429.463116,5213611.19508373,5213611.19508373,1
2026-08-22 07:00:00+08:00,2026-08-22 07:30:00+08:00,1787353200000,SOL-USDT,30m,94.35,95,93.87,94.43,35786.567571,3378613.26664395,3378613.26664395,1
2026-08-22 07:30:00+08:00,2026-08-22 08:00:00+08:00,1787355000000,SOL-USDT,30m,94.46,94.5,93.4,93.73,30563.820483,2869243.50957913,2869243.50957913,1
2026-08-22 08:00:00+08:00,2026-08-22 08:30:00+08:00,1787356800000,SOL-USDT,30m,93.74,94.42,92.88,93.68,36339.412567,3402648.74128705,3402648.74128705,1
2026-08-22 08:30:00+08:00,2026-08-22 09:00:00+08:00,1787358600000,SOL-USDT,30m,93.68,93.95,93.41,93.89,24397.780982,2285976.25109254,2285976.25109254,1
2026-08-22 09:00:00+08:00,2026-08-22 09:30:00+08:00,1787360400000,SOL-USDT,30m,93.9,94.3,93.75,94.03,22391.386884,2105491.94705834,2105491.94705834,1
2026-08-22 09:30:00+08:00,2026-08-22 10:00:00+08:00,1787362200000,SOL-USDT,30m,94.04,94.43,93.48,93.69,19011.934678,1785931.96323018,1785931.96323018,1
2026-08-22 10:00:00+08:00,2026-08-22 10:30:00+08:00,1787364000000,SOL-USDT,30m,93.69,95.04,93.68,94.83,29221.988851,2764223.77573876,2764223.77573876,1
2026-08-22 10:30:00+08:00,2026-08-22 11:00:00+08:00,1787365800000,SOL-USDT,30m,94.82,95.8,94.64,95.64,66170.86962,6301841.83719514,6301841.83719514,1
2026-08-22 11:00:00+08:00,2026-08-22 11:30:00+08:00,1787367600000,SOL-USDT,30m,95.66,97.15,95.5,96.83,72609.51712,7010689.31341251,7010689.31341251,1
2026-08-22 11:30:00+08:00,2026-08-22 12:00:00+08:00,1787369400000,SOL-USDT,30m,96.85,97.56,96.4,96.79,53107.855492,5149432.90790114,5149432.90790114,1
2026-08-22 12:00:00+08:00,2026-08-22 12:30:00+08:00,1787371200000,SOL-USDT,30m,96.8,98,96.18,97.98,71531.500339,6937391.06880814,6937391.06880814,1
2026-08-22 12:30:00+08:00,2026-08-22 13:00:00+08:00,1787373000000,SOL-USDT,30m,97.99,102.74,97.85,99.18,321406.627681,32175911.86396203,32175911.86396203,1
2026-08-22 13:00:00+08:00,2026-08-22 13:30:00+08:00,1787374800000,SOL-USDT,30m,99.11,99.98,87.66,94.05,515513.966806,48214876.70330124,48214876.70330124,1
2026-08-22 13:30:00+08:00,2026-08-22 14:00:00+08:00,1787376600000,SOL-USDT,30m,94.08,94.87,92.85,94.22,110017.446022,10345069.43638026,10345069.43638026,1
2026-08-22 14:00:00+08:00,2026-08-22 14:30:00+08:00,1787378400000,SOL-USDT,30m,94.22,94.49,93.45,93.89,63611.771159,5974106.93569457,5974106.93569457,1
2026-08-22 14:30:00+08:00,2026-08-22 15:00:00+08:00,1787380200000,SOL-USDT,30m,93.87,95.14,93.07,94.3,59844.565094,5640115.49280941,5640115.49280941,1
2026-08-22 15:00:00+08:00,2026-08-22 15:30:00+08:00,1787382000000,SOL-USDT,30m,94.3,95.18,94.05,95.03,55555.553785,5259027.19338625,5259027.19338625,1
2026-08-22 15:30:00+08:00,2026-08-22 16:00:00+08:00,1787383800000,SOL-USDT,30m,95,95.52,94.4,94.46,41809.563358,3965591.33972815,3965591.33972815,1
2026-08-22 16:00:00+08:00,2026-08-22 16:30:00+08:00,1787385600000,SOL-USDT,30m,94.47,95.01,93.55,93.73,41180.145047,3885405.80121528,3885405.80121528,1
2026-08-22 16:30:00+08:00,2026-08-22 17:00:00+08:00,1787387400000,SOL-USDT,30m,93.75,94.11,93,94.08,64726.184115,6045500.92554472,6045500.92554472,1
2026-08-22 17:00:00+08:00,2026-08-22 17:30:00+08:00,1787389200000,SOL-USDT,30m,94.09,94.56,92.97,94.29,33795.095667,3172680.43442593,3172680.43442593,1
2026-08-22 17:30:00+08:00,2026-08-22 18:00:00+08:00,1787391000000,SOL-USDT,30m,94.28,94.42,93.62,93.9,23423.320386,2203211.30874118,2203211.30874118,1
2026-08-22 18:00:00+08:00,2026-08-22 18:30:00+08:00,1787392800000,SOL-USDT,30m,93.91,93.98,91.33,92.44,91629.229216,8464247.47626294,8464247.47626294,1
2026-08-22 18:30:00+08:00,2026-08-22 19:00:00+08:00,1787394600000,SOL-USDT,30m,92.45,93.36,92.28,92.87,30437.869585,2826997.85298589,2826997.85298589,1
2026-08-22 19:00:00+08:00,2026-08-22 19:30:00+08:00,1787396400000,SOL-USDT,30m,92.88,93.21,92.56,92.99,23770.360654,2207128.00126059,2207128.00126059,1
2026-08-22 19:30:00+08:00,2026-08-22 20:00:00+08:00,1787398200000,SOL-USDT,30m,92.99,93.52,92.9,93.3,9636.217759,898833.72305549,898833.72305549,1
2026-08-22 20:00:00+08:00,2026-08-22 20:30:00+08:00,1787400000000,SOL-USDT,30m,93.3,94.35,93.14,94.2,39011.073299,3664374.17690305,3664374.17690305,1
2026-08-22 20:30:00+08:00,2026-08-22 21:00:00+08:00,1787401800000,SOL-USDT,30m,94.22,94.3,93.81,93.81,36960.792698,3476007.87324709,3476007.87324709,1
2026-08-22 21:00:00+08:00,2026-08-22 21:30:00+08:00,1787403600000,SOL-USDT,30m,93.84,94.18,93.53,93.85,16941.118837,1589159.80449761,1589159.80449761,1
2026-08-22 21:30:00+08:00,2026-08-22 22:00:00+08:00,1787405400000,SOL-USDT,30m,93.85,94.22,93.57,94.11,20105.954239,1887482.54346481,1887482.54346481,1
2026-08-22 22:00:00+08:00,2026-08-22 22:30:00+08:00,1787407200000,SOL-USDT,30m,94.12,94.27,93.43,93.85,19592.981532,1837422.9723606,1837422.9723606,1
2026-08-22 22:30:00+08:00,2026-08-22 23:00:00+08:00,1787409000000,SOL-USDT,30m,93.85,94.04,92.89,93.26,21090.984895,1969350.81267473,1969350.81267473,1
2026-08-22 23:00:00+08:00,2026-08-22 23:30:00+08:00,1787410800000,SOL-USDT,30m,93.25,93.5,92.82,93.26,16249.887536,1513417.68428415,1513417.68428415,1
2026-08-22 23:30:00+08:00,2026-08-23 00:00:00+08:00,1787412600000,SOL-USDT,30m,93.26,93.58,92.99,93.06,11171.825438,1041754.8168899,1041754.8168899,1
2026-08-23 00:00:00+08:00,2026-08-23 00:30:00+08:00,1787414400000,SOL-USDT,30m,93.07,94.18,93.07,93.89,26042.739842,2442304.03868798,2442304.03868798,1
2026-08-23 00:30:00+08:00,2026-08-23 01:00:00+08:00,1787416200000,SOL-USDT,30m,93.88,94.64,93.88,94.29,24308.625353,2294688.49595357,2294688.49595357,1
2026-08-23 01:00:00+08:00,2026-08-23 01:30:00+08:00,1787418000000,SOL-USDT,30m,94.3,94.55,93.76,93.82,28340.139232,2673648.39556414,2673648.39556414,1
2026-08-23 01:30:00+08:00,2026-08-23 02:00:00+08:00,1787419800000,SOL-USDT,30m,93.85,94.54,93.85,94.26,8143.879884,767193.38891668,767193.38891668,1
2026-08-23 02:00:00+08:00,2026-08-23 02:30:00+08:00,1787421600000,SOL-USDT,30m,94.27,94.53,94.05,94.36,20084.920476,1893705.62204228,1893705.62204228,1
2026-08-23 02:30:00+08:00,2026-08-23 03:00:00+08:00,1787423400000,SOL-USDT,30m,94.38,94.5,94.03,94.46,18117.788621,1708406.12121607,1708406.12121607,1
2026-08-23 03:00:00+08:00,2026-08-23 03:30:00+08:00,1787425200000,SOL-USDT,30m,94.46,94.69,94.27,94.43,24418.538657,2306924.86433675,2306924.86433675,1
