timestamp_beijing,close_time_beijing,timestamp_ms,inst_id,bar,open,high,low,close,volume,volume_ccy,volume_quote,confirm
2026-08-02 12:30:00+08:00,2026-08-02 12:45:00+08:00,1785645000000,SOL-USDT,15m,73.37,73.41,73.3,73.3,3347.813739,245631.82414417,245631.82414417,1
2026-08-02 12:45:00+08:00,2026-08-02 13:00:00+08:00,1785645900000,SOL-USDT,15m,73.3,73.55,73.3,73.53,4860.613035,357049.43774744,357049.43774744,1
2026-08-02 13:00:00+08:00,2026-08-02 13:15:00+08:00,1785646800000,SOL-USDT,15m,73.52,73.66,73.47,73.5,6283.714023,462172.7917846,462172.7917846,1
2026-08-02 13:15:00+08:00,2026-08-02 13:30:00+08:00,1785647700000,SOL-USDT,15m,73.51,73.67,73.47,73.54,2504.499479,184302.43609527,184302.43609527,1
2026-08-02 13:30:00+08:00,2026-08-02 13:45:00+08:00,1785648600000,SOL-USDT,15m,73.55,73.58,73.47,73.53,4509.185855,331487.61394864,331487.61394864,1
2026-08-02 13:45:00+08:00,2026-08-02 14:00:00+08:00,1785649500000,SOL-USDT,15m,73.52,73.63,73.5,73.59,814.391952,59916.39149145,59916.39149145,1
2026-08-02 14:00:00+08:00,2026-08-02 14:15:00+08:00,1785650400000,SOL-USDT,15m,73.6,73.65,73.5,73.51,1689.357414,124295.02653929,124295.02653929,1
2026-08-02 14:15:00+08:00,2026-08-02 14:30:00+08:00,1785651300000,SOL-USDT,15m,73.51,73.59,73.5,73.57,1833.981022,134843.80067925,134843.80067925,1
2026-08-02 14:30:00+08:00,2026-08-02 14:45:00+08:00,1785652200000,SOL-USDT,15m,73.55,73.59,73.5,73.54,6844.044836,503317.7587468,503317.7587468,1
2026-08-02 14:45:00+08:00,2026-08-02 15:00:00+08:00,1785653100000,SOL-USDT,15m,73.55,73.55,73.43,73.45,1905.67896,139998.47423696,139998.47423696,1
2026-08-02 15:00:00+08:00,2026-08-02 15:15:00+08:00,1785654000000,SOL-USDT,15m,73.44,73.46,73.4,73.44,3638.431765,267128.99990107,267128.99990107,1
2026-08-02 15:15:00+08:00,2026-08-02 15:30:00+08:00,1785654900000,SOL-USDT,15m,73.43,73.51,73.41,73.49,2608.823102,191658.91749985,191658.91749985,1
2026-08-02 15:30:00+08:00,2026-08-02 15:45:00+08:00,1785655800000,SOL-USDT,15m,73.49,73.49,73.44,73.48,2614.56874,192086.55407194,192086.55407194,1
2026-08-02 15:45:00+08:00,2026-08-02 16:00:00+08:00,1785656700000,SOL-USDT,15m,73.48,73.5,73.44,73.48,5079.48029,373164.79639021,373164.79639021,1
2026-08-02 16:00:00+08:00,2026-08-02 16:15:00+08:00,1785657600000,SOL-USDT,15m,73.48,73.55,73.4,73.43,7023.478277,516111.38021426,516111.38021426,1
2026-08-02 16:15:00+08:00,2026-08-02 16:30:00+08:00,1785658500000,SOL-USDT,15m,73.44,73.46,73.33,73.35,2562.73195,188124.1494454,188124.1494454,1
2026-08-02 16:30:00+08:00,2026-08-02 16:45:00+08:00,1785659400000,SOL-USDT,15m,73.36,73.41,73.19,73.27,9667.099772,708768.28110194,708768.28110194,1
2026-08-02 16:45:00+08:00,2026-08-02 17:00:00+08:00,1785660300000,SOL-USDT,15m,73.28,73.32,73.17,73.2,3223.269763,236141.81862537,236141.81862537,1
2026-08-02 17:00:00+08:00,2026-08-02 17:15:00+08:00,1785661200000,SOL-USDT,15m,73.2,73.34,72.97,73.34,9956.427521,727987.99767354,727987.99767354,1
2026-08-02 17:15:00+08:00,2026-08-02 17:30:00+08:00,1785662100000,SOL-USDT,15m,73.34,73.38,73.28,73.31,2653.174295,194564.77508873,194564.77508873,1
2026-08-02 17:30:00+08:00,2026-08-02 17:45:00+08:00,1785663000000,SOL-USDT,15m,73.31,73.4,73.3,73.32,1771.874377,129932.25092603,129932.25092603,1
2026-08-02 17:45:00+08:00,2026-08-02 18:00:00+08:00,1785663900000,SOL-USDT,15m,73.32,73.44,73.31,73.39,3279.881147,240756.74109938,240756.74109938,1
2026-08-02 18:00:00+08:00,2026-08-02 18:15:00+08:00,1785664800000,SOL-USDT,15m,73.39,73.39,73.24,73.25,2544.998305,186560.52331247,186560.52331247,1
2026-08-02 18:15:00+08:00,2026-08-02 18:30:00+08:00,1785665700000,SOL-USDT,15m,73.25,73.39,73.16,73.21,11042.139451,809056.71939461,809056.71939461,1
2026-08-02 18:30:00+08:00,2026-08-02 18:45:00+08:00,1785666600000,SOL-USDT,15m,73.21,73.3,73.2,73.28,1675.909027,122778.55988825,122778.55988825,1
2026-08-02 18:45:00+08:00,2026-08-02 19:00:00+08:00,1785667500000,SOL-USDT,15m,73.28,73.32,73.25,73.28,996.610201,73035.1171617,73035.1171617,1
2026-08-02 19:00:00+08:00,2026-08-02 19:15:00+08:00,1785668400000,SOL-USDT,15m,73.28,73.31,73.21,73.25,1624.109623,118994.33874544,118994.33874544,1
2026-08-02 19:15:00+08:00,2026-08-02 19:30:00+08:00,1785669300000,SOL-USDT,15m,73.25,73.31,73.18,73.2,2188.13743,160282.70715735,160282.70715735,1
2026-08-02 19:30:00+08:00,2026-08-02 19:45:00+08:00,1785670200000,SOL-USDT,15m,73.2,73.23,73.05,73.09,2818.343509,206208.24279278,206208.24279278,1
2026-08-02 19:45:00+08:00,2026-08-02 20:00:00+08:00,1785671100000,SOL-USDT,15m,73.09,73.18,72.95,73,3855.862958,281630.64899886,281630.64899886,1
2026-08-02 20:00:00+08:00,2026-08-02 20:15:00+08:00,1785672000000,SOL-USDT,15m,73.01,73.21,73,73.2,3671.728409,268372.39379423,268372.39379423,1
2026-08-02 20:15:00+08:00,2026-08-02 20:30:00+08:00,1785672900000,SOL-USDT,15m,73.2,73.24,73.14,73.15,2654.543375,194263.26273844,194263.26273844,1
2026-08-02 20:30:00+08:00,2026-08-02 20:45:00+08:00,1785673800000,SOL-USDT,15m,73.15,73.19,73.01,73.06,2064.167827,150840.46914794,150840.46914794,1
2026-08-02 20:45:00+08:00,2026-08-02 21:00:00+08:00,1785674700000,SOL-USDT,15m,73.07,73.09,72.9,72.91,4007.664076,292551.60234024,292551.60234024,1
2026-08-02 21:00:00+08:00,2026-08-02 21:15:00+08:00,1785675600000,SOL-USDT,15m,72.91,73,72.88,72.99,2059.957297,150237.49691081,150237.49691081,1
2026-08-02 21:15:00+08:00,2026-08-02 21:30:00+08:00,1785676500000,SOL-USDT,15m,72.98,73.01,72.91,72.92,1596.006696,116453.65864233,116453.65864233,1
2026-08-02 21:30:00+08:00,2026-08-02 21:45:00+08:00,1785677400000,SOL-USDT,15m,72.91,72.96,72.71,72.87,6095.659635,443748.91794075,443748.91794075,1
2026-08-02 21:45:00+08:00,2026-08-02 22:00:00+08:00,1785678300000,SOL-USDT,15m,72.87,73.03,72.87,72.97,2722.063681,198621.70683417,198621.70683417,1
2026-08-02 22:00:00+08:00,2026-08-02 22:15:00+08:00,1785679200000,SOL-USDT,15m,72.98,73.09,72.93,73.09,2259.624867,164932.51342285,164932.51342285,1
2026-08-02 22:15:00+08:00,2026-08-02 22:30:00+08:00,1785680100000,SOL-USDT,15m,73.09,73.17,73.08,73.16,1038.524842,75942.0330381,75942.0330381,1
2026-08-02 22:30:00+08:00,2026-08-02 22:45:00+08:00,1785681000000,SOL-USDT,15m,73.16,73.24,73.11,73.23,1902.721828,139271.83189943,139271.83189943,1
2026-08-02 22:45:00+08:00,2026-08-02 23:00:00+08:00,1785681900000,SOL-USDT,15m,73.24,73.24,73.08,73.11,1013.403822,74132.24654159,74132.24654159,1
2026-08-02 23:00:00+08:00,2026-08-02 23:15:00+08:00,1785682800000,SOL-USDT,15m,73.11,73.22,73.07,73.22,1215.62271,88906.59515785,88906.59515785,1
2026-08-02 23:15:00+08:00,2026-08-02 23:30:00+08:00,1785683700000,SOL-USDT,15m,73.21,73.22,73.11,73.11,852.444,62365.3961753,62365.3961753,1
2026-08-02 23:30:00+08:00,2026-08-02 23:45:00+08:00,1785684600000,SOL-USDT,15m,73.11,73.2,73.06,73.09,3266.21541,238813.01813495,238813.01813495,1
2026-08-02 23:45:00+08:00,2026-08-03 00:00:00+08:00,1785685500000,SOL-USDT,15m,73.09,73.11,73.01,73.03,782.846363,57189.83808147,57189.83808147,1
2026-08-03 00:00:00+08:00,2026-08-03 00:15:00+08:00,1785686400000,SOL-USDT,15m,73.04,73.05,72.93,72.95,1752.313425,127877.20774674,127877.20774674,1
2026-08-03 00:15:00+08:00,2026-08-03 00:30:00+08:00,1785687300000,SOL-USDT,15m,72.96,73.07,72.94,73.06,3221.222295,235194.10866697,235194.10866697,1
2026-08-03 00:30:00+08:00,2026-08-03 00:45:00+08:00,1785688200000,SOL-USDT,15m,73.06,73.31,73.05,73.24,3609.150768,264188.2173395,264188.2173395,1
2026-08-03 00:45:00+08:00,2026-08-03 01:00:00+08:00,1785689100000,SOL-USDT,15m,73.25,73.27,73.15,73.16,1077.219254,78854.27882989,78854.27882989,1
2026-08-03 01:00:00+08:00,2026-08-03 01:15:00+08:00,1785690000000,SOL-USDT,15m,73.16,73.28,73.1,73.27,958.086916,70107.17820632,70107.17820632,1
2026-08-03 01:15:00+08:00,2026-08-03 01:30:00+08:00,1785690900000,SOL-USDT,15m,73.27,73.4,73.24,73.26,1311.779139,96156.66891289,96156.66891289,1
2026-08-03 01:30:00+08:00,2026-08-03 01:45:00+08:00,1785691800000,SOL-USDT,15m,73.26,73.38,73.25,73.37,862.71476,63256.8673744,63256.8673744,1
2026-08-03 01:45:00+08:00,2026-08-03 02:00:00+08:00,1785692700000,SOL-USDT,15m,73.39,73.4,73.3,73.32,2762.455986,202650.06209424,202650.06209424,1
2026-08-03 02:00:00+08:00,2026-08-03 02:15:00+08:00,1785693600000,SOL-USDT,15m,73.32,73.4,73.25,73.33,1851.320831,135754.6602348,135754.6602348,1
2026-08-03 02:15:00+08:00,2026-08-03 02:30:00+08:00,1785694500000,SOL-USDT,15m,73.32,73.41,73.29,73.39,986.804082,72395.83517765,72395.83517765,1
2026-08-03 02:30:00+08:00,2026-08-03 02:45:00+08:00,1785695400000,SOL-USDT,15m,73.39,73.87,73.38,73.71,9479.662601,698218.44187467,698218.44187467,1
2026-08-03 02:45:00+08:00,2026-08-03 03:00:00+08:00,1785696300000,SOL-USDT,15m,73.72,73.75,73.56,73.57,2517.793079,185433.20983058,185433.20983058,1
2026-08-03 03:00:00+08:00,2026-08-03 03:15:00+08:00,1785697200000,SOL-USDT,15m,73.58,73.68,73.53,73.57,2917.269524,214749.62859815,214749.62859815,1
2026-08-03 03:15:00+08:00,2026-08-03 03:30:00+08:00,1785698100000,SOL-USDT,15m,73.57,73.67,73.55,73.63,1862.73137,137115.08805729,137115.08805729,1
2026-08-03 03:30:00+08:00,2026-08-03 03:45:00+08:00,1785699000000,SOL-USDT,15m,73.64,73.71,73.6,73.68,998.002313,73514.61073656,73514.61073656,1
2026-08-03 03:45:00+08:00,2026-08-03 04:00:00+08:00,1785699900000,SOL-USDT,15m,73.68,73.79,73.67,73.73,1410.677846,104012.94777534,104012.94777534,1
2026-08-03 04:00:00+08:00,2026-08-03 04:15:00+08:00,1785700800000,SOL-USDT,15m,73.73,73.75,73.58,73.68,2043.098663,150498.53466489,150498.53466489,1
2026-08-03 04:15:00+08:00,2026-08-03 04:30:00+08:00,1785701700000,SOL-USDT,15m,73.67,73.69,73.57,73.6,763.893821,56244.10918213,56244.10918213,1
2026-08-03 04:30:00+08:00,2026-08-03 04:45:00+08:00,1785702600000,SOL-USDT,15m,73.6,73.65,73.59,73.64,454.157085,33437.28295326,33437.28295326,1
2026-08-03 04:45:00+08:00,2026-08-03 05:00:00+08:00,1785703500000,SOL-USDT,15m,73.64,73.74,73.61,73.69,1778.192431,131039.47853074,131039.47853074,1
2026-08-03 05:00:00+08:00,2026-08-03 05:15:00+08:00,1785704400000,SOL-USDT,15m,73.7,73.82,73.68,73.72,6957.093114,513183.69616971,513183.69616971,1
2026-08-03 05:15:00+08:00,2026-08-03 05:30:00+08:00,1785705300000,SOL-USDT,15m,73.73,73.81,73.69,73.8,2598.759581,191664.76792669,191664.76792669,1
2026-08-03 05:30:00+08:00,2026-08-03 05:45:00+08:00,1785706200000,SOL-USDT,15m,73.8,74.1,73.75,74.02,8039.792779,594580.0549892,594580.0549892,1
2026-08-03 05:45:00+08:00,2026-08-03 06:00:00+08:00,1785707100000,SOL-USDT,15m,74.04,74.35,73.92,74,6273.134715,465030.59601555,465030.59601555,1
2026-08-03 06:00:00+08:00,2026-08-03 06:15:00+08:00,1785708000000,SOL-USDT,15m,74,74.22,74,74.08,3925.70211,290989.3847586,290989.3847586,1
2026-08-03 06:15:00+08:00,2026-08-03 06:30:00+08:00,1785708900000,SOL-USDT,15m,74.07,74.2,73.91,73.97,2713.398936,200972.68684322,200972.68684322,1
2026-08-03 06:30:00+08:00,2026-08-03 06:45:00+08:00,1785709800000,SOL-USDT,15m,73.96,73.97,73.69,73.84,5819.959097,429477.25623052,429477.25623052,1
2026-08-03 06:45:00+08:00,2026-08-03 07:00:00+08:00,1785710700000,SOL-USDT,15m,73.84,73.88,73.65,73.66,2732.922358,201486.45932126,201486.45932126,1
2026-08-03 07:00:00+08:00,2026-08-03 07:15:00+08:00,1785711600000,SOL-USDT,15m,73.65,73.67,73.51,73.55,2219.254527,163287.17460827,163287.17460827,1
2026-08-03 07:15:00+08:00,2026-08-03 07:30:00+08:00,1785712500000,SOL-USDT,15m,73.54,73.65,73.49,73.59,1933.778527,142282.17948207,142282.17948207,1
2026-08-03 07:30:00+08:00,2026-08-03 07:45:00+08:00,1785713400000,SOL-USDT,15m,73.58,73.64,73.52,73.56,1634.278765,120271.00247925,120271.00247925,1
2026-08-03 07:45:00+08:00,2026-08-03 08:00:00+08:00,1785714300000,SOL-USDT,15m,73.56,73.65,73.47,73.64,2085.555828,153420.52866293,153420.52866293,1
2026-08-03 08:00:00+08:00,2026-08-03 08:15:00+08:00,1785715200000,SOL-USDT,15m,73.64,73.67,73.42,73.47,3596.770348,264473.96991716,264473.96991716,1
2026-08-03 08:15:00+08:00,2026-08-03 08:30:00+08:00,1785716100000,SOL-USDT,15m,73.47,73.51,73.26,73.29,2721.138381,199708.3568272,199708.3568272,1
2026-08-03 08:30:00+08:00,2026-08-03 08:45:00+08:00,1785717000000,SOL-USDT,15m,73.29,73.39,73.2,73.24,1435.785825,105245.95606289,105245.95606289,1
2026-08-03 08:45:00+08:00,2026-08-03 09:00:00+08:00,1785717900000,SOL-USDT,15m,73.25,73.27,73.18,73.24,1336.139029,97847.66627885,97847.66627885,1
2026-08-03 09:00:00+08:00,2026-08-03 09:15:00+08:00,1785718800000,SOL-USDT,15m,73.24,73.26,73.02,73.12,2751.595484,201290.39886576,201290.39886576,1
2026-08-03 09:15:00+08:00,2026-08-03 09:30:00+08:00,1785719700000,SOL-USDT,15m,73.12,73.17,73,73.05,2715.702272,198436.5951715,198436.5951715,1
2026-08-03 09:30:00+08:00,2026-08-03 09:45:00+08:00,1785720600000,SOL-USDT,15m,73.05,73.11,72.96,73.04,3990.097039,291392.355131,291392.355131,1
2026-08-03 09:45:00+08:00,2026-08-03 10:00:00+08:00,1785721500000,SOL-USDT,15m,73.04,73.05,72.95,73,938.938482,68542.14956349,68542.14956349,1
2026-08-03 10:00:00+08:00,2026-08-03 10:15:00+08:00,1785722400000,SOL-USDT,15m,73,73.07,72.92,73.01,1406.767549,102677.36615048,102677.36615048,1
2026-08-03 10:15:00+08:00,2026-08-03 10:30:00+08:00,1785723300000,SOL-USDT,15m,73,73.15,72.96,72.99,2781.896229,203322.94207654,203322.94207654,1
2026-08-03 10:30:00+08:00,2026-08-03 10:45:00+08:00,1785724200000,SOL-USDT,15m,73,73.27,72.96,73.09,13773.178955,1007490.13488478,1007490.13488478,1
2026-08-03 10:45:00+08:00,2026-08-03 11:00:00+08:00,1785725100000,SOL-USDT,15m,73.09,73.14,72.99,73.05,3576.2971,261231.08125978,261231.08125978,1
2026-08-03 11:00:00+08:00,2026-08-03 11:15:00+08:00,1785726000000,SOL-USDT,15m,73.04,73.13,73.01,73.04,982.345236,71764.93306993,71764.93306993,1
2026-08-03 11:15:00+08:00,2026-08-03 11:30:00+08:00,1785726900000,SOL-USDT,15m,73.03,73.1,72.98,73.05,2237.030775,163334.88064172,163334.88064172,1
2026-08-03 11:30:00+08:00,2026-08-03 11:45:00+08:00,1785727800000,SOL-USDT,15m,73.05,73.05,72.96,72.99,946.818856,69113.27013809,69113.27013809,1
2026-08-03 11:45:00+08:00,2026-08-03 12:00:00+08:00,1785728700000,SOL-USDT,15m,72.99,73.01,72.7,72.91,4878.167963,355403.91065738,355403.91065738,1
2026-08-03 12:00:00+08:00,2026-08-03 12:15:00+08:00,1785729600000,SOL-USDT,15m,72.91,73.01,72.85,72.94,2766.607453,201755.34141876,201755.34141876,1
2026-08-03 12:15:00+08:00,2026-08-03 12:30:00+08:00,1785730500000,SOL-USDT,15m,72.93,73.07,72.93,72.95,1220.212076,89090.22083118,89090.22083118,1
2026-08-03 12:30:00+08:00,2026-08-03 12:45:00+08:00,1785731400000,SOL-USDT,15m,72.95,73.08,72.95,73.06,1982.693658,144822.75072787,144822.75072787,1
2026-08-03 12:45:00+08:00,2026-08-03 13:00:00+08:00,1785732300000,SOL-USDT,15m,73.07,73.07,72.86,72.86,1176.061461,85765.25773354,85765.25773354,1
2026-08-03 13:00:00+08:00,2026-08-03 13:15:00+08:00,1785733200000,SOL-USDT,15m,72.86,73.07,72.84,73.03,2123.81268,154963.95416373,154963.95416373,1
2026-08-03 13:15:00+08:00,2026-08-03 13:30:00+08:00,1785734100000,SOL-USDT,15m,73.03,73.04,72.9,72.91,4333.48708,316256.31649088,316256.31649088,1
2026-08-03 13:30:00+08:00,2026-08-03 13:45:00+08:00,1785735000000,SOL-USDT,15m,72.91,72.94,72.84,72.85,1882.172233,137182.18212996,137182.18212996,1
2026-08-03 13:45:00+08:00,2026-08-03 14:00:00+08:00,1785735900000,SOL-USDT,15m,72.84,72.93,72.83,72.93,1429.851011,104213.17810168,104213.17810168,1
2026-08-03 14:00:00+08:00,2026-08-03 14:15:00+08:00,1785736800000,SOL-USDT,15m,72.93,72.99,72.91,72.94,1656.612412,120838.38877043,120838.38877043,1
2026-08-03 14:15:00+08:00,2026-08-03 14:30:00+08:00,1785737700000,SOL-USDT,15m,72.94,72.95,72.85,72.87,809.148397,58979.29996746,58979.29996746,1
2026-08-03 14:30:00+08:00,2026-08-03 14:45:00+08:00,1785738600000,SOL-USDT,15m,72.86,72.88,72.56,72.57,3254.034876,236543.63888547,236543.63888547,1
2026-08-03 14:45:00+08:00,2026-08-03 15:00:00+08:00,1785739500000,SOL-USDT,15m,72.56,72.7,72.53,72.61,3613.923979,262396.97987063,262396.97987063,1
2026-08-03 15:00:00+08:00,2026-08-03 15:15:00+08:00,1785740400000,SOL-USDT,15m,72.62,72.65,72.55,72.55,3589.888729,260606.31481525,260606.31481525,1
2026-08-03 15:15:00+08:00,2026-08-03 15:30:00+08:00,1785741300000,SOL-USDT,15m,72.54,72.63,72.44,72.62,5531.630605,401103.33529583,401103.33529583,1
2026-08-03 15:30:00+08:00,2026-08-03 15:45:00+08:00,1785742200000,SOL-USDT,15m,72.61,72.7,72.55,72.56,2873.414743,208666.14637654,208666.14637654,1
2026-08-03 15:45:00+08:00,2026-08-03 16:00:00+08:00,1785743100000,SOL-USDT,15m,72.57,72.6,72.5,72.54,2437.872889,176867.79924865,176867.79924865,1
2026-08-03 16:00:00+08:00,2026-08-03 16:15:00+08:00,1785744000000,SOL-USDT,15m,72.53,72.58,72.45,72.52,2621.90252,190064.32870461,190064.32870461,1
2026-08-03 16:15:00+08:00,2026-08-03 16:30:00+08:00,1785744900000,SOL-USDT,15m,72.53,72.53,72.02,72.08,15079.406826,1089131.05712013,1089131.05712013,1
2026-08-03 16:30:00+08:00,2026-08-03 16:45:00+08:00,1785745800000,SOL-USDT,15m,72.08,72.25,72,72.24,6105.671594,440339.47928387,440339.47928387,1
2026-08-03 16:45:00+08:00,2026-08-03 17:00:00+08:00,1785746700000,SOL-USDT,15m,72.24,72.4,72.2,72.37,2352.382118,170071.36587277,170071.36587277,1
2026-08-03 17:00:00+08:00,2026-08-03 17:15:00+08:00,1785747600000,SOL-USDT,15m,72.38,72.4,72.34,72.37,3816.632601,276227.15767097,276227.15767097,1
2026-08-03 17:15:00+08:00,2026-08-03 17:30:00+08:00,1785748500000,SOL-USDT,15m,72.36,72.48,72.36,72.47,4837.008087,350410.79274943,350410.79274943,1
2026-08-03 17:30:00+08:00,2026-08-03 17:45:00+08:00,1785749400000,SOL-USDT,15m,72.46,72.57,72.46,72.56,3236.140843,234655.86882847,234655.86882847,1
2026-08-03 17:45:00+08:00,2026-08-03 18:00:00+08:00,1785750300000,SOL-USDT,15m,72.56,72.8,72.55,72.75,4545.947351,330404.20844994,330404.20844994,1
2026-08-03 18:00:00+08:00,2026-08-03 18:15:00+08:00,1785751200000,SOL-USDT,15m,72.74,72.81,72.67,72.68,2243.961244,163150.35517793,163150.35517793,1
2026-08-03 18:15:00+08:00,2026-08-03 18:30:00+08:00,1785752100000,SOL-USDT,15m,72.68,72.75,72.61,72.61,3434.506917,249639.72958779,249639.72958779,1
2026-08-03 18:30:00+08:00,2026-08-03 18:45:00+08:00,1785753000000,SOL-USDT,15m,72.62,72.67,72.57,72.67,1765.816634,128224.47332543,128224.47332543,1
2026-08-03 18:45:00+08:00,2026-08-03 19:00:00+08:00,1785753900000,SOL-USDT,15m,72.67,72.68,72.52,72.63,2157.556486,156639.98154827,156639.98154827,1
2026-08-03 19:00:00+08:00,2026-08-03 19:15:00+08:00,1785754800000,SOL-USDT,15m,72.63,72.63,72.4,72.46,2590.880456,187789.39165854,187789.39165854,1
2026-08-03 19:15:00+08:00,2026-08-03 19:30:00+08:00,1785755700000,SOL-USDT,15m,72.45,72.62,72.44,72.49,3153.344439,228736.91354583,228736.91354583,1
2026-08-03 19:30:00+08:00,2026-08-03 19:45:00+08:00,1785756600000,SOL-USDT,15m,72.49,72.66,72.48,72.57,1114.889548,80920.22862348,80920.22862348,1
2026-08-03 19:45:00+08:00,2026-08-03 20:00:00+08:00,1785757500000,SOL-USDT,15m,72.57,72.58,72.42,72.46,1538.143759,111488.12949797,111488.12949797,1
2026-08-03 20:00:00+08:00,2026-08-03 20:15:00+08:00,1785758400000,SOL-USDT,15m,72.46,72.52,72.34,72.51,3644.349568,263965.35932295,263965.35932295,1
2026-08-03 20:15:00+08:00,2026-08-03 20:30:00+08:00,1785759300000,SOL-USDT,15m,72.5,72.57,72.45,72.48,1918.725179,139121.25182666,139121.25182666,1
2026-08-03 20:30:00+08:00,2026-08-03 20:45:00+08:00,1785760200000,SOL-USDT,15m,72.48,72.51,72.43,72.51,2836.507971,205530.35671956,205530.35671956,1
2026-08-03 20:45:00+08:00,2026-08-03 21:00:00+08:00,1785761100000,SOL-USDT,15m,72.52,72.54,72.42,72.43,1529.00065,110810.11427602,110810.11427602,1
2026-08-03 21:00:00+08:00,2026-08-03 21:15:00+08:00,1785762000000,SOL-USDT,15m,72.43,72.49,72.4,72.46,6091.590234,441313.31115867,441313.31115867,1
2026-08-03 21:15:00+08:00,2026-08-03 21:30:00+08:00,1785762900000,SOL-USDT,15m,72.46,72.77,72.45,72.5,3254.993341,236512.20396371,236512.20396371,1
2026-08-03 21:30:00+08:00,2026-08-03 21:45:00+08:00,1785763800000,SOL-USDT,15m,72.51,72.89,72.33,72.8,7234.773276,525882.61223428,525882.61223428,1
2026-08-03 21:45:00+08:00,2026-08-03 22:00:00+08:00,1785764700000,SOL-USDT,15m,72.8,73.29,72.67,73.28,13122.999178,958237.60701231,958237.60701231,1
2026-08-03 22:00:00+08:00,2026-08-03 22:15:00+08:00,1785765600000,SOL-USDT,15m,73.27,73.36,73.07,73.16,7431.455851,544056.79280481,544056.79280481,1
2026-08-03 22:15:00+08:00,2026-08-03 22:30:00+08:00,1785766500000,SOL-USDT,15m,73.17,73.69,73.03,73.65,11175.4422,819644.747799,819644.747799,1
2026-08-03 22:30:00+08:00,2026-08-03 22:45:00+08:00,1785767400000,SOL-USDT,15m,73.66,73.73,73.49,73.6,8987.313291,661580.85655871,661580.85655871,1
2026-08-03 22:45:00+08:00,2026-08-03 23:00:00+08:00,1785768300000,SOL-USDT,15m,73.61,73.81,73.45,73.79,11975.811481,881905.81267024,881905.81267024,1
2026-08-03 23:00:00+08:00,2026-08-03 23:15:00+08:00,1785769200000,SOL-USDT,15m,73.79,73.83,73.47,73.57,9728.234318,716248.78643083,716248.78643083,1
2026-08-03 23:15:00+08:00,2026-08-03 23:30:00+08:00,1785770100000,SOL-USDT,15m,73.57,73.72,73.55,73.62,7454.154115,548830.43911498,548830.43911498,1
2026-08-03 23:30:00+08:00,2026-08-03 23:45:00+08:00,1785771000000,SOL-USDT,15m,73.62,73.74,73.53,73.61,3942.135483,290207.17946244,290207.17946244,1
2026-08-03 23:45:00+08:00,2026-08-04 00:00:00+08:00,1785771900000,SOL-USDT,15m,73.61,73.71,73.47,73.62,5499.564309,404732.90928512,404732.90928512,1
2026-08-04 00:00:00+08:00,2026-08-04 00:15:00+08:00,1785772800000,SOL-USDT,15m,73.62,73.82,73.48,73.6,7073.176981,520770.48747164,520770.48747164,1
2026-08-04 00:15:00+08:00,2026-08-04 00:30:00+08:00,1785773700000,SOL-USDT,15m,73.6,73.73,73.55,73.57,5400.540368,397640.45899061,397640.45899061,1
2026-08-04 00:30:00+08:00,2026-08-04 00:45:00+08:00,1785774600000,SOL-USDT,15m,73.57,73.58,73.23,73.32,6133.814507,450254.8239166,450254.8239166,1
2026-08-04 00:45:00+08:00,2026-08-04 01:00:00+08:00,1785775500000,SOL-USDT,15m,73.33,73.53,73.32,73.43,3291.204502,241639.84846454,241639.84846454,1
2026-08-04 01:00:00+08:00,2026-08-04 01:15:00+08:00,1785776400000,SOL-USDT,15m,73.43,73.67,73.32,73.62,3999.33229,293964.57151875,293964.57151875,1
2026-08-04 01:15:00+08:00,2026-08-04 01:30:00+08:00,1785777300000,SOL-USDT,15m,73.62,73.86,73.53,73.64,8476.548548,624648.61639457,624648.61639457,1
2026-08-04 01:30:00+08:00,2026-08-04 01:45:00+08:00,1785778200000,SOL-USDT,15m,73.63,73.8,73.58,73.73,2762.603934,203552.48671052,203552.48671052,1
2026-08-04 01:45:00+08:00,2026-08-04 02:00:00+08:00,1785779100000,SOL-USDT,15m,73.73,73.8,73.62,73.7,4237.787375,312224.99115946,312224.99115946,1
2026-08-04 02:00:00+08:00,2026-08-04 02:15:00+08:00,1785780000000,SOL-USDT,15m,73.7,74.12,73.7,74.09,23501.993723,1737779.51125846,1737779.51125846,1
2026-08-04 02:15:00+08:00,2026-08-04 02:30:00+08:00,1785780900000,SOL-USDT,15m,74.1,74.3,73.97,73.98,8035.1436,595942.05482708,595942.05482708,1
2026-08-04 02:30:00+08:00,2026-08-04 02:45:00+08:00,1785781800000,SOL-USDT,15m,74,74.1,73.94,73.98,2770.788279,205039.99160874,205039.99160874,1
2026-08-04 02:45:00+08:00,2026-08-04 03:00:00+08:00,1785782700000,SOL-USDT,15m,73.98,74.09,73.89,73.99,4362.734026,322862.66792834,322862.66792834,1
2026-08-04 03:00:00+08:00,2026-08-04 03:15:00+08:00,1785783600000,SOL-USDT,15m,73.99,74.1,73.96,74.04,3998.870798,296006.78866716,296006.78866716,1
2026-08-04 03:15:00+08:00,2026-08-04 03:30:00+08:00,1785784500000,SOL-USDT,15m,74.04,74.16,74.02,74.1,2606.128263,193071.81274563,193071.81274563,1
2026-08-04 03:30:00+08:00,2026-08-04 03:45:00+08:00,1785785400000,SOL-USDT,15m,74.11,74.2,74,74.06,2163.762314,160342.01446491,160342.01446491,1
2026-08-04 03:45:00+08:00,2026-08-04 04:00:00+08:00,1785786300000,SOL-USDT,15m,74.07,74.14,74.01,74.04,3484.16872,258086.18105949,258086.18105949,1
2026-08-04 04:00:00+08:00,2026-08-04 04:15:00+08:00,1785787200000,SOL-USDT,15m,74.04,74.07,73.92,74.02,3800.635428,281282.16614307,281282.16614307,1
2026-08-04 04:15:00+08:00,2026-08-04 04:30:00+08:00,1785788100000,SOL-USDT,15m,74.02,74.15,74,74.02,2792.145648,206797.63206161,206797.63206161,1
2026-08-04 04:30:00+08:00,2026-08-04 04:45:00+08:00,1785789000000,SOL-USDT,15m,74.02,74.04,73.97,73.99,1403.891964,103902.17158176,103902.17158176,1
2026-08-04 04:45:00+08:00,2026-08-04 05:00:00+08:00,1785789900000,SOL-USDT,15m,74,74,73.78,73.86,5183.151174,383173.76818463,383173.76818463,1
2026-08-04 05:00:00+08:00,2026-08-04 05:15:00+08:00,1785790800000,SOL-USDT,15m,73.86,73.89,73.75,73.78,813.259023,60021.14006695,60021.14006695,1
2026-08-04 05:15:00+08:00,2026-08-04 05:30:00+08:00,1785791700000,SOL-USDT,15m,73.79,73.85,73.73,73.8,1687.016148,124462.33609991,124462.33609991,1
2026-08-04 05:30:00+08:00,2026-08-04 05:45:00+08:00,1785792600000,SOL-USDT,15m,73.79,73.83,73.77,73.8,1888.769209,139393.18423219,139393.18423219,1
2026-08-04 05:45:00+08:00,2026-08-04 06:00:00+08:00,1785793500000,SOL-USDT,15m,73.79,73.79,73.67,73.72,971.02503,71592.93422325,71592.93422325,1
2026-08-04 06:00:00+08:00,2026-08-04 06:15:00+08:00,1785794400000,SOL-USDT,15m,73.72,73.74,73.38,73.54,3600.564212,264687.08684009,264687.08684009,1
2026-08-04 06:15:00+08:00,2026-08-04 06:30:00+08:00,1785795300000,SOL-USDT,15m,73.56,73.72,73.54,73.57,1063.152016,78268.79085342,78268.79085342,1
2026-08-04 06:30:00+08:00,2026-08-04 06:45:00+08:00,1785796200000,SOL-USDT,15m,73.57,73.58,73.42,73.44,941.832647,69230.81318784,69230.81318784,1
2026-08-04 06:45:00+08:00,2026-08-04 07:00:00+08:00,1785797100000,SOL-USDT,15m,73.43,73.57,73.42,73.54,751.107725,55215.02977017,55215.02977017,1
2026-08-04 07:00:00+08:00,2026-08-04 07:15:00+08:00,1785798000000,SOL-USDT,15m,73.55,73.55,73.4,73.43,3240.419872,238017.4677193,238017.4677193,1
2026-08-04 07:15:00+08:00,2026-08-04 07:30:00+08:00,1785798900000,SOL-USDT,15m,73.43,73.52,73.42,73.52,786.389326,57778.08515254,57778.08515254,1
2026-08-04 07:30:00+08:00,2026-08-04 07:45:00+08:00,1785799800000,SOL-USDT,15m,73.52,73.52,73.41,73.5,1068.205917,78467.60492656,78467.60492656,1
2026-08-04 07:45:00+08:00,2026-08-04 08:00:00+08:00,1785800700000,SOL-USDT,15m,73.49,73.57,73.48,73.57,685.126381,50377.97094436,50377.97094436,1
2026-08-04 08:00:00+08:00,2026-08-04 08:15:00+08:00,1785801600000,SOL-USDT,15m,73.57,73.64,73.46,73.54,2453.498924,180413.70657591,180413.70657591,1
2026-08-04 08:15:00+08:00,2026-08-04 08:30:00+08:00,1785802500000,SOL-USDT,15m,73.54,73.59,73.43,73.48,2197.436003,161534.48957176,161534.48957176,1
2026-08-04 08:30:00+08:00,2026-08-04 08:45:00+08:00,1785803400000,SOL-USDT,15m,73.47,73.47,73.08,73.22,5512.940983,403770.67811167,403770.67811167,1
2026-08-04 08:45:00+08:00,2026-08-04 09:00:00+08:00,1785804300000,SOL-USDT,15m,73.23,73.26,73.05,73.08,2984.300222,218220.77184421,218220.77184421,1
2026-08-04 09:00:00+08:00,2026-08-04 09:15:00+08:00,1785805200000,SOL-USDT,15m,73.09,73.22,73.05,73.13,2069.827544,151352.29564752,151352.29564752,1
2026-08-04 09:15:00+08:00,2026-08-04 09:30:00+08:00,1785806100000,SOL-USDT,15m,73.13,73.27,73.09,73.21,1474.501513,107914.47446799,107914.47446799,1
2026-08-04 09:30:00+08:00,2026-08-04 09:45:00+08:00,1785807000000,SOL-USDT,15m,73.21,73.77,73.21,73.7,6139.99756,451939.69947795,451939.69947795,1
2026-08-04 09:45:00+08:00,2026-08-04 10:00:00+08:00,1785807900000,SOL-USDT,15m,73.71,73.79,73.61,73.79,5454.593878,402179.60789624,402179.60789624,1
2026-08-04 10:00:00+08:00,2026-08-04 10:15:00+08:00,1785808800000,SOL-USDT,15m,73.8,73.85,73.72,73.79,2301.311029,169839.72818522,169839.72818522,1
2026-08-04 10:15:00+08:00,2026-08-04 10:30:00+08:00,1785809700000,SOL-USDT,15m,73.78,73.84,73.69,73.76,1332.653375,98295.17019897,98295.17019897,1
2026-08-04 10:30:00+08:00,2026-08-04 10:45:00+08:00,1785810600000,SOL-USDT,15m,73.76,74.13,73.76,73.98,7836.624042,579750.12103747,579750.12103747,1
2026-08-04 10:45:00+08:00,2026-08-04 11:00:00+08:00,1785811500000,SOL-USDT,15m,73.98,74,73.86,73.88,1591.485759,117662.20877868,117662.20877868,1
2026-08-04 11:00:00+08:00,2026-08-04 11:15:00+08:00,1785812400000,SOL-USDT,15m,73.89,73.91,73.59,73.6,6799.21751,501232.7660331,501232.7660331,1
2026-08-04 11:15:00+08:00,2026-08-04 11:30:00+08:00,1785813300000,SOL-USDT,15m,73.61,73.61,73.44,73.56,9713.976713,714000.00247404,714000.00247404,1
2026-08-04 11:30:00+08:00,2026-08-04 11:45:00+08:00,1785814200000,SOL-USDT,15m,73.58,73.76,73.58,73.73,938.357483,69149.59756085,69149.59756085,1
2026-08-04 11:45:00+08:00,2026-08-04 12:00:00+08:00,1785815100000,SOL-USDT,15m,73.73,73.8,73.69,73.7,869.490109,64117.77525911,64117.77525911,1
2026-08-04 12:00:00+08:00,2026-08-04 12:15:00+08:00,1785816000000,SOL-USDT,15m,73.7,73.72,73.6,73.66,2250.614684,165779.07399572,165779.07399572,1
2026-08-04 12:15:00+08:00,2026-08-04 12:30:00+08:00,1785816900000,SOL-USDT,15m,73.66,73.82,73.65,73.71,1465.067249,108067.81498157,108067.81498157,1
2026-08-04 12:30:00+08:00,2026-08-04 12:45:00+08:00,1785817800000,SOL-USDT,15m,73.71,73.94,73.71,73.93,2330.07863,172078.10081364,172078.10081364,1
2026-08-04 12:45:00+08:00,2026-08-04 13:00:00+08:00,1785818700000,SOL-USDT,15m,73.93,74.1,73.83,73.84,15150.137942,1120089.77857957,1120089.77857957,1
2026-08-04 13:00:00+08:00,2026-08-04 13:15:00+08:00,1785819600000,SOL-USDT,15m,73.84,73.89,73.72,73.73,2813.928298,207715.22020458,207715.22020458,1
2026-08-04 13:15:00+08:00,2026-08-04 13:30:00+08:00,1785820500000,SOL-USDT,15m,73.72,73.82,73.71,73.74,1632.250284,120414.98135741,120414.98135741,1
2026-08-04 13:30:00+08:00,2026-08-04 13:45:00+08:00,1785821400000,SOL-USDT,15m,73.75,73.82,73.74,73.8,1668.373637,123095.7413439,123095.7413439,1
2026-08-04 13:45:00+08:00,2026-08-04 14:00:00+08:00,1785822300000,SOL-USDT,15m,73.79,73.8,73.74,73.74,951.324125,70173.36914925,70173.36914925,1
2026-08-04 14:00:00+08:00,2026-08-04 14:15:00+08:00,1785823200000,SOL-USDT,15m,73.75,73.84,73.69,73.81,2861.608792,211079.2897811,211079.2897811,1
2026-08-04 14:15:00+08:00,2026-08-04 14:30:00+08:00,1785824100000,SOL-USDT,15m,73.8,73.93,73.68,73.7,5660.967858,417989.65246872,417989.65246872,1
2026-08-04 14:30:00+08:00,2026-08-04 14:45:00+08:00,1785825000000,SOL-USDT,15m,73.69,73.72,73.42,73.44,6444.285768,474108.360292,474108.360292,1
2026-08-04 14:45:00+08:00,2026-08-04 15:00:00+08:00,1785825900000,SOL-USDT,15m,73.44,73.47,73.4,73.43,2586.140455,189903.30049847,189903.30049847,1
2026-08-04 15:00:00+08:00,2026-08-04 15:15:00+08:00,1785826800000,SOL-USDT,15m,73.44,73.52,73.37,73.39,7358.817316,540642.04636652,540642.04636652,1
2026-08-04 15:15:00+08:00,2026-08-04 15:30:00+08:00,1785827700000,SOL-USDT,15m,73.38,73.41,73.21,73.41,3925.234057,287804.42290391,287804.42290391,1
2026-08-04 15:30:00+08:00,2026-08-04 15:45:00+08:00,1785828600000,SOL-USDT,15m,73.41,73.66,73.4,73.56,4874.712072,358523.13416672,358523.13416672,1
2026-08-04 15:45:00+08:00,2026-08-04 16:00:00+08:00,1785829500000,SOL-USDT,15m,73.57,73.75,73.57,73.69,2464.105146,181605.7624248,181605.7624248,1
2026-08-04 16:00:00+08:00,2026-08-04 16:15:00+08:00,1785830400000,SOL-USDT,15m,73.7,73.77,73.56,73.56,3693.471701,272119.33479315,272119.33479315,1
2026-08-04 16:15:00+08:00,2026-08-04 16:30:00+08:00,1785831300000,SOL-USDT,15m,73.56,73.56,73.37,73.46,3119.295768,229133.30294042,229133.30294042,1
2026-08-04 16:30:00+08:00,2026-08-04 16:45:00+08:00,1785832200000,SOL-USDT,15m,73.44,73.46,73.3,73.46,2183.700125,160223.94074065,160223.94074065,1
2026-08-04 16:45:00+08:00,2026-08-04 17:00:00+08:00,1785833100000,SOL-USDT,15m,73.45,73.46,73.34,73.37,1637.533243,120167.47275006,120167.47275006,1
2026-08-04 17:00:00+08:00,2026-08-04 17:15:00+08:00,1785834000000,SOL-USDT,15m,73.37,73.37,73.25,73.25,1492.702431,109393.67048307,109393.67048307,1
2026-08-04 17:15:00+08:00,2026-08-04 17:30:00+08:00,1785834900000,SOL-USDT,15m,73.24,73.3,73.17,73.26,3359.507928,246078.53635313,246078.53635313,1
2026-08-04 17:30:00+08:00,2026-08-04 17:45:00+08:00,1785835800000,SOL-USDT,15m,73.25,73.32,73.2,73.28,1655.517398,121289.67037985,121289.67037985,1
2026-08-04 17:45:00+08:00,2026-08-04 18:00:00+08:00,1785836700000,SOL-USDT,15m,73.27,73.31,73.23,73.31,1374.360831,100682.18229837,100682.18229837,1
2026-08-04 18:00:00+08:00,2026-08-04 18:15:00+08:00,1785837600000,SOL-USDT,15m,73.31,73.33,73.18,73.21,1057.908559,77474.47264641,77474.47264641,1
2026-08-04 18:15:00+08:00,2026-08-04 18:30:00+08:00,1785838500000,SOL-USDT,15m,73.2,73.31,73.09,73.13,2287.053535,167336.51264153,167336.51264153,1
2026-08-04 18:30:00+08:00,2026-08-04 18:45:00+08:00,1785839400000,SOL-USDT,15m,73.13,73.38,73.11,73.38,2933.334984,214740.27460959,214740.27460959,1
2026-08-04 18:45:00+08:00,2026-08-04 19:00:00+08:00,1785840300000,SOL-USDT,15m,73.37,73.72,73.34,73.61,8612.085786,633434.49566957,633434.49566957,1
2026-08-04 19:00:00+08:00,2026-08-04 19:15:00+08:00,1785841200000,SOL-USDT,15m,73.62,73.68,73.55,73.6,2831.82858,208398.7289144,208398.7289144,1
2026-08-04 19:15:00+08:00,2026-08-04 19:30:00+08:00,1785842100000,SOL-USDT,15m,73.6,73.75,73.54,73.73,2684.290038,197657.20252363,197657.20252363,1
2026-08-04 19:30:00+08:00,2026-08-04 19:45:00+08:00,1785843000000,SOL-USDT,15m,73.73,73.86,73.68,73.83,1362.884977,100486.27948544,100486.27948544,1
2026-08-04 19:45:00+08:00,2026-08-04 20:00:00+08:00,1785843900000,SOL-USDT,15m,73.82,73.99,73.8,73.95,11708.970194,865026.95131445,865026.95131445,1
2026-08-04 20:00:00+08:00,2026-08-04 20:15:00+08:00,1785844800000,SOL-USDT,15m,73.95,73.96,73.8,73.8,2300.629623,169941.59848969,169941.59848969,1
2026-08-04 20:15:00+08:00,2026-08-04 20:30:00+08:00,1785845700000,SOL-USDT,15m,73.81,73.94,73.76,73.92,3407.529209,251635.61115063,251635.61115063,1
2026-08-04 20:30:00+08:00,2026-08-04 20:45:00+08:00,1785846600000,SOL-USDT,15m,73.93,74.09,73.86,73.98,6047.979055,447475.50662987,447475.50662987,1
2026-08-04 20:45:00+08:00,2026-08-04 21:00:00+08:00,1785847500000,SOL-USDT,15m,73.98,73.98,73.82,73.82,2172.953983,160526.43504445,160526.43504445,1
2026-08-04 21:00:00+08:00,2026-08-04 21:15:00+08:00,1785848400000,SOL-USDT,15m,73.83,73.9,73.72,73.85,3307.590664,244162.77805546,244162.77805546,1
2026-08-04 21:15:00+08:00,2026-08-04 21:30:00+08:00,1785849300000,SOL-USDT,15m,73.85,73.97,73.73,73.86,6035.469891,445757.58359605,445757.58359605,1
2026-08-04 21:30:00+08:00,2026-08-04 21:45:00+08:00,1785850200000,SOL-USDT,15m,73.86,74.06,73.78,73.95,8902.01992,658600.89359576,658600.89359576,1
2026-08-04 21:45:00+08:00,2026-08-04 22:00:00+08:00,1785851100000,SOL-USDT,15m,73.97,73.98,73.6,73.63,7098.566532,523696.73129573,523696.73129573,1
2026-08-04 22:00:00+08:00,2026-08-04 22:15:00+08:00,1785852000000,SOL-USDT,15m,73.65,73.85,73.45,73.63,11261.822872,829213.65297164,829213.65297164,1
2026-08-04 22:15:00+08:00,2026-08-04 22:30:00+08:00,1785852900000,SOL-USDT,15m,73.65,73.68,73.34,73.56,8615.073972,633038.700891,633038.700891,1
2026-08-04 22:30:00+08:00,2026-08-04 22:45:00+08:00,1785853800000,SOL-USDT,15m,73.56,73.92,73.53,73.87,8220.847293,605860.17015221,605860.17015221,1
2026-08-04 22:45:00+08:00,2026-08-04 23:00:00+08:00,1785854700000,SOL-USDT,15m,73.87,73.91,73.73,73.84,4030.65624,297507.77950124,297507.77950124,1
2026-08-04 23:00:00+08:00,2026-08-04 23:15:00+08:00,1785855600000,SOL-USDT,15m,73.84,74.02,73.73,73.86,4980.164847,367991.59230172,367991.59230172,1
2026-08-04 23:15:00+08:00,2026-08-04 23:30:00+08:00,1785856500000,SOL-USDT,15m,73.86,73.88,73.6,73.63,5581.168167,411831.78810149,411831.78810149,1
2026-08-04 23:30:00+08:00,2026-08-04 23:45:00+08:00,1785857400000,SOL-USDT,15m,73.62,73.93,73.42,73.92,6825.506871,502160.36185625,502160.36185625,1
2026-08-04 23:45:00+08:00,2026-08-05 00:00:00+08:00,1785858300000,SOL-USDT,15m,73.92,74.21,73.91,73.99,10520.57544,779228.90113108,779228.90113108,1
2026-08-05 00:00:00+08:00,2026-08-05 00:15:00+08:00,1785859200000,SOL-USDT,15m,74,74.02,73.8,73.89,7454.120511,550951.70451358,550951.70451358,1
2026-08-05 00:15:00+08:00,2026-08-05 00:30:00+08:00,1785860100000,SOL-USDT,15m,73.9,74.01,73.84,73.86,2909.783099,215125.38553509,215125.38553509,1
2026-08-05 00:30:00+08:00,2026-08-05 00:45:00+08:00,1785861000000,SOL-USDT,15m,73.86,73.92,73.66,73.74,1748.191668,129016.214009,129016.214009,1
2026-08-05 00:45:00+08:00,2026-08-05 01:00:00+08:00,1785861900000,SOL-USDT,15m,73.74,73.81,73.61,73.74,3612.387923,266200.73847956,266200.73847956,1
2026-08-05 01:00:00+08:00,2026-08-05 01:15:00+08:00,1785862800000,SOL-USDT,15m,73.75,74.24,73.72,74.05,5752.731806,425979.11293628,425979.11293628,1
2026-08-05 01:15:00+08:00,2026-08-05 01:30:00+08:00,1785863700000,SOL-USDT,15m,74.06,74.14,73.95,74.12,3710.598222,274686.08072119,274686.08072119,1
2026-08-05 01:30:00+08:00,2026-08-05 01:45:00+08:00,1785864600000,SOL-USDT,15m,74.12,74.14,74.03,74.07,1913.137914,141773.52631536,141773.52631536,1
2026-08-05 01:45:00+08:00,2026-08-05 02:00:00+08:00,1785865500000,SOL-USDT,15m,74.07,74.1,73.75,73.78,4426.293571,326974.99129326,326974.99129326,1
2026-08-05 02:00:00+08:00,2026-08-05 02:15:00+08:00,1785866400000,SOL-USDT,15m,73.78,74.14,73.78,74.13,2982.6256,220765.12030146,220765.12030146,1
2026-08-05 02:15:00+08:00,2026-08-05 02:30:00+08:00,1785867300000,SOL-USDT,15m,74.14,74.39,74.11,74.31,14646.311129,1088118.42903113,1088118.42903113,1
2026-08-05 02:30:00+08:00,2026-08-05 02:45:00+08:00,1785868200000,SOL-USDT,15m,74.32,74.34,74.06,74.17,5055.672013,375036.00884923,375036.00884923,1
2026-08-05 02:45:00+08:00,2026-08-05 03:00:00+08:00,1785869100000,SOL-USDT,15m,74.17,74.24,74.13,74.17,3098.401146,229815.97048274,229815.97048274,1
2026-08-05 03:00:00+08:00,2026-08-05 03:15:00+08:00,1785870000000,SOL-USDT,15m,74.17,74.37,74.12,74.36,4198.92471,311627.52121165,311627.52121165,1
2026-08-05 03:15:00+08:00,2026-08-05 03:30:00+08:00,1785870900000,SOL-USDT,15m,74.37,74.4,74.16,74.17,1408.728793,104623.35694262,104623.35694262,1
2026-08-05 03:30:00+08:00,2026-08-05 03:45:00+08:00,1785871800000,SOL-USDT,15m,74.18,74.37,74.17,74.27,4218.094032,313226.04310658,313226.04310658,1
2026-08-05 03:45:00+08:00,2026-08-05 04:00:00+08:00,1785872700000,SOL-USDT,15m,74.27,74.3,74.13,74.19,5445.065248,404173.42286542,404173.42286542,1
2026-08-05 04:00:00+08:00,2026-08-05 04:15:00+08:00,1785873600000,SOL-USDT,15m,74.21,74.24,74.08,74.24,6551.116607,485791.26193433,485791.26193433,1
2026-08-05 04:15:00+08:00,2026-08-05 04:30:00+08:00,1785874500000,SOL-USDT,15m,74.23,74.23,73.89,74.1,5810.999385,430370.32552028,430370.32552028,1
2026-08-05 04:30:00+08:00,2026-08-05 04:45:00+08:00,1785875400000,SOL-USDT,15m,74.1,74.47,74.08,74.42,5304.333805,394272.05980423,394272.05980423,1
2026-08-05 04:45:00+08:00,2026-08-05 05:00:00+08:00,1785876300000,SOL-USDT,15m,74.41,74.42,74.2,74.28,6688.565394,496937.05012067,496937.05012067,1
2026-08-05 05:00:00+08:00,2026-08-05 05:15:00+08:00,1785877200000,SOL-USDT,15m,74.28,74.29,74.04,74.05,13789.36768,1023605.93719105,1023605.93719105,1
2026-08-05 05:15:00+08:00,2026-08-05 05:30:00+08:00,1785878100000,SOL-USDT,15m,74.07,74.18,74.03,74.07,1096.634161,81277.9582028,81277.9582028,1
2026-08-05 05:30:00+08:00,2026-08-05 05:45:00+08:00,1785879000000,SOL-USDT,15m,74.07,74.16,74.05,74.09,1410.463194,104498.93225302,104498.93225302,1
2026-08-05 05:45:00+08:00,2026-08-05 06:00:00+08:00,1785879900000,SOL-USDT,15m,74.09,74.16,74.06,74.14,2050.280029,151942.22065857,151942.22065857,1
2026-08-05 06:00:00+08:00,2026-08-05 06:15:00+08:00,1785880800000,SOL-USDT,15m,74.15,74.17,73.98,74.14,1296.888368,96079.93144924,96079.93144924,1
2026-08-05 06:15:00+08:00,2026-08-05 06:30:00+08:00,1785881700000,SOL-USDT,15m,74.14,74.2,74.09,74.16,772.074109,57248.08921294,57248.08921294,1
2026-08-05 06:30:00+08:00,2026-08-05 06:45:00+08:00,1785882600000,SOL-USDT,15m,74.16,74.23,74.07,74.08,1564.757493,116058.55186925,116058.55186925,1
2026-08-05 06:45:00+08:00,2026-08-05 07:00:00+08:00,1785883500000,SOL-USDT,15m,74.08,74.11,74.01,74.1,457.005359,33846.16241682,33846.16241682,1
2026-08-05 07:00:00+08:00,2026-08-05 07:15:00+08:00,1785884400000,SOL-USDT,15m,74.11,74.27,73.97,74.23,3643.010267,270172.7617131,270172.7617131,1
2026-08-05 07:15:00+08:00,2026-08-05 07:30:00+08:00,1785885300000,SOL-USDT,15m,74.24,74.29,73.9,73.91,3409.288786,252431.97946892,252431.97946892,1
2026-08-05 07:30:00+08:00,2026-08-05 07:45:00+08:00,1785886200000,SOL-USDT,15m,73.91,73.95,73.79,73.88,4740.869521,350216.19367261,350216.19367261,1
2026-08-05 07:45:00+08:00,2026-08-05 08:00:00+08:00,1785887100000,SOL-USDT,15m,73.88,73.9,73.75,73.76,2772.929201,204639.11934431,204639.11934431,1
2026-08-05 08:00:00+08:00,2026-08-05 08:15:00+08:00,1785888000000,SOL-USDT,15m,73.75,73.81,73.63,73.66,3164.394495,233187.11890355,233187.11890355,1
2026-08-05 08:15:00+08:00,2026-08-05 08:30:00+08:00,1785888900000,SOL-USDT,15m,73.67,73.69,73.57,73.64,2979.552054,219396.35881348,219396.35881348,1
2026-08-05 08:30:00+08:00,2026-08-05 08:45:00+08:00,1785889800000,SOL-USDT,15m,73.65,73.8,73.52,73.58,3432.047097,252785.82242554,252785.82242554,1
2026-08-05 08:45:00+08:00,2026-08-05 09:00:00+08:00,1785890700000,SOL-USDT,15m,73.57,73.63,73.48,73.53,1477.43479,108635.8068009,108635.8068009,1
2026-08-05 09:00:00+08:00,2026-08-05 09:15:00+08:00,1785891600000,SOL-USDT,15m,73.52,73.61,73.4,73.57,2339.706899,171936.38973404,171936.38973404,1
2026-08-05 09:15:00+08:00,2026-08-05 09:30:00+08:00,1785892500000,SOL-USDT,15m,73.56,73.73,73.5,73.72,2569.094112,189069.52600795,189069.52600795,1
2026-08-05 09:30:00+08:00,2026-08-05 09:45:00+08:00,1785893400000,SOL-USDT,15m,73.73,74.09,73.72,73.91,3176.312397,234721.9787768,234721.9787768,1
2026-08-05 09:45:00+08:00,2026-08-05 10:00:00+08:00,1785894300000,SOL-USDT,15m,73.91,74.12,73.91,74.11,4837.86012,358117.12843693,358117.12843693,1
2026-08-05 10:00:00+08:00,2026-08-05 10:15:00+08:00,1785895200000,SOL-USDT,15m,74.12,74.38,74.08,74.23,9349.559171,694100.94487258,694100.94487258,1
2026-08-05 10:15:00+08:00,2026-08-05 10:30:00+08:00,1785896100000,SOL-USDT,15m,74.23,74.26,74.07,74.21,7033.998675,521691.48001911,521691.48001911,1
2026-08-05 10:30:00+08:00,2026-08-05 10:45:00+08:00,1785897000000,SOL-USDT,15m,74.21,74.39,74.19,74.38,4416.341105,328161.58917025,328161.58917025,1
2026-08-05 10:45:00+08:00,2026-08-05 11:00:00+08:00,1785897900000,SOL-USDT,15m,74.39,74.49,74.18,74.22,6219.702122,462423.14885662,462423.14885662,1
2026-08-05 11:00:00+08:00,2026-08-05 11:15:00+08:00,1785898800000,SOL-USDT,15m,74.21,74.3,74.07,74.08,4458.963506,330731.88241023,330731.88241023,1
2026-08-05 11:15:00+08:00,2026-08-05 11:30:00+08:00,1785899700000,SOL-USDT,15m,74.07,74.08,73.74,73.76,10298.4969,760789.91033993,760789.91033993,1
2026-08-05 11:30:00+08:00,2026-08-05 11:45:00+08:00,1785900600000,SOL-USDT,15m,73.75,73.85,73.72,73.82,1882.837996,138963.64135972,138963.64135972,1
2026-08-05 11:45:00+08:00,2026-08-05 12:00:00+08:00,1785901500000,SOL-USDT,15m,73.82,73.83,73.78,73.8,2455.694145,181246.93080495,181246.93080495,1
2026-08-05 12:00:00+08:00,2026-08-05 12:15:00+08:00,1785902400000,SOL-USDT,15m,73.8,73.82,73.69,73.71,1727.690466,127405.91516556,127405.91516556,1
2026-08-05 12:15:00+08:00,2026-08-05 12:30:00+08:00,1785903300000,SOL-USDT,15m,73.7,73.75,73.63,73.69,2400.176577,176838.9393778,176838.9393778,1
2026-08-05 12:30:00+08:00,2026-08-05 12:45:00+08:00,1785904200000,SOL-USDT,15m,73.69,73.87,73.69,73.78,997.546919,73598.2516928,73598.2516928,1
2026-08-05 12:45:00+08:00,2026-08-05 13:00:00+08:00,1785905100000,SOL-USDT,15m,73.78,73.85,73.75,73.81,2584.614991,190731.36592007,190731.36592007,1
2026-08-05 13:00:00+08:00,2026-08-05 13:15:00+08:00,1785906000000,SOL-USDT,15m,73.81,74.1,73.76,73.98,3725.793977,275447.38480692,275447.38480692,1
2026-08-05 13:15:00+08:00,2026-08-05 13:30:00+08:00,1785906900000,SOL-USDT,15m,73.97,74.29,73.94,74.18,14145.584464,1048006.64230849,1048006.64230849,1
2026-08-05 13:30:00+08:00,2026-08-05 13:45:00+08:00,1785907800000,SOL-USDT,15m,74.17,74.17,74.04,74.16,3488.417547,258522.18747611,258522.18747611,1
2026-08-05 13:45:00+08:00,2026-08-05 14:00:00+08:00,1785908700000,SOL-USDT,15m,74.17,74.21,74.1,74.15,2092.243946,155159.7154992,155159.7154992,1
2026-08-05 14:00:00+08:00,2026-08-05 14:15:00+08:00,1785909600000,SOL-USDT,15m,74.15,74.15,74.04,74.09,1238.685348,91781.07736465,91781.07736465,1
2026-08-05 14:15:00+08:00,2026-08-05 14:30:00+08:00,1785910500000,SOL-USDT,15m,74.08,74.15,74.06,74.14,1623.305042,120303.00155115,120303.00155115,1
2026-08-05 14:30:00+08:00,2026-08-05 14:45:00+08:00,1785911400000,SOL-USDT,15m,74.14,74.25,74.11,74.12,2494.035292,185025.41438805,185025.41438805,1
2026-08-05 14:45:00+08:00,2026-08-05 15:00:00+08:00,1785912300000,SOL-USDT,15m,74.12,74.14,73.98,74,2914.667607,215763.47367757,215763.47367757,1
2026-08-05 15:00:00+08:00,2026-08-05 15:15:00+08:00,1785913200000,SOL-USDT,15m,74,74.04,73.86,73.9,6118.216679,452491.39864802,452491.39864802,1
2026-08-05 15:15:00+08:00,2026-08-05 15:30:00+08:00,1785914100000,SOL-USDT,15m,73.89,73.9,73.69,73.73,3990.006683,294372.58105587,294372.58105587,1
2026-08-05 15:30:00+08:00,2026-08-05 15:45:00+08:00,1785915000000,SOL-USDT,15m,73.73,73.78,73.7,73.71,4367.288111,322107.04638579,322107.04638579,1
2026-08-05 15:45:00+08:00,2026-08-05 16:00:00+08:00,1785915900000,SOL-USDT,15m,73.71,73.99,73.7,73.99,4165.99894,307577.9361443,307577.9361443,1
2026-08-05 16:00:00+08:00,2026-08-05 16:15:00+08:00,1785916800000,SOL-USDT,15m,73.99,74.12,73.99,74.02,5718.14733,423370.80221182,423370.80221182,1
2026-08-05 16:15:00+08:00,2026-08-05 16:30:00+08:00,1785917700000,SOL-USDT,15m,74.02,74.16,73.96,74.15,1353.504655,100215.30158308,100215.30158308,1
2026-08-05 16:30:00+08:00,2026-08-05 16:45:00+08:00,1785918600000,SOL-USDT,15m,74.15,74.16,74.02,74.06,2217.797636,164346.6288085,164346.6288085,1
2026-08-05 16:45:00+08:00,2026-08-05 17:00:00+08:00,1785919500000,SOL-USDT,15m,74.07,74.14,74.02,74.08,2461.96333,182379.89337036,182379.89337036,1
2026-08-05 17:00:00+08:00,2026-08-05 17:15:00+08:00,1785920400000,SOL-USDT,15m,74.08,74.13,74.01,74.11,3069.888438,227388.9834457,227388.9834457,1
2026-08-05 17:15:00+08:00,2026-08-05 17:30:00+08:00,1785921300000,SOL-USDT,15m,74.1,74.2,74.09,74.16,3927.549867,291264.93202617,291264.93202617,1
2026-08-05 17:30:00+08:00,2026-08-05 17:45:00+08:00,1785922200000,SOL-USDT,15m,74.17,74.2,74.14,74.14,658.604731,48852.7487448,48852.7487448,1
2026-08-05 17:45:00+08:00,2026-08-05 18:00:00+08:00,1785923100000,SOL-USDT,15m,74.15,74.16,74.01,74.03,2223.085212,164732.83260224,164732.83260224,1
2026-08-05 18:00:00+08:00,2026-08-05 18:15:00+08:00,1785924000000,SOL-USDT,15m,74.03,74.08,73.93,74.02,1568.842737,116082.49802561,116082.49802561,1
2026-08-05 18:15:00+08:00,2026-08-05 18:30:00+08:00,1785924900000,SOL-USDT,15m,74,74.11,73.92,74.07,994.995015,73630.51420358,73630.51420358,1
2026-08-05 18:30:00+08:00,2026-08-05 18:45:00+08:00,1785925800000,SOL-USDT,15m,74.06,74.14,74.01,74.04,772.308556,57197.58054775,57197.58054775,1
2026-08-05 18:45:00+08:00,2026-08-05 19:00:00+08:00,1785926700000,SOL-USDT,15m,74.04,74.07,73.79,73.86,2524.045136,186547.05102603,186547.05102603,1
2026-08-05 19:00:00+08:00,2026-08-05 19:15:00+08:00,1785927600000,SOL-USDT,15m,73.86,74,73.84,73.94,2360.923393,174554.01226993,174554.01226993,1
2026-08-05 19:15:00+08:00,2026-08-05 19:30:00+08:00,1785928500000,SOL-USDT,15m,73.94,73.95,73.81,73.82,1680.095023,124074.85870257,124074.85870257,1
2026-08-05 19:30:00+08:00,2026-08-05 19:45:00+08:00,1785929400000,SOL-USDT,15m,73.81,73.9,73.75,73.79,1953.732766,144200.58299267,144200.58299267,1
2026-08-05 19:45:00+08:00,2026-08-05 20:00:00+08:00,1785930300000,SOL-USDT,15m,73.78,73.8,73.74,73.78,1529.154461,112809.60318316,112809.60318316,1
2026-08-05 20:00:00+08:00,2026-08-05 20:15:00+08:00,1785931200000,SOL-USDT,15m,73.78,74,73.73,73.89,4924.492391,363835.39142835,363835.39142835,1
2026-08-05 20:15:00+08:00,2026-08-05 20:30:00+08:00,1785932100000,SOL-USDT,15m,73.89,74.39,73.87,74.29,13661.233899,1013605.76512784,1013605.76512784,1
2026-08-05 20:30:00+08:00,2026-08-05 20:45:00+08:00,1785933000000,SOL-USDT,15m,74.29,74.32,74.11,74.16,5593.047291,414910.31303792,414910.31303792,1
2026-08-05 20:45:00+08:00,2026-08-05 21:00:00+08:00,1785933900000,SOL-USDT,15m,74.15,74.18,74,74.08,4409.487362,326732.97412367,326732.97412367,1
2026-08-05 21:00:00+08:00,2026-08-05 21:15:00+08:00,1785934800000,SOL-USDT,15m,74.08,74.11,73.73,73.88,6008.985189,443744.39140547,443744.39140547,1
2026-08-05 21:15:00+08:00,2026-08-05 21:30:00+08:00,1785935700000,SOL-USDT,15m,73.88,73.92,73.76,73.79,3720.931269,274674.46418728,274674.46418728,1
2026-08-05 21:30:00+08:00,2026-08-05 21:45:00+08:00,1785936600000,SOL-USDT,15m,73.78,73.85,73.27,73.7,18320.31696,1347436.5079459,1347436.5079459,1
2026-08-05 21:45:00+08:00,2026-08-05 22:00:00+08:00,1785937500000,SOL-USDT,15m,73.7,73.99,73.54,73.99,15829.872047,1167458.53965221,1167458.53965221,1
2026-08-05 22:00:00+08:00,2026-08-05 22:15:00+08:00,1785938400000,SOL-USDT,15m,73.98,74.15,73.81,74.04,12485.4918,924051.82998431,924051.82998431,1
2026-08-05 22:15:00+08:00,2026-08-05 22:30:00+08:00,1785939300000,SOL-USDT,15m,74.04,74.13,73.77,73.82,6606.013237,488414.79176352,488414.79176352,1
2026-08-05 22:30:00+08:00,2026-08-05 22:45:00+08:00,1785940200000,SOL-USDT,15m,73.81,73.9,73.62,73.8,9064.60234,668210.83298272,668210.83298272,1
2026-08-05 22:45:00+08:00,2026-08-05 23:00:00+08:00,1785941100000,SOL-USDT,15m,73.81,74.05,73.7,73.96,8884.518745,655992.69868139,655992.69868139,1
2026-08-05 23:00:00+08:00,2026-08-05 23:15:00+08:00,1785942000000,SOL-USDT,15m,73.96,74.23,73.89,74.07,4961.20426,367714.79586888,367714.79586888,1
2026-08-05 23:15:00+08:00,2026-08-05 23:30:00+08:00,1785942900000,SOL-USDT,15m,74.06,74.08,73.84,74.03,6662.499313,492727.29063522,492727.29063522,1
2026-08-05 23:30:00+08:00,2026-08-05 23:45:00+08:00,1785943800000,SOL-USDT,15m,74.04,74.31,74.03,74.19,8352.272721,619722.37545498,619722.37545498,1
2026-08-05 23:45:00+08:00,2026-08-06 00:00:00+08:00,1785944700000,SOL-USDT,15m,74.18,74.19,73.95,73.96,5473.85129,405163.79094825,405163.79094825,1
2026-08-06 00:00:00+08:00,2026-08-06 00:15:00+08:00,1785945600000,SOL-USDT,15m,73.96,74.19,73.95,74.19,3003.802875,222528.41139036,222528.41139036,1
2026-08-06 00:15:00+08:00,2026-08-06 00:30:00+08:00,1785946500000,SOL-USDT,15m,74.2,74.43,74.13,74.4,5071.000197,376845.5246275,376845.5246275,1
2026-08-06 00:30:00+08:00,2026-08-06 00:45:00+08:00,1785947400000,SOL-USDT,15m,74.41,74.44,74.26,74.35,5212.558683,387659.42782717,387659.42782717,1
2026-08-06 00:45:00+08:00,2026-08-06 01:00:00+08:00,1785948300000,SOL-USDT,15m,74.35,74.35,74.19,74.28,3132.890129,232702.97350351,232702.97350351,1
2026-08-06 01:00:00+08:00,2026-08-06 01:15:00+08:00,1785949200000,SOL-USDT,15m,74.29,74.42,74.19,74.21,2741.603876,203774.75544014,203774.75544014,1
2026-08-06 01:15:00+08:00,2026-08-06 01:30:00+08:00,1785950100000,SOL-USDT,15m,74.2,74.26,74.14,74.21,2166.833091,160732.40831669,160732.40831669,1
2026-08-06 01:30:00+08:00,2026-08-06 01:45:00+08:00,1785951000000,SOL-USDT,15m,74.2,74.66,74.17,74.54,7069.052687,526755.22169588,526755.22169588,1
2026-08-06 01:45:00+08:00,2026-08-06 02:00:00+08:00,1785951900000,SOL-USDT,15m,74.55,74.63,74.5,74.56,2684.735642,200180.73015117,200180.73015117,1
2026-08-06 02:00:00+08:00,2026-08-06 02:15:00+08:00,1785952800000,SOL-USDT,15m,74.56,74.63,74.42,74.6,4660.363923,347316.67384117,347316.67384117,1
2026-08-06 02:15:00+08:00,2026-08-06 02:30:00+08:00,1785953700000,SOL-USDT,15m,74.6,74.83,74.51,74.53,7527.493507,562179.05790821,562179.05790821,1
2026-08-06 02:30:00+08:00,2026-08-06 02:45:00+08:00,1785954600000,SOL-USDT,15m,74.52,74.68,74.47,74.68,3192.021724,238182.68831141,238182.68831141,1
2026-08-06 02:45:00+08:00,2026-08-06 03:00:00+08:00,1785955500000,SOL-USDT,15m,74.68,74.68,74.48,74.53,984.816155,73429.99853467,73429.99853467,1
2026-08-06 03:00:00+08:00,2026-08-06 03:15:00+08:00,1785956400000,SOL-USDT,15m,74.53,74.64,74.48,74.54,1854.18894,138256.49872683,138256.49872683,1
2026-08-06 03:15:00+08:00,2026-08-06 03:30:00+08:00,1785957300000,SOL-USDT,15m,74.54,74.55,74.45,74.47,1538.237195,114580.0868394,114580.0868394,1
2026-08-06 03:30:00+08:00,2026-08-06 03:45:00+08:00,1785958200000,SOL-USDT,15m,74.48,74.53,74.45,74.48,878.41973,65426.65734233,65426.65734233,1
2026-08-06 03:45:00+08:00,2026-08-06 04:00:00+08:00,1785959100000,SOL-USDT,15m,74.48,74.57,74.42,74.48,3962.858094,295271.27515468,295271.27515468,1
2026-08-06 04:00:00+08:00,2026-08-06 04:15:00+08:00,1785960000000,SOL-USDT,15m,74.48,74.55,74.3,74.54,7257.944755,539966.59633285,539966.59633285,1
2026-08-06 04:15:00+08:00,2026-08-06 04:30:00+08:00,1785960900000,SOL-USDT,15m,74.54,74.59,74.39,74.43,5609.958514,417920.78557936,417920.78557936,1
2026-08-06 04:30:00+08:00,2026-08-06 04:45:00+08:00,1785961800000,SOL-USDT,15m,74.42,74.53,74.38,74.53,2057.525163,153117.35375582,153117.35375582,1
2026-08-06 04:45:00+08:00,2026-08-06 05:00:00+08:00,1785962700000,SOL-USDT,15m,74.54,74.54,74.38,74.39,5272.418607,392631.29143841,392631.29143841,1
2026-08-06 05:00:00+08:00,2026-08-06 05:15:00+08:00,1785963600000,SOL-USDT,15m,74.39,74.39,74.19,74.34,2467.507673,183253.39060064,183253.39060064,1
2026-08-06 05:15:00+08:00,2026-08-06 05:30:00+08:00,1785964500000,SOL-USDT,15m,74.33,74.33,74.1,74.13,2530.608374,187709.68966052,187709.68966052,1
2026-08-06 05:30:00+08:00,2026-08-06 05:45:00+08:00,1785965400000,SOL-USDT,15m,74.14,74.22,74.08,74.15,2215.834885,164273.39226827,164273.39226827,1
2026-08-06 05:45:00+08:00,2026-08-06 06:00:00+08:00,1785966300000,SOL-USDT,15m,74.15,74.23,74.12,74.14,1394.497347,103436.79919873,103436.79919873,1
2026-08-06 06:00:00+08:00,2026-08-06 06:15:00+08:00,1785967200000,SOL-USDT,15m,74.14,74.2,74.05,74.1,1631.19553,120902.85044473,120902.85044473,1
2026-08-06 06:15:00+08:00,2026-08-06 06:30:00+08:00,1785968100000,SOL-USDT,15m,74.11,74.2,74,74.05,839.329095,62192.11406067,62192.11406067,1
2026-08-06 06:30:00+08:00,2026-08-06 06:45:00+08:00,1785969000000,SOL-USDT,15m,74.06,74.1,74.02,74.04,1007.900437,74638.90961083,74638.90961083,1
2026-08-06 06:45:00+08:00,2026-08-06 07:00:00+08:00,1785969900000,SOL-USDT,15m,74.04,74.13,74.02,74.02,2415.742586,178921.82069688,178921.82069688,1
2026-08-06 07:00:00+08:00,2026-08-06 07:15:00+08:00,1785970800000,SOL-USDT,15m,74.02,74.02,73.86,73.96,4824.377904,356702.00584592,356702.00584592,1
2026-08-06 07:15:00+08:00,2026-08-06 07:30:00+08:00,1785971700000,SOL-USDT,15m,73.95,74.07,73.92,74.03,1446.827168,107063.98354868,107063.98354868,1
2026-08-06 07:30:00+08:00,2026-08-06 07:45:00+08:00,1785972600000,SOL-USDT,15m,74.04,74.12,74.03,74.07,4031.247497,298669.2548644,298669.2548644,1
2026-08-06 07:45:00+08:00,2026-08-06 08:00:00+08:00,1785973500000,SOL-USDT,15m,74.07,74.09,73.99,74.04,2372.861492,175629.43286776,175629.43286776,1
2026-08-06 08:00:00+08:00,2026-08-06 08:15:00+08:00,1785974400000,SOL-USDT,15m,74.05,74.16,74.04,74.1,2402.344822,177998.33344534,177998.33344534,1
2026-08-06 08:15:00+08:00,2026-08-06 08:30:00+08:00,1785975300000,SOL-USDT,15m,74.1,74.27,74.09,74.2,1987.799396,147484.53571308,147484.53571308,1
2026-08-06 08:30:00+08:00,2026-08-06 08:45:00+08:00,1785976200000,SOL-USDT,15m,74.2,74.23,74.1,74.1,2178.008913,161541.1062609,161541.1062609,1
2026-08-06 08:45:00+08:00,2026-08-06 09:00:00+08:00,1785977100000,SOL-USDT,15m,74.11,74.14,74.03,74.08,2711.460802,200879.48019984,200879.48019984,1
2026-08-06 09:00:00+08:00,2026-08-06 09:15:00+08:00,1785978000000,SOL-USDT,15m,74.08,74.12,74,74.06,1528.627223,113214.35385641,113214.35385641,1
2026-08-06 09:15:00+08:00,2026-08-06 09:30:00+08:00,1785978900000,SOL-USDT,15m,74.07,74.08,73.77,73.78,6119.673838,452149.51996131,452149.51996131,1
2026-08-06 09:30:00+08:00,2026-08-06 09:45:00+08:00,1785979800000,SOL-USDT,15m,73.79,73.89,73.73,73.79,6363.117224,469860.62160779,469860.62160779,1
2026-08-06 09:45:00+08:00,2026-08-06 10:00:00+08:00,1785980700000,SOL-USDT,15m,73.79,73.94,73.77,73.77,5926.542958,437631.42382599,437631.42382599,1
2026-08-06 10:00:00+08:00,2026-08-06 10:15:00+08:00,1785981600000,SOL-USDT,15m,73.77,73.79,73.6,73.6,9743.050797,718027.70081422,718027.70081422,1
2026-08-06 10:15:00+08:00,2026-08-06 10:30:00+08:00,1785982500000,SOL-USDT,15m,73.61,73.65,73.42,73.45,9874.688371,725757.13714729,725757.13714729,1
2026-08-06 10:30:00+08:00,2026-08-06 10:45:00+08:00,1785983400000,SOL-USDT,15m,73.45,73.62,73.4,73.62,6536.675354,480334.59099366,480334.59099366,1
2026-08-06 10:45:00+08:00,2026-08-06 11:00:00+08:00,1785984300000,SOL-USDT,15m,73.61,73.61,73.49,73.56,2650.239681,194915.41397432,194915.41397432,1
2026-08-06 11:00:00+08:00,2026-08-06 11:15:00+08:00,1785985200000,SOL-USDT,15m,73.56,73.57,73.45,73.57,3108.067894,228466.75198242,228466.75198242,1
2026-08-06 11:15:00+08:00,2026-08-06 11:30:00+08:00,1785986100000,SOL-USDT,15m,73.56,73.56,73.48,73.55,4935.361514,362921.78596378,362921.78596378,1
2026-08-06 11:30:00+08:00,2026-08-06 11:45:00+08:00,1785987000000,SOL-USDT,15m,73.56,73.61,73.47,73.47,4528.32701,333011.15836523,333011.15836523,1
2026-08-06 11:45:00+08:00,2026-08-06 12:00:00+08:00,1785987900000,SOL-USDT,15m,73.46,73.59,73.46,73.49,3043.397303,223765.28697025,223765.28697025,1
2026-08-06 12:00:00+08:00,2026-08-06 12:15:00+08:00,1785988800000,SOL-USDT,15m,73.5,73.61,73.41,73.6,4518.163687,332162.74648427,332162.74648427,1
2026-08-06 12:15:00+08:00,2026-08-06 12:30:00+08:00,1785989700000,SOL-USDT,15m,73.6,73.83,73.59,73.8,5897.165783,434789.3061216,434789.3061216,1
2026-08-06 12:30:00+08:00,2026-08-06 12:45:00+08:00,1785990600000,SOL-USDT,15m,73.81,73.87,73.73,73.76,1814.432098,133937.27235258,133937.27235258,1
2026-08-06 12:45:00+08:00,2026-08-06 13:00:00+08:00,1785991500000,SOL-USDT,15m,73.76,73.88,73.7,73.88,1387.370409,102355.23126667,102355.23126667,1
2026-08-06 13:00:00+08:00,2026-08-06 13:15:00+08:00,1785992400000,SOL-USDT,15m,73.89,74.34,73.87,74.22,7999.392008,592883.32747007,592883.32747007,1
2026-08-06 13:15:00+08:00,2026-08-06 13:30:00+08:00,1785993300000,SOL-USDT,15m,74.21,74.35,74.1,74.15,6025.03182,447329.36291976,447329.36291976,1
2026-08-06 13:30:00+08:00,2026-08-06 13:45:00+08:00,1785994200000,SOL-USDT,15m,74.13,74.19,74.09,74.19,1733.399885,128518.13675494,128518.13675494,1
2026-08-06 13:45:00+08:00,2026-08-06 14:00:00+08:00,1785995100000,SOL-USDT,15m,74.19,74.24,74.15,74.24,2046.555361,151796.54304339,151796.54304339,1
2026-08-06 14:00:00+08:00,2026-08-06 14:15:00+08:00,1785996000000,SOL-USDT,15m,74.24,74.25,74.02,74.03,2546.659575,188815.56939157,188815.56939157,1
2026-08-06 14:15:00+08:00,2026-08-06 14:30:00+08:00,1785996900000,SOL-USDT,15m,74.03,74.14,73.96,74.08,2543.027477,188275.79537222,188275.79537222,1
2026-08-06 14:30:00+08:00,2026-08-06 14:45:00+08:00,1785997800000,SOL-USDT,15m,74.08,74.12,74.03,74.12,1296.773186,96043.4769838,96043.4769838,1
2026-08-06 14:45:00+08:00,2026-08-06 15:00:00+08:00,1785998700000,SOL-USDT,15m,74.12,74.12,74.02,74.05,1388.688684,102840.79781916,102840.79781916,1
2026-08-06 15:00:00+08:00,2026-08-06 15:15:00+08:00,1785999600000,SOL-USDT,15m,74.05,74.09,74,74.09,2889.473999,213891.38903137,213891.38903137,1
2026-08-06 15:15:00+08:00,2026-08-06 15:30:00+08:00,1786000500000,SOL-USDT,15m,74.09,74.13,74.03,74.08,2273.806669,168462.58779159,168462.58779159,1
2026-08-06 15:30:00+08:00,2026-08-06 15:45:00+08:00,1786001400000,SOL-USDT,15m,74.08,74.08,73.91,73.92,3840.912818,284183.36871038,284183.36871038,1
2026-08-06 15:45:00+08:00,2026-08-06 16:00:00+08:00,1786002300000,SOL-USDT,15m,73.92,73.95,73.87,73.89,2110.839696,156006.56745904,156006.56745904,1
2026-08-06 16:00:00+08:00,2026-08-06 16:15:00+08:00,1786003200000,SOL-USDT,15m,73.89,73.91,73.76,73.79,3588.211448,264979.36480388,264979.36480388,1
2026-08-06 16:15:00+08:00,2026-08-06 16:30:00+08:00,1786004100000,SOL-USDT,15m,73.79,73.81,73.7,73.81,11460.125,845150.64869655,845150.64869655,1
2026-08-06 16:30:00+08:00,2026-08-06 16:45:00+08:00,1786005000000,SOL-USDT,15m,73.81,73.92,73.76,73.88,4216.852347,311344.54459971,311344.54459971,1
2026-08-06 16:45:00+08:00,2026-08-06 17:00:00+08:00,1786005900000,SOL-USDT,15m,73.88,74.1,73.88,74,3313.577419,245184.12349261,245184.12349261,1
2026-08-06 17:00:00+08:00,2026-08-06 17:15:00+08:00,1786006800000,SOL-USDT,15m,74,74,73.61,73.62,5581.520211,412107.49654848,412107.49654848,1
2026-08-06 17:15:00+08:00,2026-08-06 17:30:00+08:00,1786007700000,SOL-USDT,15m,73.61,73.69,73.51,73.54,8451.163274,621856.13274313,621856.13274313,1
2026-08-06 17:30:00+08:00,2026-08-06 17:45:00+08:00,1786008600000,SOL-USDT,15m,73.54,73.54,73.3,73.36,18405.619195,1351126.25317709,1351126.25317709,1
2026-08-06 17:45:00+08:00,2026-08-06 18:00:00+08:00,1786009500000,SOL-USDT,15m,73.34,73.36,73.2,73.31,11230.626562,823131.98022686,823131.98022686,1
2026-08-06 18:00:00+08:00,2026-08-06 18:15:00+08:00,1786010400000,SOL-USDT,15m,73.31,73.35,73.17,73.21,8379.535493,613771.87056945,613771.87056945,1
2026-08-06 18:15:00+08:00,2026-08-06 18:30:00+08:00,1786011300000,SOL-USDT,15m,73.21,73.42,73.19,73.4,6096.322512,447254.4926951,447254.4926951,1
2026-08-06 18:30:00+08:00,2026-08-06 18:45:00+08:00,1786012200000,SOL-USDT,15m,73.41,73.44,73.33,73.33,2514.886625,184577.13996304,184577.13996304,1
2026-08-06 18:45:00+08:00,2026-08-06 19:00:00+08:00,1786013100000,SOL-USDT,15m,73.33,73.36,73.25,73.32,1613.67689,118287.00284184,118287.00284184,1
2026-08-06 19:00:00+08:00,2026-08-06 19:15:00+08:00,1786014000000,SOL-USDT,15m,73.33,73.4,73.19,73.39,2970.62342,217729.84740681,217729.84740681,1
2026-08-06 19:15:00+08:00,2026-08-06 19:30:00+08:00,1786014900000,SOL-USDT,15m,73.39,73.48,73.39,73.39,1292.235185,94909.15931297,94909.15931297,1
2026-08-06 19:30:00+08:00,2026-08-06 19:45:00+08:00,1786015800000,SOL-USDT,15m,73.4,73.57,73.4,73.53,693.999828,51014.74123254,51014.74123254,1
2026-08-06 19:45:00+08:00,2026-08-06 20:00:00+08:00,1786016700000,SOL-USDT,15m,73.54,73.54,73.44,73.46,1149.917325,84491.99329261,84491.99329261,1
2026-08-06 20:00:00+08:00,2026-08-06 20:15:00+08:00,1786017600000,SOL-USDT,15m,73.47,73.48,73.29,73.29,1646.246614,120754.61787203,120754.61787203,1
2026-08-06 20:15:00+08:00,2026-08-06 20:30:00+08:00,1786018500000,SOL-USDT,15m,73.3,73.42,73.24,73.4,2198.308487,161159.35431641,161159.35431641,1
2026-08-06 20:30:00+08:00,2026-08-06 20:45:00+08:00,1786019400000,SOL-USDT,15m,73.4,73.45,73.31,73.36,1867.258763,137004.63751751,137004.63751751,1
2026-08-06 20:45:00+08:00,2026-08-06 21:00:00+08:00,1786020300000,SOL-USDT,15m,73.36,73.37,73.14,73.15,2966.442406,217308.51944642,217308.51944642,1
2026-08-06 21:00:00+08:00,2026-08-06 21:15:00+08:00,1786021200000,SOL-USDT,15m,73.15,73.19,72.88,72.99,10115.708866,738480.94252479,738480.94252479,1
2026-08-06 21:15:00+08:00,2026-08-06 21:30:00+08:00,1786022100000,SOL-USDT,15m,72.99,73.01,72.85,72.97,3862.593913,281697.64997135,281697.64997135,1
2026-08-06 21:30:00+08:00,2026-08-06 21:45:00+08:00,1786023000000,SOL-USDT,15m,72.96,73.28,72.87,73.26,8005.361435,584403.40022687,584403.40022687,1
2026-08-06 21:45:00+08:00,2026-08-06 22:00:00+08:00,1786023900000,SOL-USDT,15m,73.25,73.33,73.19,73.26,2592.43485,189957.39638739,189957.39638739,1
2026-08-06 22:00:00+08:00,2026-08-06 22:15:00+08:00,1786024800000,SOL-USDT,15m,73.25,73.31,73.16,73.23,9222.439609,675360.38994438,675360.38994438,1
2026-08-06 22:15:00+08:00,2026-08-06 22:30:00+08:00,1786025700000,SOL-USDT,15m,73.22,73.38,73.18,73.19,14345.305881,1051045.61232406,1051045.61232406,1
2026-08-06 22:30:00+08:00,2026-08-06 22:45:00+08:00,1786026600000,SOL-USDT,15m,73.18,73.58,73.1,73.52,9020.029323,661588.1897805,661588.1897805,1
2026-08-06 22:45:00+08:00,2026-08-06 23:00:00+08:00,1786027500000,SOL-USDT,15m,73.53,73.57,73.35,73.47,5380.232223,395208.37786211,395208.37786211,1
2026-08-06 23:00:00+08:00,2026-08-06 23:15:00+08:00,1786028400000,SOL-USDT,15m,73.47,73.62,73.43,73.51,3685.262058,271044.64618998,271044.64618998,1
2026-08-06 23:15:00+08:00,2026-08-06 23:30:00+08:00,1786029300000,SOL-USDT,15m,73.5,73.56,73.36,73.53,5038.791984,370183.13669042,370183.13669042,1
2026-08-06 23:30:00+08:00,2026-08-06 23:45:00+08:00,1786030200000,SOL-USDT,15m,73.53,73.62,73.4,73.4,3266.479265,240053.54711898,240053.54711898,1
2026-08-06 23:45:00+08:00,2026-08-07 00:00:00+08:00,1786031100000,SOL-USDT,15m,73.41,73.54,73.31,73.32,2817.34061,206810.67122732,206810.67122732,1
2026-08-07 00:00:00+08:00,2026-08-07 00:15:00+08:00,1786032000000,SOL-USDT,15m,73.32,73.39,73.1,73.14,11925.133373,873734.81508683,873734.81508683,1
2026-08-07 00:15:00+08:00,2026-08-07 00:30:00+08:00,1786032900000,SOL-USDT,15m,73.15,73.32,73.14,73.32,2621.215673,191954.34095533,191954.34095533,1
2026-08-07 00:30:00+08:00,2026-08-07 00:45:00+08:00,1786033800000,SOL-USDT,15m,73.32,73.49,73.27,73.41,2570.711737,188521.50496683,188521.50496683,1
2026-08-07 00:45:00+08:00,2026-08-07 01:00:00+08:00,1786034700000,SOL-USDT,15m,73.41,73.48,73.34,73.44,3007.66279,220823.04951023,220823.04951023,1
2026-08-07 01:00:00+08:00,2026-08-07 01:15:00+08:00,1786035600000,SOL-USDT,15m,73.45,73.55,73.44,73.44,2699.4833,198389.84937784,198389.84937784,1
2026-08-07 01:15:00+08:00,2026-08-07 01:30:00+08:00,1786036500000,SOL-USDT,15m,73.44,73.47,73.34,73.34,1264.673636,92834.05214639,92834.05214639,1
2026-08-07 01:30:00+08:00,2026-08-07 01:45:00+08:00,1786037400000,SOL-USDT,15m,73.33,73.39,73.06,73.16,3608.1778,264109.03894783,264109.03894783,1
2026-08-07 01:45:00+08:00,2026-08-07 02:00:00+08:00,1786038300000,SOL-USDT,15m,73.16,73.21,73.09,73.2,2242.580784,164037.83638461,164037.83638461,1
2026-08-07 02:00:00+08:00,2026-08-07 02:15:00+08:00,1786039200000,SOL-USDT,15m,73.2,73.2,72.97,73.08,4700.750064,343342.63379687,343342.63379687,1
2026-08-07 02:15:00+08:00,2026-08-07 02:30:00+08:00,1786040100000,SOL-USDT,15m,73.08,73.23,73.05,73.12,4364.417335,319178.87239102,319178.87239102,1
2026-08-07 02:30:00+08:00,2026-08-07 02:45:00+08:00,1786041000000,SOL-USDT,15m,73.11,73.12,72.91,72.91,6900.142603,503589.94869321,503589.94869321,1
2026-08-07 02:45:00+08:00,2026-08-07 03:00:00+08:00,1786041900000,SOL-USDT,15m,72.91,72.99,72.73,72.81,13627.054393,993157.62739939,993157.62739939,1
2026-08-07 03:00:00+08:00,2026-08-07 03:15:00+08:00,1786042800000,SOL-USDT,15m,72.82,72.86,72.77,72.78,4126.039131,300447.72659997,300447.72659997,1
2026-08-07 03:15:00+08:00,2026-08-07 03:30:00+08:00,1786043700000,SOL-USDT,15m,72.79,72.79,72.56,72.62,8312.935416,604298.24401142,604298.24401142,1
2026-08-07 03:30:00+08:00,2026-08-07 03:45:00+08:00,1786044600000,SOL-USDT,15m,72.62,72.78,72.6,72.78,4958.077102,360414.31313833,360414.31313833,1
2026-08-07 03:45:00+08:00,2026-08-07 04:00:00+08:00,1786045500000,SOL-USDT,15m,72.78,72.97,72.77,72.81,5749.827794,419068.486309,419068.486309,1
2026-08-07 04:00:00+08:00,2026-08-07 04:15:00+08:00,1786046400000,SOL-USDT,15m,72.81,72.98,72.81,72.96,3995.006823,291297.91157461,291297.91157461,1
2026-08-07 04:15:00+08:00,2026-08-07 04:30:00+08:00,1786047300000,SOL-USDT,15m,72.96,72.97,72.85,72.91,4578.271075,333741.48027217,333741.48027217,1
2026-08-07 04:30:00+08:00,2026-08-07 04:45:00+08:00,1786048200000,SOL-USDT,15m,72.91,72.99,72.87,72.94,3412.734499,248964.57892625,248964.57892625,1
2026-08-07 04:45:00+08:00,2026-08-07 05:00:00+08:00,1786049100000,SOL-USDT,15m,72.94,72.94,72.84,72.85,1201.563778,87583.6270934,87583.6270934,1
2026-08-07 05:00:00+08:00,2026-08-07 05:15:00+08:00,1786050000000,SOL-USDT,15m,72.85,72.99,72.79,72.97,6914.49942,504217.12448081,504217.12448081,1
2026-08-07 05:15:00+08:00,2026-08-07 05:30:00+08:00,1786050900000,SOL-USDT,15m,72.98,73,72.88,72.97,3443.979475,251268.52670009,251268.52670009,1
2026-08-07 05:30:00+08:00,2026-08-07 05:45:00+08:00,1786051800000,SOL-USDT,15m,72.96,72.99,72.81,72.95,6367.429961,464239.21022692,464239.21022692,1
2026-08-07 05:45:00+08:00,2026-08-07 06:00:00+08:00,1786052700000,SOL-USDT,15m,72.94,72.97,72.88,72.88,961.356897,70095.35435313,70095.35435313,1
2026-08-07 06:00:00+08:00,2026-08-07 06:15:00+08:00,1786053600000,SOL-USDT,15m,72.88,72.89,72.74,72.83,1406.604739,102408.60623529,102408.60623529,1
2026-08-07 06:15:00+08:00,2026-08-07 06:30:00+08:00,1786054500000,SOL-USDT,15m,72.83,72.86,72.66,72.7,1551.894865,112884.55688608,112884.55688608,1
2026-08-07 06:30:00+08:00,2026-08-07 06:45:00+08:00,1786055400000,SOL-USDT,15m,72.71,72.78,72.68,72.71,4151.874167,301958.15828501,301958.15828501,1
2026-08-07 06:45:00+08:00,2026-08-07 07:00:00+08:00,1786056300000,SOL-USDT,15m,72.72,72.74,72.68,72.7,1706.79112,124087.11284408,124087.11284408,1
2026-08-07 07:00:00+08:00,2026-08-07 07:15:00+08:00,1786057200000,SOL-USDT,15m,72.69,72.74,72.67,72.68,3291.074076,239227.99222615,239227.99222615,1
2026-08-07 07:15:00+08:00,2026-08-07 07:30:00+08:00,1786058100000,SOL-USDT,15m,72.68,72.68,72.35,72.4,10497.715682,761474.46727131,761474.46727131,1
2026-08-07 07:30:00+08:00,2026-08-07 07:45:00+08:00,1786059000000,SOL-USDT,15m,72.4,72.5,72.35,72.46,3359.908582,243391.68918353,243391.68918353,1
2026-08-07 07:45:00+08:00,2026-08-07 08:00:00+08:00,1786059900000,SOL-USDT,15m,72.45,72.72,72.42,72.7,3067.126347,222596.3188807,222596.3188807,1
2026-08-07 08:00:00+08:00,2026-08-07 08:15:00+08:00,1786060800000,SOL-USDT,15m,72.7,72.82,72.63,72.65,2171.413112,157924.66450973,157924.66450973,1
2026-08-07 08:15:00+08:00,2026-08-07 08:30:00+08:00,1786061700000,SOL-USDT,15m,72.65,72.7,72.59,72.67,1670.716109,121356.5416752,121356.5416752,1
2026-08-07 08:30:00+08:00,2026-08-07 08:45:00+08:00,1786062600000,SOL-USDT,15m,72.66,72.75,72.57,72.68,3322.275031,241380.70783803,241380.70783803,1
2026-08-07 08:45:00+08:00,2026-08-07 09:00:00+08:00,1786063500000,SOL-USDT,15m,72.68,72.7,72.57,72.67,596.472978,43329.61321399,43329.61321399,1
2026-08-07 09:00:00+08:00,2026-08-07 09:15:00+08:00,1786064400000,SOL-USDT,15m,72.67,72.85,72.65,72.68,3929.969525,285892.08202812,285892.08202812,1
2026-08-07 09:15:00+08:00,2026-08-07 09:30:00+08:00,1786065300000,SOL-USDT,15m,72.68,72.77,72.63,72.76,1425.41585,103597.18247196,103597.18247196,1
2026-08-07 09:30:00+08:00,2026-08-07 09:45:00+08:00,1786066200000,SOL-USDT,15m,72.76,72.88,72.59,72.69,5677.510851,413214.77677941,413214.77677941,1
2026-08-07 09:45:00+08:00,2026-08-07 10:00:00+08:00,1786067100000,SOL-USDT,15m,72.68,72.76,72.67,72.75,1642.484658,119428.54030857,119428.54030857,1
2026-08-07 10:00:00+08:00,2026-08-07 10:15:00+08:00,1786068000000,SOL-USDT,15m,72.75,72.78,72.5,72.78,2852.845372,207289.94199197,207289.94199197,1
2026-08-07 10:15:00+08:00,2026-08-07 10:30:00+08:00,1786068900000,SOL-USDT,15m,72.78,72.94,72.61,72.63,4201.582348,305894.05730362,305894.05730362,1
2026-08-07 10:30:00+08:00,2026-08-07 10:45:00+08:00,1786069800000,SOL-USDT,15m,72.63,72.75,72.59,72.69,2321.029491,168659.33983703,168659.33983703,1
2026-08-07 10:45:00+08:00,2026-08-07 11:00:00+08:00,1786070700000,SOL-USDT,15m,72.69,72.8,72.67,72.71,2687.978351,195526.88891995,195526.88891995,1
2026-08-07 11:00:00+08:00,2026-08-07 11:15:00+08:00,1786071600000,SOL-USDT,15m,72.71,72.75,72.63,72.64,903.586536,65672.83191345,65672.83191345,1
2026-08-07 11:15:00+08:00,2026-08-07 11:30:00+08:00,1786072500000,SOL-USDT,15m,72.64,72.75,72.61,72.69,1045.000518,75925.22718295,75925.22718295,1
2026-08-07 11:30:00+08:00,2026-08-07 11:45:00+08:00,1786073400000,SOL-USDT,15m,72.68,72.77,72.68,72.71,875.14125,63640.98529557,63640.98529557,1
2026-08-07 11:45:00+08:00,2026-08-07 12:00:00+08:00,1786074300000,SOL-USDT,15m,72.7,72.74,72.55,72.64,3502.536951,254630.01926211,254630.01926211,1
2026-08-07 12:00:00+08:00,2026-08-07 12:15:00+08:00,1786075200000,SOL-USDT,15m,72.63,72.69,72.52,72.64,2284.767297,165938.5630424,165938.5630424,1
2026-08-07 12:15:00+08:00,2026-08-07 12:30:00+08:00,1786076100000,SOL-USDT,15m,72.64,72.8,72.63,72.74,852.502415,61997.43570337,61997.43570337,1
2026-08-07 12:30:00+08:00,2026-08-07 12:45:00+08:00,1786077000000,SOL-USDT,15m,72.74,72.79,72.68,72.73,1861.318198,135396.49959087,135396.49959087,1
2026-08-07 12:45:00+08:00,2026-08-07 13:00:00+08:00,1786077900000,SOL-USDT,15m,72.72,72.74,72.59,72.67,3981.940263,289345.40733815,289345.40733815,1
2026-08-07 13:00:00+08:00,2026-08-07 13:15:00+08:00,1786078800000,SOL-USDT,15m,72.68,72.75,72.65,72.7,2729.850438,198465.71637042,198465.71637042,1
2026-08-07 13:15:00+08:00,2026-08-07 13:30:00+08:00,1786079700000,SOL-USDT,15m,72.7,72.72,72.54,72.56,3503.466997,254421.57241637,254421.57241637,1
2026-08-07 13:30:00+08:00,2026-08-07 13:45:00+08:00,1786080600000,SOL-USDT,15m,72.55,72.7,72.44,72.69,5994.312419,435008.17132924,435008.17132924,1
2026-08-07 13:45:00+08:00,2026-08-07 14:00:00+08:00,1786081500000,SOL-USDT,15m,72.7,72.96,72.7,72.88,6737.445627,490822.15965107,490822.15965107,1
2026-08-07 14:00:00+08:00,2026-08-07 14:15:00+08:00,1786082400000,SOL-USDT,15m,72.88,72.97,72.83,72.97,4096.62291,298699.80682491,298699.80682491,1
2026-08-07 14:15:00+08:00,2026-08-07 14:30:00+08:00,1786083300000,SOL-USDT,15m,72.97,73.08,72.95,73.02,4291.912356,313383.3894295,313383.3894295,1
2026-08-07 14:30:00+08:00,2026-08-07 14:45:00+08:00,1786084200000,SOL-USDT,15m,73.03,73.05,72.92,72.94,3041.988006,221960.09000209,221960.09000209,1
2026-08-07 14:45:00+08:00,2026-08-07 15:00:00+08:00,1786085100000,SOL-USDT,15m,72.94,72.97,72.81,72.84,4499.13396,327858.86287229,327858.86287229,1
2026-08-07 15:00:00+08:00,2026-08-07 15:15:00+08:00,1786086000000,SOL-USDT,15m,72.84,72.98,72.76,72.97,3111.974713,226728.33933931,226728.33933931,1
2026-08-07 15:15:00+08:00,2026-08-07 15:30:00+08:00,1786086900000,SOL-USDT,15m,72.97,73,72.92,72.98,3651.719568,266457.66558797,266457.66558797,1
2026-08-07 15:30:00+08:00,2026-08-07 15:45:00+08:00,1786087800000,SOL-USDT,15m,72.98,73.03,72.93,72.94,4253.132138,310346.5702231,310346.5702231,1
2026-08-07 15:45:00+08:00,2026-08-07 16:00:00+08:00,1786088700000,SOL-USDT,15m,72.93,72.99,72.92,72.94,2920.177144,213004.40385021,213004.40385021,1
2026-08-07 16:00:00+08:00,2026-08-07 16:15:00+08:00,1786089600000,SOL-USDT,15m,72.93,73.02,72.91,73.01,3102.782063,226413.04879583,226413.04879583,1
2026-08-07 16:15:00+08:00,2026-08-07 16:30:00+08:00,1786090500000,SOL-USDT,15m,73.01,73.03,72.93,72.96,1601.284767,116830.34438933,116830.34438933,1
2026-08-07 16:30:00+08:00,2026-08-07 16:45:00+08:00,1786091400000,SOL-USDT,15m,72.97,73.32,72.97,73.25,3780.236981,276415.90405812,276415.90405812,1
2026-08-07 16:45:00+08:00,2026-08-07 17:00:00+08:00,1786092300000,SOL-USDT,15m,73.26,73.27,73.16,73.2,2029.270439,148591.55435878,148591.55435878,1
2026-08-07 17:00:00+08:00,2026-08-07 17:15:00+08:00,1786093200000,SOL-USDT,15m,73.2,73.42,73.19,73.38,5504.175274,403473.53291751,403473.53291751,1
2026-08-07 17:15:00+08:00,2026-08-07 17:30:00+08:00,1786094100000,SOL-USDT,15m,73.39,73.64,73.38,73.53,6345.54865,466472.85426528,466472.85426528,1
2026-08-07 17:30:00+08:00,2026-08-07 17:45:00+08:00,1786095000000,SOL-USDT,15m,73.54,73.74,73.53,73.67,6155.103783,453440.55275335,453440.55275335,1
2026-08-07 17:45:00+08:00,2026-08-07 18:00:00+08:00,1786095900000,SOL-USDT,15m,73.67,73.74,73.58,73.62,5751.782877,423658.89744286,423658.89744286,1
2026-08-07 18:00:00+08:00,2026-08-07 18:15:00+08:00,1786096800000,SOL-USDT,15m,73.63,73.77,73.63,73.64,4853.547966,357660.50090816,357660.50090816,1
2026-08-07 18:15:00+08:00,2026-08-07 18:30:00+08:00,1786097700000,SOL-USDT,15m,73.63,73.65,73.53,73.63,3292.282259,242258.29257109,242258.29257109,1
2026-08-07 18:30:00+08:00,2026-08-07 18:45:00+08:00,1786098600000,SOL-USDT,15m,73.63,73.64,73.5,73.51,3502.775956,257649.98465592,257649.98465592,1
2026-08-07 18:45:00+08:00,2026-08-07 19:00:00+08:00,1786099500000,SOL-USDT,15m,73.5,73.56,73.49,73.52,4192.22655,308254.08992031,308254.08992031,1
2026-08-07 19:00:00+08:00,2026-08-07 19:15:00+08:00,1786100400000,SOL-USDT,15m,73.53,73.69,73.52,73.55,4610.93228,339434.20612674,339434.20612674,1
2026-08-07 19:15:00+08:00,2026-08-07 19:30:00+08:00,1786101300000,SOL-USDT,15m,73.56,73.77,73.53,73.62,4385.288417,323024.10920228,323024.10920228,1
2026-08-07 19:30:00+08:00,2026-08-07 19:45:00+08:00,1786102200000,SOL-USDT,15m,73.62,73.67,73.56,73.65,4482.126416,329896.70732298,329896.70732298,1
2026-08-07 19:45:00+08:00,2026-08-07 20:00:00+08:00,1786103100000,SOL-USDT,15m,73.65,73.68,73.59,73.63,2515.874564,185237.46192938,185237.46192938,1
2026-08-07 20:00:00+08:00,2026-08-07 20:15:00+08:00,1786104000000,SOL-USDT,15m,73.64,74.1,73.63,73.94,15446.396945,1140959.11625927,1140959.11625927,1
2026-08-07 20:15:00+08:00,2026-08-07 20:30:00+08:00,1786104900000,SOL-USDT,15m,73.94,74.02,73.88,74.02,12337.908086,912298.96404173,912298.96404173,1
2026-08-07 20:30:00+08:00,2026-08-07 20:45:00+08:00,1786105800000,SOL-USDT,15m,74.02,74.37,73.65,73.8,28508.335454,2107535.1011519,2107535.1011519,1
2026-08-07 20:45:00+08:00,2026-08-07 21:00:00+08:00,1786106700000,SOL-USDT,15m,73.8,74.03,73.8,73.91,6785.470757,501614.57415433,501614.57415433,1
2026-08-07 21:00:00+08:00,2026-08-07 21:15:00+08:00,1786107600000,SOL-USDT,15m,73.91,73.94,73.8,73.84,5958.691108,440214.90768615,440214.90768615,1
2026-08-07 21:15:00+08:00,2026-08-07 21:30:00+08:00,1786108500000,SOL-USDT,15m,73.84,73.96,73.81,73.88,1977.404271,146077.29971189,146077.29971189,1
2026-08-07 21:30:00+08:00,2026-08-07 21:45:00+08:00,1786109400000,SOL-USDT,15m,73.88,74.27,73.84,74.23,15469.770372,1146514.17509039,1146514.17509039,1
2026-08-07 21:45:00+08:00,2026-08-07 22:00:00+08:00,1786110300000,SOL-USDT,15m,74.23,74.35,74.1,74.14,13745.873872,1020376.06937416,1020376.06937416,1
2026-08-07 22:00:00+08:00,2026-08-07 22:15:00+08:00,1786111200000,SOL-USDT,15m,74.13,74.17,73.68,73.69,14119.025772,1042839.60017095,1042839.60017095,1
2026-08-07 22:15:00+08:00,2026-08-07 22:30:00+08:00,1786112100000,SOL-USDT,15m,73.69,74.13,73.62,74.13,7895.563335,583734.22521521,583734.22521521,1
2026-08-07 22:30:00+08:00,2026-08-07 22:45:00+08:00,1786113000000,SOL-USDT,15m,74.13,74.23,73.96,73.98,14209.983503,1053394.22693149,1053394.22693149,1
2026-08-07 22:45:00+08:00,2026-08-07 23:00:00+08:00,1786113900000,SOL-USDT,15m,73.97,74.02,73.57,73.72,6882.470768,507780.70214435,507780.70214435,1
2026-08-07 23:00:00+08:00,2026-08-07 23:15:00+08:00,1786114800000,SOL-USDT,15m,73.73,73.95,73.71,73.87,4763.153022,351655.67860331,351655.67860331,1
2026-08-07 23:15:00+08:00,2026-08-07 23:30:00+08:00,1786115700000,SOL-USDT,15m,73.86,73.86,73.72,73.78,4400.272801,324651.98296072,324651.98296072,1
2026-08-07 23:30:00+08:00,2026-08-07 23:45:00+08:00,1786116600000,SOL-USDT,15m,73.77,73.98,73.73,73.93,2123.485429,156873.41550942,156873.41550942,1
2026-08-07 23:45:00+08:00,2026-08-08 00:00:00+08:00,1786117500000,SOL-USDT,15m,73.93,73.97,73.86,73.9,2158.683601,159525.87779043,159525.87779043,1
2026-08-08 00:00:00+08:00,2026-08-08 00:15:00+08:00,1786118400000,SOL-USDT,15m,73.91,74.13,73.91,74.09,4279.059422,316679.3249394,316679.3249394,1
2026-08-08 00:15:00+08:00,2026-08-08 00:30:00+08:00,1786119300000,SOL-USDT,15m,74.08,74.09,73.84,73.86,4501.168918,332996.9645283,332996.9645283,1
2026-08-08 00:30:00+08:00,2026-08-08 00:45:00+08:00,1786120200000,SOL-USDT,15m,73.87,73.9,73.74,73.79,5441.938489,401682.16160807,401682.16160807,1
2026-08-08 00:45:00+08:00,2026-08-08 01:00:00+08:00,1786121100000,SOL-USDT,15m,73.79,73.84,73.59,73.59,2734.400909,201522.93145788,201522.93145788,1
2026-08-08 01:00:00+08:00,2026-08-08 01:15:00+08:00,1786122000000,SOL-USDT,15m,73.58,73.59,73.32,73.33,5737.694164,421504.36219907,421504.36219907,1
2026-08-08 01:15:00+08:00,2026-08-08 01:30:00+08:00,1786122900000,SOL-USDT,15m,73.33,73.43,73.27,73.29,5463.068955,400632.38088276,400632.38088276,1
2026-08-08 01:30:00+08:00,2026-08-08 01:45:00+08:00,1786123800000,SOL-USDT,15m,73.28,73.45,73.2,73.37,7011.315342,514057.32500587,514057.32500587,1
2026-08-08 01:45:00+08:00,2026-08-08 02:00:00+08:00,1786124700000,SOL-USDT,15m,73.37,73.44,73.23,73.44,3885.631468,284912.03809172,284912.03809172,1
2026-08-08 02:00:00+08:00,2026-08-08 02:15:00+08:00,1786125600000,SOL-USDT,15m,73.43,73.58,73.41,73.52,4438.634874,326246.94584879,326246.94584879,1
2026-08-08 02:15:00+08:00,2026-08-08 02:30:00+08:00,1786126500000,SOL-USDT,15m,73.52,73.58,73.49,73.49,1256.568242,92403.3219202,92403.3219202,1
2026-08-08 02:30:00+08:00,2026-08-08 02:45:00+08:00,1786127400000,SOL-USDT,15m,73.5,73.52,73.28,73.29,1552.364439,113956.08586234,113956.08586234,1
2026-08-08 02:45:00+08:00,2026-08-08 03:00:00+08:00,1786128300000,SOL-USDT,15m,73.29,73.45,73.28,73.42,1312.759277,96293.52793889,96293.52793889,1
2026-08-08 03:00:00+08:00,2026-08-08 03:15:00+08:00,1786129200000,SOL-USDT,15m,73.42,73.7,73.41,73.65,3641.770088,267908.32737575,267908.32737575,1
2026-08-08 03:15:00+08:00,2026-08-08 03:30:00+08:00,1786130100000,SOL-USDT,15m,73.66,73.89,73.66,73.83,5708.401799,421197.97301817,421197.97301817,1
2026-08-08 03:30:00+08:00,2026-08-08 03:45:00+08:00,1786131000000,SOL-USDT,15m,73.84,73.9,73.79,73.83,4414.888301,326049.06112193,326049.06112193,1
2026-08-08 03:45:00+08:00,2026-08-08 04:00:00+08:00,1786131900000,SOL-USDT,15m,73.83,74.04,73.83,74.02,8044.522371,594884.10318919,594884.10318919,1
2026-08-08 04:00:00+08:00,2026-08-08 04:15:00+08:00,1786132800000,SOL-USDT,15m,74.03,74.1,73.96,74.08,5150.435038,381352.87088494,381352.87088494,1
2026-08-08 04:15:00+08:00,2026-08-08 04:30:00+08:00,1786133700000,SOL-USDT,15m,74.07,74.1,74,74.01,3182.809335,235729.5198846,235729.5198846,1
2026-08-08 04:30:00+08:00,2026-08-08 04:45:00+08:00,1786134600000,SOL-USDT,15m,74.01,74.01,73.85,73.85,2254.491957,166633.20088798,166633.20088798,1
2026-08-08 04:45:00+08:00,2026-08-08 05:00:00+08:00,1786135500000,SOL-USDT,15m,73.85,73.88,73.8,73.83,1824.856955,134736.39132825,134736.39132825,1
2026-08-08 05:00:00+08:00,2026-08-08 05:15:00+08:00,1786136400000,SOL-USDT,15m,73.84,73.88,73.78,73.82,1579.138993,116580.6727212,116580.6727212,1
2026-08-08 05:15:00+08:00,2026-08-08 05:30:00+08:00,1786137300000,SOL-USDT,15m,73.82,73.89,73.64,73.74,7066.462942,521335.23264922,521335.23264922,1
2026-08-08 05:30:00+08:00,2026-08-08 05:45:00+08:00,1786138200000,SOL-USDT,15m,73.73,73.86,73.69,73.75,4012.609725,295955.42142812,295955.42142812,1
2026-08-08 05:45:00+08:00,2026-08-08 06:00:00+08:00,1786139100000,SOL-USDT,15m,73.76,73.76,73.61,73.67,2677.608044,197268.96364137,197268.96364137,1
2026-08-08 06:00:00+08:00,2026-08-08 06:15:00+08:00,1786140000000,SOL-USDT,15m,73.67,73.7,73.6,73.69,1842.067259,135660.92758244,135660.92758244,1
2026-08-08 06:15:00+08:00,2026-08-08 06:30:00+08:00,1786140900000,SOL-USDT,15m,73.7,73.74,73.69,73.69,1693.642124,124849.51735468,124849.51735468,1
2026-08-08 06:30:00+08:00,2026-08-08 06:45:00+08:00,1786141800000,SOL-USDT,15m,73.69,73.7,73.6,73.62,1194.054507,87937.02624705,87937.02624705,1
2026-08-08 06:45:00+08:00,2026-08-08 07:00:00+08:00,1786142700000,SOL-USDT,15m,73.62,73.66,73.61,73.65,909.34945,66950.87292628,66950.87292628,1
2026-08-08 07:00:00+08:00,2026-08-08 07:15:00+08:00,1786143600000,SOL-USDT,15m,73.66,73.76,73.65,73.76,1349.085733,99451.04726486,99451.04726486,1
2026-08-08 07:15:00+08:00,2026-08-08 07:30:00+08:00,1786144500000,SOL-USDT,15m,73.76,73.76,73.65,73.65,1313.886191,96852.33477024,96852.33477024,1
2026-08-08 07:30:00+08:00,2026-08-08 07:45:00+08:00,1786145400000,SOL-USDT,15m,73.64,73.74,73.62,73.74,1887.510748,139089.3699484,139089.3699484,1
2026-08-08 07:45:00+08:00,2026-08-08 08:00:00+08:00,1786146300000,SOL-USDT,15m,73.74,73.79,73.68,73.68,1856.274667,136906.75820547,136906.75820547,1
2026-08-08 08:00:00+08:00,2026-08-08 08:15:00+08:00,1786147200000,SOL-USDT,15m,73.67,73.74,73.62,73.66,4330.308304,318977.47021786,318977.47021786,1
2026-08-08 08:15:00+08:00,2026-08-08 08:30:00+08:00,1786148100000,SOL-USDT,15m,73.66,73.67,73.59,73.67,1883.285479,138662.66288673,138662.66288673,1
2026-08-08 08:30:00+08:00,2026-08-08 08:45:00+08:00,1786149000000,SOL-USDT,15m,73.66,73.7,73.64,73.7,1698.562473,125145.47283727,125145.47283727,1
2026-08-08 08:45:00+08:00,2026-08-08 09:00:00+08:00,1786149900000,SOL-USDT,15m,73.7,73.76,73.66,73.72,3750.03082,276429.03419912,276429.03419912,1
2026-08-08 09:00:00+08:00,2026-08-08 09:15:00+08:00,1786150800000,SOL-USDT,15m,73.73,73.78,73.69,73.76,3428.15388,252778.22889724,252778.22889724,1
2026-08-08 09:15:00+08:00,2026-08-08 09:30:00+08:00,1786151700000,SOL-USDT,15m,73.77,73.84,73.73,73.84,1767.685943,130444.40938923,130444.40938923,1
2026-08-08 09:30:00+08:00,2026-08-08 09:45:00+08:00,1786152600000,SOL-USDT,15m,73.83,73.96,73.81,73.96,2440.768385,180368.69706224,180368.69706224,1
2026-08-08 09:45:00+08:00,2026-08-08 10:00:00+08:00,1786153500000,SOL-USDT,15m,73.96,73.96,73.88,73.89,2344.656444,173268.79412196,173268.79412196,1
2026-08-08 10:00:00+08:00,2026-08-08 10:15:00+08:00,1786154400000,SOL-USDT,15m,73.89,73.97,73.88,73.95,2055.528163,151928.35337257,151928.35337257,1
2026-08-08 10:15:00+08:00,2026-08-08 10:30:00+08:00,1786155300000,SOL-USDT,15m,73.96,73.97,73.93,73.95,1863.950179,137815.6381031,137815.6381031,1
2026-08-08 10:30:00+08:00,2026-08-08 10:45:00+08:00,1786156200000,SOL-USDT,15m,73.95,73.98,73.94,73.94,3227.615768,238710.13687528,238710.13687528,1
2026-08-08 10:45:00+08:00,2026-08-08 11:00:00+08:00,1786157100000,SOL-USDT,15m,73.94,73.94,73.85,73.86,2328.172119,172049.66156701,172049.66156701,1
2026-08-08 11:00:00+08:00,2026-08-08 11:15:00+08:00,1786158000000,SOL-USDT,15m,73.87,73.98,73.86,73.97,3838.08043,283697.36210402,283697.36210402,1
2026-08-08 11:15:00+08:00,2026-08-08 11:30:00+08:00,1786158900000,SOL-USDT,15m,73.98,74.2,73.97,74.15,4036.187904,299045.93400497,299045.93400497,1
2026-08-08 11:30:00+08:00,2026-08-08 11:45:00+08:00,1786159800000,SOL-USDT,15m,74.16,74.55,74.16,74.46,26753.608693,1990387.88782213,1990387.88782213,1
2026-08-08 11:45:00+08:00,2026-08-08 12:00:00+08:00,1786160700000,SOL-USDT,15m,74.47,75,74.44,74.83,26825.614832,2004176.18650602,2004176.18650602,1
2026-08-08 12:00:00+08:00,2026-08-08 12:15:00+08:00,1786161600000,SOL-USDT,15m,74.84,75.14,74.65,74.69,32146.953721,2408621.38897643,2408621.38897643,1
2026-08-08 12:15:00+08:00,2026-08-08 12:30:00+08:00,1786162500000,SOL-USDT,15m,74.7,74.77,74.6,74.61,12243.757763,914375.05299984,914375.05299984,1
2026-08-08 12:30:00+08:00,2026-08-08 12:45:00+08:00,1786163400000,SOL-USDT,15m,74.6,74.76,74.6,74.66,4820.550506,360042.27911006,360042.27911006,1
2026-08-08 12:45:00+08:00,2026-08-08 13:00:00+08:00,1786164300000,SOL-USDT,15m,74.67,74.7,74.6,74.65,2389.623424,178388.13713088,178388.13713088,1
2026-08-08 13:00:00+08:00,2026-08-08 13:15:00+08:00,1786165200000,SOL-USDT,15m,74.65,74.65,74.58,74.59,2628.87353,196132.85174585,196132.85174585,1
2026-08-08 13:15:00+08:00,2026-08-08 13:30:00+08:00,1786166100000,SOL-USDT,15m,74.58,74.72,74.53,74.7,3663.078361,273312.34179883,273312.34179883,1
2026-08-08 13:30:00+08:00,2026-08-08 13:45:00+08:00,1786167000000,SOL-USDT,15m,74.69,74.76,74.59,74.59,4062.934666,303460.38978408,303460.38978408,1
2026-08-08 13:45:00+08:00,2026-08-08 14:00:00+08:00,1786167900000,SOL-USDT,15m,74.59,74.66,74.49,74.66,5061.877429,377381.30691633,377381.30691633,1
2026-08-08 14:00:00+08:00,2026-08-08 14:15:00+08:00,1786168800000,SOL-USDT,15m,74.67,74.69,74.57,74.65,1852.755956,138287.83880613,138287.83880613,1
2026-08-08 14:15:00+08:00,2026-08-08 14:30:00+08:00,1786169700000,SOL-USDT,15m,74.65,74.75,74.58,74.75,3169.709256,236683.53896613,236683.53896613,1
2026-08-08 14:30:00+08:00,2026-08-08 14:45:00+08:00,1786170600000,SOL-USDT,15m,74.75,74.78,74.68,74.74,5785.021431,432296.34851784,432296.34851784,1
2026-08-08 14:45:00+08:00,2026-08-08 15:00:00+08:00,1786171500000,SOL-USDT,15m,74.73,74.84,74.71,74.72,2428.672986,181614.84676578,181614.84676578,1
2026-08-08 15:00:00+08:00,2026-08-08 15:15:00+08:00,1786172400000,SOL-USDT,15m,74.73,74.83,74.72,74.73,3803.841533,284463.36598435,284463.36598435,1
2026-08-08 15:15:00+08:00,2026-08-08 15:30:00+08:00,1786173300000,SOL-USDT,15m,74.73,74.74,74.67,74.7,1790.543658,133781.13675811,133781.13675811,1
2026-08-08 15:30:00+08:00,2026-08-08 15:45:00+08:00,1786174200000,SOL-USDT,15m,74.7,74.75,74.65,74.72,2472.055662,184634.1731431,184634.1731431,1
2026-08-08 15:45:00+08:00,2026-08-08 16:00:00+08:00,1786175100000,SOL-USDT,15m,74.72,74.83,74.71,74.81,1325.891732,99118.30080715,99118.30080715,1
2026-08-08 16:00:00+08:00,2026-08-08 16:15:00+08:00,1786176000000,SOL-USDT,15m,74.82,74.84,74.77,74.8,1430.195417,106969.21896434,106969.21896434,1
2026-08-08 16:15:00+08:00,2026-08-08 16:30:00+08:00,1786176900000,SOL-USDT,15m,74.8,74.84,74.69,74.84,3543.640079,264893.19565389,264893.19565389,1
2026-08-08 16:30:00+08:00,2026-08-08 16:45:00+08:00,1786177800000,SOL-USDT,15m,74.83,74.93,74.79,74.8,3272.234002,244946.04932068,244946.04932068,1
2026-08-08 16:45:00+08:00,2026-08-08 17:00:00+08:00,1786178700000,SOL-USDT,15m,74.79,74.85,74.71,74.8,3880.137532,290122.84907306,290122.84907306,1
2026-08-08 17:00:00+08:00,2026-08-08 17:15:00+08:00,1786179600000,SOL-USDT,15m,74.81,74.87,74.8,74.84,1727.575235,129284.98009995,129284.98009995,1
2026-08-08 17:15:00+08:00,2026-08-08 17:30:00+08:00,1786180500000,SOL-USDT,15m,74.84,74.96,74.84,74.95,2678.810449,200679.7188117,200679.7188117,1
2026-08-08 17:30:00+08:00,2026-08-08 17:45:00+08:00,1786181400000,SOL-USDT,15m,74.95,75.02,74.83,74.84,4743.284252,355395.38041422,355395.38041422,1
2026-08-08 17:45:00+08:00,2026-08-08 18:00:00+08:00,1786182300000,SOL-USDT,15m,74.84,74.92,74.83,74.86,1111.149347,83199.11133848,83199.11133848,1
2026-08-08 18:00:00+08:00,2026-08-08 18:15:00+08:00,1786183200000,SOL-USDT,15m,74.87,74.98,74.87,74.92,2181.059795,163449.32722418,163449.32722418,1
2026-08-08 18:15:00+08:00,2026-08-08 18:30:00+08:00,1786184100000,SOL-USDT,15m,74.92,75.02,74.9,74.99,3989.845877,299047.16455301,299047.16455301,1
2026-08-08 18:30:00+08:00,2026-08-08 18:45:00+08:00,1786185000000,SOL-USDT,15m,74.99,75.03,74.94,75.02,2439.04395,182882.54376834,182882.54376834,1
2026-08-08 18:45:00+08:00,2026-08-08 19:00:00+08:00,1786185900000,SOL-USDT,15m,75.03,75.17,75.03,75.09,6662.302187,500298.68523574,500298.68523574,1
2026-08-08 19:00:00+08:00,2026-08-08 19:15:00+08:00,1786186800000,SOL-USDT,15m,75.08,75.66,75.06,75.43,25880.648873,1951609.58086191,1951609.58086191,1
2026-08-08 19:15:00+08:00,2026-08-08 19:30:00+08:00,1786187700000,SOL-USDT,15m,75.44,75.44,75.24,75.26,4789.404804,360698.48549552,360698.48549552,1
2026-08-08 19:30:00+08:00,2026-08-08 19:45:00+08:00,1786188600000,SOL-USDT,15m,75.25,75.28,75.19,75.24,4345.376671,326899.85251598,326899.85251598,1
2026-08-08 19:45:00+08:00,2026-08-08 20:00:00+08:00,1786189500000,SOL-USDT,15m,75.24,75.7,75.21,75.6,11499.962123,867610.4561716,867610.4561716,1
2026-08-08 20:00:00+08:00,2026-08-08 20:15:00+08:00,1786190400000,SOL-USDT,15m,75.6,75.67,75.46,75.59,15033.645052,1136332.50996999,1136332.50996999,1
2026-08-08 20:15:00+08:00,2026-08-08 20:30:00+08:00,1786191300000,SOL-USDT,15m,75.59,75.59,75.36,75.38,6639.107698,500707.17153258,500707.17153258,1
2026-08-08 20:30:00+08:00,2026-08-08 20:45:00+08:00,1786192200000,SOL-USDT,15m,75.39,75.5,75.39,75.49,3079.080389,232303.54546005,232303.54546005,1
2026-08-08 20:45:00+08:00,2026-08-08 21:00:00+08:00,1786193100000,SOL-USDT,15m,75.49,75.6,75.42,75.44,2750.334187,207728.83274801,207728.83274801,1
2026-08-08 21:00:00+08:00,2026-08-08 21:15:00+08:00,1786194000000,SOL-USDT,15m,75.44,75.52,75.42,75.44,2360.491639,178146.79582465,178146.79582465,1
2026-08-08 21:15:00+08:00,2026-08-08 21:30:00+08:00,1786194900000,SOL-USDT,15m,75.44,75.53,75.44,75.52,2643.750132,199584.10669049,199584.10669049,1
2026-08-08 21:30:00+08:00,2026-08-08 21:45:00+08:00,1786195800000,SOL-USDT,15m,75.52,75.53,75.44,75.49,3969.410033,299616.79612497,299616.79612497,1
2026-08-08 21:45:00+08:00,2026-08-08 22:00:00+08:00,1786196700000,SOL-USDT,15m,75.5,75.56,75.48,75.54,2736.743821,206653.52440087,206653.52440087,1
2026-08-08 22:00:00+08:00,2026-08-08 22:15:00+08:00,1786197600000,SOL-USDT,15m,75.54,75.77,75.54,75.65,6722.174703,508707.59509684,508707.59509684,1
2026-08-08 22:15:00+08:00,2026-08-08 22:30:00+08:00,1786198500000,SOL-USDT,15m,75.64,75.88,75.59,75.82,7194.049566,544992.58239438,544992.58239438,1
2026-08-08 22:30:00+08:00,2026-08-08 22:45:00+08:00,1786199400000,SOL-USDT,15m,75.82,76.16,75.79,75.97,11068.297569,841044.42933275,841044.42933275,1
2026-08-08 22:45:00+08:00,2026-08-08 23:00:00+08:00,1786200300000,SOL-USDT,15m,75.97,76.62,75.97,76.48,22264.698855,1701385.3052772,1701385.3052772,1
2026-08-08 23:00:00+08:00,2026-08-08 23:15:00+08:00,1786201200000,SOL-USDT,15m,76.49,76.69,76.42,76.66,13724.013997,1050674.24842482,1050674.24842482,1
2026-08-08 23:15:00+08:00,2026-08-08 23:30:00+08:00,1786202100000,SOL-USDT,15m,76.66,76.82,76.49,76.49,12880.989139,987032.5310928,987032.5310928,1
2026-08-08 23:30:00+08:00,2026-08-08 23:45:00+08:00,1786203000000,SOL-USDT,15m,76.5,76.51,76.33,76.35,8704.810915,665048.1684183,665048.1684183,1
2026-08-08 23:45:00+08:00,2026-08-09 00:00:00+08:00,1786203900000,SOL-USDT,15m,76.34,76.47,76.24,76.39,6322.96567,482793.41284115,482793.41284115,1
2026-08-09 00:00:00+08:00,2026-08-09 00:15:00+08:00,1786204800000,SOL-USDT,15m,76.39,76.5,76.33,76.35,6602.028223,504499.74792614,504499.74792614,1
2026-08-09 00:15:00+08:00,2026-08-09 00:30:00+08:00,1786205700000,SOL-USDT,15m,76.36,76.46,76.25,76.31,4354.709391,332408.5450222,332408.5450222,1
2026-08-09 00:30:00+08:00,2026-08-09 00:45:00+08:00,1786206600000,SOL-USDT,15m,76.31,76.32,76.16,76.26,4017.677942,306281.93785815,306281.93785815,1
2026-08-09 00:45:00+08:00,2026-08-09 01:00:00+08:00,1786207500000,SOL-USDT,15m,76.27,76.4,76.24,76.37,3756.377773,286642.39595498,286642.39595498,1
2026-08-09 01:00:00+08:00,2026-08-09 01:15:00+08:00,1786208400000,SOL-USDT,15m,76.38,76.4,76.27,76.36,4282.776958,326989.44532922,326989.44532922,1
2026-08-09 01:15:00+08:00,2026-08-09 01:30:00+08:00,1786209300000,SOL-USDT,15m,76.36,76.45,76.32,76.45,4703.246769,359200.59009246,359200.59009246,1
2026-08-09 01:30:00+08:00,2026-08-09 01:45:00+08:00,1786210200000,SOL-USDT,15m,76.44,76.49,76.34,76.4,2923.823079,223460.84210821,223460.84210821,1
2026-08-09 01:45:00+08:00,2026-08-09 02:00:00+08:00,1786211100000,SOL-USDT,15m,76.4,76.44,76.37,76.39,2033.821065,155402.046953,155402.046953,1
2026-08-09 02:00:00+08:00,2026-08-09 02:15:00+08:00,1786212000000,SOL-USDT,15m,76.38,76.38,76.25,76.27,2849.1767,217409.56187302,217409.56187302,1
2026-08-09 02:15:00+08:00,2026-08-09 02:30:00+08:00,1786212900000,SOL-USDT,15m,76.26,76.29,76.08,76.08,4572.656718,348450.77597267,348450.77597267,1
2026-08-09 02:30:00+08:00,2026-08-09 02:45:00+08:00,1786213800000,SOL-USDT,15m,76.09,76.2,76.08,76.15,2506.492344,190847.48637826,190847.48637826,1
2026-08-09 02:45:00+08:00,2026-08-09 03:00:00+08:00,1786214700000,SOL-USDT,15m,76.15,76.19,76.11,76.14,1107.855631,84362.87783077,84362.87783077,1
2026-08-09 03:00:00+08:00,2026-08-09 03:15:00+08:00,1786215600000,SOL-USDT,15m,76.14,76.16,76.08,76.1,1559.432352,118677.87613847,118677.87613847,1
2026-08-09 03:15:00+08:00,2026-08-09 03:30:00+08:00,1786216500000,SOL-USDT,15m,76.1,76.12,76,76.01,4390.884187,333943.2909291,333943.2909291,1
2026-08-09 03:30:00+08:00,2026-08-09 03:45:00+08:00,1786217400000,SOL-USDT,15m,76,76.1,75.98,76.1,3649.769549,277438.92631661,277438.92631661,1
2026-08-09 03:45:00+08:00,2026-08-09 04:00:00+08:00,1786218300000,SOL-USDT,15m,76.1,76.31,76.08,76.16,9170.750403,698647.38680744,698647.38680744,1
2026-08-09 04:00:00+08:00,2026-08-09 04:15:00+08:00,1786219200000,SOL-USDT,15m,76.16,76.26,76.15,76.26,2018.731134,153844.18498604,153844.18498604,1
2026-08-09 04:15:00+08:00,2026-08-09 04:30:00+08:00,1786220100000,SOL-USDT,15m,76.26,76.28,76.15,76.18,1161.780108,88528.37509227,88528.37509227,1
2026-08-09 04:30:00+08:00,2026-08-09 04:45:00+08:00,1786221000000,SOL-USDT,15m,76.18,76.27,76.18,76.27,1794.564099,136790.51981059,136790.51981059,1
2026-08-09 04:45:00+08:00,2026-08-09 05:00:00+08:00,1786221900000,SOL-USDT,15m,76.26,76.27,76.21,76.27,1657.979996,126391.97339858,126391.97339858,1
2026-08-09 05:00:00+08:00,2026-08-09 05:15:00+08:00,1786222800000,SOL-USDT,15m,76.26,76.36,76.25,76.29,2022.247358,154321.15114169,154321.15114169,1
2026-08-09 05:15:00+08:00,2026-08-09 05:30:00+08:00,1786223700000,SOL-USDT,15m,76.29,76.36,76.28,76.33,2646.87314,202035.14964748,202035.14964748,1
2026-08-09 05:30:00+08:00,2026-08-09 05:45:00+08:00,1786224600000,SOL-USDT,15m,76.33,76.33,76.2,76.24,1646.755624,125585.86789303,125585.86789303,1
2026-08-09 05:45:00+08:00,2026-08-09 06:00:00+08:00,1786225500000,SOL-USDT,15m,76.23,76.26,76.15,76.22,1845.063206,140616.08021074,140616.08021074,1
2026-08-09 06:00:00+08:00,2026-08-09 06:15:00+08:00,1786226400000,SOL-USDT,15m,76.22,76.27,76.18,76.19,1375.104427,104807.10953375,104807.10953375,1
2026-08-09 06:15:00+08:00,2026-08-09 06:30:00+08:00,1786227300000,SOL-USDT,15m,76.19,76.29,76.18,76.24,1476.47374,112579.79502662,112579.79502662,1
2026-08-09 06:30:00+08:00,2026-08-09 06:45:00+08:00,1786228200000,SOL-USDT,15m,76.25,76.27,76.13,76.14,1151.481072,87734.00080159,87734.00080159,1
2026-08-09 06:45:00+08:00,2026-08-09 07:00:00+08:00,1786229100000,SOL-USDT,15m,76.14,76.14,75.87,75.92,5531.49083,420300.66009735,420300.66009735,1
2026-08-09 07:00:00+08:00,2026-08-09 07:15:00+08:00,1786230000000,SOL-USDT,15m,75.92,75.93,75.79,75.85,2562.832999,194434.38736243,194434.38736243,1
2026-08-09 07:15:00+08:00,2026-08-09 07:30:00+08:00,1786230900000,SOL-USDT,15m,75.84,75.94,75.79,75.91,4296.423747,325949.42945145,325949.42945145,1
2026-08-09 07:30:00+08:00,2026-08-09 07:45:00+08:00,1786231800000,SOL-USDT,15m,75.9,76.09,75.89,76.09,2688.546994,204355.82178093,204355.82178093,1
2026-08-09 07:45:00+08:00,2026-08-09 08:00:00+08:00,1786232700000,SOL-USDT,15m,76.09,76.09,76,76.01,1526.751772,116087.94844625,116087.94844625,1
2026-08-09 08:00:00+08:00,2026-08-09 08:15:00+08:00,1786233600000,SOL-USDT,15m,76.02,76.06,75.97,75.99,2763.424851,210036.12084233,210036.12084233,1
2026-08-09 08:15:00+08:00,2026-08-09 08:30:00+08:00,1786234500000,SOL-USDT,15m,76,76,75.9,75.93,2605.872176,197923.0642108,197923.0642108,1
2026-08-09 08:30:00+08:00,2026-08-09 08:45:00+08:00,1786235400000,SOL-USDT,15m,75.92,76.01,75.89,75.96,1921.432943,145891.28490968,145891.28490968,1
2026-08-09 08:45:00+08:00,2026-08-09 09:00:00+08:00,1786236300000,SOL-USDT,15m,75.96,76.02,75.85,76.01,2315.137507,175772.80578488,175772.80578488,1
2026-08-09 09:00:00+08:00,2026-08-09 09:15:00+08:00,1786237200000,SOL-USDT,15m,76.02,76.09,75.93,75.96,4188.96022,318439.90485943,318439.90485943,1
2026-08-09 09:15:00+08:00,2026-08-09 09:30:00+08:00,1786238100000,SOL-USDT,15m,75.96,75.96,75.78,75.78,8388.520347,636050.06616724,636050.06616724,1
2026-08-09 09:30:00+08:00,2026-08-09 09:45:00+08:00,1786239000000,SOL-USDT,15m,75.78,75.88,75.75,75.87,1112.642302,84365.28787589,84365.28787589,1
2026-08-09 09:45:00+08:00,2026-08-09 10:00:00+08:00,1786239900000,SOL-USDT,15m,75.87,75.93,75.82,75.89,3410.80416,258804.09640553,258804.09640553,1
2026-08-09 10:00:00+08:00,2026-08-09 10:15:00+08:00,1786240800000,SOL-USDT,15m,75.89,75.91,75.8,75.9,2820.436916,213996.48256998,213996.48256998,1
2026-08-09 10:15:00+08:00,2026-08-09 10:30:00+08:00,1786241700000,SOL-USDT,15m,75.89,75.95,75.83,75.93,3968.347883,301214.92263138,301214.92263138,1
2026-08-09 10:30:00+08:00,2026-08-09 10:45:00+08:00,1786242600000,SOL-USDT,15m,75.92,76,75.89,75.89,3219.468661,244517.16923199,244517.16923199,1
2026-08-09 10:45:00+08:00,2026-08-09 11:00:00+08:00,1786243500000,SOL-USDT,15m,75.89,75.94,75.82,75.88,3990.995672,302742.67933148,302742.67933148,1
2026-08-09 11:00:00+08:00,2026-08-09 11:15:00+08:00,1786244400000,SOL-USDT,15m,75.88,75.88,75.78,75.8,1268.064192,96146.12597148,96146.12597148,1
2026-08-09 11:15:00+08:00,2026-08-09 11:30:00+08:00,1786245300000,SOL-USDT,15m,75.8,76.01,75.77,76,2674.662887,203033.2497379,203033.2497379,1
2026-08-09 11:30:00+08:00,2026-08-09 11:45:00+08:00,1786246200000,SOL-USDT,15m,76,76.06,75.97,75.98,4500.395875,342138.5310171,342138.5310171,1
2026-08-09 11:45:00+08:00,2026-08-09 12:00:00+08:00,1786247100000,SOL-USDT,15m,75.99,76.05,75.97,76,1150.114651,87425.67248417,87425.67248417,1
2026-08-09 12:00:00+08:00,2026-08-09 12:15:00+08:00,1786248000000,SOL-USDT,15m,75.99,76.12,75.99,76.11,1450.396972,110361.34278368,110361.34278368,1
2026-08-09 12:15:00+08:00,2026-08-09 12:30:00+08:00,1786248900000,SOL-USDT,15m,76.1,76.11,76.01,76.08,9401.101028,715053.77841471,715053.77841471,1
2026-08-09 12:30:00+08:00,2026-08-09 12:45:00+08:00,1786249800000,SOL-USDT,15m,76.07,76.07,75.96,76.04,1739.887688,132254.7427434,132254.7427434,1
2026-08-09 12:45:00+08:00,2026-08-09 13:00:00+08:00,1786250700000,SOL-USDT,15m,76.05,76.05,75.96,75.98,1045.386475,79444.9747934,79444.9747934,1
2026-08-09 13:00:00+08:00,2026-08-09 13:15:00+08:00,1786251600000,SOL-USDT,15m,75.98,76.05,75.97,75.99,5738.122481,436198.6316613,436198.6316613,1
2026-08-09 13:15:00+08:00,2026-08-09 13:30:00+08:00,1786252500000,SOL-USDT,15m,75.98,76.03,75.95,75.96,988.124162,75069.77595568,75069.77595568,1
2026-08-09 13:30:00+08:00,2026-08-09 13:45:00+08:00,1786253400000,SOL-USDT,15m,75.96,75.97,75.89,75.95,1673.669132,127096.63085534,127096.63085534,1
2026-08-09 13:45:00+08:00,2026-08-09 14:00:00+08:00,1786254300000,SOL-USDT,15m,75.95,76.04,75.95,76.01,3139.471643,238592.29930096,238592.29930096,1
2026-08-09 14:00:00+08:00,2026-08-09 14:15:00+08:00,1786255200000,SOL-USDT,15m,76.01,76.06,75.97,76.02,1782.143082,135457.64163218,135457.64163218,1
2026-08-09 14:15:00+08:00,2026-08-09 14:30:00+08:00,1786256100000,SOL-USDT,15m,76.03,76.29,76.02,76.24,8275.444212,630395.82317017,630395.82317017,1
2026-08-09 14:30:00+08:00,2026-08-09 14:45:00+08:00,1786257000000,SOL-USDT,15m,76.25,76.39,76.24,76.32,4578.150902,349440.89691606,349440.89691606,1
2026-08-09 14:45:00+08:00,2026-08-09 15:00:00+08:00,1786257900000,SOL-USDT,15m,76.32,76.49,76.32,76.42,7245.594425,553635.64671972,553635.64671972,1
2026-08-09 15:00:00+08:00,2026-08-09 15:15:00+08:00,1786258800000,SOL-USDT,15m,76.42,76.47,76.33,76.44,4255.692463,325113.03633366,325113.03633366,1
2026-08-09 15:15:00+08:00,2026-08-09 15:30:00+08:00,1786259700000,SOL-USDT,15m,76.44,76.49,76.32,76.38,3822.674937,292013.54871295,292013.54871295,1
2026-08-09 15:30:00+08:00,2026-08-09 15:45:00+08:00,1786260600000,SOL-USDT,15m,76.38,76.39,76.24,76.27,2267.903056,173066.80419484,173066.80419484,1
2026-08-09 15:45:00+08:00,2026-08-09 16:00:00+08:00,1786261500000,SOL-USDT,15m,76.28,76.36,76.25,76.36,2187.567272,166909.84743555,166909.84743555,1
2026-08-09 16:00:00+08:00,2026-08-09 16:15:00+08:00,1786262400000,SOL-USDT,15m,76.36,76.57,76.34,76.44,6411.681351,490300.70323212,490300.70323212,1
2026-08-09 16:15:00+08:00,2026-08-09 16:30:00+08:00,1786263300000,SOL-USDT,15m,76.44,76.44,76.35,76.38,1702.823747,130085.67984872,130085.67984872,1
2026-08-09 16:30:00+08:00,2026-08-09 16:45:00+08:00,1786264200000,SOL-USDT,15m,76.38,76.44,76.13,76.14,4768.349804,363833.80553286,363833.80553286,1
2026-08-09 16:45:00+08:00,2026-08-09 17:00:00+08:00,1786265100000,SOL-USDT,15m,76.14,76.33,76.11,76.33,6702.96083,510786.79446201,510786.79446201,1
2026-08-09 17:00:00+08:00,2026-08-09 17:15:00+08:00,1786266000000,SOL-USDT,15m,76.32,76.47,76.29,76.45,2714.011158,207329.18409861,207329.18409861,1
2026-08-09 17:15:00+08:00,2026-08-09 17:30:00+08:00,1786266900000,SOL-USDT,15m,76.46,76.47,76.26,76.26,3467.734438,264800.67974572,264800.67974572,1
2026-08-09 17:30:00+08:00,2026-08-09 17:45:00+08:00,1786267800000,SOL-USDT,15m,76.26,76.54,76.25,76.47,6517.396684,498255.17082512,498255.17082512,1
2026-08-09 17:45:00+08:00,2026-08-09 18:00:00+08:00,1786268700000,SOL-USDT,15m,76.47,76.47,76.38,76.44,2395.240007,183044.9418879,183044.9418879,1
2026-08-09 18:00:00+08:00,2026-08-09 18:15:00+08:00,1786269600000,SOL-USDT,15m,76.45,76.55,76.42,76.54,3558.731375,272202.39334159,272202.39334159,1
2026-08-09 18:15:00+08:00,2026-08-09 18:30:00+08:00,1786270500000,SOL-USDT,15m,76.54,76.66,76.5,76.52,4299.070688,329274.87650771,329274.87650771,1
2026-08-09 18:30:00+08:00,2026-08-09 18:45:00+08:00,1786271400000,SOL-USDT,15m,76.52,76.54,76.42,76.44,1276.955989,97672.01619571,97672.01619571,1
2026-08-09 18:45:00+08:00,2026-08-09 19:00:00+08:00,1786272300000,SOL-USDT,15m,76.44,76.44,76.37,76.39,4152.316441,317258.60551525,317258.60551525,1
2026-08-09 19:00:00+08:00,2026-08-09 19:15:00+08:00,1786273200000,SOL-USDT,15m,76.39,76.45,76.34,76.43,1725.81833,131815.30611374,131815.30611374,1
2026-08-09 19:15:00+08:00,2026-08-09 19:30:00+08:00,1786274100000,SOL-USDT,15m,76.43,76.49,76.4,76.46,1210.019144,92483.61703037,92483.61703037,1
2026-08-09 19:30:00+08:00,2026-08-09 19:45:00+08:00,1786275000000,SOL-USDT,15m,76.47,76.54,76.44,76.49,2769.570259,211876.73319752,211876.73319752,1
2026-08-09 19:45:00+08:00,2026-08-09 20:00:00+08:00,1786275900000,SOL-USDT,15m,76.49,76.54,76.47,76.51,948.852216,72588.19456452,72588.19456452,1
2026-08-09 20:00:00+08:00,2026-08-09 20:15:00+08:00,1786276800000,SOL-USDT,15m,76.5,76.6,76.43,76.54,3616.642128,276717.78772023,276717.78772023,1
2026-08-09 20:15:00+08:00,2026-08-09 20:30:00+08:00,1786277700000,SOL-USDT,15m,76.54,76.54,76.43,76.43,1118.83103,85559.75067997,85559.75067997,1
2026-08-09 20:30:00+08:00,2026-08-09 20:45:00+08:00,1786278600000,SOL-USDT,15m,76.43,76.43,76.32,76.34,2407.931705,183899.62365207,183899.62365207,1
2026-08-09 20:45:00+08:00,2026-08-09 21:00:00+08:00,1786279500000,SOL-USDT,15m,76.34,76.41,76.34,76.37,2441.551566,186450.50735667,186450.50735667,1
2026-08-09 21:00:00+08:00,2026-08-09 21:15:00+08:00,1786280400000,SOL-USDT,15m,76.36,76.67,76.35,76.59,4895.53409,374657.21413421,374657.21413421,1
2026-08-09 21:15:00+08:00,2026-08-09 21:30:00+08:00,1786281300000,SOL-USDT,15m,76.59,76.88,76.59,76.72,9478.477987,727452.39094043,727452.39094043,1
2026-08-09 21:30:00+08:00,2026-08-09 21:45:00+08:00,1786282200000,SOL-USDT,15m,76.73,76.76,76.64,76.7,2735.324641,209795.74449794,209795.74449794,1
2026-08-09 21:45:00+08:00,2026-08-09 22:00:00+08:00,1786283100000,SOL-USDT,15m,76.7,76.7,76.57,76.57,1883.023176,144306.03038938,144306.03038938,1
2026-08-09 22:00:00+08:00,2026-08-09 22:15:00+08:00,1786284000000,SOL-USDT,15m,76.58,76.73,76.57,76.68,3510.714624,269172.72378958,269172.72378958,1
2026-08-09 22:15:00+08:00,2026-08-09 22:30:00+08:00,1786284900000,SOL-USDT,15m,76.69,76.71,76.6,76.69,2631.40929,201702.68123518,201702.68123518,1
2026-08-09 22:30:00+08:00,2026-08-09 22:45:00+08:00,1786285800000,SOL-USDT,15m,76.7,76.96,76.68,76.77,5694.604894,437447.38033686,437447.38033686,1
2026-08-09 22:45:00+08:00,2026-08-09 23:00:00+08:00,1786286700000,SOL-USDT,15m,76.77,77.08,76.72,77.03,19432.680951,1493922.84917722,1493922.84917722,1
2026-08-09 23:00:00+08:00,2026-08-09 23:15:00+08:00,1786287600000,SOL-USDT,15m,77.03,77.1,76.9,76.94,6893.552678,530836.93395723,530836.93395723,1
2026-08-09 23:15:00+08:00,2026-08-09 23:30:00+08:00,1786288500000,SOL-USDT,15m,76.93,76.96,76.85,76.92,2355.6275,181194.44108169,181194.44108169,1
2026-08-09 23:30:00+08:00,2026-08-09 23:45:00+08:00,1786289400000,SOL-USDT,15m,76.93,77.35,76.9,77.27,27017.439506,2085510.44176472,2085510.44176472,1
2026-08-09 23:45:00+08:00,2026-08-10 00:00:00+08:00,1786290300000,SOL-USDT,15m,77.27,77.46,77.11,77.42,18680.026923,1443798.36475268,1443798.36475268,1
2026-08-10 00:00:00+08:00,2026-08-10 00:15:00+08:00,1786291200000,SOL-USDT,15m,77.43,77.58,77.28,77.31,17909.741355,1386705.39149431,1386705.39149431,1
2026-08-10 00:15:00+08:00,2026-08-10 00:30:00+08:00,1786292100000,SOL-USDT,15m,77.31,77.36,77.09,77.1,7310.381624,564551.56016348,564551.56016348,1
2026-08-10 00:30:00+08:00,2026-08-10 00:45:00+08:00,1786293000000,SOL-USDT,15m,77.11,77.36,77.1,77.27,8434.1963,651512.80915968,651512.80915968,1
2026-08-10 00:45:00+08:00,2026-08-10 01:00:00+08:00,1786293900000,SOL-USDT,15m,77.28,77.35,77.26,77.34,3147.207296,243305.28386024,243305.28386024,1
2026-08-10 01:00:00+08:00,2026-08-10 01:15:00+08:00,1786294800000,SOL-USDT,15m,77.34,77.34,77.22,77.3,4746.00193,366795.13813677,366795.13813677,1
2026-08-10 01:15:00+08:00,2026-08-10 01:30:00+08:00,1786295700000,SOL-USDT,15m,77.29,77.34,77.23,77.26,2361.579345,182507.57964285,182507.57964285,1
2026-08-10 01:30:00+08:00,2026-08-10 01:45:00+08:00,1786296600000,SOL-USDT,15m,77.27,77.33,77.2,77.32,4194.327615,324115.8962641,324115.8962641,1
2026-08-10 01:45:00+08:00,2026-08-10 02:00:00+08:00,1786297500000,SOL-USDT,15m,77.33,77.33,77.14,77.18,1573.01836,121419.3418907,121419.3418907,1
2026-08-10 02:00:00+08:00,2026-08-10 02:15:00+08:00,1786298400000,SOL-USDT,15m,77.18,77.24,77.15,77.15,1917.420518,148050.81959308,148050.81959308,1
2026-08-10 02:15:00+08:00,2026-08-10 02:30:00+08:00,1786299300000,SOL-USDT,15m,77.16,77.22,77.1,77.2,2426.443262,187189.93654549,187189.93654549,1
2026-08-10 02:30:00+08:00,2026-08-10 02:45:00+08:00,1786300200000,SOL-USDT,15m,77.2,77.21,77.12,77.15,858.225027,66212.33201868,66212.33201868,1
2026-08-10 02:45:00+08:00,2026-08-10 03:00:00+08:00,1786301100000,SOL-USDT,15m,77.15,77.25,77.14,77.21,1759.079104,135821.85418417,135821.85418417,1
2026-08-10 03:00:00+08:00,2026-08-10 03:15:00+08:00,1786302000000,SOL-USDT,15m,77.2,77.25,77.15,77.16,1688.602011,130343.5875126,130343.5875126,1
2026-08-10 03:15:00+08:00,2026-08-10 03:30:00+08:00,1786302900000,SOL-USDT,15m,77.15,77.3,77.14,77.28,1008.812971,77909.18825784,77909.18825784,1
2026-08-10 03:30:00+08:00,2026-08-10 03:45:00+08:00,1786303800000,SOL-USDT,15m,77.28,77.33,77.25,77.31,2508.617033,193906.23116747,193906.23116747,1
2026-08-10 03:45:00+08:00,2026-08-10 04:00:00+08:00,1786304700000,SOL-USDT,15m,77.31,77.37,77.23,77.24,2118.318328,163750.51868024,163750.51868024,1
2026-08-10 04:00:00+08:00,2026-08-10 04:15:00+08:00,1786305600000,SOL-USDT,15m,77.23,77.25,77.08,77.08,1365.246711,105341.8607538,105341.8607538,1
2026-08-10 04:15:00+08:00,2026-08-10 04:30:00+08:00,1786306500000,SOL-USDT,15m,77.07,77.23,77.07,77.21,2185.01135,168546.35066767,168546.35066767,1
2026-08-10 04:30:00+08:00,2026-08-10 04:45:00+08:00,1786307400000,SOL-USDT,15m,77.21,77.26,77.21,77.26,1021.520449,78892.82310146,78892.82310146,1
2026-08-10 04:45:00+08:00,2026-08-10 05:00:00+08:00,1786308300000,SOL-USDT,15m,77.26,77.3,77.22,77.26,4539.224463,350670.64342628,350670.64342628,1
2026-08-10 05:00:00+08:00,2026-08-10 05:15:00+08:00,1786309200000,SOL-USDT,15m,77.27,77.28,77.16,77.23,1795.646861,138657.90716751,138657.90716751,1
2026-08-10 05:15:00+08:00,2026-08-10 05:30:00+08:00,1786310100000,SOL-USDT,15m,77.23,77.39,77.22,77.39,2121.339282,164030.78264914,164030.78264914,1
2026-08-10 05:30:00+08:00,2026-08-10 05:45:00+08:00,1786311000000,SOL-USDT,15m,77.39,77.47,77.37,77.41,2066.531732,159979.6270423,159979.6270423,1
2026-08-10 05:45:00+08:00,2026-08-10 06:00:00+08:00,1786311900000,SOL-USDT,15m,77.41,77.51,77.34,77.36,2866.243734,221943.28527521,221943.28527521,1
2026-08-10 06:00:00+08:00,2026-08-10 06:15:00+08:00,1786312800000,SOL-USDT,15m,77.37,77.86,77.37,77.71,11037.339419,857403.57365237,857403.57365237,1
2026-08-10 06:15:00+08:00,2026-08-10 06:30:00+08:00,1786313700000,SOL-USDT,15m,77.71,77.75,77.43,77.44,4361.231603,338270.01458355,338270.01458355,1
2026-08-10 06:30:00+08:00,2026-08-10 06:45:00+08:00,1786314600000,SOL-USDT,15m,77.45,77.49,76.93,77.06,12667.475153,976550.82741776,976550.82741776,1
2026-08-10 06:45:00+08:00,2026-08-10 07:00:00+08:00,1786315500000,SOL-USDT,15m,77.05,77.05,76.66,76.82,7676.556836,589831.40549468,589831.40549468,1
2026-08-10 07:00:00+08:00,2026-08-10 07:15:00+08:00,1786316400000,SOL-USDT,15m,76.8,76.91,76.7,76.7,3193.527208,245286.01353713,245286.01353713,1
2026-08-10 07:15:00+08:00,2026-08-10 07:30:00+08:00,1786317300000,SOL-USDT,15m,76.69,76.77,76.37,76.42,8100.724835,620372.23644518,620372.23644518,1
2026-08-10 07:30:00+08:00,2026-08-10 07:45:00+08:00,1786318200000,SOL-USDT,15m,76.42,76.52,76.23,76.34,12030.593767,918677.97836914,918677.97836914,1
2026-08-10 07:45:00+08:00,2026-08-10 08:00:00+08:00,1786319100000,SOL-USDT,15m,76.35,76.42,76.21,76.28,10984.20219,838235.7406042,838235.7406042,1
2026-08-10 08:00:00+08:00,2026-08-10 08:15:00+08:00,1786320000000,SOL-USDT,15m,76.27,77.04,76.22,76.77,16101.773265,1234262.66784936,1234262.66784936,1
2026-08-10 08:15:00+08:00,2026-08-10 08:30:00+08:00,1786320900000,SOL-USDT,15m,76.78,76.8,76.51,76.58,6387.338311,489680.33926909,489680.33926909,1
2026-08-10 08:30:00+08:00,2026-08-10 08:45:00+08:00,1786321800000,SOL-USDT,15m,76.57,76.65,76.32,76.35,5659.112895,432669.88167711,432669.88167711,1
2026-08-10 08:45:00+08:00,2026-08-10 09:00:00+08:00,1786322700000,SOL-USDT,15m,76.35,76.67,76.32,76.55,5636.592088,431505.0744111,431505.0744111,1
2026-08-10 09:00:00+08:00,2026-08-10 09:15:00+08:00,1786323600000,SOL-USDT,15m,76.55,76.78,76.47,76.68,5282.032083,404763.75697281,404763.75697281,1
2026-08-10 09:15:00+08:00,2026-08-10 09:30:00+08:00,1786324500000,SOL-USDT,15m,76.68,76.83,76.62,76.62,3201.764926,245760.256348,245760.256348,1
2026-08-10 09:30:00+08:00,2026-08-10 09:45:00+08:00,1786325400000,SOL-USDT,15m,76.62,76.68,76.41,76.6,3301.455518,252755.61564754,252755.61564754,1
2026-08-10 09:45:00+08:00,2026-08-10 10:00:00+08:00,1786326300000,SOL-USDT,15m,76.61,77.16,76.6,76.93,6940.735075,533955.29988606,533955.29988606,1
2026-08-10 10:00:00+08:00,2026-08-10 10:15:00+08:00,1786327200000,SOL-USDT,15m,76.93,76.95,76.7,76.78,5827.955935,447597.15550289,447597.15550289,1
2026-08-10 10:15:00+08:00,2026-08-10 10:30:00+08:00,1786328100000,SOL-USDT,15m,76.78,76.78,76.45,76.54,8250.475432,631492.52936252,631492.52936252,1
2026-08-10 10:30:00+08:00,2026-08-10 10:45:00+08:00,1786329000000,SOL-USDT,15m,76.54,76.89,76.54,76.89,3556.606489,272705.27297619,272705.27297619,1
2026-08-10 10:45:00+08:00,2026-08-10 11:00:00+08:00,1786329900000,SOL-USDT,15m,76.88,76.88,76.74,76.83,3467.285839,266296.33834212,266296.33834212,1
2026-08-10 11:00:00+08:00,2026-08-10 11:15:00+08:00,1786330800000,SOL-USDT,15m,76.82,76.83,76.51,76.52,5482.834277,420155.01933729,420155.01933729,1
2026-08-10 11:15:00+08:00,2026-08-10 11:30:00+08:00,1786331700000,SOL-USDT,15m,76.51,76.93,76.38,76.72,10627.604249,814941.08435407,814941.08435407,1
2026-08-10 11:30:00+08:00,2026-08-10 11:45:00+08:00,1786332600000,SOL-USDT,15m,76.72,76.85,76.69,76.73,2927.389604,224695.98082916,224695.98082916,1
2026-08-10 11:45:00+08:00,2026-08-10 12:00:00+08:00,1786333500000,SOL-USDT,15m,76.74,76.78,76.57,76.63,3313.539878,254029.83399709,254029.83399709,1
2026-08-10 12:00:00+08:00,2026-08-10 12:15:00+08:00,1786334400000,SOL-USDT,15m,76.64,76.75,76.62,76.73,2844.018864,218104.96792588,218104.96792588,1
2026-08-10 12:15:00+08:00,2026-08-10 12:30:00+08:00,1786335300000,SOL-USDT,15m,76.73,76.75,76.61,76.63,2612.316829,200327.12672892,200327.12672892,1
2026-08-10 12:30:00+08:00,2026-08-10 12:45:00+08:00,1786336200000,SOL-USDT,15m,76.64,76.66,76.45,76.56,4313.867513,330293.90202349,330293.90202349,1
2026-08-10 12:45:00+08:00,2026-08-10 13:00:00+08:00,1786337100000,SOL-USDT,15m,76.57,76.67,76.49,76.56,3591.766372,274956.51911346,274956.51911346,1
2026-08-10 13:00:00+08:00,2026-08-10 13:15:00+08:00,1786338000000,SOL-USDT,15m,76.56,76.72,76.55,76.6,2656.814592,203534.08823495,203534.08823495,1
2026-08-10 13:15:00+08:00,2026-08-10 13:30:00+08:00,1786338900000,SOL-USDT,15m,76.6,76.79,76.6,76.78,1785.546331,136983.06625004,136983.06625004,1
2026-08-10 13:30:00+08:00,2026-08-10 13:45:00+08:00,1786339800000,SOL-USDT,15m,76.78,76.85,76.73,76.83,1405.204923,107910.70660613,107910.70660613,1
2026-08-10 13:45:00+08:00,2026-08-10 14:00:00+08:00,1786340700000,SOL-USDT,15m,76.82,76.97,76.79,76.88,2687.619051,206696.27792078,206696.27792078,1
2026-08-10 14:00:00+08:00,2026-08-10 14:15:00+08:00,1786341600000,SOL-USDT,15m,76.88,77.06,76.86,76.93,3957.904314,304622.22027081,304622.22027081,1
2026-08-10 14:15:00+08:00,2026-08-10 14:30:00+08:00,1786342500000,SOL-USDT,15m,76.93,77,76.82,76.9,2655.564724,204260.17433252,204260.17433252,1
2026-08-10 14:30:00+08:00,2026-08-10 14:45:00+08:00,1786343400000,SOL-USDT,15m,76.9,76.99,76.89,76.99,3504.162153,269630.41368789,269630.41368789,1
2026-08-10 14:45:00+08:00,2026-08-10 15:00:00+08:00,1786344300000,SOL-USDT,15m,76.99,77.03,76.94,77,3020.150752,232523.93295195,232523.93295195,1
2026-08-10 15:00:00+08:00,2026-08-10 15:15:00+08:00,1786345200000,SOL-USDT,15m,77,77.01,76.86,76.86,2447.234134,188278.19293185,188278.19293185,1
2026-08-10 15:15:00+08:00,2026-08-10 15:30:00+08:00,1786346100000,SOL-USDT,15m,76.86,77.02,76.84,77,1985.340047,152775.55487737,152775.55487737,1
2026-08-10 15:30:00+08:00,2026-08-10 15:45:00+08:00,1786347000000,SOL-USDT,15m,76.99,77.11,76.99,77.05,8417.044894,648601.9892208,648601.9892208,1
2026-08-10 15:45:00+08:00,2026-08-10 16:00:00+08:00,1786347900000,SOL-USDT,15m,77.05,77.07,76.93,76.99,2041.147024,157146.44482728,157146.44482728,1
2026-08-10 16:00:00+08:00,2026-08-10 16:15:00+08:00,1786348800000,SOL-USDT,15m,76.99,77.12,76.95,76.96,4772.230597,367563.1716928,367563.1716928,1
2026-08-10 16:15:00+08:00,2026-08-10 16:30:00+08:00,1786349700000,SOL-USDT,15m,76.95,77.17,76.87,76.97,10239.630154,789004.98807752,789004.98807752,1
2026-08-10 16:30:00+08:00,2026-08-10 16:45:00+08:00,1786350600000,SOL-USDT,15m,76.97,76.99,76.69,76.85,11123.92057,854407.20296796,854407.20296796,1
2026-08-10 16:45:00+08:00,2026-08-10 17:00:00+08:00,1786351500000,SOL-USDT,15m,76.84,77,76.79,76.96,3138.12341,241323.53557418,241323.53557418,1
2026-08-10 17:00:00+08:00,2026-08-10 17:15:00+08:00,1786352400000,SOL-USDT,15m,76.95,77.03,76.91,77,3230.726661,248728.02584235,248728.02584235,1
2026-08-10 17:15:00+08:00,2026-08-10 17:30:00+08:00,1786353300000,SOL-USDT,15m,77.01,77.01,76.84,76.84,1778.341565,136828.50621664,136828.50621664,1
2026-08-10 17:30:00+08:00,2026-08-10 17:45:00+08:00,1786354200000,SOL-USDT,15m,76.84,76.84,76.7,76.75,5975.361102,458721.3442924,458721.3442924,1
2026-08-10 17:45:00+08:00,2026-08-10 18:00:00+08:00,1786355100000,SOL-USDT,15m,76.75,76.75,76.57,76.57,6775.205236,519354.95681978,519354.95681978,1
2026-08-10 18:00:00+08:00,2026-08-10 18:15:00+08:00,1786356000000,SOL-USDT,15m,76.58,76.69,76.54,76.57,5469.338894,418986.48813578,418986.48813578,1
2026-08-10 18:15:00+08:00,2026-08-10 18:30:00+08:00,1786356900000,SOL-USDT,15m,76.58,76.69,76.55,76.65,2327.892081,178343.93654234,178343.93654234,1
2026-08-10 18:30:00+08:00,2026-08-10 18:45:00+08:00,1786357800000,SOL-USDT,15m,76.66,76.86,76.59,76.79,5034.786074,386353.34832448,386353.34832448,1
2026-08-10 18:45:00+08:00,2026-08-10 19:00:00+08:00,1786358700000,SOL-USDT,15m,76.8,76.87,76.74,76.82,1365.425711,104884.18174812,104884.18174812,1
2026-08-10 19:00:00+08:00,2026-08-10 19:15:00+08:00,1786359600000,SOL-USDT,15m,76.83,76.85,76.68,76.73,2253.956606,172958.94131624,172958.94131624,1
2026-08-10 19:15:00+08:00,2026-08-10 19:30:00+08:00,1786360500000,SOL-USDT,15m,76.73,76.9,76.73,76.88,5248.996134,403173.08854055,403173.08854055,1
2026-08-10 19:30:00+08:00,2026-08-10 19:45:00+08:00,1786361400000,SOL-USDT,15m,76.88,76.94,76.84,76.84,1599.328144,122943.50632418,122943.50632418,1
2026-08-10 19:45:00+08:00,2026-08-10 20:00:00+08:00,1786362300000,SOL-USDT,15m,76.85,77.06,76.85,77.06,3678.664812,283078.17669414,283078.17669414,1
2026-08-10 20:00:00+08:00,2026-08-10 20:15:00+08:00,1786363200000,SOL-USDT,15m,77.06,77.13,76.95,77,12571.867324,968390.86147059,968390.86147059,1
2026-08-10 20:15:00+08:00,2026-08-10 20:30:00+08:00,1786364100000,SOL-USDT,15m,76.99,76.99,76.88,76.89,2755.44656,212000.34037974,212000.34037974,1
2026-08-10 20:30:00+08:00,2026-08-10 20:45:00+08:00,1786365000000,SOL-USDT,15m,76.89,76.89,76.69,76.86,9209.661747,707014.15152855,707014.15152855,1
2026-08-10 20:45:00+08:00,2026-08-10 21:00:00+08:00,1786365900000,SOL-USDT,15m,76.87,76.87,76.61,76.65,5461.31866,419058.29200299,419058.29200299,1
2026-08-10 21:00:00+08:00,2026-08-10 21:15:00+08:00,1786366800000,SOL-USDT,15m,76.64,76.77,76.6,76.73,4417.26501,338749.86984462,338749.86984462,1
2026-08-10 21:15:00+08:00,2026-08-10 21:30:00+08:00,1786367700000,SOL-USDT,15m,76.72,76.76,76.6,76.7,4075.993563,312521.35399486,312521.35399486,1
2026-08-10 21:30:00+08:00,2026-08-10 21:45:00+08:00,1786368600000,SOL-USDT,15m,76.7,76.72,76.32,76.36,18510.482985,1415385.53964298,1415385.53964298,1
2026-08-10 21:45:00+08:00,2026-08-10 22:00:00+08:00,1786369500000,SOL-USDT,15m,76.36,76.45,76.12,76.32,23518.555948,1793385.29346626,1793385.29346626,1
2026-08-10 22:00:00+08:00,2026-08-10 22:15:00+08:00,1786370400000,SOL-USDT,15m,76.32,76.69,76.29,76.67,8750.953509,669782.60501071,669782.60501071,1
2026-08-10 22:15:00+08:00,2026-08-10 22:30:00+08:00,1786371300000,SOL-USDT,15m,76.66,76.7,76.52,76.65,3787.174886,290080.0659976,290080.0659976,1
2026-08-10 22:30:00+08:00,2026-08-10 22:45:00+08:00,1786372200000,SOL-USDT,15m,76.64,76.69,76.5,76.6,6775.625631,518963.55984527,518963.55984527,1
2026-08-10 22:45:00+08:00,2026-08-10 23:00:00+08:00,1786373100000,SOL-USDT,15m,76.6,76.63,76.24,76.27,12311.101112,941086.99523395,941086.99523395,1
2026-08-10 23:00:00+08:00,2026-08-10 23:15:00+08:00,1786374000000,SOL-USDT,15m,76.26,76.43,76.07,76.11,17452.939962,1331414.08747581,1331414.08747581,1
2026-08-10 23:15:00+08:00,2026-08-10 23:30:00+08:00,1786374900000,SOL-USDT,15m,76.1,76.3,75.8,76.02,28326.356905,2152070.56089727,2152070.56089727,1
2026-08-10 23:30:00+08:00,2026-08-10 23:45:00+08:00,1786375800000,SOL-USDT,15m,76.01,76.15,75.87,75.96,16889.86143,1283523.18847728,1283523.18847728,1
2026-08-10 23:45:00+08:00,2026-08-11 00:00:00+08:00,1786376700000,SOL-USDT,15m,75.96,76.04,75.87,75.95,7915.149842,601131.97386717,601131.97386717,1
2026-08-11 00:00:00+08:00,2026-08-11 00:15:00+08:00,1786377600000,SOL-USDT,15m,75.95,76.09,75.87,75.96,8306.831734,631447.96104081,631447.96104081,1
2026-08-11 00:15:00+08:00,2026-08-11 00:30:00+08:00,1786378500000,SOL-USDT,15m,75.96,76,75.59,75.74,24681.907531,1871059.74976033,1871059.74976033,1
2026-08-11 00:30:00+08:00,2026-08-11 00:45:00+08:00,1786379400000,SOL-USDT,15m,75.75,75.99,75.69,75.76,12381.205086,938505.31426126,938505.31426126,1
2026-08-11 00:45:00+08:00,2026-08-11 01:00:00+08:00,1786380300000,SOL-USDT,15m,75.74,75.77,75.61,75.7,12521.001351,947572.19693928,947572.19693928,1
2026-08-11 01:00:00+08:00,2026-08-11 01:15:00+08:00,1786381200000,SOL-USDT,15m,75.71,76.07,75.62,75.99,11013.901165,835023.11059665,835023.11059665,1
2026-08-11 01:15:00+08:00,2026-08-11 01:30:00+08:00,1786382100000,SOL-USDT,15m,75.99,76.02,75.89,75.94,7533.852171,572227.51460863,572227.51460863,1
2026-08-11 01:30:00+08:00,2026-08-11 01:45:00+08:00,1786383000000,SOL-USDT,15m,75.93,76.11,75.92,76.02,9334.378446,709672.7128074,709672.7128074,1
2026-08-11 01:45:00+08:00,2026-08-11 02:00:00+08:00,1786383900000,SOL-USDT,15m,76.02,76.02,75.93,75.97,6021.433669,457368.04705884,457368.04705884,1
2026-08-11 02:00:00+08:00,2026-08-11 02:15:00+08:00,1786384800000,SOL-USDT,15m,75.97,76.07,75.96,75.99,6156.1672,467906.09098578,467906.09098578,1
2026-08-11 02:15:00+08:00,2026-08-11 02:30:00+08:00,1786385700000,SOL-USDT,15m,75.98,76.03,75.93,75.98,4598.260249,349376.23034691,349376.23034691,1
2026-08-11 02:30:00+08:00,2026-08-11 02:45:00+08:00,1786386600000,SOL-USDT,15m,75.97,76,75.72,75.83,11570.192119,877539.08309882,877539.08309882,1
2026-08-11 02:45:00+08:00,2026-08-11 03:00:00+08:00,1786387500000,SOL-USDT,15m,75.83,75.87,75.73,75.82,7395.509286,560724.31085352,560724.31085352,1
2026-08-11 03:00:00+08:00,2026-08-11 03:15:00+08:00,1786388400000,SOL-USDT,15m,75.82,75.95,75.81,75.94,7609.57161,577359.73043821,577359.73043821,1
2026-08-11 03:15:00+08:00,2026-08-11 03:30:00+08:00,1786389300000,SOL-USDT,15m,75.94,76.11,75.94,76.11,8264.141117,628130.71317015,628130.71317015,1
2026-08-11 03:30:00+08:00,2026-08-11 03:45:00+08:00,1786390200000,SOL-USDT,15m,76.11,76.27,76.11,76.22,7617.638095,580522.78365689,580522.78365689,1
2026-08-11 03:45:00+08:00,2026-08-11 04:00:00+08:00,1786391100000,SOL-USDT,15m,76.23,76.25,76.1,76.2,6108.442439,465180.639263,465180.639263,1
2026-08-11 04:00:00+08:00,2026-08-11 04:15:00+08:00,1786392000000,SOL-USDT,15m,76.2,76.35,76.17,76.26,5839.665429,445426.68416414,445426.68416414,1
2026-08-11 04:15:00+08:00,2026-08-11 04:30:00+08:00,1786392900000,SOL-USDT,15m,76.26,76.33,76.24,76.33,8618.754131,657466.37445475,657466.37445475,1
2026-08-11 04:30:00+08:00,2026-08-11 04:45:00+08:00,1786393800000,SOL-USDT,15m,76.33,76.5,76.31,76.44,5536.302839,422743.22940159,422743.22940159,1
2026-08-11 04:45:00+08:00,2026-08-11 05:00:00+08:00,1786394700000,SOL-USDT,15m,76.45,76.47,76.35,76.44,1638.020171,125172.96500048,125172.96500048,1
2026-08-11 05:00:00+08:00,2026-08-11 05:15:00+08:00,1786395600000,SOL-USDT,15m,76.43,76.49,76.35,76.38,2188.731782,167270.92837611,167270.92837611,1
2026-08-11 05:15:00+08:00,2026-08-11 05:30:00+08:00,1786396500000,SOL-USDT,15m,76.37,76.43,76.32,76.43,2638.385003,201459.85815776,201459.85815776,1
2026-08-11 05:30:00+08:00,2026-08-11 05:45:00+08:00,1786397400000,SOL-USDT,15m,76.43,76.49,76.4,76.41,6149.612512,470079.91596921,470079.91596921,1
2026-08-11 05:45:00+08:00,2026-08-11 06:00:00+08:00,1786398300000,SOL-USDT,15m,76.4,76.41,76.29,76.3,2566.181418,195900.91064538,195900.91064538,1
2026-08-11 06:00:00+08:00,2026-08-11 06:15:00+08:00,1786399200000,SOL-USDT,15m,76.3,76.34,76.11,76.3,4468.894084,340758.86909686,340758.86909686,1
2026-08-11 06:15:00+08:00,2026-08-11 06:30:00+08:00,1786400100000,SOL-USDT,15m,76.3,76.37,76.18,76.21,2632.859338,200791.43030079,200791.43030079,1
2026-08-11 06:30:00+08:00,2026-08-11 06:45:00+08:00,1786401000000,SOL-USDT,15m,76.2,76.22,76.04,76.17,2419.821256,184225.98424429,184225.98424429,1
2026-08-11 06:45:00+08:00,2026-08-11 07:00:00+08:00,1786401900000,SOL-USDT,15m,76.16,76.22,76.16,76.21,1627.554236,124028.12970521,124028.12970521,1
2026-08-11 07:00:00+08:00,2026-08-11 07:15:00+08:00,1786402800000,SOL-USDT,15m,76.22,76.22,76.1,76.18,1706.562713,129978.03761045,129978.03761045,1
2026-08-11 07:15:00+08:00,2026-08-11 07:30:00+08:00,1786403700000,SOL-USDT,15m,76.19,76.2,76.05,76.12,4925.102592,374823.98810417,374823.98810417,1
2026-08-11 07:30:00+08:00,2026-08-11 07:45:00+08:00,1786404600000,SOL-USDT,15m,76.12,76.12,76.04,76.12,2360.600729,179602.16763712,179602.16763712,1
2026-08-11 07:45:00+08:00,2026-08-11 08:00:00+08:00,1786405500000,SOL-USDT,15m,76.11,76.12,75.98,76,4229.438266,321584.55263978,321584.55263978,1
2026-08-11 08:00:00+08:00,2026-08-11 08:15:00+08:00,1786406400000,SOL-USDT,15m,76.01,76.01,75.77,75.98,5205.584668,395026.5674223,395026.5674223,1
2026-08-11 08:15:00+08:00,2026-08-11 08:30:00+08:00,1786407300000,SOL-USDT,15m,75.98,76.03,75.91,76.03,1551.935035,117920.13981581,117920.13981581,1
2026-08-11 08:30:00+08:00,2026-08-11 08:45:00+08:00,1786408200000,SOL-USDT,15m,76.03,76.04,75.86,75.91,4256.907484,323272.74973006,323272.74973006,1
2026-08-11 08:45:00+08:00,2026-08-11 09:00:00+08:00,1786409100000,SOL-USDT,15m,75.91,75.95,75.86,75.89,3929.889824,298308.25919052,298308.25919052,1
2026-08-11 09:00:00+08:00,2026-08-11 09:15:00+08:00,1786410000000,SOL-USDT,15m,75.9,75.99,75.71,75.95,4527.897253,343352.31357505,343352.31357505,1
2026-08-11 09:15:00+08:00,2026-08-11 09:30:00+08:00,1786410900000,SOL-USDT,15m,75.94,75.99,75.82,75.96,4941.982024,375132.35298549,375132.35298549,1
2026-08-11 09:30:00+08:00,2026-08-11 09:45:00+08:00,1786411800000,SOL-USDT,15m,75.96,75.96,75.8,75.89,2611.123986,198161.20231314,198161.20231314,1
2026-08-11 09:45:00+08:00,2026-08-11 10:00:00+08:00,1786412700000,SOL-USDT,15m,75.89,76.11,75.88,76.11,2023.102605,153847.21858571,153847.21858571,1
2026-08-11 10:00:00+08:00,2026-08-11 10:15:00+08:00,1786413600000,SOL-USDT,15m,76.11,76.15,76.08,76.09,3697.313007,281418.79085911,281418.79085911,1
2026-08-11 10:15:00+08:00,2026-08-11 10:30:00+08:00,1786414500000,SOL-USDT,15m,76.1,76.14,75.99,76.01,830.249736,63156.56123877,63156.56123877,1
2026-08-11 10:30:00+08:00,2026-08-11 10:45:00+08:00,1786415400000,SOL-USDT,15m,76.02,76.12,76,76.12,988.150746,75131.44465948,75131.44465948,1
2026-08-11 10:45:00+08:00,2026-08-11 11:00:00+08:00,1786416300000,SOL-USDT,15m,76.12,76.13,76.03,76.04,1501.77198,114269.75504005,114269.75504005,1
2026-08-11 11:00:00+08:00,2026-08-11 11:15:00+08:00,1786417200000,SOL-USDT,15m,76.04,76.22,76.04,76.14,1715.320005,130624.91979433,130624.91979433,1
2026-08-11 11:15:00+08:00,2026-08-11 11:30:00+08:00,1786418100000,SOL-USDT,15m,76.14,76.25,76.11,76.19,2083.066197,158708.09871154,158708.09871154,1
2026-08-11 11:30:00+08:00,2026-08-11 11:45:00+08:00,1786419000000,SOL-USDT,15m,76.19,76.2,76.12,76.14,1191.370535,90730.89787121,90730.89787121,1
2026-08-11 11:45:00+08:00,2026-08-11 12:00:00+08:00,1786419900000,SOL-USDT,15m,76.14,76.14,76.08,76.09,762.221458,58007.04306642,58007.04306642,1
2026-08-11 12:00:00+08:00,2026-08-11 12:15:00+08:00,1786420800000,SOL-USDT,15m,76.09,76.2,76.08,76.19,1413.922001,107676.15287069,107676.15287069,1
2026-08-11 12:15:00+08:00,2026-08-11 12:30:00+08:00,1786421700000,SOL-USDT,15m,76.19,76.2,76.13,76.14,1148.817811,87492.64275732,87492.64275732,1
2026-08-11 12:30:00+08:00,2026-08-11 12:45:00+08:00,1786422600000,SOL-USDT,15m,76.14,76.2,76.12,76.2,1075.754779,81950.58710963,81950.58710963,1
2026-08-11 12:45:00+08:00,2026-08-11 13:00:00+08:00,1786423500000,SOL-USDT,15m,76.2,76.23,76.08,76.09,1220.189247,92932.47267377,92932.47267377,1
2026-08-11 13:00:00+08:00,2026-08-11 13:15:00+08:00,1786424400000,SOL-USDT,15m,76.09,76.09,76.01,76.06,923.584004,70235.22624299,70235.22624299,1
2026-08-11 13:15:00+08:00,2026-08-11 13:30:00+08:00,1786425300000,SOL-USDT,15m,76.05,76.08,75.8,75.81,4107.379556,311708.98492905,311708.98492905,1
2026-08-11 13:30:00+08:00,2026-08-11 13:45:00+08:00,1786426200000,SOL-USDT,15m,75.81,75.96,75.79,75.95,2421.941269,183790.23509762,183790.23509762,1
2026-08-11 13:45:00+08:00,2026-08-11 14:00:00+08:00,1786427100000,SOL-USDT,15m,75.95,75.96,75.81,75.81,1391.173593,105576.80322022,105576.80322022,1
2026-08-11 14:00:00+08:00,2026-08-11 14:15:00+08:00,1786428000000,SOL-USDT,15m,75.82,76.03,75.72,76.02,6958.17817,527865.6747513,527865.6747513,1
2026-08-11 14:15:00+08:00,2026-08-11 14:30:00+08:00,1786428900000,SOL-USDT,15m,76.03,76.03,75.91,75.97,3279.115762,249090.6946774,249090.6946774,1
2026-08-11 14:30:00+08:00,2026-08-11 14:45:00+08:00,1786429800000,SOL-USDT,15m,75.98,76,75.79,75.82,8500.688677,644896.05047795,644896.05047795,1
2026-08-11 14:45:00+08:00,2026-08-11 15:00:00+08:00,1786430700000,SOL-USDT,15m,75.81,75.82,75.66,75.82,3309.194086,250697.47904921,250697.47904921,1
2026-08-11 15:00:00+08:00,2026-08-11 15:15:00+08:00,1786431600000,SOL-USDT,15m,75.82,75.87,75.7,75.7,1486.948911,112744.51968851,112744.51968851,1
2026-08-11 15:15:00+08:00,2026-08-11 15:30:00+08:00,1786432500000,SOL-USDT,15m,75.7,75.7,75.43,75.45,8780.032547,663021.61836294,663021.61836294,1
2026-08-11 15:30:00+08:00,2026-08-11 15:45:00+08:00,1786433400000,SOL-USDT,15m,75.45,75.74,75.45,75.73,2568.908067,194273.84269702,194273.84269702,1
2026-08-11 15:45:00+08:00,2026-08-11 16:00:00+08:00,1786434300000,SOL-USDT,15m,75.73,75.77,75.63,75.69,2491.714418,188578.45834699,188578.45834699,1
2026-08-11 16:00:00+08:00,2026-08-11 16:15:00+08:00,1786435200000,SOL-USDT,15m,75.7,75.77,75.64,75.64,2811.843773,212925.14605014,212925.14605014,1
2026-08-11 16:15:00+08:00,2026-08-11 16:30:00+08:00,1786436100000,SOL-USDT,15m,75.64,75.76,75.63,75.74,2501.787373,189364.82330899,189364.82330899,1
2026-08-11 16:30:00+08:00,2026-08-11 16:45:00+08:00,1786437000000,SOL-USDT,15m,75.73,75.9,75.73,75.88,2687.927105,203737.75668251,203737.75668251,1
2026-08-11 16:45:00+08:00,2026-08-11 17:00:00+08:00,1786437900000,SOL-USDT,15m,75.89,75.99,75.88,75.94,3140.548002,238443.7207579,238443.7207579,1
2026-08-11 17:00:00+08:00,2026-08-11 17:15:00+08:00,1786438800000,SOL-USDT,15m,75.94,75.95,75.76,75.77,5089.929448,386144.22571594,386144.22571594,1
2026-08-11 17:15:00+08:00,2026-08-11 17:30:00+08:00,1786439700000,SOL-USDT,15m,75.76,75.9,75.72,75.77,9196.930155,697071.78313032,697071.78313032,1
2026-08-11 17:30:00+08:00,2026-08-11 17:45:00+08:00,1786440600000,SOL-USDT,15m,75.77,75.81,75.68,75.8,7828.136678,592892.74789895,592892.74789895,1
2026-08-11 17:45:00+08:00,2026-08-11 18:00:00+08:00,1786441500000,SOL-USDT,15m,75.8,75.89,75.73,75.89,7533.187372,570814.71376162,570814.71376162,1
2026-08-11 18:00:00+08:00,2026-08-11 18:15:00+08:00,1786442400000,SOL-USDT,15m,75.89,75.97,75.83,75.83,2858.984616,217029.19009741,217029.19009741,1
2026-08-11 18:15:00+08:00,2026-08-11 18:30:00+08:00,1786443300000,SOL-USDT,15m,75.82,75.99,75.77,75.98,2768.782836,210010.65561037,210010.65561037,1
2026-08-11 18:30:00+08:00,2026-08-11 18:45:00+08:00,1786444200000,SOL-USDT,15m,75.99,76.01,75.82,75.85,1783.069894,135332.43754097,135332.43754097,1
2026-08-11 18:45:00+08:00,2026-08-11 19:00:00+08:00,1786445100000,SOL-USDT,15m,75.85,76.07,75.84,75.95,7182.658301,545284.78730807,545284.78730807,1
2026-08-11 19:00:00+08:00,2026-08-11 19:15:00+08:00,1786446000000,SOL-USDT,15m,75.95,76.36,75.95,76.24,7846.558044,598220.62886104,598220.62886104,1
2026-08-11 19:15:00+08:00,2026-08-11 19:30:00+08:00,1786446900000,SOL-USDT,15m,76.24,76.24,76.08,76.14,3657.444184,278447.33974429,278447.33974429,1
2026-08-11 19:30:00+08:00,2026-08-11 19:45:00+08:00,1786447800000,SOL-USDT,15m,76.15,76.21,76.11,76.16,2849.362782,217012.07762339,217012.07762339,1
2026-08-11 19:45:00+08:00,2026-08-11 20:00:00+08:00,1786448700000,SOL-USDT,15m,76.16,76.24,76.12,76.22,4033.712022,307317.05813174,307317.05813174,1
2026-08-11 20:00:00+08:00,2026-08-11 20:15:00+08:00,1786449600000,SOL-USDT,15m,76.22,76.25,76.1,76.14,2669.148446,203291.11604727,203291.11604727,1
2026-08-11 20:15:00+08:00,2026-08-11 20:30:00+08:00,1786450500000,SOL-USDT,15m,76.13,76.16,75.84,75.88,5848.309462,444549.40190015,444549.40190015,1
2026-08-11 20:30:00+08:00,2026-08-11 20:45:00+08:00,1786451400000,SOL-USDT,15m,75.88,75.94,75.81,75.88,3627.868181,275226.60261792,275226.60261792,1
2026-08-11 20:45:00+08:00,2026-08-11 21:00:00+08:00,1786452300000,SOL-USDT,15m,75.88,75.91,75.82,75.87,2371.6551,179937.82882879,179937.82882879,1
2026-08-11 21:00:00+08:00,2026-08-11 21:15:00+08:00,1786453200000,SOL-USDT,15m,75.87,76.04,75.79,75.96,5818.58072,441520.03242592,441520.03242592,1
2026-08-11 21:15:00+08:00,2026-08-11 21:30:00+08:00,1786454100000,SOL-USDT,15m,75.97,75.98,75.73,75.89,2007.426498,152246.10687004,152246.10687004,1
2026-08-11 21:30:00+08:00,2026-08-11 21:45:00+08:00,1786455000000,SOL-USDT,15m,75.89,76.05,75.74,75.97,5714.485544,433656.86934999,433656.86934999,1
2026-08-11 21:45:00+08:00,2026-08-11 22:00:00+08:00,1786455900000,SOL-USDT,15m,75.97,76.11,75.83,76.02,8894.34528,675649.14579737,675649.14579737,1
2026-08-11 22:00:00+08:00,2026-08-11 22:15:00+08:00,1786456800000,SOL-USDT,15m,76.02,76.1,75.93,76.04,3062.883049,232830.37170743,232830.37170743,1
2026-08-11 22:15:00+08:00,2026-08-11 22:30:00+08:00,1786457700000,SOL-USDT,15m,76.05,76.15,75.57,75.63,11867.558849,899178.53831125,899178.53831125,1
2026-08-11 22:30:00+08:00,2026-08-11 22:45:00+08:00,1786458600000,SOL-USDT,15m,75.62,75.66,75.38,75.5,8038.733108,606847.22176109,606847.22176109,1
2026-08-11 22:45:00+08:00,2026-08-11 23:00:00+08:00,1786459500000,SOL-USDT,15m,75.49,75.52,75.09,75.21,16046.988749,1206899.26890708,1206899.26890708,1
2026-08-11 23:00:00+08:00,2026-08-11 23:15:00+08:00,1786460400000,SOL-USDT,15m,75.2,75.31,75.11,75.14,8622.279816,648464.95242493,648464.95242493,1
2026-08-11 23:15:00+08:00,2026-08-11 23:30:00+08:00,1786461300000,SOL-USDT,15m,75.13,75.41,75.1,75.36,12242.83801,921704.4346062,921704.4346062,1
2026-08-11 23:30:00+08:00,2026-08-11 23:45:00+08:00,1786462200000,SOL-USDT,15m,75.36,75.39,74.63,74.85,25590.818227,1915678.50279004,1915678.50279004,1
2026-08-11 23:45:00+08:00,2026-08-12 00:00:00+08:00,1786463100000,SOL-USDT,15m,74.84,74.97,74.71,74.93,6453.344322,482703.46827157,482703.46827157,1
2026-08-12 00:00:00+08:00,2026-08-12 00:15:00+08:00,1786464000000,SOL-USDT,15m,74.93,75.04,74.79,75.01,7352.5943,550886.6445543,550886.6445543,1
2026-08-12 00:15:00+08:00,2026-08-12 00:30:00+08:00,1786464900000,SOL-USDT,15m,75.02,75.08,74.9,74.97,4205.64494,315508.53974782,315508.53974782,1
2026-08-12 00:30:00+08:00,2026-08-12 00:45:00+08:00,1786465800000,SOL-USDT,15m,74.98,75.03,74.88,74.92,2564.091452,192155.39123002,192155.39123002,1
2026-08-12 00:45:00+08:00,2026-08-12 01:00:00+08:00,1786466700000,SOL-USDT,15m,74.92,75.02,74.89,74.94,4770.393723,357462.44804279,357462.44804279,1
2026-08-12 01:00:00+08:00,2026-08-12 01:15:00+08:00,1786467600000,SOL-USDT,15m,74.94,75.06,74.93,74.99,2256.724574,169217.95852262,169217.95852262,1
2026-08-12 01:15:00+08:00,2026-08-12 01:30:00+08:00,1786468500000,SOL-USDT,15m,74.99,75.1,74.96,75.08,2644.869804,198477.0653742,198477.0653742,1
2026-08-12 01:30:00+08:00,2026-08-12 01:45:00+08:00,1786469400000,SOL-USDT,15m,75.08,75.11,75,75.06,2862.82076,214884.23324095,214884.23324095,1
2026-08-12 01:45:00+08:00,2026-08-12 02:00:00+08:00,1786470300000,SOL-USDT,15m,75.05,75.21,74.99,75.17,7492.397105,562836.88105412,562836.88105412,1
2026-08-12 02:00:00+08:00,2026-08-12 02:15:00+08:00,1786471200000,SOL-USDT,15m,75.17,75.27,75.15,75.23,2145.131958,161363.33807269,161363.33807269,1
2026-08-12 02:15:00+08:00,2026-08-12 02:30:00+08:00,1786472100000,SOL-USDT,15m,75.23,75.35,75.21,75.21,2368.215764,178305.14266767,178305.14266767,1
2026-08-12 02:30:00+08:00,2026-08-12 02:45:00+08:00,1786473000000,SOL-USDT,15m,75.22,75.32,75.09,75.26,4400.74913,330996.33661342,330996.33661342,1
2026-08-12 02:45:00+08:00,2026-08-12 03:00:00+08:00,1786473900000,SOL-USDT,15m,75.26,75.32,75.18,75.28,2229.63385,167775.12012422,167775.12012422,1
2026-08-12 03:00:00+08:00,2026-08-12 03:15:00+08:00,1786474800000,SOL-USDT,15m,75.28,75.28,75.07,75.07,2761.259175,207470.95697691,207470.95697691,1
2026-08-12 03:15:00+08:00,2026-08-12 03:30:00+08:00,1786475700000,SOL-USDT,15m,75.08,75.31,75.08,75.28,2495.288187,187667.72060688,187667.72060688,1
2026-08-12 03:30:00+08:00,2026-08-12 03:45:00+08:00,1786476600000,SOL-USDT,15m,75.3,75.52,75.29,75.52,8490.406315,640323.21773705,640323.21773705,1
2026-08-12 03:45:00+08:00,2026-08-12 04:00:00+08:00,1786477500000,SOL-USDT,15m,75.53,75.7,75.52,75.65,8111.17688,613209.83729436,613209.83729436,1
2026-08-12 04:00:00+08:00,2026-08-12 04:15:00+08:00,1786478400000,SOL-USDT,15m,75.67,76.26,75.66,76.14,30330.964602,2307641.2200903,2307641.2200903,1
2026-08-12 04:15:00+08:00,2026-08-12 04:30:00+08:00,1786479300000,SOL-USDT,15m,76.13,76.13,75.9,76.09,12237.850485,930078.50666478,930078.50666478,1
2026-08-12 04:30:00+08:00,2026-08-12 04:45:00+08:00,1786480200000,SOL-USDT,15m,76.09,76.18,75.94,75.96,5761.261664,438101.356134,438101.356134,1
2026-08-12 04:45:00+08:00,2026-08-12 05:00:00+08:00,1786481100000,SOL-USDT,15m,75.95,76.09,75.88,76.06,7065.297892,536900.24092174,536900.24092174,1
2026-08-12 05:00:00+08:00,2026-08-12 05:15:00+08:00,1786482000000,SOL-USDT,15m,76.06,76.19,76.05,76.15,4814.4842,366461.43469381,366461.43469381,1
2026-08-12 05:15:00+08:00,2026-08-12 05:30:00+08:00,1786482900000,SOL-USDT,15m,76.15,76.17,76.02,76.05,8402.889789,639341.05296999,639341.05296999,1
2026-08-12 05:30:00+08:00,2026-08-12 05:45:00+08:00,1786483800000,SOL-USDT,15m,76.06,76.18,76,76.15,7898.281285,601084.9793343,601084.9793343,1
2026-08-12 05:45:00+08:00,2026-08-12 06:00:00+08:00,1786484700000,SOL-USDT,15m,76.16,76.44,76.14,76.44,5134.053849,391795.97903082,391795.97903082,1
2026-08-12 06:00:00+08:00,2026-08-12 06:15:00+08:00,1786485600000,SOL-USDT,15m,76.44,76.68,76.4,76.42,13755.203331,1052962.36022881,1052962.36022881,1
2026-08-12 06:15:00+08:00,2026-08-12 06:30:00+08:00,1786486500000,SOL-USDT,15m,76.42,76.53,76.37,76.43,2210.105923,168919.40881537,168919.40881537,1
2026-08-12 06:30:00+08:00,2026-08-12 06:45:00+08:00,1786487400000,SOL-USDT,15m,76.44,76.48,76.31,76.38,4884.161898,373068.9204066,373068.9204066,1
2026-08-12 06:45:00+08:00,2026-08-12 07:00:00+08:00,1786488300000,SOL-USDT,15m,76.38,76.42,76.26,76.41,4028.346643,307485.1096974,307485.1096974,1
2026-08-12 07:00:00+08:00,2026-08-12 07:15:00+08:00,1786489200000,SOL-USDT,15m,76.41,76.41,76.22,76.25,3021.882393,230449.57553673,230449.57553673,1
2026-08-12 07:15:00+08:00,2026-08-12 07:30:00+08:00,1786490100000,SOL-USDT,15m,76.25,76.34,76.2,76.28,1790.728539,136565.39462144,136565.39462144,1
2026-08-12 07:30:00+08:00,2026-08-12 07:45:00+08:00,1786491000000,SOL-USDT,15m,76.29,76.36,76.2,76.33,4142.742961,315999.90266574,315999.90266574,1
2026-08-12 07:45:00+08:00,2026-08-12 08:00:00+08:00,1786491900000,SOL-USDT,15m,76.33,76.33,76.23,76.29,1746.170536,133180.67213139,133180.67213139,1
2026-08-12 08:00:00+08:00,2026-08-12 08:15:00+08:00,1786492800000,SOL-USDT,15m,76.3,76.32,76.23,76.29,3677.954994,280503.74137394,280503.74137394,1
2026-08-12 08:15:00+08:00,2026-08-12 08:30:00+08:00,1786493700000,SOL-USDT,15m,76.29,76.34,76.23,76.27,5372.895015,409869.18219283,409869.18219283,1
2026-08-12 08:30:00+08:00,2026-08-12 08:45:00+08:00,1786494600000,SOL-USDT,15m,76.27,76.32,76.27,76.27,1416.968053,108107.71181791,108107.71181791,1
2026-08-12 08:45:00+08:00,2026-08-12 09:00:00+08:00,1786495500000,SOL-USDT,15m,76.27,76.38,76.24,76.38,1919.261982,146466.80333477,146466.80333477,1
2026-08-12 09:00:00+08:00,2026-08-12 09:15:00+08:00,1786496400000,SOL-USDT,15m,76.38,76.52,76.34,76.51,2194.634043,167774.89897543,167774.89897543,1
2026-08-12 09:15:00+08:00,2026-08-12 09:30:00+08:00,1786497300000,SOL-USDT,15m,76.52,76.52,76.36,76.37,3475.125121,265505.9310338,265505.9310338,1
2026-08-12 09:30:00+08:00,2026-08-12 09:45:00+08:00,1786498200000,SOL-USDT,15m,76.36,76.48,76.31,76.46,2047.738987,156423.23079714,156423.23079714,1
2026-08-12 09:45:00+08:00,2026-08-12 10:00:00+08:00,1786499100000,SOL-USDT,15m,76.47,76.6,76.39,76.42,5008.050168,382953.11883485,382953.11883485,1
2026-08-12 10:00:00+08:00,2026-08-12 10:15:00+08:00,1786500000000,SOL-USDT,15m,76.43,76.57,76.42,76.52,6782.358757,518963.92819887,518963.92819887,1
2026-08-12 10:15:00+08:00,2026-08-12 10:30:00+08:00,1786500900000,SOL-USDT,15m,76.52,76.58,76.44,76.55,3970.376701,303672.36275517,303672.36275517,1
2026-08-12 10:30:00+08:00,2026-08-12 10:45:00+08:00,1786501800000,SOL-USDT,15m,76.56,76.58,76.45,76.5,2353.437663,180075.52066765,180075.52066765,1
2026-08-12 10:45:00+08:00,2026-08-12 11:00:00+08:00,1786502700000,SOL-USDT,15m,76.51,76.6,76.43,76.43,3682.809242,281874.21420109,281874.21420109,1
2026-08-12 11:00:00+08:00,2026-08-12 11:15:00+08:00,1786503600000,SOL-USDT,15m,76.44,76.53,76.36,76.38,1638.174986,125229.09605383,125229.09605383,1
2026-08-12 11:15:00+08:00,2026-08-12 11:30:00+08:00,1786504500000,SOL-USDT,15m,76.37,76.4,76.27,76.3,6094.076979,465177.02583753,465177.02583753,1
2026-08-12 11:30:00+08:00,2026-08-12 11:45:00+08:00,1786505400000,SOL-USDT,15m,76.3,76.48,76.26,76.43,2530.529604,193379.03284581,193379.03284581,1
2026-08-12 11:45:00+08:00,2026-08-12 12:00:00+08:00,1786506300000,SOL-USDT,15m,76.43,76.45,76.37,76.43,4103.303139,313518.9564027,313518.9564027,1
2026-08-12 12:00:00+08:00,2026-08-12 12:15:00+08:00,1786507200000,SOL-USDT,15m,76.43,76.5,76.38,76.43,1724.394876,131805.4562597,131805.4562597,1
2026-08-12 12:15:00+08:00,2026-08-12 12:30:00+08:00,1786508100000,SOL-USDT,15m,76.43,76.58,76.38,76.38,3274.195619,250403.00417679,250403.00417679,1
2026-08-12 12:30:00+08:00,2026-08-12 12:45:00+08:00,1786509000000,SOL-USDT,15m,76.37,76.37,76.28,76.34,1301.629263,99342.9474969,99342.9474969,1
2026-08-12 12:45:00+08:00,2026-08-12 13:00:00+08:00,1786509900000,SOL-USDT,15m,76.33,76.39,76.29,76.3,1722.071649,131450.34691424,131450.34691424,1
2026-08-12 13:00:00+08:00,2026-08-12 13:15:00+08:00,1786510800000,SOL-USDT,15m,76.31,76.37,76.19,76.35,2534.777592,193370.93466016,193370.93466016,1
2026-08-12 13:15:00+08:00,2026-08-12 13:30:00+08:00,1786511700000,SOL-USDT,15m,76.34,76.35,76.29,76.29,896.583308,68415.73011104,68415.73011104,1
2026-08-12 13:30:00+08:00,2026-08-12 13:45:00+08:00,1786512600000,SOL-USDT,15m,76.29,76.36,76.26,76.31,1274.691988,97260.36091481,97260.36091481,1
2026-08-12 13:45:00+08:00,2026-08-12 14:00:00+08:00,1786513500000,SOL-USDT,15m,76.32,76.36,76.29,76.34,2681.447722,204660.2184579,204660.2184579,1
2026-08-12 14:00:00+08:00,2026-08-12 14:15:00+08:00,1786514400000,SOL-USDT,15m,76.33,76.37,76.22,76.23,1522.088874,116144.79592257,116144.79592257,1
2026-08-12 14:15:00+08:00,2026-08-12 14:30:00+08:00,1786515300000,SOL-USDT,15m,76.22,76.31,76.16,76.18,2353.042835,179326.35932602,179326.35932602,1
2026-08-12 14:30:00+08:00,2026-08-12 14:45:00+08:00,1786516200000,SOL-USDT,15m,76.17,76.17,76.09,76.1,2449.341088,186441.38203528,186441.38203528,1
2026-08-12 14:45:00+08:00,2026-08-12 15:00:00+08:00,1786517100000,SOL-USDT,15m,76.1,76.11,75.99,76.06,2826.922428,214956.99875397,214956.99875397,1
2026-08-12 15:00:00+08:00,2026-08-12 15:15:00+08:00,1786518000000,SOL-USDT,15m,76.06,76.17,76.04,76.11,1560.692949,118793.93754002,118793.93754002,1
2026-08-12 15:15:00+08:00,2026-08-12 15:30:00+08:00,1786518900000,SOL-USDT,15m,76.11,76.12,76.04,76.04,1666.464014,126769.57966331,126769.57966331,1
2026-08-12 15:30:00+08:00,2026-08-12 15:45:00+08:00,1786519800000,SOL-USDT,15m,76.05,76.12,75.99,76.01,1971.343168,149861.27071268,149861.27071268,1
2026-08-12 15:45:00+08:00,2026-08-12 16:00:00+08:00,1786520700000,SOL-USDT,15m,76,76.27,75.95,76.27,2921.336292,222333.96926897,222333.96926897,1
2026-08-12 16:00:00+08:00,2026-08-12 16:15:00+08:00,1786521600000,SOL-USDT,15m,76.26,76.45,76.22,76.3,3943.23073,301001.12877216,301001.12877216,1
2026-08-12 16:15:00+08:00,2026-08-12 16:30:00+08:00,1786522500000,SOL-USDT,15m,76.3,76.47,76.3,76.42,3184.63571,243281.62096339,243281.62096339,1
2026-08-12 16:30:00+08:00,2026-08-12 16:45:00+08:00,1786523400000,SOL-USDT,15m,76.41,76.41,76.29,76.29,3060.847898,233713.3226957,233713.3226957,1
2026-08-12 16:45:00+08:00,2026-08-12 17:00:00+08:00,1786524300000,SOL-USDT,15m,76.28,76.35,76.16,76.19,4020.859276,306618.76187926,306618.76187926,1
2026-08-12 17:00:00+08:00,2026-08-12 17:15:00+08:00,1786525200000,SOL-USDT,15m,76.2,76.35,76.14,76.33,2467.543925,188172.28337873,188172.28337873,1
2026-08-12 17:15:00+08:00,2026-08-12 17:30:00+08:00,1786526100000,SOL-USDT,15m,76.33,76.77,76.33,76.77,11263.653962,862471.05384931,862471.05384931,1
2026-08-12 17:30:00+08:00,2026-08-12 17:45:00+08:00,1786527000000,SOL-USDT,15m,76.77,76.9,76.7,76.76,6282.537861,482398.60650845,482398.60650845,1
2026-08-12 17:45:00+08:00,2026-08-12 18:00:00+08:00,1786527900000,SOL-USDT,15m,76.75,76.78,76.69,76.75,3791.485373,290934.1684235,290934.1684235,1
2026-08-12 18:00:00+08:00,2026-08-12 18:15:00+08:00,1786528800000,SOL-USDT,15m,76.75,76.85,76.67,76.82,6184.047224,474629.12454848,474629.12454848,1
2026-08-12 18:15:00+08:00,2026-08-12 18:30:00+08:00,1786529700000,SOL-USDT,15m,76.82,76.87,76.74,76.75,2980.355325,228862.34956004,228862.34956004,1
2026-08-12 18:30:00+08:00,2026-08-12 18:45:00+08:00,1786530600000,SOL-USDT,15m,76.74,76.83,76.72,76.77,1667.249099,127998.77316746,127998.77316746,1
2026-08-12 18:45:00+08:00,2026-08-12 19:00:00+08:00,1786531500000,SOL-USDT,15m,76.76,76.81,76.72,76.78,3163.847736,242880.75808885,242880.75808885,1
2026-08-12 19:00:00+08:00,2026-08-12 19:15:00+08:00,1786532400000,SOL-USDT,15m,76.78,76.85,76.71,76.71,1352.612696,103808.91692093,103808.91692093,1
2026-08-12 19:15:00+08:00,2026-08-12 19:30:00+08:00,1786533300000,SOL-USDT,15m,76.71,76.87,76.7,76.83,2005.528028,154033.96533143,154033.96533143,1
2026-08-12 19:30:00+08:00,2026-08-12 19:45:00+08:00,1786534200000,SOL-USDT,15m,76.83,76.86,76.71,76.73,1965.953278,150940.76181743,150940.76181743,1
2026-08-12 19:45:00+08:00,2026-08-12 20:00:00+08:00,1786535100000,SOL-USDT,15m,76.73,76.86,76.72,76.84,2927.196474,224844.65945535,224844.65945535,1
2026-08-12 20:00:00+08:00,2026-08-12 20:15:00+08:00,1786536000000,SOL-USDT,15m,76.84,77.05,76.84,76.99,8725.713271,671479.56955333,671479.56955333,1
2026-08-12 20:15:00+08:00,2026-08-12 20:30:00+08:00,1786536900000,SOL-USDT,15m,76.99,77.29,76.91,77.17,13059.666237,1007358.26680483,1007358.26680483,1
2026-08-12 20:30:00+08:00,2026-08-12 20:45:00+08:00,1786537800000,SOL-USDT,15m,77.16,77.35,76.52,76.54,35964.627342,2764754.56113632,2764754.56113632,1
2026-08-12 20:45:00+08:00,2026-08-12 21:00:00+08:00,1786538700000,SOL-USDT,15m,76.53,76.71,76.38,76.66,13067.772613,999701.90312079,999701.90312079,1
2026-08-12 21:00:00+08:00,2026-08-12 21:15:00+08:00,1786539600000,SOL-USDT,15m,76.66,76.68,76.4,76.48,11336.700468,867336.07925404,867336.07925404,1
2026-08-12 21:15:00+08:00,2026-08-12 21:30:00+08:00,1786540500000,SOL-USDT,15m,76.49,76.56,76.4,76.45,5516.28039,421824.58931298,421824.58931298,1
2026-08-12 21:30:00+08:00,2026-08-12 21:45:00+08:00,1786541400000,SOL-USDT,15m,76.46,76.49,76.06,76.29,27000.080849,2060410.62284776,2060410.62284776,1
2026-08-12 21:45:00+08:00,2026-08-12 22:00:00+08:00,1786542300000,SOL-USDT,15m,76.29,76.47,76.18,76.24,10778.881698,822812.14444041,822812.14444041,1
2026-08-12 22:00:00+08:00,2026-08-12 22:15:00+08:00,1786543200000,SOL-USDT,15m,76.23,76.25,75.75,76.07,22489.286098,1708441.89890018,1708441.89890018,1
2026-08-12 22:15:00+08:00,2026-08-12 22:30:00+08:00,1786544100000,SOL-USDT,15m,76.08,76.09,75.76,75.78,6078.869487,461550.71469368,461550.71469368,1
2026-08-12 22:30:00+08:00,2026-08-12 22:45:00+08:00,1786545000000,SOL-USDT,15m,75.77,75.85,75.44,75.58,15773.535417,1193029.6051173,1193029.6051173,1
2026-08-12 22:45:00+08:00,2026-08-12 23:00:00+08:00,1786545900000,SOL-USDT,15m,75.58,75.7,75.41,75.47,7568.363516,571845.61825736,571845.61825736,1
2026-08-12 23:00:00+08:00,2026-08-12 23:15:00+08:00,1786546800000,SOL-USDT,15m,75.47,75.77,75.38,75.76,5318.584852,402149.6390927,402149.6390927,1
2026-08-12 23:15:00+08:00,2026-08-12 23:30:00+08:00,1786547700000,SOL-USDT,15m,75.76,75.88,75.67,75.74,8805.18028,667247.47710472,667247.47710472,1
2026-08-12 23:30:00+08:00,2026-08-12 23:45:00+08:00,1786548600000,SOL-USDT,15m,75.75,75.84,75.63,75.8,3798.471219,287672.80136603,287672.80136603,1
2026-08-12 23:45:00+08:00,2026-08-13 00:00:00+08:00,1786549500000,SOL-USDT,15m,75.81,75.85,75.72,75.76,1806.792655,136891.24995382,136891.24995382,1
2026-08-13 00:00:00+08:00,2026-08-13 00:15:00+08:00,1786550400000,SOL-USDT,15m,75.75,75.8,75.66,75.76,1966.099277,148889.92557069,148889.92557069,1
2026-08-13 00:15:00+08:00,2026-08-13 00:30:00+08:00,1786551300000,SOL-USDT,15m,75.76,75.86,75.71,75.78,2697.620623,204430.35713099,204430.35713099,1
2026-08-13 00:30:00+08:00,2026-08-13 00:45:00+08:00,1786552200000,SOL-USDT,15m,75.78,75.78,75.63,75.63,3790.162686,286843.60363328,286843.60363328,1
2026-08-13 00:45:00+08:00,2026-08-13 01:00:00+08:00,1786553100000,SOL-USDT,15m,75.63,75.73,75.57,75.7,3481.23606,263372.28346848,263372.28346848,1
2026-08-13 01:00:00+08:00,2026-08-13 01:15:00+08:00,1786554000000,SOL-USDT,15m,75.7,75.81,75.7,75.77,3947.838097,299014.41377559,299014.41377559,1
2026-08-13 01:15:00+08:00,2026-08-13 01:30:00+08:00,1786554900000,SOL-USDT,15m,75.77,75.84,75.68,75.84,2650.279149,200775.43335401,200775.43335401,1
2026-08-13 01:30:00+08:00,2026-08-13 01:45:00+08:00,1786555800000,SOL-USDT,15m,75.84,76.06,75.76,75.98,4418.358814,335574.08781172,335574.08781172,1
2026-08-13 01:45:00+08:00,2026-08-13 02:00:00+08:00,1786556700000,SOL-USDT,15m,75.97,76.07,75.91,75.92,3158.919803,240054.2307275,240054.2307275,1
2026-08-13 02:00:00+08:00,2026-08-13 02:15:00+08:00,1786557600000,SOL-USDT,15m,75.92,76.03,75.89,76.02,5421.084934,411742.80229522,411742.80229522,1
2026-08-13 02:15:00+08:00,2026-08-13 02:30:00+08:00,1786558500000,SOL-USDT,15m,76.02,76.02,75.92,75.98,3618.133024,274863.1816748,274863.1816748,1
2026-08-13 02:30:00+08:00,2026-08-13 02:45:00+08:00,1786559400000,SOL-USDT,15m,75.98,76.1,75.96,76.02,2866.966578,217923.33494855,217923.33494855,1
2026-08-13 02:45:00+08:00,2026-08-13 03:00:00+08:00,1786560300000,SOL-USDT,15m,76.03,76.03,75.84,75.88,3810.073472,289273.88683451,289273.88683451,1
2026-08-13 03:00:00+08:00,2026-08-13 03:15:00+08:00,1786561200000,SOL-USDT,15m,75.89,76.01,75.86,75.87,3293.378207,250086.39818211,250086.39818211,1
2026-08-13 03:15:00+08:00,2026-08-13 03:30:00+08:00,1786562100000,SOL-USDT,15m,75.86,75.93,75.75,75.85,3935.032363,298327.68785407,298327.68785407,1
2026-08-13 03:30:00+08:00,2026-08-13 03:45:00+08:00,1786563000000,SOL-USDT,15m,75.85,75.85,75.62,75.63,6145.023051,465589.64378543,465589.64378543,1
2026-08-13 03:45:00+08:00,2026-08-13 04:00:00+08:00,1786563900000,SOL-USDT,15m,75.64,75.78,75.6,75.77,4796.750533,363091.84098498,363091.84098498,1
2026-08-13 04:00:00+08:00,2026-08-13 04:15:00+08:00,1786564800000,SOL-USDT,15m,75.77,75.88,75.75,75.84,1549.465846,117459.27673076,117459.27673076,1
2026-08-13 04:15:00+08:00,2026-08-13 04:30:00+08:00,1786565700000,SOL-USDT,15m,75.84,75.89,75.75,75.88,2117.407695,160587.7993579,160587.7993579,1
2026-08-13 04:30:00+08:00,2026-08-13 04:45:00+08:00,1786566600000,SOL-USDT,15m,75.89,76.02,75.88,75.99,6320.183105,480213.18020359,480213.18020359,1
2026-08-13 04:45:00+08:00,2026-08-13 05:00:00+08:00,1786567500000,SOL-USDT,15m,75.99,76,75.9,75.94,3564.52169,270751.82320317,270751.82320317,1
2026-08-13 05:00:00+08:00,2026-08-13 05:15:00+08:00,1786568400000,SOL-USDT,15m,75.94,76.01,75.85,75.85,2698.778104,204869.51046672,204869.51046672,1
2026-08-13 05:15:00+08:00,2026-08-13 05:30:00+08:00,1786569300000,SOL-USDT,15m,75.84,75.9,75.45,75.55,6467.157563,489220.36976466,489220.36976466,1
2026-08-13 05:30:00+08:00,2026-08-13 05:45:00+08:00,1786570200000,SOL-USDT,15m,75.55,75.68,75.45,75.67,2745.089443,207502.11895331,207502.11895331,1
2026-08-13 05:45:00+08:00,2026-08-13 06:00:00+08:00,1786571100000,SOL-USDT,15m,75.68,75.7,75.46,75.49,4183.596048,316364.95097351,316364.95097351,1
2026-08-13 06:00:00+08:00,2026-08-13 06:15:00+08:00,1786572000000,SOL-USDT,15m,75.49,75.66,75.34,75.59,3205.834925,241998.66383511,241998.66383511,1
2026-08-13 06:15:00+08:00,2026-08-13 06:30:00+08:00,1786572900000,SOL-USDT,15m,75.6,75.67,75.55,75.59,1337.517848,101142.05926599,101142.05926599,1
2026-08-13 06:30:00+08:00,2026-08-13 06:45:00+08:00,1786573800000,SOL-USDT,15m,75.59,75.59,75.43,75.49,3763.943169,284135.42742344,284135.42742344,1
2026-08-13 06:45:00+08:00,2026-08-13 07:00:00+08:00,1786574700000,SOL-USDT,15m,75.5,75.54,75.47,75.54,5442.050505,410929.14527356,410929.14527356,1
2026-08-13 07:00:00+08:00,2026-08-13 07:15:00+08:00,1786575600000,SOL-USDT,15m,75.54,75.59,75.44,75.46,6951.437354,524643.48465951,524643.48465951,1
2026-08-13 07:15:00+08:00,2026-08-13 07:30:00+08:00,1786576500000,SOL-USDT,15m,75.46,75.49,75.39,75.49,14305.255326,1079005.0706875,1079005.0706875,1
2026-08-13 07:30:00+08:00,2026-08-13 07:45:00+08:00,1786577400000,SOL-USDT,15m,75.5,75.61,75.48,75.56,2586.149741,195371.02039342,195371.02039342,1
2026-08-13 07:45:00+08:00,2026-08-13 08:00:00+08:00,1786578300000,SOL-USDT,15m,75.57,75.65,75.56,75.63,788.353188,59598.96130203,59598.96130203,1
2026-08-13 08:00:00+08:00,2026-08-13 08:15:00+08:00,1786579200000,SOL-USDT,15m,75.63,75.81,75.6,75.76,6264.509126,474556.8577567,474556.8577567,1
2026-08-13 08:15:00+08:00,2026-08-13 08:30:00+08:00,1786580100000,SOL-USDT,15m,75.77,75.87,75.75,75.8,3657.318918,277327.35003957,277327.35003957,1
2026-08-13 08:30:00+08:00,2026-08-13 08:45:00+08:00,1786581000000,SOL-USDT,15m,75.81,75.81,75.59,75.6,4691.407616,355056.28559417,355056.28559417,1
2026-08-13 08:45:00+08:00,2026-08-13 09:00:00+08:00,1786581900000,SOL-USDT,15m,75.6,75.7,75.56,75.62,1968.923457,148910.20690163,148910.20690163,1
2026-08-13 09:00:00+08:00,2026-08-13 09:15:00+08:00,1786582800000,SOL-USDT,15m,75.62,75.76,75.56,75.76,3876.786831,293294.47580793,293294.47580793,1
2026-08-13 09:15:00+08:00,2026-08-13 09:30:00+08:00,1786583700000,SOL-USDT,15m,75.76,75.76,75.48,75.54,3800.459382,287351.86416058,287351.86416058,1
2026-08-13 09:30:00+08:00,2026-08-13 09:45:00+08:00,1786584600000,SOL-USDT,15m,75.54,75.81,75.53,75.63,5469.797528,413986.56466764,413986.56466764,1
2026-08-13 09:45:00+08:00,2026-08-13 10:00:00+08:00,1786585500000,SOL-USDT,15m,75.62,75.74,75.58,75.64,4420.69154,334520.40773284,334520.40773284,1
2026-08-13 10:00:00+08:00,2026-08-13 10:15:00+08:00,1786586400000,SOL-USDT,15m,75.64,75.66,75.56,75.63,3951.481435,298810.42301491,298810.42301491,1
2026-08-13 10:15:00+08:00,2026-08-13 10:30:00+08:00,1786587300000,SOL-USDT,15m,75.63,75.71,75.61,75.67,1481.225128,112070.27306648,112070.27306648,1
2026-08-13 10:30:00+08:00,2026-08-13 10:45:00+08:00,1786588200000,SOL-USDT,15m,75.67,75.72,75.54,75.72,2520.808275,190562.95216657,190562.95216657,1
2026-08-13 10:45:00+08:00,2026-08-13 11:00:00+08:00,1786589100000,SOL-USDT,15m,75.73,75.98,75.67,75.97,8205.086484,622342.79845577,622342.79845577,1
2026-08-13 11:00:00+08:00,2026-08-13 11:15:00+08:00,1786590000000,SOL-USDT,15m,75.98,76.15,75.97,76.15,11186.583788,850881.37245624,850881.37245624,1
2026-08-13 11:15:00+08:00,2026-08-13 11:30:00+08:00,1786590900000,SOL-USDT,15m,76.15,76.25,76.07,76.23,12441.469396,947732.78128886,947732.78128886,1
2026-08-13 11:30:00+08:00,2026-08-13 11:45:00+08:00,1786591800000,SOL-USDT,15m,76.24,76.31,76.18,76.21,10516.118981,801874.32279517,801874.32279517,1
2026-08-13 11:45:00+08:00,2026-08-13 12:00:00+08:00,1786592700000,SOL-USDT,15m,76.21,76.31,76.21,76.25,3409.771989,260031.91983028,260031.91983028,1
2026-08-13 12:00:00+08:00,2026-08-13 12:15:00+08:00,1786593600000,SOL-USDT,15m,76.26,76.28,76.17,76.19,3498.217206,266648.99580633,266648.99580633,1
2026-08-13 12:15:00+08:00,2026-08-13 12:30:00+08:00,1786594500000,SOL-USDT,15m,76.18,76.2,76,76.09,10092.472655,768039.14602509,768039.14602509,1
2026-08-13 12:30:00+08:00,2026-08-13 12:45:00+08:00,1786595400000,SOL-USDT,15m,76.08,76.19,76.08,76.14,4334.733847,330062.90198443,330062.90198443,1
2026-08-13 12:45:00+08:00,2026-08-13 13:00:00+08:00,1786596300000,SOL-USDT,15m,76.15,76.19,76.1,76.13,4507.418433,343196.24984869,343196.24984869,1
2026-08-13 13:00:00+08:00,2026-08-13 13:15:00+08:00,1786597200000,SOL-USDT,15m,76.13,76.27,76.09,76.27,7613.6648,579970.86374478,579970.86374478,1
2026-08-13 13:15:00+08:00,2026-08-13 13:30:00+08:00,1786598100000,SOL-USDT,15m,76.26,76.37,76.26,76.37,3241.024346,247361.62320093,247361.62320093,1
2026-08-13 13:30:00+08:00,2026-08-13 13:45:00+08:00,1786599000000,SOL-USDT,15m,76.38,76.59,76.3,76.57,8949.811485,684337.74602991,684337.74602991,1
2026-08-13 13:45:00+08:00,2026-08-13 14:00:00+08:00,1786599900000,SOL-USDT,15m,76.56,76.63,76.49,76.52,9464.814149,724529.64581879,724529.64581879,1
2026-08-13 14:00:00+08:00,2026-08-13 14:15:00+08:00,1786600800000,SOL-USDT,15m,76.52,76.55,76.45,76.47,5642.261757,431560.88328409,431560.88328409,1
2026-08-13 14:15:00+08:00,2026-08-13 14:30:00+08:00,1786601700000,SOL-USDT,15m,76.47,76.5,76.42,76.42,2604.953606,199156.46315335,199156.46315335,1
2026-08-13 14:30:00+08:00,2026-08-13 14:45:00+08:00,1786602600000,SOL-USDT,15m,76.42,76.44,76.3,76.33,8299.488583,633661.55650853,633661.55650853,1
2026-08-13 14:45:00+08:00,2026-08-13 15:00:00+08:00,1786603500000,SOL-USDT,15m,76.33,76.53,76.33,76.53,6999.397093,534913.80202314,534913.80202314,1
2026-08-13 15:00:00+08:00,2026-08-13 15:15:00+08:00,1786604400000,SOL-USDT,15m,76.53,76.54,76.4,76.44,2946.196321,225189.24963622,225189.24963622,1
2026-08-13 15:15:00+08:00,2026-08-13 15:30:00+08:00,1786605300000,SOL-USDT,15m,76.45,76.51,76.41,76.5,13330.580068,1018980.66374164,1018980.66374164,1
2026-08-13 15:30:00+08:00,2026-08-13 15:45:00+08:00,1786606200000,SOL-USDT,15m,76.51,76.53,76.45,76.46,3383.459835,258845.21510901,258845.21510901,1
2026-08-13 15:45:00+08:00,2026-08-13 16:00:00+08:00,1786607100000,SOL-USDT,15m,76.46,76.46,76.41,76.45,3969.862019,303445.57786691,303445.57786691,1
2026-08-13 16:00:00+08:00,2026-08-13 16:15:00+08:00,1786608000000,SOL-USDT,15m,76.45,76.49,76.3,76.3,1675.945924,128035.11463386,128035.11463386,1
2026-08-13 16:15:00+08:00,2026-08-13 16:30:00+08:00,1786608900000,SOL-USDT,15m,76.3,76.3,76.24,76.27,4006.336986,305562.73385343,305562.73385343,1
2026-08-13 16:30:00+08:00,2026-08-13 16:45:00+08:00,1786609800000,SOL-USDT,15m,76.27,76.28,76.23,76.24,1079.352383,82296.11874783,82296.11874783,1
2026-08-13 16:45:00+08:00,2026-08-13 17:00:00+08:00,1786610700000,SOL-USDT,15m,76.25,76.25,76.18,76.22,3028.555844,230791.05735025,230791.05735025,1
2026-08-13 17:00:00+08:00,2026-08-13 17:15:00+08:00,1786611600000,SOL-USDT,15m,76.22,76.22,75.95,75.96,2963.79712,225472.73681957,225472.73681957,1
2026-08-13 17:15:00+08:00,2026-08-13 17:30:00+08:00,1786612500000,SOL-USDT,15m,75.97,76.08,75.9,76.02,4263.357119,324124.79571742,324124.79571742,1
2026-08-13 17:30:00+08:00,2026-08-13 17:45:00+08:00,1786613400000,SOL-USDT,15m,76.02,76.06,75.96,75.98,2317.982564,176131.82854051,176131.82854051,1
2026-08-13 17:45:00+08:00,2026-08-13 18:00:00+08:00,1786614300000,SOL-USDT,15m,75.98,76.18,75.98,76.16,2596.422009,197531.92610178,197531.92610178,1
2026-08-13 18:00:00+08:00,2026-08-13 18:15:00+08:00,1786615200000,SOL-USDT,15m,76.17,76.19,75.84,75.86,13261.552001,1007642.81479595,1007642.81479595,1
2026-08-13 18:15:00+08:00,2026-08-13 18:30:00+08:00,1786616100000,SOL-USDT,15m,75.85,75.92,75.84,75.84,1608.437564,122035.00243559,122035.00243559,1
2026-08-13 18:30:00+08:00,2026-08-13 18:45:00+08:00,1786617000000,SOL-USDT,15m,75.85,75.85,75.71,75.76,3246.155592,245925.35123002,245925.35123002,1
2026-08-13 18:45:00+08:00,2026-08-13 19:00:00+08:00,1786617900000,SOL-USDT,15m,75.77,75.8,75.75,75.77,3704.715918,280760.39683952,280760.39683952,1
2026-08-13 19:00:00+08:00,2026-08-13 19:15:00+08:00,1786618800000,SOL-USDT,15m,75.77,75.77,75.65,75.68,4195.888824,317735.80906551,317735.80906551,1
2026-08-13 19:15:00+08:00,2026-08-13 19:30:00+08:00,1786619700000,SOL-USDT,15m,75.67,75.69,75.58,75.62,2095.815961,158506.31651956,158506.31651956,1
2026-08-13 19:30:00+08:00,2026-08-13 19:45:00+08:00,1786620600000,SOL-USDT,15m,75.62,75.73,75.57,75.65,3320.911106,251199.66610841,251199.66610841,1
2026-08-13 19:45:00+08:00,2026-08-13 20:00:00+08:00,1786621500000,SOL-USDT,15m,75.66,75.7,75.63,75.67,2070.424024,156638.37724278,156638.37724278,1
2026-08-13 20:00:00+08:00,2026-08-13 20:15:00+08:00,1786622400000,SOL-USDT,15m,75.67,75.85,75.65,75.85,2622.838066,198688.44170817,198688.44170817,1
2026-08-13 20:15:00+08:00,2026-08-13 20:30:00+08:00,1786623300000,SOL-USDT,15m,75.84,75.93,75.79,75.88,2482.096697,188274.01615308,188274.01615308,1
2026-08-13 20:30:00+08:00,2026-08-13 20:45:00+08:00,1786624200000,SOL-USDT,15m,75.87,76.04,75.78,75.98,6227.098145,472935.27494967,472935.27494967,1
2026-08-13 20:45:00+08:00,2026-08-13 21:00:00+08:00,1786625100000,SOL-USDT,15m,75.98,76.15,75.92,76.14,6458.209148,491190.72320174,491190.72320174,1
2026-08-13 21:00:00+08:00,2026-08-13 21:15:00+08:00,1786626000000,SOL-USDT,15m,76.14,76.23,76.09,76.16,3959.119612,301562.53035659,301562.53035659,1
2026-08-13 21:15:00+08:00,2026-08-13 21:30:00+08:00,1786626900000,SOL-USDT,15m,76.16,76.16,76.04,76.08,3933.251498,299284.31759961,299284.31759961,1
2026-08-13 21:30:00+08:00,2026-08-13 21:45:00+08:00,1786627800000,SOL-USDT,15m,76.07,76.37,76.06,76.31,3626.93203,276430.19947692,276430.19947692,1
2026-08-13 21:45:00+08:00,2026-08-13 22:00:00+08:00,1786628700000,SOL-USDT,15m,76.29,76.3,76.17,76.2,3769.797851,287429.89590766,287429.89590766,1
2026-08-13 22:00:00+08:00,2026-08-13 22:15:00+08:00,1786629600000,SOL-USDT,15m,76.2,76.46,76.14,76.35,3833.683649,292558.91454307,292558.91454307,1
2026-08-13 22:15:00+08:00,2026-08-13 22:30:00+08:00,1786630500000,SOL-USDT,15m,76.35,76.42,76.24,76.29,2170.732663,165678.98801635,165678.98801635,1
2026-08-13 22:30:00+08:00,2026-08-13 22:45:00+08:00,1786631400000,SOL-USDT,15m,76.29,76.58,76.24,76.57,7280.026773,556902.31384496,556902.31384496,1
2026-08-13 22:45:00+08:00,2026-08-13 23:00:00+08:00,1786632300000,SOL-USDT,15m,76.57,76.57,76.47,76.47,2983.211434,228256.01117935,228256.01117935,1
2026-08-13 23:00:00+08:00,2026-08-13 23:15:00+08:00,1786633200000,SOL-USDT,15m,76.47,76.54,76.37,76.37,3378.99272,258271.73744459,258271.73744459,1
2026-08-13 23:15:00+08:00,2026-08-13 23:30:00+08:00,1786634100000,SOL-USDT,15m,76.37,76.4,75.98,76.07,8422.304582,641566.65642201,641566.65642201,1
2026-08-13 23:30:00+08:00,2026-08-13 23:45:00+08:00,1786635000000,SOL-USDT,15m,76.06,76.2,76.04,76.11,3428.652293,260956.48656522,260956.48656522,1
2026-08-13 23:45:00+08:00,2026-08-14 00:00:00+08:00,1786635900000,SOL-USDT,15m,76.11,76.11,75.64,75.65,6802.48635,516157.59720375,516157.59720375,1
2026-08-14 00:00:00+08:00,2026-08-14 00:15:00+08:00,1786636800000,SOL-USDT,15m,75.65,75.79,75.53,75.73,7788.499005,589458.20733173,589458.20733173,1
2026-08-14 00:15:00+08:00,2026-08-14 00:30:00+08:00,1786637700000,SOL-USDT,15m,75.73,75.88,75.65,75.67,6142.153666,465339.43111933,465339.43111933,1
2026-08-14 00:30:00+08:00,2026-08-14 00:45:00+08:00,1786638600000,SOL-USDT,15m,75.68,75.72,75.08,75.39,22623.986839,1704048.77892391,1704048.77892391,1
2026-08-14 00:45:00+08:00,2026-08-14 01:00:00+08:00,1786639500000,SOL-USDT,15m,75.36,75.68,75.3,75.59,12124.167415,916174.14845117,916174.14845117,1
2026-08-14 01:00:00+08:00,2026-08-14 01:15:00+08:00,1786640400000,SOL-USDT,15m,75.6,75.8,75.56,75.74,5739.460178,434264.27680752,434264.27680752,1
2026-08-14 01:15:00+08:00,2026-08-14 01:30:00+08:00,1786641300000,SOL-USDT,15m,75.74,75.89,75.74,75.83,4417.761949,335029.87612858,335029.87612858,1
2026-08-14 01:30:00+08:00,2026-08-14 01:45:00+08:00,1786642200000,SOL-USDT,15m,75.83,75.94,75.77,75.87,2451.093447,185885.2934834,185885.2934834,1
2026-08-14 01:45:00+08:00,2026-08-14 02:00:00+08:00,1786643100000,SOL-USDT,15m,75.87,75.91,75.75,75.78,1767.99569,134048.92160108,134048.92160108,1
2026-08-14 02:00:00+08:00,2026-08-14 02:15:00+08:00,1786644000000,SOL-USDT,15m,75.78,75.92,75.75,75.87,2130.706487,161585.26617127,161585.26617127,1
2026-08-14 02:15:00+08:00,2026-08-14 02:30:00+08:00,1786644900000,SOL-USDT,15m,75.87,75.96,75.76,75.77,1833.65108,139049.73312174,139049.73312174,1
2026-08-14 02:30:00+08:00,2026-08-14 02:45:00+08:00,1786645800000,SOL-USDT,15m,75.76,75.84,75.69,75.84,2364.372858,179097.51407841,179097.51407841,1
2026-08-14 02:45:00+08:00,2026-08-14 03:00:00+08:00,1786646700000,SOL-USDT,15m,75.83,76.09,75.82,76.02,3209.597608,243804.15583251,243804.15583251,1
2026-08-14 03:00:00+08:00,2026-08-14 03:15:00+08:00,1786647600000,SOL-USDT,15m,76.02,76.28,75.98,76.14,5654.296175,430467.34616143,430467.34616143,1
2026-08-14 03:15:00+08:00,2026-08-14 03:30:00+08:00,1786648500000,SOL-USDT,15m,76.14,76.17,76.05,76.13,2235.194411,170137.45837458,170137.45837458,1
2026-08-14 03:30:00+08:00,2026-08-14 03:45:00+08:00,1786649400000,SOL-USDT,15m,76.13,76.17,76.07,76.13,2534.634548,192894.27537648,192894.27537648,1
2026-08-14 03:45:00+08:00,2026-08-14 04:00:00+08:00,1786650300000,SOL-USDT,15m,76.14,76.2,76.12,76.2,1588.766538,121012.85719086,121012.85719086,1
2026-08-14 04:00:00+08:00,2026-08-14 04:15:00+08:00,1786651200000,SOL-USDT,15m,76.21,76.34,76.15,76.19,5366.690185,409097.89041202,409097.89041202,1
2026-08-14 04:15:00+08:00,2026-08-14 04:30:00+08:00,1786652100000,SOL-USDT,15m,76.19,76.27,76.17,76.27,1300.446965,99117.13422548,99117.13422548,1
2026-08-14 04:30:00+08:00,2026-08-14 04:45:00+08:00,1786653000000,SOL-USDT,15m,76.27,76.34,76.24,76.26,1426.56823,108827.17427248,108827.17427248,1
2026-08-14 04:45:00+08:00,2026-08-14 05:00:00+08:00,1786653900000,SOL-USDT,15m,76.26,76.27,76.18,76.23,1634.497193,124585.8480292,124585.8480292,1
2026-08-14 05:00:00+08:00,2026-08-14 05:15:00+08:00,1786654800000,SOL-USDT,15m,76.23,76.31,76.21,76.24,2899.122146,221117.4892203,221117.4892203,1
2026-08-14 05:15:00+08:00,2026-08-14 05:30:00+08:00,1786655700000,SOL-USDT,15m,76.24,76.26,76.16,76.18,1028.210379,78361.01274138,78361.01274138,1
2026-08-14 05:30:00+08:00,2026-08-14 05:45:00+08:00,1786656600000,SOL-USDT,15m,76.18,76.23,76.13,76.21,2297.961166,175036.10291944,175036.10291944,1
2026-08-14 05:45:00+08:00,2026-08-14 06:00:00+08:00,1786657500000,SOL-USDT,15m,76.21,76.25,76.17,76.22,1425.105347,108616.96479436,108616.96479436,1
2026-08-14 06:00:00+08:00,2026-08-14 06:15:00+08:00,1786658400000,SOL-USDT,15m,76.22,76.45,76.21,76.4,2671.580918,204024.27658809,204024.27658809,1
2026-08-14 06:15:00+08:00,2026-08-14 06:30:00+08:00,1786659300000,SOL-USDT,15m,76.39,76.44,76.35,76.41,3022.04416,230892.11289395,230892.11289395,1
2026-08-14 06:30:00+08:00,2026-08-14 06:45:00+08:00,1786660200000,SOL-USDT,15m,76.42,76.42,76.35,76.36,775.757528,59253.80815085,59253.80815085,1
2026-08-14 06:45:00+08:00,2026-08-14 07:00:00+08:00,1786661100000,SOL-USDT,15m,76.36,76.39,76.25,76.25,1600.783734,122190.14621718,122190.14621718,1
2026-08-14 07:00:00+08:00,2026-08-14 07:15:00+08:00,1786662000000,SOL-USDT,15m,76.26,76.26,76.17,76.19,1344.680664,102466.67947212,102466.67947212,1
2026-08-14 07:15:00+08:00,2026-08-14 07:30:00+08:00,1786662900000,SOL-USDT,15m,76.18,76.24,76.15,76.24,1921.493493,146439.42095304,146439.42095304,1
2026-08-14 07:30:00+08:00,2026-08-14 07:45:00+08:00,1786663800000,SOL-USDT,15m,76.24,76.3,76.23,76.29,2628.838229,200471.94640306,200471.94640306,1
2026-08-14 07:45:00+08:00,2026-08-14 08:00:00+08:00,1786664700000,SOL-USDT,15m,76.28,76.3,76.2,76.26,1881.586063,143462.98006585,143462.98006585,1
2026-08-14 08:00:00+08:00,2026-08-14 08:15:00+08:00,1786665600000,SOL-USDT,15m,76.27,76.33,76.19,76.2,3074.932586,234553.69631462,234553.69631462,1
2026-08-14 08:15:00+08:00,2026-08-14 08:30:00+08:00,1786666500000,SOL-USDT,15m,76.2,76.25,76.11,76.11,2992.569881,227977.82184322,227977.82184322,1
2026-08-14 08:30:00+08:00,2026-08-14 08:45:00+08:00,1786667400000,SOL-USDT,15m,76.11,76.2,75.99,76.17,3488.70709,265416.56498064,265416.56498064,1
2026-08-14 08:45:00+08:00,2026-08-14 09:00:00+08:00,1786668300000,SOL-USDT,15m,76.17,76.17,76.04,76.09,1025.869853,78059.84942923,78059.84942923,1
2026-08-14 09:00:00+08:00,2026-08-14 09:15:00+08:00,1786669200000,SOL-USDT,15m,76.09,76.11,75.94,75.94,2952.87143,224524.62903025,224524.62903025,1
2026-08-14 09:15:00+08:00,2026-08-14 09:30:00+08:00,1786670100000,SOL-USDT,15m,75.95,76.11,75.92,76,2295.067281,174500.02203948,174500.02203948,1
2026-08-14 09:30:00+08:00,2026-08-14 09:45:00+08:00,1786671000000,SOL-USDT,15m,76.01,76.15,75.98,76.15,1167.396239,88819.69663104,88819.69663104,1
2026-08-14 09:45:00+08:00,2026-08-14 10:00:00+08:00,1786671900000,SOL-USDT,15m,76.14,76.17,76.07,76.1,2515.376171,191444.8069532,191444.8069532,1
2026-08-14 10:00:00+08:00,2026-08-14 10:15:00+08:00,1786672800000,SOL-USDT,15m,76.1,76.2,76.07,76.13,3364.110455,256123.00269482,256123.00269482,1
2026-08-14 10:15:00+08:00,2026-08-14 10:30:00+08:00,1786673700000,SOL-USDT,15m,76.14,76.16,75.99,76.05,2348.752775,178633.03090886,178633.03090886,1
2026-08-14 10:30:00+08:00,2026-08-14 10:45:00+08:00,1786674600000,SOL-USDT,15m,76.04,76.15,76.01,76.09,3322.274148,252728.16707402,252728.16707402,1
2026-08-14 10:45:00+08:00,2026-08-14 11:00:00+08:00,1786675500000,SOL-USDT,15m,76.09,76.18,76.02,76.03,3638.204079,276924.40042285,276924.40042285,1
2026-08-14 11:00:00+08:00,2026-08-14 11:15:00+08:00,1786676400000,SOL-USDT,15m,76.03,76.03,75.8,75.93,12633.566075,958333.97719285,958333.97719285,1
2026-08-14 11:15:00+08:00,2026-08-14 11:30:00+08:00,1786677300000,SOL-USDT,15m,75.93,76.07,75.92,75.98,2536.951908,192841.62124535,192841.62124535,1
2026-08-14 11:30:00+08:00,2026-08-14 11:45:00+08:00,1786678200000,SOL-USDT,15m,75.99,75.99,75.78,75.83,4788.50811,363191.59450902,363191.59450902,1
2026-08-14 11:45:00+08:00,2026-08-14 12:00:00+08:00,1786679100000,SOL-USDT,15m,75.84,75.84,75.75,75.77,2210.011372,167470.64571687,167470.64571687,1
2026-08-14 12:00:00+08:00,2026-08-14 12:15:00+08:00,1786680000000,SOL-USDT,15m,75.76,75.92,75.75,75.92,1472.124819,111687.78909679,111687.78909679,1
2026-08-14 12:15:00+08:00,2026-08-14 12:30:00+08:00,1786680900000,SOL-USDT,15m,75.92,76.03,75.91,75.95,1906.932279,144866.24614226,144866.24614226,1
2026-08-14 12:30:00+08:00,2026-08-14 12:45:00+08:00,1786681800000,SOL-USDT,15m,75.94,75.96,75.9,75.93,710.895931,53982.05053553,53982.05053553,1
2026-08-14 12:45:00+08:00,2026-08-14 13:00:00+08:00,1786682700000,SOL-USDT,15m,75.92,75.93,75.83,75.85,770.69541,58471.68784602,58471.68784602,1
2026-08-14 13:00:00+08:00,2026-08-14 13:15:00+08:00,1786683600000,SOL-USDT,15m,75.85,75.93,75.83,75.85,2026.56838,153814.68469893,153814.68469893,1
2026-08-14 13:15:00+08:00,2026-08-14 13:30:00+08:00,1786684500000,SOL-USDT,15m,75.84,75.9,75.81,75.88,1220.723198,92595.17071806,92595.17071806,1
2026-08-14 13:30:00+08:00,2026-08-14 13:45:00+08:00,1786685400000,SOL-USDT,15m,75.89,76,75.86,75.95,1747.290009,132684.65573056,132684.65573056,1
2026-08-14 13:45:00+08:00,2026-08-14 14:00:00+08:00,1786686300000,SOL-USDT,15m,75.94,75.95,75.87,75.93,1176.249752,89295.51014938,89295.51014938,1
2026-08-14 14:00:00+08:00,2026-08-14 14:15:00+08:00,1786687200000,SOL-USDT,15m,75.93,75.93,75.78,75.79,1213.477114,92025.29904482,92025.29904482,1
2026-08-14 14:15:00+08:00,2026-08-14 14:30:00+08:00,1786688100000,SOL-USDT,15m,75.79,75.79,75.61,75.63,3464.546928,262217.67018018,262217.67018018,1
2026-08-14 14:30:00+08:00,2026-08-14 14:45:00+08:00,1786689000000,SOL-USDT,15m,75.63,75.71,75.63,75.65,4646.54913,351627.2433792,351627.2433792,1
2026-08-14 14:45:00+08:00,2026-08-14 15:00:00+08:00,1786689900000,SOL-USDT,15m,75.66,75.71,75.51,75.55,4139.927404,312964.94666103,312964.94666103,1
2026-08-14 15:00:00+08:00,2026-08-14 15:15:00+08:00,1786690800000,SOL-USDT,15m,75.54,75.67,75.5,75.66,4414.532828,333723.40442833,333723.40442833,1
2026-08-14 15:15:00+08:00,2026-08-14 15:30:00+08:00,1786691700000,SOL-USDT,15m,75.65,75.73,75.65,75.7,1193.205764,90313.45047136,90313.45047136,1
2026-08-14 15:30:00+08:00,2026-08-14 15:45:00+08:00,1786692600000,SOL-USDT,15m,75.7,75.71,75.56,75.62,3701.650242,280061.57255871,280061.57255871,1
2026-08-14 15:45:00+08:00,2026-08-14 16:00:00+08:00,1786693500000,SOL-USDT,15m,75.61,75.67,75.59,75.59,4315.292776,326337.73202153,326337.73202153,1
2026-08-14 16:00:00+08:00,2026-08-14 16:15:00+08:00,1786694400000,SOL-USDT,15m,75.6,75.69,75.58,75.64,2032.185333,153682.26691488,153682.26691488,1
2026-08-14 16:15:00+08:00,2026-08-14 16:30:00+08:00,1786695300000,SOL-USDT,15m,75.66,75.72,75.57,75.66,1715.902983,129796.81779706,129796.81779706,1
2026-08-14 16:30:00+08:00,2026-08-14 16:45:00+08:00,1786696200000,SOL-USDT,15m,75.66,75.9,75.64,75.73,6051.379029,458705.19526592,458705.19526592,1
2026-08-14 16:45:00+08:00,2026-08-14 17:00:00+08:00,1786697100000,SOL-USDT,15m,75.73,75.88,75.71,75.86,2717.735407,206025.66612753,206025.66612753,1
2026-08-14 17:00:00+08:00,2026-08-14 17:15:00+08:00,1786698000000,SOL-USDT,15m,75.87,75.88,75.75,75.82,3545.021467,268701.04858689,268701.04858689,1
2026-08-14 17:15:00+08:00,2026-08-14 17:30:00+08:00,1786698900000,SOL-USDT,15m,75.82,75.83,75.7,75.71,1806.486493,136910.84236272,136910.84236272,1
2026-08-14 17:30:00+08:00,2026-08-14 17:45:00+08:00,1786699800000,SOL-USDT,15m,75.7,75.71,75.43,75.47,5061.808932,382568.77528373,382568.77528373,1
2026-08-14 17:45:00+08:00,2026-08-14 18:00:00+08:00,1786700700000,SOL-USDT,15m,75.47,75.58,75.45,75.5,3439.848641,259696.20262398,259696.20262398,1
2026-08-14 18:00:00+08:00,2026-08-14 18:15:00+08:00,1786701600000,SOL-USDT,15m,75.49,75.61,75.45,75.59,4805.934488,363088.42245093,363088.42245093,1
2026-08-14 18:15:00+08:00,2026-08-14 18:30:00+08:00,1786702500000,SOL-USDT,15m,75.59,75.65,75.49,75.54,2299.885205,173804.48145596,173804.48145596,1
2026-08-14 18:30:00+08:00,2026-08-14 18:45:00+08:00,1786703400000,SOL-USDT,15m,75.54,75.58,75.5,75.51,1954.764496,147647.87350348,147647.87350348,1
2026-08-14 18:45:00+08:00,2026-08-14 19:00:00+08:00,1786704300000,SOL-USDT,15m,75.51,75.54,75.35,75.41,5704.474378,430462.27474738,430462.27474738,1
2026-08-14 19:00:00+08:00,2026-08-14 19:15:00+08:00,1786705200000,SOL-USDT,15m,75.4,75.54,75.4,75.48,3627.192772,273778.48458014,273778.48458014,1
2026-08-14 19:15:00+08:00,2026-08-14 19:30:00+08:00,1786706100000,SOL-USDT,15m,75.47,75.6,75.46,75.55,1836.593688,138741.73903903,138741.73903903,1
2026-08-14 19:30:00+08:00,2026-08-14 19:45:00+08:00,1786707000000,SOL-USDT,15m,75.55,75.6,75.5,75.55,1478.40292,111694.98297106,111694.98297106,1
2026-08-14 19:45:00+08:00,2026-08-14 20:00:00+08:00,1786707900000,SOL-USDT,15m,75.54,75.57,75.5,75.54,1790.861216,135275.63623909,135275.63623909,1
2026-08-14 20:00:00+08:00,2026-08-14 20:15:00+08:00,1786708800000,SOL-USDT,15m,75.53,75.58,75.35,75.41,3035.593988,229023.70228957,229023.70228957,1
2026-08-14 20:15:00+08:00,2026-08-14 20:30:00+08:00,1786709700000,SOL-USDT,15m,75.42,75.56,75.4,75.55,2404.337375,181500.67339152,181500.67339152,1
2026-08-14 20:30:00+08:00,2026-08-14 20:45:00+08:00,1786710600000,SOL-USDT,15m,75.54,75.59,75.45,75.46,2133.668995,161105.15378855,161105.15378855,1
2026-08-14 20:45:00+08:00,2026-08-14 21:00:00+08:00,1786711500000,SOL-USDT,15m,75.45,75.51,75.39,75.48,2472.823644,186571.6240156,186571.6240156,1
2026-08-14 21:00:00+08:00,2026-08-14 21:15:00+08:00,1786712400000,SOL-USDT,15m,75.47,75.49,75.34,75.46,3263.375292,246115.52638905,246115.52638905,1
2026-08-14 21:15:00+08:00,2026-08-14 21:30:00+08:00,1786713300000,SOL-USDT,15m,75.46,75.47,75.31,75.36,6334.045064,477434.83159486,477434.83159486,1
2026-08-14 21:30:00+08:00,2026-08-14 21:45:00+08:00,1786714200000,SOL-USDT,15m,75.36,75.42,75.26,75.39,5755.454411,433522.9966455,433522.9966455,1
2026-08-14 21:45:00+08:00,2026-08-14 22:00:00+08:00,1786715100000,SOL-USDT,15m,75.4,75.44,75.3,75.37,5350.957049,403361.45019722,403361.45019722,1
2026-08-14 22:00:00+08:00,2026-08-14 22:15:00+08:00,1786716000000,SOL-USDT,15m,75.37,75.42,75.23,75.24,4528.932271,341215.79355646,341215.79355646,1
2026-08-14 22:15:00+08:00,2026-08-14 22:30:00+08:00,1786716900000,SOL-USDT,15m,75.23,75.28,75.05,75.25,5650.529045,424694.16262099,424694.16262099,1
2026-08-14 22:30:00+08:00,2026-08-14 22:45:00+08:00,1786717800000,SOL-USDT,15m,75.25,75.41,75.21,75.33,2512.761743,189307.30512441,189307.30512441,1
2026-08-14 22:45:00+08:00,2026-08-14 23:00:00+08:00,1786718700000,SOL-USDT,15m,75.34,75.38,75.18,75.27,3123.072655,235173.66770632,235173.66770632,1
2026-08-14 23:00:00+08:00,2026-08-14 23:15:00+08:00,1786719600000,SOL-USDT,15m,75.27,75.32,75.2,75.28,2311.522432,173946.77145697,173946.77145697,1
2026-08-14 23:15:00+08:00,2026-08-14 23:30:00+08:00,1786720500000,SOL-USDT,15m,75.29,75.56,75.25,75.56,2674.400736,201570.73009999,201570.73009999,1
2026-08-14 23:30:00+08:00,2026-08-14 23:45:00+08:00,1786721400000,SOL-USDT,15m,75.57,75.74,75.43,75.71,3339.101549,252427.30313293,252427.30313293,1
2026-08-14 23:45:00+08:00,2026-08-15 00:00:00+08:00,1786722300000,SOL-USDT,15m,75.72,75.77,75.64,75.64,3032.593491,229603.12579501,229603.12579501,1
2026-08-15 00:00:00+08:00,2026-08-15 00:15:00+08:00,1786723200000,SOL-USDT,15m,75.65,75.72,75.58,75.66,2781.548442,210413.86657754,210413.86657754,1
2026-08-15 00:15:00+08:00,2026-08-15 00:30:00+08:00,1786724100000,SOL-USDT,15m,75.66,75.68,75.55,75.58,2385.509171,180363.39833386,180363.39833386,1
2026-08-15 00:30:00+08:00,2026-08-15 00:45:00+08:00,1786725000000,SOL-USDT,15m,75.58,75.69,75.57,75.59,2190.642793,165638.09446728,165638.09446728,1
2026-08-15 00:45:00+08:00,2026-08-15 01:00:00+08:00,1786725900000,SOL-USDT,15m,75.58,75.59,75.45,75.47,1361.673724,102811.35524801,102811.35524801,1
2026-08-15 01:00:00+08:00,2026-08-15 01:15:00+08:00,1786726800000,SOL-USDT,15m,75.48,75.56,75.45,75.56,1035.10542,78142.92515681,78142.92515681,1
2026-08-15 01:15:00+08:00,2026-08-15 01:30:00+08:00,1786727700000,SOL-USDT,15m,75.55,75.68,75.54,75.61,2092.721598,158252.3945713,158252.3945713,1
2026-08-15 01:30:00+08:00,2026-08-15 01:45:00+08:00,1786728600000,SOL-USDT,15m,75.61,75.66,75.44,75.45,3083.589608,233013.11666972,233013.11666972,1
2026-08-15 01:45:00+08:00,2026-08-15 02:00:00+08:00,1786729500000,SOL-USDT,15m,75.46,75.49,75.17,75.29,4515.4226,340011.5755664,340011.5755664,1
2026-08-15 02:00:00+08:00,2026-08-15 02:15:00+08:00,1786730400000,SOL-USDT,15m,75.29,75.3,75,75.08,7452.901127,559612.25605349,559612.25605349,1
2026-08-15 02:15:00+08:00,2026-08-15 02:30:00+08:00,1786731300000,SOL-USDT,15m,75.08,75.26,75.07,75.18,2869.569182,215679.566442,215679.566442,1
2026-08-15 02:30:00+08:00,2026-08-15 02:45:00+08:00,1786732200000,SOL-USDT,15m,75.17,75.2,75.04,75.13,1781.595995,133846.2109248,133846.2109248,1
2026-08-15 02:45:00+08:00,2026-08-15 03:00:00+08:00,1786733100000,SOL-USDT,15m,75.15,75.15,74.94,74.97,4081.058977,306053.50886855,306053.50886855,1
2026-08-15 03:00:00+08:00,2026-08-15 03:15:00+08:00,1786734000000,SOL-USDT,15m,74.96,74.97,74.74,74.75,7285.78058,545237.57350463,545237.57350463,1
2026-08-15 03:15:00+08:00,2026-08-15 03:30:00+08:00,1786734900000,SOL-USDT,15m,74.74,74.89,74.68,74.86,4677.735499,349695.2024551,349695.2024551,1
2026-08-15 03:30:00+08:00,2026-08-15 03:45:00+08:00,1786735800000,SOL-USDT,15m,74.85,75.06,74.81,75.06,4184.732825,313661.60281085,313661.60281085,1
2026-08-15 03:45:00+08:00,2026-08-15 04:00:00+08:00,1786736700000,SOL-USDT,15m,75.06,75.11,75.01,75.01,3992.394317,299660.87860128,299660.87860128,1
2026-08-15 04:00:00+08:00,2026-08-15 04:15:00+08:00,1786737600000,SOL-USDT,15m,75.02,75.18,74.98,75.12,3448.503302,259061.47483667,259061.47483667,1
2026-08-15 04:15:00+08:00,2026-08-15 04:30:00+08:00,1786738500000,SOL-USDT,15m,75.12,75.22,75.1,75.21,2840.763478,213500.93934554,213500.93934554,1
2026-08-15 04:30:00+08:00,2026-08-15 04:45:00+08:00,1786739400000,SOL-USDT,15m,75.2,75.25,75.15,75.22,1308.530029,98412.20853553,98412.20853553,1
2026-08-15 04:45:00+08:00,2026-08-15 05:00:00+08:00,1786740300000,SOL-USDT,15m,75.22,75.24,75.12,75.15,1629.740059,122512.38128995,122512.38128995,1
2026-08-15 05:00:00+08:00,2026-08-15 05:15:00+08:00,1786741200000,SOL-USDT,15m,75.16,75.22,75.09,75.14,2089.773633,157079.47857536,157079.47857536,1
2026-08-15 05:15:00+08:00,2026-08-15 05:30:00+08:00,1786742100000,SOL-USDT,15m,75.14,75.24,75.14,75.21,1401.836742,105420.7021996,105420.7021996,1
2026-08-15 05:30:00+08:00,2026-08-15 05:45:00+08:00,1786743000000,SOL-USDT,15m,75.21,75.23,75.14,75.15,1445.772373,108708.36708513,108708.36708513,1
2026-08-15 05:45:00+08:00,2026-08-15 06:00:00+08:00,1786743900000,SOL-USDT,15m,75.15,75.22,75.11,75.2,1903.971972,143126.25213337,143126.25213337,1
2026-08-15 06:00:00+08:00,2026-08-15 06:15:00+08:00,1786744800000,SOL-USDT,15m,75.2,75.28,75.13,75.15,2099.256006,157882.33374816,157882.33374816,1
2026-08-15 06:15:00+08:00,2026-08-15 06:30:00+08:00,1786745700000,SOL-USDT,15m,75.15,75.15,74.98,74.99,1512.018779,113464.46323034,113464.46323034,1
2026-08-15 06:30:00+08:00,2026-08-15 06:45:00+08:00,1786746600000,SOL-USDT,15m,74.99,75.11,74.99,75.1,1500.870406,112686.58774583,112686.58774583,1
2026-08-15 06:45:00+08:00,2026-08-15 07:00:00+08:00,1786747500000,SOL-USDT,15m,75.1,75.23,75.08,75.2,1593.926786,119820.12064985,119820.12064985,1
2026-08-15 07:00:00+08:00,2026-08-15 07:15:00+08:00,1786748400000,SOL-USDT,15m,75.2,75.26,75.16,75.24,945.248069,71077.88140731,71077.88140731,1
2026-08-15 07:15:00+08:00,2026-08-15 07:30:00+08:00,1786749300000,SOL-USDT,15m,75.25,75.35,75.21,75.33,1463.729294,110192.66462144,110192.66462144,1
2026-08-15 07:30:00+08:00,2026-08-15 07:45:00+08:00,1786750200000,SOL-USDT,15m,75.33,75.41,75.24,75.37,3933.614298,296256.06883332,296256.06883332,1
2026-08-15 07:45:00+08:00,2026-08-15 08:00:00+08:00,1786751100000,SOL-USDT,15m,75.37,75.42,75.35,75.41,1391.375988,104893.86593865,104893.86593865,1
2026-08-15 08:00:00+08:00,2026-08-15 08:15:00+08:00,1786752000000,SOL-USDT,15m,75.41,75.44,75.36,75.38,2284.763289,172267.67690681,172267.67690681,1
2026-08-15 08:15:00+08:00,2026-08-15 08:30:00+08:00,1786752900000,SOL-USDT,15m,75.38,75.41,75.35,75.39,1610.693784,121422.58397889,121422.58397889,1
2026-08-15 08:30:00+08:00,2026-08-15 08:45:00+08:00,1786753800000,SOL-USDT,15m,75.39,75.42,75.36,75.38,1267.712565,95576.80198601,95576.80198601,1
2026-08-15 08:45:00+08:00,2026-08-15 09:00:00+08:00,1786754700000,SOL-USDT,15m,75.38,75.43,75.3,75.35,7315.672869,551149.62597162,551149.62597162,1
2026-08-15 09:00:00+08:00,2026-08-15 09:15:00+08:00,1786755600000,SOL-USDT,15m,75.35,75.42,75.29,75.4,2739.348028,206404.96764146,206404.96764146,1
2026-08-15 09:15:00+08:00,2026-08-15 09:30:00+08:00,1786756500000,SOL-USDT,15m,75.39,75.47,75.36,75.42,2269.621032,171145.65699757,171145.65699757,1
2026-08-15 09:30:00+08:00,2026-08-15 09:45:00+08:00,1786757400000,SOL-USDT,15m,75.42,75.46,75.38,75.44,1936.688134,146070.09054333,146070.09054333,1
2026-08-15 09:45:00+08:00,2026-08-15 10:00:00+08:00,1786758300000,SOL-USDT,15m,75.43,75.44,75.38,75.42,2373.407305,178991.60911476,178991.60911476,1
2026-08-15 10:00:00+08:00,2026-08-15 10:15:00+08:00,1786759200000,SOL-USDT,15m,75.42,75.48,75.39,75.47,3881.45257,292772.92364853,292772.92364853,1
2026-08-15 10:15:00+08:00,2026-08-15 10:30:00+08:00,1786760100000,SOL-USDT,15m,75.48,75.62,75.48,75.57,7683.078765,580645.78481683,580645.78481683,1
2026-08-15 10:30:00+08:00,2026-08-15 10:45:00+08:00,1786761000000,SOL-USDT,15m,75.57,75.69,75.56,75.63,4063.825832,307285.20145317,307285.20145317,1
2026-08-15 10:45:00+08:00,2026-08-15 11:00:00+08:00,1786761900000,SOL-USDT,15m,75.62,75.67,75.57,75.67,2353.961376,178013.04853319,178013.04853319,1
2026-08-15 11:00:00+08:00,2026-08-15 11:15:00+08:00,1786762800000,SOL-USDT,15m,75.67,75.72,75.64,75.69,2187.11742,165509.33136216,165509.33136216,1
2026-08-15 11:15:00+08:00,2026-08-15 11:30:00+08:00,1786763700000,SOL-USDT,15m,75.69,75.71,75.58,75.63,1398.526726,105793.0795943,105793.0795943,1
2026-08-15 11:30:00+08:00,2026-08-15 11:45:00+08:00,1786764600000,SOL-USDT,15m,75.63,75.65,75.5,75.51,2368.331091,178918.46803872,178918.46803872,1
2026-08-15 11:45:00+08:00,2026-08-15 12:00:00+08:00,1786765500000,SOL-USDT,15m,75.5,75.5,75.41,75.42,3369.196749,254181.99294727,254181.99294727,1
2026-08-15 12:00:00+08:00,2026-08-15 12:15:00+08:00,1786766400000,SOL-USDT,15m,75.43,75.49,75.36,75.49,8503.034951,641164.00352941,641164.00352941,1
2026-08-15 12:15:00+08:00,2026-08-15 12:30:00+08:00,1786767300000,SOL-USDT,15m,75.49,75.6,75.47,75.58,1942.031619,146701.69308566,146701.69308566,1
2026-08-15 12:30:00+08:00,2026-08-15 12:45:00+08:00,1786768200000,SOL-USDT,15m,75.57,75.6,75.53,75.59,3164.499217,239119.07800817,239119.07800817,1
2026-08-15 12:45:00+08:00,2026-08-15 13:00:00+08:00,1786769100000,SOL-USDT,15m,75.59,75.6,75.52,75.53,3189.655713,240981.20946182,240981.20946182,1
2026-08-15 13:00:00+08:00,2026-08-15 13:15:00+08:00,1786770000000,SOL-USDT,15m,75.54,75.6,75.48,75.55,3909.244495,295347.52521057,295347.52521057,1
2026-08-15 13:15:00+08:00,2026-08-15 13:30:00+08:00,1786770900000,SOL-USDT,15m,75.54,75.56,75.46,75.46,1022.621963,77217.99807375,77217.99807375,1
2026-08-15 13:30:00+08:00,2026-08-15 13:45:00+08:00,1786771800000,SOL-USDT,15m,75.46,75.49,75.31,75.39,8855.671585,667507.36202452,667507.36202452,1
2026-08-15 13:45:00+08:00,2026-08-15 14:00:00+08:00,1786772700000,SOL-USDT,15m,75.39,75.42,75.31,75.35,1236.17322,93154.68469841,93154.68469841,1
2026-08-15 14:00:00+08:00,2026-08-15 14:15:00+08:00,1786773600000,SOL-USDT,15m,75.35,75.41,75.28,75.28,1773.802367,133652.31674304,133652.31674304,1
2026-08-15 14:15:00+08:00,2026-08-15 14:30:00+08:00,1786774500000,SOL-USDT,15m,75.28,75.36,75.28,75.32,859.097724,64707.17495157,64707.17495157,1
2026-08-15 14:30:00+08:00,2026-08-15 14:45:00+08:00,1786775400000,SOL-USDT,15m,75.32,75.39,75.32,75.37,2443.573844,184138.19890627,184138.19890627,1
2026-08-15 14:45:00+08:00,2026-08-15 15:00:00+08:00,1786776300000,SOL-USDT,15m,75.37,75.49,75.36,75.43,1519.82566,114667.57610109,114667.57610109,1
2026-08-15 15:00:00+08:00,2026-08-15 15:15:00+08:00,1786777200000,SOL-USDT,15m,75.42,75.43,75.35,75.41,2063.450728,155566.63011755,155566.63011755,1
2026-08-15 15:15:00+08:00,2026-08-15 15:30:00+08:00,1786778100000,SOL-USDT,15m,75.4,75.42,75.31,75.33,1395.621016,105158.59244905,105158.59244905,1
2026-08-15 15:30:00+08:00,2026-08-15 15:45:00+08:00,1786779000000,SOL-USDT,15m,75.33,75.33,75.27,75.29,1423.714145,107188.84375369,107188.84375369,1
2026-08-15 15:45:00+08:00,2026-08-15 16:00:00+08:00,1786779900000,SOL-USDT,15m,75.29,75.3,75.21,75.23,1472.257981,110796.82642394,110796.82642394,1
2026-08-15 16:00:00+08:00,2026-08-15 16:15:00+08:00,1786780800000,SOL-USDT,15m,75.25,75.26,75.18,75.23,2542.003575,191198.76888115,191198.76888115,1
2026-08-15 16:15:00+08:00,2026-08-15 16:30:00+08:00,1786781700000,SOL-USDT,15m,75.24,75.32,75.23,75.27,2396.185978,180402.57199354,180402.57199354,1
2026-08-15 16:30:00+08:00,2026-08-15 16:45:00+08:00,1786782600000,SOL-USDT,15m,75.28,75.28,75.14,75.15,2523.588593,189669.23427793,189669.23427793,1
2026-08-15 16:45:00+08:00,2026-08-15 17:00:00+08:00,1786783500000,SOL-USDT,15m,75.15,75.2,75.08,75.09,4413.417054,331563.70689187,331563.70689187,1
2026-08-15 17:00:00+08:00,2026-08-15 17:15:00+08:00,1786784400000,SOL-USDT,15m,75.09,75.14,75.04,75.12,2700.386071,202766.03838964,202766.03838964,1
2026-08-15 17:15:00+08:00,2026-08-15 17:30:00+08:00,1786785300000,SOL-USDT,15m,75.12,75.19,75.11,75.19,826.330384,62099.6763271,62099.6763271,1
2026-08-15 17:30:00+08:00,2026-08-15 17:45:00+08:00,1786786200000,SOL-USDT,15m,75.19,75.22,75.17,75.2,1350.673594,101567.78855238,101567.78855238,1
2026-08-15 17:45:00+08:00,2026-08-15 18:00:00+08:00,1786787100000,SOL-USDT,15m,75.22,75.26,75.2,75.25,749.221565,56357.75918395,56357.75918395,1
2026-08-15 18:00:00+08:00,2026-08-15 18:15:00+08:00,1786788000000,SOL-USDT,15m,75.25,75.3,75.2,75.29,3638.117992,273790.2196413,273790.2196413,1
2026-08-15 18:15:00+08:00,2026-08-15 18:30:00+08:00,1786788900000,SOL-USDT,15m,75.29,75.36,75.29,75.31,3076.537608,231729.28465532,231729.28465532,1
2026-08-15 18:30:00+08:00,2026-08-15 18:45:00+08:00,1786789800000,SOL-USDT,15m,75.31,75.35,75.27,75.28,1727.768757,130105.24729493,130105.24729493,1
2026-08-15 18:45:00+08:00,2026-08-15 19:00:00+08:00,1786790700000,SOL-USDT,15m,75.27,75.32,75.26,75.3,2267.741178,170729.097637,170729.097637,1
2026-08-15 19:00:00+08:00,2026-08-15 19:15:00+08:00,1786791600000,SOL-USDT,15m,75.29,75.31,75.27,75.28,1283.827254,96649.61172901,96649.61172901,1
2026-08-15 19:15:00+08:00,2026-08-15 19:30:00+08:00,1786792500000,SOL-USDT,15m,75.27,75.31,75.25,75.27,735.296626,55356.34680001,55356.34680001,1
2026-08-15 19:30:00+08:00,2026-08-15 19:45:00+08:00,1786793400000,SOL-USDT,15m,75.27,75.3,75.26,75.3,790.201358,59481.63253286,59481.63253286,1
2026-08-15 19:45:00+08:00,2026-08-15 20:00:00+08:00,1786794300000,SOL-USDT,15m,75.29,75.31,75.21,75.26,1788.274752,134573.17939438,134573.17939438,1
2026-08-15 20:00:00+08:00,2026-08-15 20:15:00+08:00,1786795200000,SOL-USDT,15m,75.26,75.26,75.2,75.23,859.135644,64639.17414845,64639.17414845,1
2026-08-15 20:15:00+08:00,2026-08-15 20:30:00+08:00,1786796100000,SOL-USDT,15m,75.24,75.27,75.21,75.21,2370.832171,178400.68276751,178400.68276751,1
2026-08-15 20:30:00+08:00,2026-08-15 20:45:00+08:00,1786797000000,SOL-USDT,15m,75.22,75.28,75.21,75.27,1240.716334,93365.04538768,93365.04538768,1
2026-08-15 20:45:00+08:00,2026-08-15 21:00:00+08:00,1786797900000,SOL-USDT,15m,75.28,75.44,75.25,75.43,1450.830654,109305.5878774,109305.5878774,1
2026-08-15 21:00:00+08:00,2026-08-15 21:15:00+08:00,1786798800000,SOL-USDT,15m,75.43,75.5,75.4,75.48,3282.981231,247776.53796894,247776.53796894,1
2026-08-15 21:15:00+08:00,2026-08-15 21:30:00+08:00,1786799700000,SOL-USDT,15m,75.48,75.5,75.45,75.48,1500.841152,113266.43963498,113266.43963498,1
2026-08-15 21:30:00+08:00,2026-08-15 21:45:00+08:00,1786800600000,SOL-USDT,15m,75.48,75.57,75.46,75.57,1737.12894,131223.43493123,131223.43493123,1
2026-08-15 21:45:00+08:00,2026-08-15 22:00:00+08:00,1786801500000,SOL-USDT,15m,75.58,75.58,75.54,75.57,1411.868927,106685.41171182,106685.41171182,1
2026-08-15 22:00:00+08:00,2026-08-15 22:15:00+08:00,1786802400000,SOL-USDT,15m,75.57,75.58,75.54,75.58,1051.317146,79439.87900155,79439.87900155,1
2026-08-15 22:15:00+08:00,2026-08-15 22:30:00+08:00,1786803300000,SOL-USDT,15m,75.58,75.59,75.45,75.5,2862.505105,216149.79037365,216149.79037365,1
2026-08-15 22:30:00+08:00,2026-08-15 22:45:00+08:00,1786804200000,SOL-USDT,15m,75.49,75.58,75.48,75.51,2586.851781,195375.90720151,195375.90720151,1
2026-08-15 22:45:00+08:00,2026-08-15 23:00:00+08:00,1786805100000,SOL-USDT,15m,75.51,75.53,75.45,75.46,1329.01412,100334.39690124,100334.39690124,1
2026-08-15 23:00:00+08:00,2026-08-15 23:15:00+08:00,1786806000000,SOL-USDT,15m,75.46,75.48,75.43,75.46,1315.501112,99273.72243988,99273.72243988,1
2026-08-15 23:15:00+08:00,2026-08-15 23:30:00+08:00,1786806900000,SOL-USDT,15m,75.46,75.51,75.38,75.47,887.648818,66971.44223521,66971.44223521,1
2026-08-15 23:30:00+08:00,2026-08-15 23:45:00+08:00,1786807800000,SOL-USDT,15m,75.47,75.54,75.46,75.51,1334.591398,100765.35522346,100765.35522346,1
2026-08-15 23:45:00+08:00,2026-08-16 00:00:00+08:00,1786808700000,SOL-USDT,15m,75.51,75.53,75.5,75.52,740.596006,55926.25148727,55926.25148727,1
2026-08-16 00:00:00+08:00,2026-08-16 00:15:00+08:00,1786809600000,SOL-USDT,15m,75.53,75.54,75.44,75.45,2426.426785,183187.61516232,183187.61516232,1
2026-08-16 00:15:00+08:00,2026-08-16 00:30:00+08:00,1786810500000,SOL-USDT,15m,75.44,75.52,75.42,75.51,1114.646312,84104.87149725,84104.87149725,1
2026-08-16 00:30:00+08:00,2026-08-16 00:45:00+08:00,1786811400000,SOL-USDT,15m,75.51,75.52,75.43,75.45,1410.679928,106449.06976298,106449.06976298,1
2026-08-16 00:45:00+08:00,2026-08-16 01:00:00+08:00,1786812300000,SOL-USDT,15m,75.45,75.49,75.44,75.49,637.709299,48128.56254163,48128.56254163,1
2026-08-16 01:00:00+08:00,2026-08-16 01:15:00+08:00,1786813200000,SOL-USDT,15m,75.49,75.59,75.48,75.56,1658.656488,125270.11747113,125270.11747113,1
2026-08-16 01:15:00+08:00,2026-08-16 01:30:00+08:00,1786814100000,SOL-USDT,15m,75.57,75.66,75.54,75.58,2375.154102,179532.88002356,179532.88002356,1
2026-08-16 01:30:00+08:00,2026-08-16 01:45:00+08:00,1786815000000,SOL-USDT,15m,75.58,75.65,75.57,75.63,1364.571325,103187.38632952,103187.38632952,1
2026-08-16 01:45:00+08:00,2026-08-16 02:00:00+08:00,1786815900000,SOL-USDT,15m,75.64,75.69,75.62,75.67,1201.733835,90914.96892511,90914.96892511,1
2026-08-16 02:00:00+08:00,2026-08-16 02:15:00+08:00,1786816800000,SOL-USDT,15m,75.67,75.68,75.52,75.56,4415.260382,333772.7557469,333772.7557469,1
2026-08-16 02:15:00+08:00,2026-08-16 02:30:00+08:00,1786817700000,SOL-USDT,15m,75.57,75.58,75.51,75.53,710.233475,53653.25162589,53653.25162589,1
2026-08-16 02:30:00+08:00,2026-08-16 02:45:00+08:00,1786818600000,SOL-USDT,15m,75.53,75.59,75.52,75.58,1601.078141,120971.33213596,120971.33213596,1
2026-08-16 02:45:00+08:00,2026-08-16 03:00:00+08:00,1786819500000,SOL-USDT,15m,75.59,75.6,75.55,75.55,645.154668,48759.65414433,48759.65414433,1
2026-08-16 03:00:00+08:00,2026-08-16 03:15:00+08:00,1786820400000,SOL-USDT,15m,75.56,75.58,75.52,75.55,1920.226977,145076.34782946,145076.34782946,1
2026-08-16 03:15:00+08:00,2026-08-16 03:30:00+08:00,1786821300000,SOL-USDT,15m,75.55,75.55,75.53,75.54,597.566331,45141.09875115,45141.09875115,1
2026-08-16 03:30:00+08:00,2026-08-16 03:45:00+08:00,1786822200000,SOL-USDT,15m,75.55,75.57,75.53,75.54,1535.056041,115980.06984828,115980.06984828,1
2026-08-16 03:45:00+08:00,2026-08-16 04:00:00+08:00,1786823100000,SOL-USDT,15m,75.53,75.56,75.53,75.56,548.583188,41446.94799695,41446.94799695,1
2026-08-16 04:00:00+08:00,2026-08-16 04:15:00+08:00,1786824000000,SOL-USDT,15m,75.56,75.57,75.51,75.52,1705.902438,128885.16473549,128885.16473549,1
2026-08-16 04:15:00+08:00,2026-08-16 04:30:00+08:00,1786824900000,SOL-USDT,15m,75.51,75.52,75.42,75.48,1856.810054,140151.66955337,140151.66955337,1
2026-08-16 04:30:00+08:00,2026-08-16 04:45:00+08:00,1786825800000,SOL-USDT,15m,75.47,75.51,75.46,75.51,314.978859,23773.61204752,23773.61204752,1
2026-08-16 04:45:00+08:00,2026-08-16 05:00:00+08:00,1786826700000,SOL-USDT,15m,75.52,75.58,75.48,75.54,4482.782721,338642.77702802,338642.77702802,1
2026-08-16 05:00:00+08:00,2026-08-16 05:15:00+08:00,1786827600000,SOL-USDT,15m,75.54,75.6,75.53,75.6,2698.669558,203903.00168698,203903.00168698,1
2026-08-16 05:15:00+08:00,2026-08-16 05:30:00+08:00,1786828500000,SOL-USDT,15m,75.6,75.67,75.59,75.67,3861.9735,292053.21967396,292053.21967396,1
2026-08-16 05:30:00+08:00,2026-08-16 05:45:00+08:00,1786829400000,SOL-USDT,15m,75.67,75.74,75.63,75.73,3273.168066,247736.08314768,247736.08314768,1
2026-08-16 05:45:00+08:00,2026-08-16 06:00:00+08:00,1786830300000,SOL-USDT,15m,75.73,75.73,75.62,75.63,1673.29047,126632.79949341,126632.79949341,1
2026-08-16 06:00:00+08:00,2026-08-16 06:15:00+08:00,1786831200000,SOL-USDT,15m,75.63,75.69,75.61,75.63,2139.377452,161850.02707994,161850.02707994,1
2026-08-16 06:15:00+08:00,2026-08-16 06:30:00+08:00,1786832100000,SOL-USDT,15m,75.63,75.64,75.59,75.62,1169.312406,88417.76427415,88417.76427415,1
2026-08-16 06:30:00+08:00,2026-08-16 06:45:00+08:00,1786833000000,SOL-USDT,15m,75.63,75.64,75.56,75.62,1242.779608,93971.46889497,93971.46889497,1
2026-08-16 06:45:00+08:00,2026-08-16 07:00:00+08:00,1786833900000,SOL-USDT,15m,75.62,75.67,75.58,75.58,1009.482838,76362.07005702,76362.07005702,1
2026-08-16 07:00:00+08:00,2026-08-16 07:15:00+08:00,1786834800000,SOL-USDT,15m,75.59,75.59,75.33,75.43,4072.815396,307275.58416941,307275.58416941,1
2026-08-16 07:15:00+08:00,2026-08-16 07:30:00+08:00,1786835700000,SOL-USDT,15m,75.43,75.46,75.33,75.38,1821.271409,137355.44454856,137355.44454856,1
2026-08-16 07:30:00+08:00,2026-08-16 07:45:00+08:00,1786836600000,SOL-USDT,15m,75.37,75.39,75.32,75.35,1252.197184,94353.45939683,94353.45939683,1
2026-08-16 07:45:00+08:00,2026-08-16 08:00:00+08:00,1786837500000,SOL-USDT,15m,75.34,75.37,75.33,75.35,441.723654,33282.00332323,33282.00332323,1
2026-08-16 08:00:00+08:00,2026-08-16 08:15:00+08:00,1786838400000,SOL-USDT,15m,75.35,75.37,75.27,75.35,1633.901253,123071.16056735,123071.16056735,1
2026-08-16 08:15:00+08:00,2026-08-16 08:30:00+08:00,1786839300000,SOL-USDT,15m,75.35,75.43,75.31,75.41,1579.627633,119050.5224958,119050.5224958,1
2026-08-16 08:30:00+08:00,2026-08-16 08:45:00+08:00,1786840200000,SOL-USDT,15m,75.41,75.48,75.4,75.47,735.119454,55452.4687085,55452.4687085,1
2026-08-16 08:45:00+08:00,2026-08-16 09:00:00+08:00,1786841100000,SOL-USDT,15m,75.47,75.5,75.4,75.48,1015.399571,76610.44220976,76610.44220976,1
2026-08-16 09:00:00+08:00,2026-08-16 09:15:00+08:00,1786842000000,SOL-USDT,15m,75.48,75.49,75.37,75.39,1404.780371,105957.74503216,105957.74503216,1
2026-08-16 09:15:00+08:00,2026-08-16 09:30:00+08:00,1786842900000,SOL-USDT,15m,75.39,75.43,75.37,75.37,464.081595,34984.79670578,34984.79670578,1
2026-08-16 09:30:00+08:00,2026-08-16 09:45:00+08:00,1786843800000,SOL-USDT,15m,75.37,75.44,75.31,75.44,1536.885776,115819.61066432,115819.61066432,1
2026-08-16 09:45:00+08:00,2026-08-16 10:00:00+08:00,1786844700000,SOL-USDT,15m,75.44,75.46,75.39,75.43,861.14113,64945.63401102,64945.63401102,1
2026-08-16 10:00:00+08:00,2026-08-16 10:15:00+08:00,1786845600000,SOL-USDT,15m,75.44,75.45,75.32,75.33,643.395323,48507.86623963,48507.86623963,1
2026-08-16 10:15:00+08:00,2026-08-16 10:30:00+08:00,1786846500000,SOL-USDT,15m,75.34,75.61,75.27,75.6,3930.228774,296448.54254597,296448.54254597,1
2026-08-16 10:30:00+08:00,2026-08-16 10:45:00+08:00,1786847400000,SOL-USDT,15m,75.6,75.66,75.6,75.66,2301.921738,174091.08364997,174091.08364997,1
2026-08-16 10:45:00+08:00,2026-08-16 11:00:00+08:00,1786848300000,SOL-USDT,15m,75.65,75.66,75.52,75.57,2820.482224,213232.87763534,213232.87763534,1
2026-08-16 11:00:00+08:00,2026-08-16 11:15:00+08:00,1786849200000,SOL-USDT,15m,75.58,75.66,75.58,75.61,1502.897759,113651.55660877,113651.55660877,1
2026-08-16 11:15:00+08:00,2026-08-16 11:30:00+08:00,1786850100000,SOL-USDT,15m,75.62,75.66,75.6,75.61,854.1394,64593.11110508,64593.11110508,1
2026-08-16 11:30:00+08:00,2026-08-16 11:45:00+08:00,1786851000000,SOL-USDT,15m,75.61,75.63,75.58,75.6,622.579164,47073.54146102,47073.54146102,1
2026-08-16 11:45:00+08:00,2026-08-16 12:00:00+08:00,1786851900000,SOL-USDT,15m,75.6,75.61,75.57,75.58,849.96357,64241.71565723,64241.71565723,1
2026-08-16 12:00:00+08:00,2026-08-16 12:15:00+08:00,1786852800000,SOL-USDT,15m,75.58,75.62,75.55,75.55,854.222225,64564.32975469,64564.32975469,1
2026-08-16 12:15:00+08:00,2026-08-16 12:30:00+08:00,1786853700000,SOL-USDT,15m,75.55,75.61,75.52,75.59,1269.370956,95924.79673232,95924.79673232,1
2026-08-16 12:30:00+08:00,2026-08-16 12:45:00+08:00,1786854600000,SOL-USDT,15m,75.59,75.59,75.5,75.54,808.124497,61035.54572604,61035.54572604,1
2026-08-16 12:45:00+08:00,2026-08-16 13:00:00+08:00,1786855500000,SOL-USDT,15m,75.55,75.55,75.44,75.46,707.383415,53405.63838259,53405.63838259,1
2026-08-16 13:00:00+08:00,2026-08-16 13:15:00+08:00,1786856400000,SOL-USDT,15m,75.46,75.53,75.42,75.52,916.669227,69182.69517767,69182.69517767,1
2026-08-16 13:15:00+08:00,2026-08-16 13:30:00+08:00,1786857300000,SOL-USDT,15m,75.53,75.53,75.37,75.38,3071.004817,231586.84935948,231586.84935948,1
2026-08-16 13:30:00+08:00,2026-08-16 13:45:00+08:00,1786858200000,SOL-USDT,15m,75.38,75.45,75.37,75.38,1658.807238,125069.14972793,125069.14972793,1
2026-08-16 13:45:00+08:00,2026-08-16 14:00:00+08:00,1786859100000,SOL-USDT,15m,75.37,75.39,75.35,75.37,1231.285956,92798.09745772,92798.09745772,1
2026-08-16 14:00:00+08:00,2026-08-16 14:15:00+08:00,1786860000000,SOL-USDT,15m,75.37,75.4,75.32,75.34,960.538726,72397.70019462,72397.70019462,1
2026-08-16 14:15:00+08:00,2026-08-16 14:30:00+08:00,1786860900000,SOL-USDT,15m,75.35,75.37,75.29,75.37,2554.813856,192431.41876296,192431.41876296,1
2026-08-16 14:30:00+08:00,2026-08-16 14:45:00+08:00,1786861800000,SOL-USDT,15m,75.36,75.44,75.33,75.44,1379.861179,104032.94369905,104032.94369905,1
2026-08-16 14:45:00+08:00,2026-08-16 15:00:00+08:00,1786862700000,SOL-USDT,15m,75.44,75.53,75.38,75.38,3826.28671,288824.69196958,288824.69196958,1
2026-08-16 15:00:00+08:00,2026-08-16 15:15:00+08:00,1786863600000,SOL-USDT,15m,75.39,75.45,75.35,75.44,1538.897532,116023.65404015,116023.65404015,1
2026-08-16 15:15:00+08:00,2026-08-16 15:30:00+08:00,1786864500000,SOL-USDT,15m,75.44,75.48,75.44,75.45,1052.729007,79429.2665781,79429.2665781,1
2026-08-16 15:30:00+08:00,2026-08-16 15:45:00+08:00,1786865400000,SOL-USDT,15m,75.45,75.45,75.42,75.42,664.436846,50127.3856379,50127.3856379,1
2026-08-16 15:45:00+08:00,2026-08-16 16:00:00+08:00,1786866300000,SOL-USDT,15m,75.43,75.49,75.42,75.48,1080.207212,81496.70577498,81496.70577498,1
2026-08-16 16:00:00+08:00,2026-08-16 16:15:00+08:00,1786867200000,SOL-USDT,15m,75.48,75.48,75.41,75.41,620.261789,46793.35822589,46793.35822589,1
2026-08-16 16:15:00+08:00,2026-08-16 16:30:00+08:00,1786868100000,SOL-USDT,15m,75.42,75.47,75.41,75.44,810.843385,61179.39164345,61179.39164345,1
2026-08-16 16:30:00+08:00,2026-08-16 16:45:00+08:00,1786869000000,SOL-USDT,15m,75.45,75.49,75.44,75.45,719.884453,54326.30717063,54326.30717063,1
2026-08-16 16:45:00+08:00,2026-08-16 17:00:00+08:00,1786869900000,SOL-USDT,15m,75.45,75.49,75.44,75.47,591.101346,44606.77446134,44606.77446134,1
2026-08-16 17:00:00+08:00,2026-08-16 17:15:00+08:00,1786870800000,SOL-USDT,15m,75.48,75.49,75.43,75.46,740.984008,55913.23160716,55913.23160716,1
2026-08-16 17:15:00+08:00,2026-08-16 17:30:00+08:00,1786871700000,SOL-USDT,15m,75.46,75.46,75.41,75.44,2198.935652,165883.8976992,165883.8976992,1
2026-08-16 17:30:00+08:00,2026-08-16 17:45:00+08:00,1786872600000,SOL-USDT,15m,75.44,75.46,75.26,75.33,5277.131876,397541.21787389,397541.21787389,1
2026-08-16 17:45:00+08:00,2026-08-16 18:00:00+08:00,1786873500000,SOL-USDT,15m,75.32,75.38,75.27,75.32,1574.699612,118618.10373782,118618.10373782,1
2026-08-16 18:00:00+08:00,2026-08-16 18:15:00+08:00,1786874400000,SOL-USDT,15m,75.33,75.33,75.21,75.23,2427.575925,182759.30827893,182759.30827893,1
2026-08-16 18:15:00+08:00,2026-08-16 18:30:00+08:00,1786875300000,SOL-USDT,15m,75.24,75.24,75.19,75.24,894.861228,67312.40478731,67312.40478731,1
2026-08-16 18:30:00+08:00,2026-08-16 18:45:00+08:00,1786876200000,SOL-USDT,15m,75.23,75.25,75.18,75.22,1517.249772,114113.26807414,114113.26807414,1
2026-08-16 18:45:00+08:00,2026-08-16 19:00:00+08:00,1786877100000,SOL-USDT,15m,75.23,75.31,75.22,75.27,1026.542449,77274.34718114,77274.34718114,1
2026-08-16 19:00:00+08:00,2026-08-16 19:15:00+08:00,1786878000000,SOL-USDT,15m,75.27,75.29,75.24,75.29,751.450009,56556.16181645,56556.16181645,1
2026-08-16 19:15:00+08:00,2026-08-16 19:30:00+08:00,1786878900000,SOL-USDT,15m,75.28,75.32,75.26,75.31,2540.956697,191300.26557213,191300.26557213,1
2026-08-16 19:30:00+08:00,2026-08-16 19:45:00+08:00,1786879800000,SOL-USDT,15m,75.31,75.31,75.25,75.26,1997.696101,150390.57401769,150390.57401769,1
2026-08-16 19:45:00+08:00,2026-08-16 20:00:00+08:00,1786880700000,SOL-USDT,15m,75.26,75.3,75.23,75.3,2576.580326,193927.30982673,193927.30982673,1
2026-08-16 20:00:00+08:00,2026-08-16 20:15:00+08:00,1786881600000,SOL-USDT,15m,75.29,75.3,75.25,75.26,532.345654,40076.66125244,40076.66125244,1
2026-08-16 20:15:00+08:00,2026-08-16 20:30:00+08:00,1786882500000,SOL-USDT,15m,75.26,75.3,75.22,75.3,1161.647558,87413.53567861,87413.53567861,1
2026-08-16 20:30:00+08:00,2026-08-16 20:45:00+08:00,1786883400000,SOL-USDT,15m,75.3,75.3,75.2,75.23,934.972439,70360.40361735,70360.40361735,1
2026-08-16 20:45:00+08:00,2026-08-16 21:00:00+08:00,1786884300000,SOL-USDT,15m,75.23,75.23,75.21,75.23,639.339592,48091.33014901,48091.33014901,1
2026-08-16 21:00:00+08:00,2026-08-16 21:15:00+08:00,1786885200000,SOL-USDT,15m,75.23,75.35,75.22,75.32,1190.486024,89621.29456254,89621.29456254,1
2026-08-16 21:15:00+08:00,2026-08-16 21:30:00+08:00,1786886100000,SOL-USDT,15m,75.32,75.4,75.31,75.4,1719.30455,129601.0759343,129601.0759343,1
2026-08-16 21:30:00+08:00,2026-08-16 21:45:00+08:00,1786887000000,SOL-USDT,15m,75.4,75.43,75.34,75.39,2474.230228,186554.61943512,186554.61943512,1
2026-08-16 21:45:00+08:00,2026-08-16 22:00:00+08:00,1786887900000,SOL-USDT,15m,75.4,75.4,75.31,75.32,535.778296,40374.97734355,40374.97734355,1
2026-08-16 22:00:00+08:00,2026-08-16 22:15:00+08:00,1786888800000,SOL-USDT,15m,75.32,75.33,75.25,75.28,1160.977344,87409.45098279,87409.45098279,1
2026-08-16 22:15:00+08:00,2026-08-16 22:30:00+08:00,1786889700000,SOL-USDT,15m,75.28,75.39,75.27,75.31,2020.695139,152232.336208,152232.336208,1
2026-08-16 22:30:00+08:00,2026-08-16 22:45:00+08:00,1786890600000,SOL-USDT,15m,75.3,75.41,75.3,75.38,1221.801408,92081.93170348,92081.93170348,1
2026-08-16 22:45:00+08:00,2026-08-16 23:00:00+08:00,1786891500000,SOL-USDT,15m,75.38,75.42,75.36,75.4,1079.686875,81399.83199617,81399.83199617,1
2026-08-16 23:00:00+08:00,2026-08-16 23:15:00+08:00,1786892400000,SOL-USDT,15m,75.41,75.47,75.39,75.44,3441.155263,259638.57229155,259638.57229155,1
2026-08-16 23:15:00+08:00,2026-08-16 23:30:00+08:00,1786893300000,SOL-USDT,15m,75.44,75.59,75.44,75.59,1833.684008,138474.48626757,138474.48626757,1
2026-08-16 23:30:00+08:00,2026-08-16 23:45:00+08:00,1786894200000,SOL-USDT,15m,75.58,75.59,75.52,75.53,1326.781403,100255.89554072,100255.89554072,1
2026-08-16 23:45:00+08:00,2026-08-17 00:00:00+08:00,1786895100000,SOL-USDT,15m,75.53,75.64,75.53,75.57,3953.717214,298861.35841384,298861.35841384,1
2026-08-17 00:00:00+08:00,2026-08-17 00:15:00+08:00,1786896000000,SOL-USDT,15m,75.58,75.6,75.52,75.53,2054.839744,155261.24012566,155261.24012566,1
2026-08-17 00:15:00+08:00,2026-08-17 00:30:00+08:00,1786896900000,SOL-USDT,15m,75.53,75.63,75.51,75.61,2857.368624,215979.21457924,215979.21457924,1
2026-08-17 00:30:00+08:00,2026-08-17 00:45:00+08:00,1786897800000,SOL-USDT,15m,75.62,75.71,75.55,75.56,2759.787142,208781.28481437,208781.28481437,1
2026-08-17 00:45:00+08:00,2026-08-17 01:00:00+08:00,1786898700000,SOL-USDT,15m,75.55,75.61,75.51,75.56,2225.7877,168171.85824162,168171.85824162,1
2026-08-17 01:00:00+08:00,2026-08-17 01:15:00+08:00,1786899600000,SOL-USDT,15m,75.57,75.6,75.54,75.54,2464.887095,186294.94997718,186294.94997718,1
2026-08-17 01:15:00+08:00,2026-08-17 01:30:00+08:00,1786900500000,SOL-USDT,15m,75.55,75.55,75.41,75.46,2218.032073,167394.34212325,167394.34212325,1
2026-08-17 01:30:00+08:00,2026-08-17 01:45:00+08:00,1786901400000,SOL-USDT,15m,75.46,75.46,75.33,75.33,2093.906695,157889.12036408,157889.12036408,1
2026-08-17 01:45:00+08:00,2026-08-17 02:00:00+08:00,1786902300000,SOL-USDT,15m,75.33,75.36,75.28,75.29,7984.310815,601471.19443003,601471.19443003,1
2026-08-17 02:00:00+08:00,2026-08-17 02:15:00+08:00,1786903200000,SOL-USDT,15m,75.29,75.3,75.05,75.15,5323.123564,400250.211529,400250.211529,1
2026-08-17 02:15:00+08:00,2026-08-17 02:30:00+08:00,1786904100000,SOL-USDT,15m,75.14,75.23,75.13,75.2,1312.504704,98675.77343583,98675.77343583,1
2026-08-17 02:30:00+08:00,2026-08-17 02:45:00+08:00,1786905000000,SOL-USDT,15m,75.19,75.2,75.14,75.19,842.977265,63368.39297893,63368.39297893,1
2026-08-17 02:45:00+08:00,2026-08-17 03:00:00+08:00,1786905900000,SOL-USDT,15m,75.19,75.24,75.18,75.2,1865.181373,140293.65775018,140293.65775018,1
2026-08-17 03:00:00+08:00,2026-08-17 03:15:00+08:00,1786906800000,SOL-USDT,15m,75.2,75.29,75.18,75.28,889.491824,66922.15106166,66922.15106166,1
2026-08-17 03:15:00+08:00,2026-08-17 03:30:00+08:00,1786907700000,SOL-USDT,15m,75.28,75.36,75.28,75.36,650.343461,48979.87733914,48979.87733914,1
2026-08-17 03:30:00+08:00,2026-08-17 03:45:00+08:00,1786908600000,SOL-USDT,15m,75.36,75.37,75.27,75.28,1099.066036,82802.53738563,82802.53738563,1
2026-08-17 03:45:00+08:00,2026-08-17 04:00:00+08:00,1786909500000,SOL-USDT,15m,75.28,75.28,75.19,75.24,1667.480353,125441.70982764,125441.70982764,1
2026-08-17 04:00:00+08:00,2026-08-17 04:15:00+08:00,1786910400000,SOL-USDT,15m,75.24,75.34,75.21,75.27,5037.226092,379257.68948944,379257.68948944,1
2026-08-17 04:15:00+08:00,2026-08-17 04:30:00+08:00,1786911300000,SOL-USDT,15m,75.27,75.3,75.22,75.26,757.33845,56997.09184531,56997.09184531,1
2026-08-17 04:30:00+08:00,2026-08-17 04:45:00+08:00,1786912200000,SOL-USDT,15m,75.25,75.28,75.05,75.15,5683.961067,426994.85987318,426994.85987318,1
2026-08-17 04:45:00+08:00,2026-08-17 05:00:00+08:00,1786913100000,SOL-USDT,15m,75.15,75.16,74.97,75.04,5061.470179,379937.4466496,379937.4466496,1
2026-08-17 05:00:00+08:00,2026-08-17 05:15:00+08:00,1786914000000,SOL-USDT,15m,75.04,75.09,74.89,75.04,3497.070351,262190.20584663,262190.20584663,1
2026-08-17 05:15:00+08:00,2026-08-17 05:30:00+08:00,1786914900000,SOL-USDT,15m,75.03,75.09,74.94,74.98,1705.026108,127941.08270064,127941.08270064,1
2026-08-17 05:30:00+08:00,2026-08-17 05:45:00+08:00,1786915800000,SOL-USDT,15m,74.99,75.03,74.02,74.58,27097.847096,2016941.531449,2016941.531449,1
2026-08-17 05:45:00+08:00,2026-08-17 06:00:00+08:00,1786916700000,SOL-USDT,15m,74.57,74.57,74.13,74.33,15020.28505,1117172.54696482,1117172.54696482,1
2026-08-17 06:00:00+08:00,2026-08-17 06:15:00+08:00,1786917600000,SOL-USDT,15m,74.33,74.53,74.18,74.45,5671.289633,421619.05552425,421619.05552425,1
2026-08-17 06:15:00+08:00,2026-08-17 06:30:00+08:00,1786918500000,SOL-USDT,15m,74.44,74.5,74.35,74.38,2379.059938,177095.8252934,177095.8252934,1
2026-08-17 06:30:00+08:00,2026-08-17 06:45:00+08:00,1786919400000,SOL-USDT,15m,74.38,74.43,74.25,74.36,3568.158603,265272.24138664,265272.24138664,1
2026-08-17 06:45:00+08:00,2026-08-17 07:00:00+08:00,1786920300000,SOL-USDT,15m,74.37,74.51,74.34,74.51,2897.332011,215627.88925684,215627.88925684,1
2026-08-17 07:00:00+08:00,2026-08-17 07:15:00+08:00,1786921200000,SOL-USDT,15m,74.51,74.61,74.47,74.47,1955.49283,145760.78894301,145760.78894301,1
2026-08-17 07:15:00+08:00,2026-08-17 07:30:00+08:00,1786922100000,SOL-USDT,15m,74.47,74.59,74.46,74.54,1200.350019,89454.76349391,89454.76349391,1
2026-08-17 07:30:00+08:00,2026-08-17 07:45:00+08:00,1786923000000,SOL-USDT,15m,74.53,74.6,74.51,74.57,1572.650304,117263.02233034,117263.02233034,1
2026-08-17 07:45:00+08:00,2026-08-17 08:00:00+08:00,1786923900000,SOL-USDT,15m,74.58,74.66,74.57,74.61,1090.429654,81362.04028847,81362.04028847,1
2026-08-17 08:00:00+08:00,2026-08-17 08:15:00+08:00,1786924800000,SOL-USDT,15m,74.61,74.65,74.56,74.63,1895.485727,141402.58076548,141402.58076548,1
2026-08-17 08:15:00+08:00,2026-08-17 08:30:00+08:00,1786925700000,SOL-USDT,15m,74.62,74.63,74.43,74.63,4500.099922,335283.24421129,335283.24421129,1
2026-08-17 08:30:00+08:00,2026-08-17 08:45:00+08:00,1786926600000,SOL-USDT,15m,74.63,74.74,74.45,74.73,2995.125041,223328.77469072,223328.77469072,1
2026-08-17 08:45:00+08:00,2026-08-17 09:00:00+08:00,1786927500000,SOL-USDT,15m,74.74,74.75,74.54,74.63,4514.103771,337129.40682455,337129.40682455,1
2026-08-17 09:00:00+08:00,2026-08-17 09:15:00+08:00,1786928400000,SOL-USDT,15m,74.62,75.13,74.59,74.93,6628.551193,496957.4291737,496957.4291737,1
2026-08-17 09:15:00+08:00,2026-08-17 09:30:00+08:00,1786929300000,SOL-USDT,15m,74.93,75.29,74.91,75.24,5183.91944,389481.38773042,389481.38773042,1
2026-08-17 09:30:00+08:00,2026-08-17 09:45:00+08:00,1786930200000,SOL-USDT,15m,75.24,75.35,75.15,75.28,6743.546374,507457.98311908,507457.98311908,1
2026-08-17 09:45:00+08:00,2026-08-17 10:00:00+08:00,1786931100000,SOL-USDT,15m,75.29,75.3,75.1,75.11,1966.656065,147871.01522251,147871.01522251,1
2026-08-17 10:00:00+08:00,2026-08-17 10:15:00+08:00,1786932000000,SOL-USDT,15m,75.11,75.16,75.07,75.1,1913.086176,143697.35066784,143697.35066784,1
2026-08-17 10:15:00+08:00,2026-08-17 10:30:00+08:00,1786932900000,SOL-USDT,15m,75.11,75.24,75.07,75.2,1231.054613,92508.91442399,92508.91442399,1
2026-08-17 10:30:00+08:00,2026-08-17 10:45:00+08:00,1786933800000,SOL-USDT,15m,75.19,75.43,75.14,75.35,7376.313059,555696.8944043,555696.8944043,1
2026-08-17 10:45:00+08:00,2026-08-17 11:00:00+08:00,1786934700000,SOL-USDT,15m,75.36,75.59,75.32,75.49,13031.980945,983637.03737754,983637.03737754,1
2026-08-17 11:00:00+08:00,2026-08-17 11:15:00+08:00,1786935600000,SOL-USDT,15m,75.5,75.55,75.47,75.54,2653.532795,200380.97954409,200380.97954409,1
2026-08-17 11:15:00+08:00,2026-08-17 11:30:00+08:00,1786936500000,SOL-USDT,15m,75.54,75.57,75.44,75.48,15362.24369,1159894.3101737,1159894.3101737,1
2026-08-17 11:30:00+08:00,2026-08-17 11:45:00+08:00,1786937400000,SOL-USDT,15m,75.48,75.53,75.45,75.51,4322.234766,326300.94821806,326300.94821806,1
2026-08-17 11:45:00+08:00,2026-08-17 12:00:00+08:00,1786938300000,SOL-USDT,15m,75.51,75.58,75.47,75.51,3966.842601,299561.85437947,299561.85437947,1
2026-08-17 12:00:00+08:00,2026-08-17 12:15:00+08:00,1786939200000,SOL-USDT,15m,75.51,75.63,75.51,75.61,3370.388148,254693.39201674,254693.39201674,1
2026-08-17 12:15:00+08:00,2026-08-17 12:30:00+08:00,1786940100000,SOL-USDT,15m,75.6,75.61,75.52,75.53,3339.206359,252294.82548993,252294.82548993,1
