timestamp_beijing,close_time_beijing,timestamp_ms,inst_id,bar,open,high,low,close,volume,volume_ccy,volume_quote,confirm
2026-07-23 17:30:00+08:00,2026-07-23 17:45:00+08:00,1784799000000,SOL-USDT,15m,77.59,77.6,77.53,77.6,2688.960039,208576.83807408,208576.83807408,1
2026-07-23 17:45:00+08:00,2026-07-23 18:00:00+08:00,1784799900000,SOL-USDT,15m,77.6,77.61,77.46,77.49,1489.848775,115513.5912237,115513.5912237,1
2026-07-23 18:00:00+08:00,2026-07-23 18:15:00+08:00,1784800800000,SOL-USDT,15m,77.49,77.58,77.43,77.57,1461.243642,113268.6105991,113268.6105991,1
2026-07-23 18:15:00+08:00,2026-07-23 18:30:00+08:00,1784801700000,SOL-USDT,15m,77.57,77.76,77.53,77.76,4106.455505,318885.90420316,318885.90420316,1
2026-07-23 18:30:00+08:00,2026-07-23 18:45:00+08:00,1784802600000,SOL-USDT,15m,77.75,77.8,77.72,77.75,6146.563291,477979.83253146,477979.83253146,1
2026-07-23 18:45:00+08:00,2026-07-23 19:00:00+08:00,1784803500000,SOL-USDT,15m,77.75,77.77,77.68,77.73,3046.766303,236850.65170866,236850.65170866,1
2026-07-23 19:00:00+08:00,2026-07-23 19:15:00+08:00,1784804400000,SOL-USDT,15m,77.74,77.87,77.7,77.86,2394.920934,186291.30482864,186291.30482864,1
2026-07-23 19:15:00+08:00,2026-07-23 19:30:00+08:00,1784805300000,SOL-USDT,15m,77.85,77.86,77.7,77.72,3058.200194,237792.157793,237792.157793,1
2026-07-23 19:30:00+08:00,2026-07-23 19:45:00+08:00,1784806200000,SOL-USDT,15m,77.71,77.76,77.64,77.64,3535.712583,274689.9012661,274689.9012661,1
2026-07-23 19:45:00+08:00,2026-07-23 20:00:00+08:00,1784807100000,SOL-USDT,15m,77.65,77.73,77.59,77.66,6616.824296,513870.59147047,513870.59147047,1
2026-07-23 20:00:00+08:00,2026-07-23 20:15:00+08:00,1784808000000,SOL-USDT,15m,77.66,77.71,77.58,77.65,2584.225177,200609.69865951,200609.69865951,1
2026-07-23 20:15:00+08:00,2026-07-23 20:30:00+08:00,1784808900000,SOL-USDT,15m,77.65,77.72,77.5,77.53,6271.146457,486675.11973756,486675.11973756,1
2026-07-23 20:30:00+08:00,2026-07-23 20:45:00+08:00,1784809800000,SOL-USDT,15m,77.52,77.53,76.83,76.9,22646.81775,1745406.04107864,1745406.04107864,1
2026-07-23 20:45:00+08:00,2026-07-23 21:00:00+08:00,1784810700000,SOL-USDT,15m,76.89,76.99,76.48,76.92,19440.996664,1491189.42892067,1491189.42892067,1
2026-07-23 21:00:00+08:00,2026-07-23 21:15:00+08:00,1784811600000,SOL-USDT,15m,76.93,77.01,76.71,76.76,12103.305524,929443.76498701,929443.76498701,1
2026-07-23 21:15:00+08:00,2026-07-23 21:30:00+08:00,1784812500000,SOL-USDT,15m,76.75,76.83,76.56,76.69,14329.101151,1099132.96776606,1099132.96776606,1
2026-07-23 21:30:00+08:00,2026-07-23 21:45:00+08:00,1784813400000,SOL-USDT,15m,76.68,77.01,76.65,76.98,11176.941817,858976.78094334,858976.78094334,1
2026-07-23 21:45:00+08:00,2026-07-23 22:00:00+08:00,1784814300000,SOL-USDT,15m,76.97,77.07,76.69,76.7,13886.324196,1067299.43943402,1067299.43943402,1
2026-07-23 22:00:00+08:00,2026-07-23 22:15:00+08:00,1784815200000,SOL-USDT,15m,76.7,76.87,76.61,76.83,8956.27408,687289.87443753,687289.87443753,1
2026-07-23 22:15:00+08:00,2026-07-23 22:30:00+08:00,1784816100000,SOL-USDT,15m,76.81,76.85,76.6,76.76,14993.377556,1150124.05303387,1150124.05303387,1
2026-07-23 22:30:00+08:00,2026-07-23 22:45:00+08:00,1784817000000,SOL-USDT,15m,76.74,76.86,76.63,76.66,4592.795117,352357.08477522,352357.08477522,1
2026-07-23 22:45:00+08:00,2026-07-23 23:00:00+08:00,1784817900000,SOL-USDT,15m,76.66,76.69,76.33,76.43,12584.909083,961953.56019933,961953.56019933,1
2026-07-23 23:00:00+08:00,2026-07-23 23:15:00+08:00,1784818800000,SOL-USDT,15m,76.44,76.44,75.86,75.94,24897.649513,1894696.69837699,1894696.69837699,1
2026-07-23 23:15:00+08:00,2026-07-23 23:30:00+08:00,1784819700000,SOL-USDT,15m,75.93,76.38,75.86,76.26,19837.392005,1510325.27921832,1510325.27921832,1
2026-07-23 23:30:00+08:00,2026-07-23 23:45:00+08:00,1784820600000,SOL-USDT,15m,76.27,76.42,76.15,76.31,5473.415795,417442.92422774,417442.92422774,1
2026-07-23 23:45:00+08:00,2026-07-24 00:00:00+08:00,1784821500000,SOL-USDT,15m,76.31,76.45,76.21,76.37,3601.158559,274884.21534451,274884.21534451,1
2026-07-24 00:00:00+08:00,2026-07-24 00:15:00+08:00,1784822400000,SOL-USDT,15m,76.38,76.38,75.99,76.1,14503.583029,1103867.16415196,1103867.16415196,1
2026-07-24 00:15:00+08:00,2026-07-24 00:30:00+08:00,1784823300000,SOL-USDT,15m,76.1,76.16,75.84,76.15,5771.345303,438660.97539345,438660.97539345,1
2026-07-24 00:30:00+08:00,2026-07-24 00:45:00+08:00,1784824200000,SOL-USDT,15m,76.15,76.16,75.97,76.05,2801.058535,213061.08715473,213061.08715473,1
2026-07-24 00:45:00+08:00,2026-07-24 01:00:00+08:00,1784825100000,SOL-USDT,15m,76.05,76.12,76.01,76.01,2587.091423,196781.66332344,196781.66332344,1
2026-07-24 01:00:00+08:00,2026-07-24 01:15:00+08:00,1784826000000,SOL-USDT,15m,76.01,76.07,75.87,75.99,5072.953634,385393.63792685,385393.63792685,1
2026-07-24 01:15:00+08:00,2026-07-24 01:30:00+08:00,1784826900000,SOL-USDT,15m,76,76.18,75.95,76.1,4099.799919,311788.97018388,311788.97018388,1
2026-07-24 01:30:00+08:00,2026-07-24 01:45:00+08:00,1784827800000,SOL-USDT,15m,76.1,76.14,75.94,76,3596.198225,273362.17624194,273362.17624194,1
2026-07-24 01:45:00+08:00,2026-07-24 02:00:00+08:00,1784828700000,SOL-USDT,15m,76,76.02,75.48,75.65,14527.237107,1099682.42325546,1099682.42325546,1
2026-07-24 02:00:00+08:00,2026-07-24 02:15:00+08:00,1784829600000,SOL-USDT,15m,75.66,75.77,75.57,75.75,5780.310373,437514.02880803,437514.02880803,1
2026-07-24 02:15:00+08:00,2026-07-24 02:30:00+08:00,1784830500000,SOL-USDT,15m,75.75,75.83,75.62,75.8,2892.941472,219013.78446036,219013.78446036,1
2026-07-24 02:30:00+08:00,2026-07-24 02:45:00+08:00,1784831400000,SOL-USDT,15m,75.82,75.84,75.62,75.71,2771.47942,209916.45849022,209916.45849022,1
2026-07-24 02:45:00+08:00,2026-07-24 03:00:00+08:00,1784832300000,SOL-USDT,15m,75.72,75.85,75.72,75.81,2184.507737,165575.02999611,165575.02999611,1
2026-07-24 03:00:00+08:00,2026-07-24 03:15:00+08:00,1784833200000,SOL-USDT,15m,75.8,75.85,75.52,75.6,2219.853666,168019.34183898,168019.34183898,1
2026-07-24 03:15:00+08:00,2026-07-24 03:30:00+08:00,1784834100000,SOL-USDT,15m,75.59,75.78,75.56,75.78,2838.223918,214599.20148673,214599.20148673,1
2026-07-24 03:30:00+08:00,2026-07-24 03:45:00+08:00,1784835000000,SOL-USDT,15m,75.78,75.83,75.59,75.63,1771.620365,134176.61346279,134176.61346279,1
2026-07-24 03:45:00+08:00,2026-07-24 04:00:00+08:00,1784835900000,SOL-USDT,15m,75.63,75.78,75.43,75.74,8515.598951,643770.51454266,643770.51454266,1
2026-07-24 04:00:00+08:00,2026-07-24 04:15:00+08:00,1784836800000,SOL-USDT,15m,75.74,76.05,75.71,76.03,4495.890616,341336.0908442,341336.0908442,1
2026-07-24 04:15:00+08:00,2026-07-24 04:30:00+08:00,1784837700000,SOL-USDT,15m,76.02,76.18,76,76.14,2236.737501,170214.24096889,170214.24096889,1
2026-07-24 04:30:00+08:00,2026-07-24 04:45:00+08:00,1784838600000,SOL-USDT,15m,76.14,76.16,76.07,76.08,2086.381782,158749.36040463,158749.36040463,1
2026-07-24 04:45:00+08:00,2026-07-24 05:00:00+08:00,1784839500000,SOL-USDT,15m,76.08,76.17,76.07,76.14,702.409807,53461.49822428,53461.49822428,1
2026-07-24 05:00:00+08:00,2026-07-24 05:15:00+08:00,1784840400000,SOL-USDT,15m,76.14,76.27,75.97,76.01,4094.680734,311700.36972714,311700.36972714,1
2026-07-24 05:15:00+08:00,2026-07-24 05:30:00+08:00,1784841300000,SOL-USDT,15m,76.01,76.09,75.9,76.04,2622.161367,199209.83591651,199209.83591651,1
2026-07-24 05:30:00+08:00,2026-07-24 05:45:00+08:00,1784842200000,SOL-USDT,15m,76.04,76.11,76.02,76.06,1722.491749,131014.3252665,131014.3252665,1
2026-07-24 05:45:00+08:00,2026-07-24 06:00:00+08:00,1784843100000,SOL-USDT,15m,76.06,76.09,75.97,76.04,1079.86989,82114.49955026,82114.49955026,1
2026-07-24 06:00:00+08:00,2026-07-24 06:15:00+08:00,1784844000000,SOL-USDT,15m,76.05,76.11,75.93,75.97,2243.490082,170541.84771033,170541.84771033,1
2026-07-24 06:15:00+08:00,2026-07-24 06:30:00+08:00,1784844900000,SOL-USDT,15m,75.97,76.2,75.85,76.11,2750.738405,209076.69325029,209076.69325029,1
2026-07-24 06:30:00+08:00,2026-07-24 06:45:00+08:00,1784845800000,SOL-USDT,15m,76.1,76.23,76.1,76.21,1566.036454,119318.80229133,119318.80229133,1
2026-07-24 06:45:00+08:00,2026-07-24 07:00:00+08:00,1784846700000,SOL-USDT,15m,76.21,76.23,76.13,76.19,648.600269,49404.73081127,49404.73081127,1
2026-07-24 07:00:00+08:00,2026-07-24 07:15:00+08:00,1784847600000,SOL-USDT,15m,76.19,76.24,76.14,76.18,4290.484948,326913.51178462,326913.51178462,1
2026-07-24 07:15:00+08:00,2026-07-24 07:30:00+08:00,1784848500000,SOL-USDT,15m,76.16,76.25,76.16,76.21,2108.665824,160680.38577006,160680.38577006,1
2026-07-24 07:30:00+08:00,2026-07-24 07:45:00+08:00,1784849400000,SOL-USDT,15m,76.2,76.21,76.09,76.12,1458.211937,111010.29736433,111010.29736433,1
2026-07-24 07:45:00+08:00,2026-07-24 08:00:00+08:00,1784850300000,SOL-USDT,15m,76.11,76.13,75.88,75.89,3232.545737,245445.98209963,245445.98209963,1
2026-07-24 08:00:00+08:00,2026-07-24 08:15:00+08:00,1784851200000,SOL-USDT,15m,75.89,75.91,75.64,75.74,11887.674336,900942.73910212,900942.73910212,1
2026-07-24 08:15:00+08:00,2026-07-24 08:30:00+08:00,1784852100000,SOL-USDT,15m,75.74,75.9,75.72,75.75,2970.864679,225184.24446544,225184.24446544,1
2026-07-24 08:30:00+08:00,2026-07-24 08:45:00+08:00,1784853000000,SOL-USDT,15m,75.76,75.79,75.54,75.67,5254.182029,397528.9362787,397528.9362787,1
2026-07-24 08:45:00+08:00,2026-07-24 09:00:00+08:00,1784853900000,SOL-USDT,15m,75.66,75.85,75.66,75.82,2580.988217,195621.8319956,195621.8319956,1
2026-07-24 09:00:00+08:00,2026-07-24 09:15:00+08:00,1784854800000,SOL-USDT,15m,75.83,76.02,75.78,75.9,3756.158019,285194.84928686,285194.84928686,1
2026-07-24 09:15:00+08:00,2026-07-24 09:30:00+08:00,1784855700000,SOL-USDT,15m,75.89,76.12,75.86,75.93,4459.308925,338895.93847302,338895.93847302,1
2026-07-24 09:30:00+08:00,2026-07-24 09:45:00+08:00,1784856600000,SOL-USDT,15m,75.92,76.02,75.88,75.91,3570.824014,271210.12651923,271210.12651923,1
2026-07-24 09:45:00+08:00,2026-07-24 10:00:00+08:00,1784857500000,SOL-USDT,15m,75.9,75.9,75.67,75.7,4524.487606,343039.10875634,343039.10875634,1
2026-07-24 10:00:00+08:00,2026-07-24 10:15:00+08:00,1784858400000,SOL-USDT,15m,75.7,75.92,75.69,75.9,2926.981395,221799.0309935,221799.0309935,1
2026-07-24 10:15:00+08:00,2026-07-24 10:30:00+08:00,1784859300000,SOL-USDT,15m,75.9,75.92,75.73,75.79,1562.323063,118417.87842648,118417.87842648,1
2026-07-24 10:30:00+08:00,2026-07-24 10:45:00+08:00,1784860200000,SOL-USDT,15m,75.78,75.78,75.45,75.59,4073.052606,307671.46060961,307671.46060961,1
2026-07-24 10:45:00+08:00,2026-07-24 11:00:00+08:00,1784861100000,SOL-USDT,15m,75.57,75.57,75.29,75.53,6529.098106,492305.81206755,492305.81206755,1
2026-07-24 11:00:00+08:00,2026-07-24 11:15:00+08:00,1784862000000,SOL-USDT,15m,75.54,75.83,75.46,75.81,3107.372418,235249.61846531,235249.61846531,1
2026-07-24 11:15:00+08:00,2026-07-24 11:30:00+08:00,1784862900000,SOL-USDT,15m,75.81,75.96,75.8,75.88,6550.511461,497135.56119215,497135.56119215,1
2026-07-24 11:30:00+08:00,2026-07-24 11:45:00+08:00,1784863800000,SOL-USDT,15m,75.89,75.93,75.75,75.88,3661.94787,277681.18020649,277681.18020649,1
2026-07-24 11:45:00+08:00,2026-07-24 12:00:00+08:00,1784864700000,SOL-USDT,15m,75.88,75.91,75.81,75.84,2341.869653,177618.11833879,177618.11833879,1
2026-07-24 12:00:00+08:00,2026-07-24 12:15:00+08:00,1784865600000,SOL-USDT,15m,75.84,75.87,75.69,75.7,2417.393051,183260.78620017,183260.78620017,1
2026-07-24 12:15:00+08:00,2026-07-24 12:30:00+08:00,1784866500000,SOL-USDT,15m,75.69,75.82,75.64,75.8,2868.030392,217223.66793743,217223.66793743,1
2026-07-24 12:30:00+08:00,2026-07-24 12:45:00+08:00,1784867400000,SOL-USDT,15m,75.79,75.83,75.66,75.73,1225.83431,92870.45915592,92870.45915592,1
2026-07-24 12:45:00+08:00,2026-07-24 13:00:00+08:00,1784868300000,SOL-USDT,15m,75.72,75.74,75.62,75.66,1093.441176,82735.52341789,82735.52341789,1
2026-07-24 13:00:00+08:00,2026-07-24 13:15:00+08:00,1784869200000,SOL-USDT,15m,75.68,75.83,75.58,75.78,3101.609838,234907.97068332,234907.97068332,1
2026-07-24 13:15:00+08:00,2026-07-24 13:30:00+08:00,1784870100000,SOL-USDT,15m,75.77,75.91,75.77,75.85,6574.465225,498678.00462496,498678.00462496,1
2026-07-24 13:30:00+08:00,2026-07-24 13:45:00+08:00,1784871000000,SOL-USDT,15m,75.85,75.85,75.7,75.85,1527.741647,115770.77397408,115770.77397408,1
2026-07-24 13:45:00+08:00,2026-07-24 14:00:00+08:00,1784871900000,SOL-USDT,15m,75.85,75.87,75.72,75.79,1457.873153,110484.20701996,110484.20701996,1
2026-07-24 14:00:00+08:00,2026-07-24 14:15:00+08:00,1784872800000,SOL-USDT,15m,75.8,75.88,75.73,75.88,2331.337788,176650.96296876,176650.96296876,1
2026-07-24 14:15:00+08:00,2026-07-24 14:30:00+08:00,1784873700000,SOL-USDT,15m,75.88,76.02,75.84,75.87,4396.774588,333829.50595419,333829.50595419,1
2026-07-24 14:30:00+08:00,2026-07-24 14:45:00+08:00,1784874600000,SOL-USDT,15m,75.86,75.96,75.79,75.84,2020.874015,153377.09561238,153377.09561238,1
2026-07-24 14:45:00+08:00,2026-07-24 15:00:00+08:00,1784875500000,SOL-USDT,15m,75.83,75.88,75.79,75.85,1106.54163,83904.99919217,83904.99919217,1
2026-07-24 15:00:00+08:00,2026-07-24 15:15:00+08:00,1784876400000,SOL-USDT,15m,75.85,76.44,75.85,76.39,17999.921079,1371981.45416381,1371981.45416381,1
2026-07-24 15:15:00+08:00,2026-07-24 15:30:00+08:00,1784877300000,SOL-USDT,15m,76.38,76.38,76.11,76.15,10694.940112,815486.2573334,815486.2573334,1
2026-07-24 15:30:00+08:00,2026-07-24 15:45:00+08:00,1784878200000,SOL-USDT,15m,76.15,76.23,75.79,75.84,8816.334075,670237.09823078,670237.09823078,1
2026-07-24 15:45:00+08:00,2026-07-24 16:00:00+08:00,1784879100000,SOL-USDT,15m,75.84,76.09,75.84,76.06,3365.161261,255748.79963,255748.79963,1
2026-07-24 16:00:00+08:00,2026-07-24 16:15:00+08:00,1784880000000,SOL-USDT,15m,76.07,76.08,75.96,76.01,3855.397107,293136.6671977,293136.6671977,1
2026-07-24 16:15:00+08:00,2026-07-24 16:30:00+08:00,1784880900000,SOL-USDT,15m,76,76.02,75.72,75.82,11514.346766,873814.58823025,873814.58823025,1
2026-07-24 16:30:00+08:00,2026-07-24 16:45:00+08:00,1784881800000,SOL-USDT,15m,75.83,75.93,75.83,75.91,3057.899666,232019.2643589,232019.2643589,1
2026-07-24 16:45:00+08:00,2026-07-24 17:00:00+08:00,1784882700000,SOL-USDT,15m,75.91,75.91,75.76,75.78,2518.785157,190910.24321706,190910.24321706,1
2026-07-24 17:00:00+08:00,2026-07-24 17:15:00+08:00,1784883600000,SOL-USDT,15m,75.77,75.84,75.47,75.49,7534.599602,569923.22427025,569923.22427025,1
2026-07-24 17:15:00+08:00,2026-07-24 17:30:00+08:00,1784884500000,SOL-USDT,15m,75.49,75.58,75.37,75.55,5630.922173,425030.77582848,425030.77582848,1
2026-07-24 17:30:00+08:00,2026-07-24 17:45:00+08:00,1784885400000,SOL-USDT,15m,75.55,75.61,75.43,75.59,7018.163137,529903.51737277,529903.51737277,1
2026-07-24 17:45:00+08:00,2026-07-24 18:00:00+08:00,1784886300000,SOL-USDT,15m,75.59,75.68,75.57,75.63,1415.449489,107049.64543764,107049.64543764,1
2026-07-24 18:00:00+08:00,2026-07-24 18:15:00+08:00,1784887200000,SOL-USDT,15m,75.63,75.66,75.46,75.48,2268.035176,171338.24952288,171338.24952288,1
2026-07-24 18:15:00+08:00,2026-07-24 18:30:00+08:00,1784888100000,SOL-USDT,15m,75.47,75.58,75.41,75.55,2015.799779,152169.58532135,152169.58532135,1
2026-07-24 18:30:00+08:00,2026-07-24 18:45:00+08:00,1784889000000,SOL-USDT,15m,75.54,75.62,75.49,75.52,1573.58457,118889.2017471,118889.2017471,1
2026-07-24 18:45:00+08:00,2026-07-24 19:00:00+08:00,1784889900000,SOL-USDT,15m,75.51,75.57,75.38,75.49,1157.799697,87394.84050812,87394.84050812,1
2026-07-24 19:00:00+08:00,2026-07-24 19:15:00+08:00,1784890800000,SOL-USDT,15m,75.49,75.5,75.33,75.38,2194.682152,165503.6083824,165503.6083824,1
2026-07-24 19:15:00+08:00,2026-07-24 19:30:00+08:00,1784891700000,SOL-USDT,15m,75.39,75.52,75.23,75.31,3872.018604,291758.86159089,291758.86159089,1
2026-07-24 19:30:00+08:00,2026-07-24 19:45:00+08:00,1784892600000,SOL-USDT,15m,75.33,75.34,75.13,75.17,6739.493872,506887.2419347,506887.2419347,1
2026-07-24 19:45:00+08:00,2026-07-24 20:00:00+08:00,1784893500000,SOL-USDT,15m,75.15,75.24,74.99,75.2,14245.396549,1069465.82328059,1069465.82328059,1
2026-07-24 20:00:00+08:00,2026-07-24 20:15:00+08:00,1784894400000,SOL-USDT,15m,75.19,75.24,75.09,75.2,3450.233963,259299.63919778,259299.63919778,1
2026-07-24 20:15:00+08:00,2026-07-24 20:30:00+08:00,1784895300000,SOL-USDT,15m,75.2,75.3,75.16,75.17,3799.174878,285770.67764404,285770.67764404,1
2026-07-24 20:30:00+08:00,2026-07-24 20:45:00+08:00,1784896200000,SOL-USDT,15m,75.18,75.26,74.97,75,2026.075792,152148.11783942,152148.11783942,1
2026-07-24 20:45:00+08:00,2026-07-24 21:00:00+08:00,1784897100000,SOL-USDT,15m,74.99,75.06,74.81,74.87,5522.896533,413647.13114856,413647.13114856,1
2026-07-24 21:00:00+08:00,2026-07-24 21:15:00+08:00,1784898000000,SOL-USDT,15m,74.86,74.93,74.25,74.52,26122.77545,1947471.09729286,1947471.09729286,1
2026-07-24 21:15:00+08:00,2026-07-24 21:30:00+08:00,1784898900000,SOL-USDT,15m,74.5,74.74,74.45,74.55,6751.601548,503872.63928071,503872.63928071,1
2026-07-24 21:30:00+08:00,2026-07-24 21:45:00+08:00,1784899800000,SOL-USDT,15m,74.54,74.59,74.31,74.5,11761.330988,875676.24420301,875676.24420301,1
2026-07-24 21:45:00+08:00,2026-07-24 22:00:00+08:00,1784900700000,SOL-USDT,15m,74.5,74.57,73.97,74.22,26065.713495,1933398.017701,1933398.017701,1
2026-07-24 22:00:00+08:00,2026-07-24 22:15:00+08:00,1784901600000,SOL-USDT,15m,74.22,74.27,73.97,73.98,16387.685891,1214357.29584098,1214357.29584098,1
2026-07-24 22:15:00+08:00,2026-07-24 22:30:00+08:00,1784902500000,SOL-USDT,15m,73.98,74.04,73.64,73.97,20767.871524,1532838.99051869,1532838.99051869,1
2026-07-24 22:30:00+08:00,2026-07-24 22:45:00+08:00,1784903400000,SOL-USDT,15m,73.95,73.98,73.69,73.74,9316.295338,687709.8412333,687709.8412333,1
2026-07-24 22:45:00+08:00,2026-07-24 23:00:00+08:00,1784904300000,SOL-USDT,15m,73.73,74.06,73.61,74.04,6841.88401,505275.21819545,505275.21819545,1
2026-07-24 23:00:00+08:00,2026-07-24 23:15:00+08:00,1784905200000,SOL-USDT,15m,74.03,74.14,73.7,74.14,8474.623829,626345.45220573,626345.45220573,1
2026-07-24 23:15:00+08:00,2026-07-24 23:30:00+08:00,1784906100000,SOL-USDT,15m,74.13,74.2,73.92,74.16,10705.658005,793303.87343867,793303.87343867,1
2026-07-24 23:30:00+08:00,2026-07-24 23:45:00+08:00,1784907000000,SOL-USDT,15m,74.16,74.3,74.1,74.14,10889.622504,808016.50775867,808016.50775867,1
2026-07-24 23:45:00+08:00,2026-07-25 00:00:00+08:00,1784907900000,SOL-USDT,15m,74.13,74.18,73.99,74.04,6094.121569,451445.25823096,451445.25823096,1
2026-07-25 00:00:00+08:00,2026-07-25 00:15:00+08:00,1784908800000,SOL-USDT,15m,74.05,74.22,73.97,74.09,5596.42377,414587.40509451,414587.40509451,1
2026-07-25 00:15:00+08:00,2026-07-25 00:30:00+08:00,1784909700000,SOL-USDT,15m,74.09,74.18,74.02,74.04,3391.707494,251284.1392416,251284.1392416,1
2026-07-25 00:30:00+08:00,2026-07-25 00:45:00+08:00,1784910600000,SOL-USDT,15m,74.03,74.04,73.83,73.84,5958.32458,440547.34038729,440547.34038729,1
2026-07-25 00:45:00+08:00,2026-07-25 01:00:00+08:00,1784911500000,SOL-USDT,15m,73.83,73.98,73.72,73.91,4821.014527,355927.59658356,355927.59658356,1
2026-07-25 01:00:00+08:00,2026-07-25 01:15:00+08:00,1784912400000,SOL-USDT,15m,73.91,73.99,73.86,73.96,5492.415581,405951.31861311,405951.31861311,1
2026-07-25 01:15:00+08:00,2026-07-25 01:30:00+08:00,1784913300000,SOL-USDT,15m,73.97,74.15,73.94,74.12,3111.879008,230472.61030492,230472.61030492,1
2026-07-25 01:30:00+08:00,2026-07-25 01:45:00+08:00,1784914200000,SOL-USDT,15m,74.12,74.15,74.05,74.09,1198.517522,88816.38733714,88816.38733714,1
2026-07-25 01:45:00+08:00,2026-07-25 02:00:00+08:00,1784915100000,SOL-USDT,15m,74.08,74.1,73.95,74.05,2871.795767,212557.91853217,212557.91853217,1
2026-07-25 02:00:00+08:00,2026-07-25 02:15:00+08:00,1784916000000,SOL-USDT,15m,74.05,74.08,73.98,74.07,1295.125277,95843.89735271,95843.89735271,1
2026-07-25 02:15:00+08:00,2026-07-25 02:30:00+08:00,1784916900000,SOL-USDT,15m,74.07,74.08,73.96,74,2699.107719,199819.41603312,199819.41603312,1
2026-07-25 02:30:00+08:00,2026-07-25 02:45:00+08:00,1784917800000,SOL-USDT,15m,74,74.04,73.9,73.96,5325.031382,393848.80551975,393848.80551975,1
2026-07-25 02:45:00+08:00,2026-07-25 03:00:00+08:00,1784918700000,SOL-USDT,15m,73.96,74.06,73.94,73.98,2006.373153,148466.93007034,148466.93007034,1
2026-07-25 03:00:00+08:00,2026-07-25 03:15:00+08:00,1784919600000,SOL-USDT,15m,73.98,74,73.79,73.84,4194.329049,309812.62002243,309812.62002243,1
2026-07-25 03:15:00+08:00,2026-07-25 03:30:00+08:00,1784920500000,SOL-USDT,15m,73.83,73.98,73.83,73.97,1038.15055,76732.48989257,76732.48989257,1
2026-07-25 03:30:00+08:00,2026-07-25 03:45:00+08:00,1784921400000,SOL-USDT,15m,73.97,74.04,73.9,73.98,2650.159616,196066.19965767,196066.19965767,1
2026-07-25 03:45:00+08:00,2026-07-25 04:00:00+08:00,1784922300000,SOL-USDT,15m,73.99,74.04,73.9,73.96,8034.986251,594343.28755329,594343.28755329,1
2026-07-25 04:00:00+08:00,2026-07-25 04:15:00+08:00,1784923200000,SOL-USDT,15m,73.96,74.03,73.87,73.95,1893.688014,140044.63807284,140044.63807284,1
2026-07-25 04:15:00+08:00,2026-07-25 04:30:00+08:00,1784924100000,SOL-USDT,15m,73.95,74,73.9,73.91,1392.591372,102989.16432669,102989.16432669,1
2026-07-25 04:30:00+08:00,2026-07-25 04:45:00+08:00,1784925000000,SOL-USDT,15m,73.91,73.91,73.76,73.82,2787.667405,205803.56609789,205803.56609789,1
2026-07-25 04:45:00+08:00,2026-07-25 05:00:00+08:00,1784925900000,SOL-USDT,15m,73.82,73.86,73.72,73.79,1850.095345,136507.10122563,136507.10122563,1
2026-07-25 05:00:00+08:00,2026-07-25 05:15:00+08:00,1784926800000,SOL-USDT,15m,73.79,73.84,73.49,73.57,14967.512853,1101854.09811679,1101854.09811679,1
2026-07-25 05:15:00+08:00,2026-07-25 05:30:00+08:00,1784927700000,SOL-USDT,15m,73.58,73.7,73.45,73.7,5483.935716,403387.75664544,403387.75664544,1
2026-07-25 05:30:00+08:00,2026-07-25 05:45:00+08:00,1784928600000,SOL-USDT,15m,73.71,73.8,73.69,73.74,4295.152191,316746.48096419,316746.48096419,1
2026-07-25 05:45:00+08:00,2026-07-25 06:00:00+08:00,1784929500000,SOL-USDT,15m,73.74,73.82,73.62,73.65,3166.748732,233474.86555741,233474.86555741,1
2026-07-25 06:00:00+08:00,2026-07-25 06:15:00+08:00,1784930400000,SOL-USDT,15m,73.65,73.82,73.63,73.81,1516.472983,111825.20418944,111825.20418944,1
2026-07-25 06:15:00+08:00,2026-07-25 06:30:00+08:00,1784931300000,SOL-USDT,15m,73.82,73.87,73.8,73.87,1617.882687,119462.6364122,119462.6364122,1
2026-07-25 06:30:00+08:00,2026-07-25 06:45:00+08:00,1784932200000,SOL-USDT,15m,73.87,73.97,73.87,73.95,2280.827668,168630.12447684,168630.12447684,1
2026-07-25 06:45:00+08:00,2026-07-25 07:00:00+08:00,1784933100000,SOL-USDT,15m,73.95,73.98,73.91,73.94,2230.002474,164901.7489373,164901.7489373,1
2026-07-25 07:00:00+08:00,2026-07-25 07:15:00+08:00,1784934000000,SOL-USDT,15m,73.93,74.03,73.88,73.9,2536.926831,187649.55708202,187649.55708202,1
2026-07-25 07:15:00+08:00,2026-07-25 07:30:00+08:00,1784934900000,SOL-USDT,15m,73.9,73.92,73.85,73.91,1233.207472,91122.00705091,91122.00705091,1
2026-07-25 07:30:00+08:00,2026-07-25 07:45:00+08:00,1784935800000,SOL-USDT,15m,73.92,73.98,73.86,73.94,2096.142063,154976.28733648,154976.28733648,1
2026-07-25 07:45:00+08:00,2026-07-25 08:00:00+08:00,1784936700000,SOL-USDT,15m,73.93,73.97,73.91,73.96,2108.053536,155882.82351567,155882.82351567,1
2026-07-25 08:00:00+08:00,2026-07-25 08:15:00+08:00,1784937600000,SOL-USDT,15m,73.97,74.02,73.94,74.02,1439.312758,106495.39396653,106495.39396653,1
2026-07-25 08:15:00+08:00,2026-07-25 08:30:00+08:00,1784938500000,SOL-USDT,15m,74.01,74.07,73.96,74.06,3844.883265,284601.16006747,284601.16006747,1
2026-07-25 08:30:00+08:00,2026-07-25 08:45:00+08:00,1784939400000,SOL-USDT,15m,74.06,74.15,74,74.04,4377.581566,324311.81689864,324311.81689864,1
2026-07-25 08:45:00+08:00,2026-07-25 09:00:00+08:00,1784940300000,SOL-USDT,15m,74.05,74.14,73.97,74.13,5111.961188,378475.42198041,378475.42198041,1
2026-07-25 09:00:00+08:00,2026-07-25 09:15:00+08:00,1784941200000,SOL-USDT,15m,74.13,74.24,74.04,74.08,2665.880317,197657.62077813,197657.62077813,1
2026-07-25 09:15:00+08:00,2026-07-25 09:30:00+08:00,1784942100000,SOL-USDT,15m,74.09,74.11,74.01,74.04,2034.175901,150634.43964227,150634.43964227,1
2026-07-25 09:30:00+08:00,2026-07-25 09:45:00+08:00,1784943000000,SOL-USDT,15m,74.04,74.22,74.02,74.22,2579.556035,191179.7070791,191179.7070791,1
2026-07-25 09:45:00+08:00,2026-07-25 10:00:00+08:00,1784943900000,SOL-USDT,15m,74.22,74.25,74.11,74.14,2845.670365,211166.476167,211166.476167,1
2026-07-25 10:00:00+08:00,2026-07-25 10:15:00+08:00,1784944800000,SOL-USDT,15m,74.14,74.21,74.11,74.13,1133.977261,84078.81186485,84078.81186485,1
2026-07-25 10:15:00+08:00,2026-07-25 10:30:00+08:00,1784945700000,SOL-USDT,15m,74.13,74.2,74.06,74.17,814.998363,60402.57211137,60402.57211137,1
2026-07-25 10:30:00+08:00,2026-07-25 10:45:00+08:00,1784946600000,SOL-USDT,15m,74.17,74.22,74.1,74.13,1928.003066,142986.17041545,142986.17041545,1
2026-07-25 10:45:00+08:00,2026-07-25 11:00:00+08:00,1784947500000,SOL-USDT,15m,74.13,74.14,74.06,74.1,991.393325,73454.04236,73454.04236,1
2026-07-25 11:00:00+08:00,2026-07-25 11:15:00+08:00,1784948400000,SOL-USDT,15m,74.11,74.21,74.04,74.16,1924.750648,142736.8085471,142736.8085471,1
2026-07-25 11:15:00+08:00,2026-07-25 11:30:00+08:00,1784949300000,SOL-USDT,15m,74.15,74.33,74.11,74.23,3021.297151,224352.58159784,224352.58159784,1
2026-07-25 11:30:00+08:00,2026-07-25 11:45:00+08:00,1784950200000,SOL-USDT,15m,74.23,74.25,74.16,74.2,3574.281378,265250.59043,265250.59043,1
2026-07-25 11:45:00+08:00,2026-07-25 12:00:00+08:00,1784951100000,SOL-USDT,15m,74.19,74.2,74.1,74.14,3456.484921,256278.56395451,256278.56395451,1
2026-07-25 12:00:00+08:00,2026-07-25 12:15:00+08:00,1784952000000,SOL-USDT,15m,74.14,74.29,74.13,74.29,2178.050738,161630.96908953,161630.96908953,1
2026-07-25 12:15:00+08:00,2026-07-25 12:30:00+08:00,1784952900000,SOL-USDT,15m,74.29,74.37,74.26,74.29,4489.663503,333568.7714868,333568.7714868,1
2026-07-25 12:30:00+08:00,2026-07-25 12:45:00+08:00,1784953800000,SOL-USDT,15m,74.3,74.32,74.24,74.29,3193.307316,237208.51589612,237208.51589612,1
2026-07-25 12:45:00+08:00,2026-07-25 13:00:00+08:00,1784954700000,SOL-USDT,15m,74.29,74.34,74.26,74.31,3462.984813,257272.04084391,257272.04084391,1
2026-07-25 13:00:00+08:00,2026-07-25 13:15:00+08:00,1784955600000,SOL-USDT,15m,74.32,74.36,74.2,74.21,2841.226992,211070.5818047,211070.5818047,1
2026-07-25 13:15:00+08:00,2026-07-25 13:30:00+08:00,1784956500000,SOL-USDT,15m,74.22,74.27,74.18,74.21,1494.35315,110909.71138161,110909.71138161,1
2026-07-25 13:30:00+08:00,2026-07-25 13:45:00+08:00,1784957400000,SOL-USDT,15m,74.21,74.22,74.04,74.04,1354.734287,100432.09341543,100432.09341543,1
2026-07-25 13:45:00+08:00,2026-07-25 14:00:00+08:00,1784958300000,SOL-USDT,15m,74.05,74.05,73.91,73.98,4992.524644,369293.00762421,369293.00762421,1
2026-07-25 14:00:00+08:00,2026-07-25 14:15:00+08:00,1784959200000,SOL-USDT,15m,73.98,74.03,73.93,74.01,2187.397513,161824.27062399,161824.27062399,1
2026-07-25 14:15:00+08:00,2026-07-25 14:30:00+08:00,1784960100000,SOL-USDT,15m,74.01,74.02,73.84,73.88,3744.02404,276766.42147821,276766.42147821,1
2026-07-25 14:30:00+08:00,2026-07-25 14:45:00+08:00,1784961000000,SOL-USDT,15m,73.87,73.92,73.77,73.88,5053.648642,373171.93274753,373171.93274753,1
2026-07-25 14:45:00+08:00,2026-07-25 15:00:00+08:00,1784961900000,SOL-USDT,15m,73.89,74.04,73.84,74.04,2323.946797,171811.26676617,171811.26676617,1
2026-07-25 15:00:00+08:00,2026-07-25 15:15:00+08:00,1784962800000,SOL-USDT,15m,74.04,74.07,73.94,73.95,2139.382654,158366.52609424,158366.52609424,1
2026-07-25 15:15:00+08:00,2026-07-25 15:30:00+08:00,1784963700000,SOL-USDT,15m,73.96,73.96,73.85,73.87,2795.306883,206635.51910194,206635.51910194,1
2026-07-25 15:30:00+08:00,2026-07-25 15:45:00+08:00,1784964600000,SOL-USDT,15m,73.86,73.9,73.84,73.87,1233.605052,91110.34314282,91110.34314282,1
2026-07-25 15:45:00+08:00,2026-07-25 16:00:00+08:00,1784965500000,SOL-USDT,15m,73.88,73.91,73.79,73.79,2848.498778,210353.69278226,210353.69278226,1
2026-07-25 16:00:00+08:00,2026-07-25 16:15:00+08:00,1784966400000,SOL-USDT,15m,73.79,73.8,73.55,73.75,6907.886527,508974.68322197,508974.68322197,1
2026-07-25 16:15:00+08:00,2026-07-25 16:30:00+08:00,1784967300000,SOL-USDT,15m,73.75,73.86,73.75,73.86,1646.811234,121533.68202445,121533.68202445,1
2026-07-25 16:30:00+08:00,2026-07-25 16:45:00+08:00,1784968200000,SOL-USDT,15m,73.86,73.87,73.77,73.81,2133.988458,157513.09756558,157513.09756558,1
2026-07-25 16:45:00+08:00,2026-07-25 17:00:00+08:00,1784969100000,SOL-USDT,15m,73.81,73.82,73.74,73.8,1786.589732,131800.99160573,131800.99160573,1
2026-07-25 17:00:00+08:00,2026-07-25 17:15:00+08:00,1784970000000,SOL-USDT,15m,73.8,73.89,73.76,73.87,3627.904432,267815.04664981,267815.04664981,1
2026-07-25 17:15:00+08:00,2026-07-25 17:30:00+08:00,1784970900000,SOL-USDT,15m,73.88,74,73.87,73.99,1722.255311,127352.29338278,127352.29338278,1
2026-07-25 17:30:00+08:00,2026-07-25 17:45:00+08:00,1784971800000,SOL-USDT,15m,74,74.03,73.94,73.97,1252.18215,92639.42957263,92639.42957263,1
2026-07-25 17:45:00+08:00,2026-07-25 18:00:00+08:00,1784972700000,SOL-USDT,15m,73.98,74.04,73.97,73.99,1388.285283,102733.01962798,102733.01962798,1
2026-07-25 18:00:00+08:00,2026-07-25 18:15:00+08:00,1784973600000,SOL-USDT,15m,74,74.02,73.97,74.01,1476.627247,109263.61976725,109263.61976725,1
2026-07-25 18:15:00+08:00,2026-07-25 18:30:00+08:00,1784974500000,SOL-USDT,15m,74.01,74.03,73.92,73.99,2092.16682,154746.46355393,154746.46355393,1
2026-07-25 18:30:00+08:00,2026-07-25 18:45:00+08:00,1784975400000,SOL-USDT,15m,73.99,74,73.92,73.93,1127.574665,83393.24932683,83393.24932683,1
2026-07-25 18:45:00+08:00,2026-07-25 19:00:00+08:00,1784976300000,SOL-USDT,15m,73.93,73.99,73.91,73.99,2186.898292,161701.6414646,161701.6414646,1
2026-07-25 19:00:00+08:00,2026-07-25 19:15:00+08:00,1784977200000,SOL-USDT,15m,73.99,74.05,73.95,74.01,2105.43708,155811.15099023,155811.15099023,1
2026-07-25 19:15:00+08:00,2026-07-25 19:30:00+08:00,1784978100000,SOL-USDT,15m,74,74.05,73.91,73.93,2526.314566,186943.18338781,186943.18338781,1
2026-07-25 19:30:00+08:00,2026-07-25 19:45:00+08:00,1784979000000,SOL-USDT,15m,73.94,73.99,73.86,73.91,1791.892846,132462.87730193,132462.87730193,1
2026-07-25 19:45:00+08:00,2026-07-25 20:00:00+08:00,1784979900000,SOL-USDT,15m,73.91,73.94,73.9,73.92,571.858594,42268.66780042,42268.66780042,1
2026-07-25 20:00:00+08:00,2026-07-25 20:15:00+08:00,1784980800000,SOL-USDT,15m,73.93,73.94,73.87,73.93,1406.907417,103967.92885607,103967.92885607,1
2026-07-25 20:15:00+08:00,2026-07-25 20:30:00+08:00,1784981700000,SOL-USDT,15m,73.93,74,73.89,73.94,1130.729335,83610.54303603,83610.54303603,1
2026-07-25 20:30:00+08:00,2026-07-25 20:45:00+08:00,1784982600000,SOL-USDT,15m,73.94,73.96,73.87,73.93,4153.0707,306941.6647154,306941.6647154,1
2026-07-25 20:45:00+08:00,2026-07-25 21:00:00+08:00,1784983500000,SOL-USDT,15m,73.92,73.98,73.9,73.97,1113.169936,82295.34669321,82295.34669321,1
2026-07-25 21:00:00+08:00,2026-07-25 21:15:00+08:00,1784984400000,SOL-USDT,15m,73.97,74.01,73.94,73.95,1175.080446,86932.09823809,86932.09823809,1
2026-07-25 21:15:00+08:00,2026-07-25 21:30:00+08:00,1784985300000,SOL-USDT,15m,73.95,74.07,73.95,73.99,2815.102777,208357.4371564,208357.4371564,1
2026-07-25 21:30:00+08:00,2026-07-25 21:45:00+08:00,1784986200000,SOL-USDT,15m,74,74.15,73.96,74.11,2391.350686,177061.75744393,177061.75744393,1
2026-07-25 21:45:00+08:00,2026-07-25 22:00:00+08:00,1784987100000,SOL-USDT,15m,74.12,74.18,73.97,73.99,2777.686099,205860.20200464,205860.20200464,1
2026-07-25 22:00:00+08:00,2026-07-25 22:15:00+08:00,1784988000000,SOL-USDT,15m,73.99,73.99,73.78,73.87,3252.573475,240228.48503458,240228.48503458,1
2026-07-25 22:15:00+08:00,2026-07-25 22:30:00+08:00,1784988900000,SOL-USDT,15m,73.87,73.89,73.8,73.86,3508.695188,259106.55941897,259106.55941897,1
2026-07-25 22:30:00+08:00,2026-07-25 22:45:00+08:00,1784989800000,SOL-USDT,15m,73.86,73.99,73.85,73.97,2054.793165,151938.76078589,151938.76078589,1
2026-07-25 22:45:00+08:00,2026-07-25 23:00:00+08:00,1784990700000,SOL-USDT,15m,73.98,74.08,73.92,74.06,1702.71998,125988.68698778,125988.68698778,1
2026-07-25 23:00:00+08:00,2026-07-25 23:15:00+08:00,1784991600000,SOL-USDT,15m,74.05,74.22,74.01,74.19,3625.650968,268768.84024282,268768.84024282,1
2026-07-25 23:15:00+08:00,2026-07-25 23:30:00+08:00,1784992500000,SOL-USDT,15m,74.2,74.31,74.17,74.19,3543.018963,263008.6537564,263008.6537564,1
2026-07-25 23:30:00+08:00,2026-07-25 23:45:00+08:00,1784993400000,SOL-USDT,15m,74.19,74.27,74.14,74.23,2342.392921,173822.03287987,173822.03287987,1
2026-07-25 23:45:00+08:00,2026-07-26 00:00:00+08:00,1784994300000,SOL-USDT,15m,74.23,74.25,74.17,74.17,1692.459208,125593.19461032,125593.19461032,1
2026-07-26 00:00:00+08:00,2026-07-26 00:15:00+08:00,1784995200000,SOL-USDT,15m,74.17,74.3,74.12,74.28,2020.908678,149952.96089505,149952.96089505,1
2026-07-26 00:15:00+08:00,2026-07-26 00:30:00+08:00,1784996100000,SOL-USDT,15m,74.29,74.29,74.1,74.18,2035.147952,150952.96995851,150952.96995851,1
2026-07-26 00:30:00+08:00,2026-07-26 00:45:00+08:00,1784997000000,SOL-USDT,15m,74.18,74.34,74.17,74.33,5809.587766,431688.02937151,431688.02937151,1
2026-07-26 00:45:00+08:00,2026-07-26 01:00:00+08:00,1784997900000,SOL-USDT,15m,74.34,74.43,74.25,74.32,2753.955116,204736.19814678,204736.19814678,1
2026-07-26 01:00:00+08:00,2026-07-26 01:15:00+08:00,1784998800000,SOL-USDT,15m,74.33,74.38,74.3,74.34,1135.865331,84435.1773705,84435.1773705,1
2026-07-26 01:15:00+08:00,2026-07-26 01:30:00+08:00,1784999700000,SOL-USDT,15m,74.34,74.59,74.34,74.49,3577.751173,266530.78772547,266530.78772547,1
2026-07-26 01:30:00+08:00,2026-07-26 01:45:00+08:00,1785000600000,SOL-USDT,15m,74.49,74.62,74.45,74.62,2376.085913,177124.52180557,177124.52180557,1
2026-07-26 01:45:00+08:00,2026-07-26 02:00:00+08:00,1785001500000,SOL-USDT,15m,74.61,74.67,74.45,74.47,3684.658501,274724.12717098,274724.12717098,1
2026-07-26 02:00:00+08:00,2026-07-26 02:15:00+08:00,1785002400000,SOL-USDT,15m,74.48,74.68,74.48,74.53,2545.743513,189825.54484787,189825.54484787,1
2026-07-26 02:15:00+08:00,2026-07-26 02:30:00+08:00,1785003300000,SOL-USDT,15m,74.53,74.57,74.49,74.57,2794.755645,208277.33594155,208277.33594155,1
2026-07-26 02:30:00+08:00,2026-07-26 02:45:00+08:00,1785004200000,SOL-USDT,15m,74.56,74.63,74.52,74.55,2285.814669,170510.17235373,170510.17235373,1
2026-07-26 02:45:00+08:00,2026-07-26 03:00:00+08:00,1785005100000,SOL-USDT,15m,74.56,74.72,74.56,74.65,1740.273887,129913.94059098,129913.94059098,1
2026-07-26 03:00:00+08:00,2026-07-26 03:15:00+08:00,1785006000000,SOL-USDT,15m,74.66,74.73,74.62,74.7,1119.78454,83618.57431828,83618.57431828,1
2026-07-26 03:15:00+08:00,2026-07-26 03:30:00+08:00,1785006900000,SOL-USDT,15m,74.69,74.69,74.6,74.61,1510.403928,112742.14144238,112742.14144238,1
2026-07-26 03:30:00+08:00,2026-07-26 03:45:00+08:00,1785007800000,SOL-USDT,15m,74.61,74.62,74.55,74.59,746.388184,55671.83367332,55671.83367332,1
2026-07-26 03:45:00+08:00,2026-07-26 04:00:00+08:00,1785008700000,SOL-USDT,15m,74.59,74.63,74.54,74.57,903.334597,67371.53734685,67371.53734685,1
2026-07-26 04:00:00+08:00,2026-07-26 04:15:00+08:00,1785009600000,SOL-USDT,15m,74.57,74.58,74.45,74.53,2065.710923,153900.67641625,153900.67641625,1
2026-07-26 04:15:00+08:00,2026-07-26 04:30:00+08:00,1785010500000,SOL-USDT,15m,74.52,74.54,74.43,74.5,1480.318506,110247.75157576,110247.75157576,1
2026-07-26 04:30:00+08:00,2026-07-26 04:45:00+08:00,1785011400000,SOL-USDT,15m,74.5,74.51,74.43,74.46,472.868003,35205.79258688,35205.79258688,1
2026-07-26 04:45:00+08:00,2026-07-26 05:00:00+08:00,1785012300000,SOL-USDT,15m,74.46,74.48,74.4,74.44,799.694875,59517.20849523,59517.20849523,1
2026-07-26 05:00:00+08:00,2026-07-26 05:15:00+08:00,1785013200000,SOL-USDT,15m,74.45,74.45,74.28,74.36,2059.711199,153145.25706078,153145.25706078,1
2026-07-26 05:15:00+08:00,2026-07-26 05:30:00+08:00,1785014100000,SOL-USDT,15m,74.37,74.43,74.31,74.43,1000.985336,74435.93585548,74435.93585548,1
2026-07-26 05:30:00+08:00,2026-07-26 05:45:00+08:00,1785015000000,SOL-USDT,15m,74.43,74.56,74.39,74.52,4182.825332,311713.64691234,311713.64691234,1
2026-07-26 05:45:00+08:00,2026-07-26 06:00:00+08:00,1785015900000,SOL-USDT,15m,74.52,74.61,74.45,74.47,3195.152882,238085.874562,238085.874562,1
2026-07-26 06:00:00+08:00,2026-07-26 06:15:00+08:00,1785016800000,SOL-USDT,15m,74.47,74.5,74.42,74.47,1925.620961,143375.75226498,143375.75226498,1
2026-07-26 06:15:00+08:00,2026-07-26 06:30:00+08:00,1785017700000,SOL-USDT,15m,74.47,74.47,74.38,74.39,1612.195238,119962.95551434,119962.95551434,1
2026-07-26 06:30:00+08:00,2026-07-26 06:45:00+08:00,1785018600000,SOL-USDT,15m,74.38,74.45,74.3,74.44,1291.61628,96036.84777968,96036.84777968,1
2026-07-26 06:45:00+08:00,2026-07-26 07:00:00+08:00,1785019500000,SOL-USDT,15m,74.44,74.53,74.41,74.5,1021.994136,76126.34950502,76126.34950502,1
2026-07-26 07:00:00+08:00,2026-07-26 07:15:00+08:00,1785020400000,SOL-USDT,15m,74.51,74.51,74.44,74.47,2652.989386,197616.22923443,197616.22923443,1
2026-07-26 07:15:00+08:00,2026-07-26 07:30:00+08:00,1785021300000,SOL-USDT,15m,74.48,74.48,74.4,74.46,683.026696,50834.77480069,50834.77480069,1
2026-07-26 07:30:00+08:00,2026-07-26 07:45:00+08:00,1785022200000,SOL-USDT,15m,74.46,74.54,74.44,74.44,1033.931203,77020.52696228,77020.52696228,1
2026-07-26 07:45:00+08:00,2026-07-26 08:00:00+08:00,1785023100000,SOL-USDT,15m,74.44,74.53,74.43,74.53,1241.853228,92485.97201751,92485.97201751,1
2026-07-26 08:00:00+08:00,2026-07-26 08:15:00+08:00,1785024000000,SOL-USDT,15m,74.53,74.66,74.47,74.66,1306.337434,97423.98012408,97423.98012408,1
2026-07-26 08:15:00+08:00,2026-07-26 08:30:00+08:00,1785024900000,SOL-USDT,15m,74.65,74.96,74.63,74.88,7050.37186,527585.48656668,527585.48656668,1
2026-07-26 08:30:00+08:00,2026-07-26 08:45:00+08:00,1785025800000,SOL-USDT,15m,74.89,74.9,74.69,74.69,4381.400391,327676.22789699,327676.22789699,1
2026-07-26 08:45:00+08:00,2026-07-26 09:00:00+08:00,1785026700000,SOL-USDT,15m,74.69,74.82,74.66,74.78,2931.725878,219112.41195873,219112.41195873,1
2026-07-26 09:00:00+08:00,2026-07-26 09:15:00+08:00,1785027600000,SOL-USDT,15m,74.79,74.82,74.7,74.78,3275.04372,244909.92602087,244909.92602087,1
2026-07-26 09:15:00+08:00,2026-07-26 09:30:00+08:00,1785028500000,SOL-USDT,15m,74.77,74.78,74.67,74.7,933.691199,69773.14744609,69773.14744609,1
2026-07-26 09:30:00+08:00,2026-07-26 09:45:00+08:00,1785029400000,SOL-USDT,15m,74.7,74.8,74.7,74.79,648.785325,48494.7520568,48494.7520568,1
2026-07-26 09:45:00+08:00,2026-07-26 10:00:00+08:00,1785030300000,SOL-USDT,15m,74.79,74.9,74.76,74.83,1481.830899,110886.20888159,110886.20888159,1
2026-07-26 10:00:00+08:00,2026-07-26 10:15:00+08:00,1785031200000,SOL-USDT,15m,74.84,74.88,74.72,74.81,3055.779351,228566.99493348,228566.99493348,1
2026-07-26 10:15:00+08:00,2026-07-26 10:30:00+08:00,1785032100000,SOL-USDT,15m,74.8,74.84,74.74,74.81,1204.393034,90065.09283648,90065.09283648,1
2026-07-26 10:30:00+08:00,2026-07-26 10:45:00+08:00,1785033000000,SOL-USDT,15m,74.81,74.83,74.72,74.8,989.780509,74028.17245128,74028.17245128,1
2026-07-26 10:45:00+08:00,2026-07-26 11:00:00+08:00,1785033900000,SOL-USDT,15m,74.8,74.93,74.8,74.9,2497.80048,187054.47081092,187054.47081092,1
2026-07-26 11:00:00+08:00,2026-07-26 11:15:00+08:00,1785034800000,SOL-USDT,15m,74.91,75.06,74.82,75.01,6635.424331,497404.08367758,497404.08367758,1
2026-07-26 11:15:00+08:00,2026-07-26 11:30:00+08:00,1785035700000,SOL-USDT,15m,75.01,75.01,74.9,74.93,1103.187555,82679.03222373,82679.03222373,1
2026-07-26 11:30:00+08:00,2026-07-26 11:45:00+08:00,1785036600000,SOL-USDT,15m,74.92,75,74.91,74.96,2582.096593,193572.20671724,193572.20671724,1
2026-07-26 11:45:00+08:00,2026-07-26 12:00:00+08:00,1785037500000,SOL-USDT,15m,74.96,75.02,74.96,75.02,1310.713185,98276.97569373,98276.97569373,1
2026-07-26 12:00:00+08:00,2026-07-26 12:15:00+08:00,1785038400000,SOL-USDT,15m,75.04,75.14,74.96,74.98,3062.875544,229904.37809388,229904.37809388,1
2026-07-26 12:15:00+08:00,2026-07-26 12:30:00+08:00,1785039300000,SOL-USDT,15m,74.99,75.16,74.95,75.14,1473.064367,110551.43223167,110551.43223167,1
2026-07-26 12:30:00+08:00,2026-07-26 12:45:00+08:00,1785040200000,SOL-USDT,15m,75.14,75.2,75.08,75.19,2150.107644,161577.43646353,161577.43646353,1
2026-07-26 12:45:00+08:00,2026-07-26 13:00:00+08:00,1785041100000,SOL-USDT,15m,75.2,75.23,75.03,75.08,2943.996622,221081.59009543,221081.59009543,1
2026-07-26 13:00:00+08:00,2026-07-26 13:15:00+08:00,1785042000000,SOL-USDT,15m,75.08,75.18,75.01,75.15,1538.371572,115499.17298693,115499.17298693,1
2026-07-26 13:15:00+08:00,2026-07-26 13:30:00+08:00,1785042900000,SOL-USDT,15m,75.16,75.16,75.03,75.04,935.856176,70290.68136286,70290.68136286,1
2026-07-26 13:30:00+08:00,2026-07-26 13:45:00+08:00,1785043800000,SOL-USDT,15m,75.04,75.12,74.93,75.12,2243.99268,168330.38417458,168330.38417458,1
2026-07-26 13:45:00+08:00,2026-07-26 14:00:00+08:00,1785044700000,SOL-USDT,15m,75.12,75.12,75.01,75.01,1278.395821,95939.46507132,95939.46507132,1
2026-07-26 14:00:00+08:00,2026-07-26 14:15:00+08:00,1785045600000,SOL-USDT,15m,75.02,75.06,74.83,74.88,2172.268847,162839.94808071,162839.94808071,1
2026-07-26 14:15:00+08:00,2026-07-26 14:30:00+08:00,1785046500000,SOL-USDT,15m,74.87,74.9,74.75,74.78,2799.279559,209370.34786781,209370.34786781,1
2026-07-26 14:30:00+08:00,2026-07-26 14:45:00+08:00,1785047400000,SOL-USDT,15m,74.78,74.95,74.76,74.93,3082.2674,230780.22024987,230780.22024987,1
2026-07-26 14:45:00+08:00,2026-07-26 15:00:00+08:00,1785048300000,SOL-USDT,15m,74.94,75.14,74.93,75.12,2787.052974,209138.64238429,209138.64238429,1
2026-07-26 15:00:00+08:00,2026-07-26 15:15:00+08:00,1785049200000,SOL-USDT,15m,75.13,75.15,75,75.04,2858.111027,214624.31056824,214624.31056824,1
2026-07-26 15:15:00+08:00,2026-07-26 15:30:00+08:00,1785050100000,SOL-USDT,15m,75.04,75.06,74.94,74.94,1374.315553,103073.08431863,103073.08431863,1
2026-07-26 15:30:00+08:00,2026-07-26 15:45:00+08:00,1785051000000,SOL-USDT,15m,74.95,74.99,74.9,74.9,990.272788,74216.8856194,74216.8856194,1
2026-07-26 15:45:00+08:00,2026-07-26 16:00:00+08:00,1785051900000,SOL-USDT,15m,74.89,74.94,74.85,74.88,1002.93362,75102.33142681,75102.33142681,1
2026-07-26 16:00:00+08:00,2026-07-26 16:15:00+08:00,1785052800000,SOL-USDT,15m,74.88,74.96,74.85,74.93,1073.787122,80425.77086926,80425.77086926,1
2026-07-26 16:15:00+08:00,2026-07-26 16:30:00+08:00,1785053700000,SOL-USDT,15m,74.93,74.96,74.86,74.9,1725.354609,129221.18455773,129221.18455773,1
2026-07-26 16:30:00+08:00,2026-07-26 16:45:00+08:00,1785054600000,SOL-USDT,15m,74.91,74.95,74.88,74.94,1426.758688,106876.12688918,106876.12688918,1
2026-07-26 16:45:00+08:00,2026-07-26 17:00:00+08:00,1785055500000,SOL-USDT,15m,74.93,75.07,74.92,75,3177.078552,238330.0720104,238330.0720104,1
2026-07-26 17:00:00+08:00,2026-07-26 17:15:00+08:00,1785056400000,SOL-USDT,15m,74.99,75.12,74.99,75.02,1266.278679,95032.68615453,95032.68615453,1
2026-07-26 17:15:00+08:00,2026-07-26 17:30:00+08:00,1785057300000,SOL-USDT,15m,75.02,75.12,75.02,75.08,1899.649975,142628.9079911,142628.9079911,1
2026-07-26 17:30:00+08:00,2026-07-26 17:45:00+08:00,1785058200000,SOL-USDT,15m,75.08,75.28,75.02,75.16,5494.736962,413092.68378005,413092.68378005,1
2026-07-26 17:45:00+08:00,2026-07-26 18:00:00+08:00,1785059100000,SOL-USDT,15m,75.15,75.2,75.06,75.07,2974.63924,223543.92729647,223543.92729647,1
2026-07-26 18:00:00+08:00,2026-07-26 18:15:00+08:00,1785060000000,SOL-USDT,15m,75.08,75.18,75.02,75.14,4166.18206,312914.81351632,312914.81351632,1
2026-07-26 18:15:00+08:00,2026-07-26 18:30:00+08:00,1785060900000,SOL-USDT,15m,75.14,75.19,75.1,75.13,684.882341,51464.92736094,51464.92736094,1
2026-07-26 18:30:00+08:00,2026-07-26 18:45:00+08:00,1785061800000,SOL-USDT,15m,75.13,75.22,75.13,75.22,1575.225081,118425.87368031,118425.87368031,1
2026-07-26 18:45:00+08:00,2026-07-26 19:00:00+08:00,1785062700000,SOL-USDT,15m,75.22,75.25,75.11,75.13,1623.108078,121981.57690405,121981.57690405,1
2026-07-26 19:00:00+08:00,2026-07-26 19:15:00+08:00,1785063600000,SOL-USDT,15m,75.12,75.18,75.06,75.11,707.611342,53144.19230497,53144.19230497,1
2026-07-26 19:15:00+08:00,2026-07-26 19:30:00+08:00,1785064500000,SOL-USDT,15m,75.1,75.11,75.05,75.07,1572.044353,118019.03412874,118019.03412874,1
2026-07-26 19:30:00+08:00,2026-07-26 19:45:00+08:00,1785065400000,SOL-USDT,15m,75.06,75.1,74.91,74.93,6564.477393,492429.13317738,492429.13317738,1
2026-07-26 19:45:00+08:00,2026-07-26 20:00:00+08:00,1785066300000,SOL-USDT,15m,74.92,74.96,74.9,74.94,922.673833,69137.67871336,69137.67871336,1
2026-07-26 20:00:00+08:00,2026-07-26 20:15:00+08:00,1785067200000,SOL-USDT,15m,74.95,75.14,74.93,75.03,2149.429998,161344.06460969,161344.06460969,1
2026-07-26 20:15:00+08:00,2026-07-26 20:30:00+08:00,1785068100000,SOL-USDT,15m,75.04,75.08,74.88,75,1164.378765,87274.13366563,87274.13366563,1
2026-07-26 20:30:00+08:00,2026-07-26 20:45:00+08:00,1785069000000,SOL-USDT,15m,75,75,74.84,74.87,2138.569959,160214.80969981,160214.80969981,1
2026-07-26 20:45:00+08:00,2026-07-26 21:00:00+08:00,1785069900000,SOL-USDT,15m,74.88,74.9,74.82,74.87,1499.574579,112253.05618012,112253.05618012,1
2026-07-26 21:00:00+08:00,2026-07-26 21:15:00+08:00,1785070800000,SOL-USDT,15m,74.86,74.89,74.77,74.8,1657.473154,123999.78269065,123999.78269065,1
2026-07-26 21:15:00+08:00,2026-07-26 21:30:00+08:00,1785071700000,SOL-USDT,15m,74.81,74.96,74.8,74.87,2040.363494,152814.33580571,152814.33580571,1
2026-07-26 21:30:00+08:00,2026-07-26 21:45:00+08:00,1785072600000,SOL-USDT,15m,74.87,74.95,74.78,74.95,3477.466558,260323.10286723,260323.10286723,1
2026-07-26 21:45:00+08:00,2026-07-26 22:00:00+08:00,1785073500000,SOL-USDT,15m,74.95,74.98,74.87,74.94,1316.081906,98614.96852549,98614.96852549,1
2026-07-26 22:00:00+08:00,2026-07-26 22:15:00+08:00,1785074400000,SOL-USDT,15m,74.94,75.23,74.93,75.13,5026.609386,377644.80919786,377644.80919786,1
2026-07-26 22:15:00+08:00,2026-07-26 22:30:00+08:00,1785075300000,SOL-USDT,15m,75.12,75.12,74.92,74.92,2330.158601,174723.84553125,174723.84553125,1
2026-07-26 22:30:00+08:00,2026-07-26 22:45:00+08:00,1785076200000,SOL-USDT,15m,74.92,75.05,74.89,74.98,3864.53314,289642.80869096,289642.80869096,1
2026-07-26 22:45:00+08:00,2026-07-26 23:00:00+08:00,1785077100000,SOL-USDT,15m,74.97,75.08,74.97,75.06,1920.567991,144118.48599108,144118.48599108,1
2026-07-26 23:00:00+08:00,2026-07-26 23:15:00+08:00,1785078000000,SOL-USDT,15m,75.06,75.17,74.96,74.98,1845.984893,138582.96093842,138582.96093842,1
2026-07-26 23:15:00+08:00,2026-07-26 23:30:00+08:00,1785078900000,SOL-USDT,15m,74.99,75.38,74.99,75.21,7450.379696,560488.30301066,560488.30301066,1
2026-07-26 23:30:00+08:00,2026-07-26 23:45:00+08:00,1785079800000,SOL-USDT,15m,75.22,75.44,75.16,75.36,2840.195007,213982.18928586,213982.18928586,1
2026-07-26 23:45:00+08:00,2026-07-27 00:00:00+08:00,1785080700000,SOL-USDT,15m,75.36,75.5,75.32,75.5,3918.087847,295426.36166838,295426.36166838,1
2026-07-27 00:00:00+08:00,2026-07-27 00:15:00+08:00,1785081600000,SOL-USDT,15m,75.49,75.53,75.31,75.43,3553.175475,267986.2499352,267986.2499352,1
2026-07-27 00:15:00+08:00,2026-07-27 00:30:00+08:00,1785082500000,SOL-USDT,15m,75.44,75.73,75.44,75.69,4544.833737,343605.18463224,343605.18463224,1
2026-07-27 00:30:00+08:00,2026-07-27 00:45:00+08:00,1785083400000,SOL-USDT,15m,75.68,75.98,75.63,75.66,7854.53538,595356.63618416,595356.63618416,1
2026-07-27 00:45:00+08:00,2026-07-27 01:00:00+08:00,1785084300000,SOL-USDT,15m,75.66,75.73,75.53,75.54,3457.264863,261461.15434223,261461.15434223,1
2026-07-27 01:00:00+08:00,2026-07-27 01:15:00+08:00,1785085200000,SOL-USDT,15m,75.54,75.59,75.41,75.59,2522.640343,190513.62773955,190513.62773955,1
2026-07-27 01:15:00+08:00,2026-07-27 01:30:00+08:00,1785086100000,SOL-USDT,15m,75.58,75.6,75.3,75.34,2634.722749,198744.11669574,198744.11669574,1
2026-07-27 01:30:00+08:00,2026-07-27 01:45:00+08:00,1785087000000,SOL-USDT,15m,75.34,75.44,75.3,75.38,1941.299101,146318.68255574,146318.68255574,1
2026-07-27 01:45:00+08:00,2026-07-27 02:00:00+08:00,1785087900000,SOL-USDT,15m,75.39,75.44,75.36,75.38,1708.272765,128816.12299931,128816.12299931,1
2026-07-27 02:00:00+08:00,2026-07-27 02:15:00+08:00,1785088800000,SOL-USDT,15m,75.39,75.42,75.29,75.32,1221.660892,92046.97133313,92046.97133313,1
2026-07-27 02:15:00+08:00,2026-07-27 02:30:00+08:00,1785089700000,SOL-USDT,15m,75.32,75.44,75.32,75.34,563.304669,42456.01326132,42456.01326132,1
2026-07-27 02:30:00+08:00,2026-07-27 02:45:00+08:00,1785090600000,SOL-USDT,15m,75.34,75.41,75.3,75.38,1068.308369,80509.36617289,80509.36617289,1
2026-07-27 02:45:00+08:00,2026-07-27 03:00:00+08:00,1785091500000,SOL-USDT,15m,75.38,75.45,75.35,75.39,565.844584,42670.2559721,42670.2559721,1
2026-07-27 03:00:00+08:00,2026-07-27 03:15:00+08:00,1785092400000,SOL-USDT,15m,75.4,75.45,75.26,75.27,1052.893465,79336.36625181,79336.36625181,1
2026-07-27 03:15:00+08:00,2026-07-27 03:30:00+08:00,1785093300000,SOL-USDT,15m,75.28,75.33,75.26,75.3,790.149945,59491.40334455,59491.40334455,1
2026-07-27 03:30:00+08:00,2026-07-27 03:45:00+08:00,1785094200000,SOL-USDT,15m,75.3,75.34,75.25,75.28,929.151754,69953.26972519,69953.26972519,1
2026-07-27 03:45:00+08:00,2026-07-27 04:00:00+08:00,1785095100000,SOL-USDT,15m,75.28,75.35,75.27,75.35,1094.7176,82434.29934433,82434.29934433,1
2026-07-27 04:00:00+08:00,2026-07-27 04:15:00+08:00,1785096000000,SOL-USDT,15m,75.35,75.4,75.35,75.37,2101.448548,158403.10383791,158403.10383791,1
2026-07-27 04:15:00+08:00,2026-07-27 04:30:00+08:00,1785096900000,SOL-USDT,15m,75.36,75.39,75.33,75.37,930.120034,70090.02129926,70090.02129926,1
2026-07-27 04:30:00+08:00,2026-07-27 04:45:00+08:00,1785097800000,SOL-USDT,15m,75.36,75.4,75.34,75.37,818.737011,61713.41190965,61713.41190965,1
2026-07-27 04:45:00+08:00,2026-07-27 05:00:00+08:00,1785098700000,SOL-USDT,15m,75.37,75.38,75.31,75.35,471.946471,35556.3387477,35556.3387477,1
2026-07-27 05:00:00+08:00,2026-07-27 05:15:00+08:00,1785099600000,SOL-USDT,15m,75.35,75.51,75.33,75.42,2924.543238,220636.69379677,220636.69379677,1
2026-07-27 05:15:00+08:00,2026-07-27 05:30:00+08:00,1785100500000,SOL-USDT,15m,75.41,75.71,75.4,75.64,2730.280366,206227.4695296,206227.4695296,1
2026-07-27 05:30:00+08:00,2026-07-27 05:45:00+08:00,1785101400000,SOL-USDT,15m,75.63,75.68,75.53,75.56,3384.073268,255884.31882654,255884.31882654,1
2026-07-27 05:45:00+08:00,2026-07-27 06:00:00+08:00,1785102300000,SOL-USDT,15m,75.56,75.76,75.55,75.65,2971.342755,224831.81005393,224831.81005393,1
2026-07-27 06:00:00+08:00,2026-07-27 06:15:00+08:00,1785103200000,SOL-USDT,15m,75.66,76.2,75.66,76.1,13392.425485,1018244.26400624,1018244.26400624,1
2026-07-27 06:15:00+08:00,2026-07-27 06:30:00+08:00,1785104100000,SOL-USDT,15m,76.1,76.42,76.1,76.39,19472.652263,1485019.28700202,1485019.28700202,1
2026-07-27 06:30:00+08:00,2026-07-27 06:45:00+08:00,1785105000000,SOL-USDT,15m,76.37,76.8,76.35,76.67,13912.207163,1064972.16121823,1064972.16121823,1
2026-07-27 06:45:00+08:00,2026-07-27 07:00:00+08:00,1785105900000,SOL-USDT,15m,76.67,76.74,76.55,76.71,5492.904709,421112.93977242,421112.93977242,1
2026-07-27 07:00:00+08:00,2026-07-27 07:15:00+08:00,1785106800000,SOL-USDT,15m,76.72,77.1,76.62,76.81,22485.216166,1729302.00755328,1729302.00755328,1
2026-07-27 07:15:00+08:00,2026-07-27 07:30:00+08:00,1785107700000,SOL-USDT,15m,76.81,77.02,76.67,76.69,7560.288783,580461.25822874,580461.25822874,1
2026-07-27 07:30:00+08:00,2026-07-27 07:45:00+08:00,1785108600000,SOL-USDT,15m,76.68,76.72,76.52,76.7,5892.201371,451542.78372,451542.78372,1
2026-07-27 07:45:00+08:00,2026-07-27 08:00:00+08:00,1785109500000,SOL-USDT,15m,76.7,76.77,76.61,76.77,3204.485687,245769.21829429,245769.21829429,1
2026-07-27 08:00:00+08:00,2026-07-27 08:15:00+08:00,1785110400000,SOL-USDT,15m,76.78,76.8,76.5,76.61,6124.609697,469344.59890154,469344.59890154,1
2026-07-27 08:15:00+08:00,2026-07-27 08:30:00+08:00,1785111300000,SOL-USDT,15m,76.59,76.59,76.39,76.5,3959.567466,302828.29347222,302828.29347222,1
2026-07-27 08:30:00+08:00,2026-07-27 08:45:00+08:00,1785112200000,SOL-USDT,15m,76.49,76.54,76.41,76.43,3869.896583,295884.91343077,295884.91343077,1
2026-07-27 08:45:00+08:00,2026-07-27 09:00:00+08:00,1785113100000,SOL-USDT,15m,76.42,76.52,76.21,76.34,4264.491935,325799.17532313,325799.17532313,1
2026-07-27 09:00:00+08:00,2026-07-27 09:15:00+08:00,1785114000000,SOL-USDT,15m,76.35,76.45,76.26,76.28,3685.847534,281598.14088514,281598.14088514,1
2026-07-27 09:15:00+08:00,2026-07-27 09:30:00+08:00,1785114900000,SOL-USDT,15m,76.26,76.31,76.17,76.22,2762.564011,210588.25111241,210588.25111241,1
2026-07-27 09:30:00+08:00,2026-07-27 09:45:00+08:00,1785115800000,SOL-USDT,15m,76.22,76.36,76,76.26,7092.219777,540332.62614621,540332.62614621,1
2026-07-27 09:45:00+08:00,2026-07-27 10:00:00+08:00,1785116700000,SOL-USDT,15m,76.26,76.53,76.22,76.53,4730.668228,361513.72510413,361513.72510413,1
2026-07-27 10:00:00+08:00,2026-07-27 10:15:00+08:00,1785117600000,SOL-USDT,15m,76.53,76.75,76.45,76.52,31956.10503,2448031.59754819,2448031.59754819,1
2026-07-27 10:15:00+08:00,2026-07-27 10:30:00+08:00,1785118500000,SOL-USDT,15m,76.51,76.64,76.47,76.59,4187.677945,320562.03607465,320562.03607465,1
2026-07-27 10:30:00+08:00,2026-07-27 10:45:00+08:00,1785119400000,SOL-USDT,15m,76.58,76.68,76.45,76.6,5362.535545,410798.41460874,410798.41460874,1
2026-07-27 10:45:00+08:00,2026-07-27 11:00:00+08:00,1785120300000,SOL-USDT,15m,76.6,76.63,76.38,76.45,2515.175199,192295.93534975,192295.93534975,1
2026-07-27 11:00:00+08:00,2026-07-27 11:15:00+08:00,1785121200000,SOL-USDT,15m,76.46,76.56,76.36,76.45,3958.49553,302552.57366779,302552.57366779,1
2026-07-27 11:15:00+08:00,2026-07-27 11:30:00+08:00,1785122100000,SOL-USDT,15m,76.45,76.54,76.42,76.46,1892.197756,144705.37760002,144705.37760002,1
2026-07-27 11:30:00+08:00,2026-07-27 11:45:00+08:00,1785123000000,SOL-USDT,15m,76.46,76.52,76.36,76.51,2230.913905,170493.82583819,170493.82583819,1
2026-07-27 11:45:00+08:00,2026-07-27 12:00:00+08:00,1785123900000,SOL-USDT,15m,76.5,76.51,76.34,76.43,3681.78414,281293.09007755,281293.09007755,1
2026-07-27 12:00:00+08:00,2026-07-27 12:15:00+08:00,1785124800000,SOL-USDT,15m,76.43,76.53,76.35,76.44,4869.949456,372202.1185335,372202.1185335,1
2026-07-27 12:15:00+08:00,2026-07-27 12:30:00+08:00,1785125700000,SOL-USDT,15m,76.44,76.64,76.34,76.4,5534.837488,423533.04076689,423533.04076689,1
2026-07-27 12:30:00+08:00,2026-07-27 12:45:00+08:00,1785126600000,SOL-USDT,15m,76.41,76.45,76.28,76.45,4324.406343,330184.75989633,330184.75989633,1
2026-07-27 12:45:00+08:00,2026-07-27 13:00:00+08:00,1785127500000,SOL-USDT,15m,76.45,76.45,76.32,76.33,2422.455504,184996.94556623,184996.94556623,1
2026-07-27 13:00:00+08:00,2026-07-27 13:15:00+08:00,1785128400000,SOL-USDT,15m,76.33,76.47,76.28,76.46,2662.480096,203277.22359776,203277.22359776,1
2026-07-27 13:15:00+08:00,2026-07-27 13:30:00+08:00,1785129300000,SOL-USDT,15m,76.46,76.52,76.35,76.44,2913.598048,222719.89386305,222719.89386305,1
2026-07-27 13:30:00+08:00,2026-07-27 13:45:00+08:00,1785130200000,SOL-USDT,15m,76.44,76.48,76.36,76.39,2916.293097,222879.015684,222879.015684,1
2026-07-27 13:45:00+08:00,2026-07-27 14:00:00+08:00,1785131100000,SOL-USDT,15m,76.39,76.66,76.32,76.57,2840.016786,217142.15807365,217142.15807365,1
2026-07-27 14:00:00+08:00,2026-07-27 14:15:00+08:00,1785132000000,SOL-USDT,15m,76.58,77.02,76.54,76.9,12392.858606,952414.0446074,952414.0446074,1
2026-07-27 14:15:00+08:00,2026-07-27 14:30:00+08:00,1785132900000,SOL-USDT,15m,76.89,76.95,76.67,76.7,3893.745066,298894.69597961,298894.69597961,1
2026-07-27 14:30:00+08:00,2026-07-27 14:45:00+08:00,1785133800000,SOL-USDT,15m,76.69,76.94,76.65,76.86,5180.390498,397991.3909467,397991.3909467,1
2026-07-27 14:45:00+08:00,2026-07-27 15:00:00+08:00,1785134700000,SOL-USDT,15m,76.87,76.87,76.67,76.73,3675.654758,282137.37615377,282137.37615377,1
2026-07-27 15:00:00+08:00,2026-07-27 15:15:00+08:00,1785135600000,SOL-USDT,15m,76.73,76.76,76.58,76.71,3144.257011,241156.17349224,241156.17349224,1
2026-07-27 15:15:00+08:00,2026-07-27 15:30:00+08:00,1785136500000,SOL-USDT,15m,76.72,76.72,76.58,76.58,3024.461122,231798.54840053,231798.54840053,1
2026-07-27 15:30:00+08:00,2026-07-27 15:45:00+08:00,1785137400000,SOL-USDT,15m,76.58,76.58,76.4,76.53,3078.127869,235482.4982622,235482.4982622,1
2026-07-27 15:45:00+08:00,2026-07-27 16:00:00+08:00,1785138300000,SOL-USDT,15m,76.52,76.63,76.48,76.48,8157.90908,624800.20123873,624800.20123873,1
2026-07-27 16:00:00+08:00,2026-07-27 16:15:00+08:00,1785139200000,SOL-USDT,15m,76.49,76.52,76.31,76.39,4506.112847,344293.14437265,344293.14437265,1
2026-07-27 16:15:00+08:00,2026-07-27 16:30:00+08:00,1785140100000,SOL-USDT,15m,76.38,76.43,76.3,76.4,1985.529955,151643.96373043,151643.96373043,1
2026-07-27 16:30:00+08:00,2026-07-27 16:45:00+08:00,1785141000000,SOL-USDT,15m,76.4,76.41,76.3,76.31,1742.151249,133026.95889328,133026.95889328,1
2026-07-27 16:45:00+08:00,2026-07-27 17:00:00+08:00,1785141900000,SOL-USDT,15m,76.32,76.39,76.24,76.31,2380.64786,181685.82643989,181685.82643989,1
2026-07-27 17:00:00+08:00,2026-07-27 17:15:00+08:00,1785142800000,SOL-USDT,15m,76.3,76.3,76.13,76.19,4969.159904,378660.2649215,378660.2649215,1
2026-07-27 17:15:00+08:00,2026-07-27 17:30:00+08:00,1785143700000,SOL-USDT,15m,76.19,76.37,76.19,76.37,2332.072298,177928.58714147,177928.58714147,1
2026-07-27 17:30:00+08:00,2026-07-27 17:45:00+08:00,1785144600000,SOL-USDT,15m,76.36,76.52,76.32,76.46,7299.79605,558166.00065468,558166.00065468,1
2026-07-27 17:45:00+08:00,2026-07-27 18:00:00+08:00,1785145500000,SOL-USDT,15m,76.46,76.57,76.45,76.49,2709.600456,207315.85996401,207315.85996401,1
2026-07-27 18:00:00+08:00,2026-07-27 18:15:00+08:00,1785146400000,SOL-USDT,15m,76.49,76.52,76.43,76.49,4784.196346,365867.87997362,365867.87997362,1
2026-07-27 18:15:00+08:00,2026-07-27 18:30:00+08:00,1785147300000,SOL-USDT,15m,76.49,76.64,76.48,76.59,4649.630604,355935.9405224,355935.9405224,1
2026-07-27 18:30:00+08:00,2026-07-27 18:45:00+08:00,1785148200000,SOL-USDT,15m,76.6,76.67,76.55,76.66,4088.432029,313207.91550872,313207.91550872,1
2026-07-27 18:45:00+08:00,2026-07-27 19:00:00+08:00,1785149100000,SOL-USDT,15m,76.65,76.68,76.57,76.63,1068.935885,81893.08905355,81893.08905355,1
2026-07-27 19:00:00+08:00,2026-07-27 19:15:00+08:00,1785150000000,SOL-USDT,15m,76.63,76.63,76.5,76.58,1587.327104,121540.65664468,121540.65664468,1
2026-07-27 19:15:00+08:00,2026-07-27 19:30:00+08:00,1785150900000,SOL-USDT,15m,76.57,76.67,76.51,76.51,2507.325285,192042.56451849,192042.56451849,1
2026-07-27 19:30:00+08:00,2026-07-27 19:45:00+08:00,1785151800000,SOL-USDT,15m,76.51,76.69,76.51,76.63,3366.785612,257945.33903649,257945.33903649,1
2026-07-27 19:45:00+08:00,2026-07-27 20:00:00+08:00,1785152700000,SOL-USDT,15m,76.62,76.63,76.51,76.53,1467.376407,112361.84998292,112361.84998292,1
2026-07-27 20:00:00+08:00,2026-07-27 20:15:00+08:00,1785153600000,SOL-USDT,15m,76.52,76.79,76.51,76.56,5323.448141,408180.31008831,408180.31008831,1
2026-07-27 20:15:00+08:00,2026-07-27 20:30:00+08:00,1785154500000,SOL-USDT,15m,76.56,76.66,76.39,76.39,6767.586169,517621.39147935,517621.39147935,1
2026-07-27 20:30:00+08:00,2026-07-27 20:45:00+08:00,1785155400000,SOL-USDT,15m,76.4,76.89,76.25,76.87,23240.305161,1778570.8834713,1778570.8834713,1
2026-07-27 20:45:00+08:00,2026-07-27 21:00:00+08:00,1785156300000,SOL-USDT,15m,76.87,77.07,76.8,76.85,25862.706875,1989628.6028642,1989628.6028642,1
2026-07-27 21:00:00+08:00,2026-07-27 21:15:00+08:00,1785157200000,SOL-USDT,15m,76.86,76.97,76.64,76.64,9989.509354,767564.39814531,767564.39814531,1
2026-07-27 21:15:00+08:00,2026-07-27 21:30:00+08:00,1785158100000,SOL-USDT,15m,76.64,76.7,76.46,76.52,8652.069797,662283.25172224,662283.25172224,1
2026-07-27 21:30:00+08:00,2026-07-27 21:45:00+08:00,1785159000000,SOL-USDT,15m,76.52,77.52,76.49,77.39,35362.836402,2724200.21660194,2724200.21660194,1
2026-07-27 21:45:00+08:00,2026-07-27 22:00:00+08:00,1785159900000,SOL-USDT,15m,77.38,77.46,76.8,76.91,19464.061769,1503217.10726038,1503217.10726038,1
2026-07-27 22:00:00+08:00,2026-07-27 22:15:00+08:00,1785160800000,SOL-USDT,15m,76.91,77.01,76.71,76.93,7692.707059,591183.70311286,591183.70311286,1
2026-07-27 22:15:00+08:00,2026-07-27 22:30:00+08:00,1785161700000,SOL-USDT,15m,76.94,76.99,75.81,75.83,23925.626737,1824051.83829626,1824051.83829626,1
2026-07-27 22:30:00+08:00,2026-07-27 22:45:00+08:00,1785162600000,SOL-USDT,15m,75.82,75.82,75.08,75.11,33619.561139,2536282.13816058,2536282.13816058,1
2026-07-27 22:45:00+08:00,2026-07-27 23:00:00+08:00,1785163500000,SOL-USDT,15m,75.11,75.64,75.01,75.49,13686.891838,1031161.70316288,1031161.70316288,1
2026-07-27 23:00:00+08:00,2026-07-27 23:15:00+08:00,1785164400000,SOL-USDT,15m,75.48,75.62,75.32,75.56,9346.716947,705398.17475514,705398.17475514,1
2026-07-27 23:15:00+08:00,2026-07-27 23:30:00+08:00,1785165300000,SOL-USDT,15m,75.56,75.6,75.27,75.38,4558.510229,343856.59218237,343856.59218237,1
2026-07-27 23:30:00+08:00,2026-07-27 23:45:00+08:00,1785166200000,SOL-USDT,15m,75.37,75.48,75.1,75.43,6347.986118,478097.20036888,478097.20036888,1
2026-07-27 23:45:00+08:00,2026-07-28 00:00:00+08:00,1785167100000,SOL-USDT,15m,75.45,75.48,75.28,75.28,2337.076919,176201.95769465,176201.95769465,1
2026-07-28 00:00:00+08:00,2026-07-28 00:15:00+08:00,1785168000000,SOL-USDT,15m,75.29,75.39,75.19,75.3,4628.361058,348510.77737521,348510.77737521,1
2026-07-28 00:15:00+08:00,2026-07-28 00:30:00+08:00,1785168900000,SOL-USDT,15m,75.29,75.76,75.15,75.7,12591.571702,950905.84115788,950905.84115788,1
2026-07-28 00:30:00+08:00,2026-07-28 00:45:00+08:00,1785169800000,SOL-USDT,15m,75.7,75.91,75.7,75.84,4501.242019,341288.72061809,341288.72061809,1
2026-07-28 00:45:00+08:00,2026-07-28 01:00:00+08:00,1785170700000,SOL-USDT,15m,75.85,75.99,75.77,75.96,6891.626338,523208.7107483,523208.7107483,1
2026-07-28 01:00:00+08:00,2026-07-28 01:15:00+08:00,1785171600000,SOL-USDT,15m,75.96,76.03,75.81,75.97,5244.914476,398096.5393876,398096.5393876,1
2026-07-28 01:15:00+08:00,2026-07-28 01:30:00+08:00,1785172500000,SOL-USDT,15m,75.96,76.26,75.93,76.02,9060.322503,689679.93251554,689679.93251554,1
2026-07-28 01:30:00+08:00,2026-07-28 01:45:00+08:00,1785173400000,SOL-USDT,15m,76.01,76.17,75.97,75.98,5496.501907,418235.11565292,418235.11565292,1
2026-07-28 01:45:00+08:00,2026-07-28 02:00:00+08:00,1785174300000,SOL-USDT,15m,75.98,75.98,75.84,75.91,4301.024616,326414.90823586,326414.90823586,1
2026-07-28 02:00:00+08:00,2026-07-28 02:15:00+08:00,1785175200000,SOL-USDT,15m,75.91,76,75.78,75.79,2154.501051,163545.08605418,163545.08605418,1
2026-07-28 02:15:00+08:00,2026-07-28 02:30:00+08:00,1785176100000,SOL-USDT,15m,75.79,75.79,75.55,75.62,5353.916236,404873.32065075,404873.32065075,1
2026-07-28 02:30:00+08:00,2026-07-28 02:45:00+08:00,1785177000000,SOL-USDT,15m,75.62,75.64,75.27,75.44,9708.204667,732185.69705124,732185.69705124,1
2026-07-28 02:45:00+08:00,2026-07-28 03:00:00+08:00,1785177900000,SOL-USDT,15m,75.43,75.61,75.3,75.6,3542.101183,267321.56785702,267321.56785702,1
2026-07-28 03:00:00+08:00,2026-07-28 03:15:00+08:00,1785178800000,SOL-USDT,15m,75.61,76,75.5,75.88,6026.790808,456471.22810743,456471.22810743,1
2026-07-28 03:15:00+08:00,2026-07-28 03:30:00+08:00,1785179700000,SOL-USDT,15m,75.89,75.95,75.75,75.84,3132.394868,237711.08704926,237711.08704926,1
2026-07-28 03:30:00+08:00,2026-07-28 03:45:00+08:00,1785180600000,SOL-USDT,15m,75.83,75.97,75.79,75.82,1954.283747,148301.42886052,148301.42886052,1
2026-07-28 03:45:00+08:00,2026-07-28 04:00:00+08:00,1785181500000,SOL-USDT,15m,75.82,76.05,75.75,75.99,10388.495955,788757.46096585,788757.46096585,1
2026-07-28 04:00:00+08:00,2026-07-28 04:15:00+08:00,1785182400000,SOL-USDT,15m,75.99,76.09,75.86,75.89,3688.298506,280309.91733878,280309.91733878,1
2026-07-28 04:15:00+08:00,2026-07-28 04:30:00+08:00,1785183300000,SOL-USDT,15m,75.9,76.14,75.81,76.1,2205.012157,167555.02058627,167555.02058627,1
2026-07-28 04:30:00+08:00,2026-07-28 04:45:00+08:00,1785184200000,SOL-USDT,15m,76.09,76.1,75.86,75.89,1586.90965,120525.33421021,120525.33421021,1
2026-07-28 04:45:00+08:00,2026-07-28 05:00:00+08:00,1785185100000,SOL-USDT,15m,75.88,76,75.81,75.96,3326.928093,252378.12191373,252378.12191373,1
2026-07-28 05:00:00+08:00,2026-07-28 05:15:00+08:00,1785186000000,SOL-USDT,15m,75.97,75.99,75.84,75.9,1858.889166,141089.9920316,141089.9920316,1
2026-07-28 05:15:00+08:00,2026-07-28 05:30:00+08:00,1785186900000,SOL-USDT,15m,75.91,75.91,75.59,75.59,1586.764899,120176.71800709,120176.71800709,1
2026-07-28 05:30:00+08:00,2026-07-28 05:45:00+08:00,1785187800000,SOL-USDT,15m,75.59,75.68,75.53,75.59,2800.529446,211705.37426581,211705.37426581,1
2026-07-28 05:45:00+08:00,2026-07-28 06:00:00+08:00,1785188700000,SOL-USDT,15m,75.59,75.67,75.51,75.6,1483.945644,112147.12817684,112147.12817684,1
2026-07-28 06:00:00+08:00,2026-07-28 06:15:00+08:00,1785189600000,SOL-USDT,15m,75.61,75.63,75.34,75.42,4229.625192,319078.11990067,319078.11990067,1
2026-07-28 06:15:00+08:00,2026-07-28 06:30:00+08:00,1785190500000,SOL-USDT,15m,75.4,75.46,75.17,75.24,4782.407947,360257.71697977,360257.71697977,1
2026-07-28 06:30:00+08:00,2026-07-28 06:45:00+08:00,1785191400000,SOL-USDT,15m,75.23,75.38,74.67,74.74,22102.684188,1656491.6191152,1656491.6191152,1
2026-07-28 06:45:00+08:00,2026-07-28 07:00:00+08:00,1785192300000,SOL-USDT,15m,74.74,74.74,74.01,74.07,19870.524726,1477878.84853984,1477878.84853984,1
2026-07-28 07:00:00+08:00,2026-07-28 07:15:00+08:00,1785193200000,SOL-USDT,15m,74.06,74.13,73.75,74.08,23733.115209,1754835.98545818,1754835.98545818,1
2026-07-28 07:15:00+08:00,2026-07-28 07:30:00+08:00,1785194100000,SOL-USDT,15m,74.07,74.42,73.97,74.29,4027.124808,298988.81072568,298988.81072568,1
2026-07-28 07:30:00+08:00,2026-07-28 07:45:00+08:00,1785195000000,SOL-USDT,15m,74.3,74.38,73.97,74.02,6794.558712,503740.7365468,503740.7365468,1
2026-07-28 07:45:00+08:00,2026-07-28 08:00:00+08:00,1785195900000,SOL-USDT,15m,74.01,74.24,73.98,74.22,3824.17874,283383.54951377,283383.54951377,1
2026-07-28 08:00:00+08:00,2026-07-28 08:15:00+08:00,1785196800000,SOL-USDT,15m,74.22,74.29,73.94,74.06,6900.250849,511392.12603803,511392.12603803,1
2026-07-28 08:15:00+08:00,2026-07-28 08:30:00+08:00,1785197700000,SOL-USDT,15m,74.06,74.17,73.77,73.99,6741.566719,498354.45258257,498354.45258257,1
2026-07-28 08:30:00+08:00,2026-07-28 08:45:00+08:00,1785198600000,SOL-USDT,15m,74,74.09,73.85,73.95,4637.374212,343091.54030258,343091.54030258,1
2026-07-28 08:45:00+08:00,2026-07-28 09:00:00+08:00,1785199500000,SOL-USDT,15m,73.96,73.99,73.68,73.73,12444.379963,918637.46985935,918637.46985935,1
2026-07-28 09:00:00+08:00,2026-07-28 09:15:00+08:00,1785200400000,SOL-USDT,15m,73.73,73.75,72.85,73.3,39831.825407,2915160.40969143,2915160.40969143,1
2026-07-28 09:15:00+08:00,2026-07-28 09:30:00+08:00,1785201300000,SOL-USDT,15m,73.3,73.42,73,73.36,12029.926515,880205.98161748,880205.98161748,1
2026-07-28 09:30:00+08:00,2026-07-28 09:45:00+08:00,1785202200000,SOL-USDT,15m,73.35,73.49,73.16,73.29,6143.493471,450703.88506389,450703.88506389,1
2026-07-28 09:45:00+08:00,2026-07-28 10:00:00+08:00,1785203100000,SOL-USDT,15m,73.31,73.42,73.16,73.21,6087.067871,446199.07171815,446199.07171815,1
2026-07-28 10:00:00+08:00,2026-07-28 10:15:00+08:00,1785204000000,SOL-USDT,15m,73.21,73.32,73.06,73.32,13818.503773,1011977.30383751,1011977.30383751,1
2026-07-28 10:15:00+08:00,2026-07-28 10:30:00+08:00,1785204900000,SOL-USDT,15m,73.31,73.46,73.24,73.38,6135.530905,450043.36819622,450043.36819622,1
2026-07-28 10:30:00+08:00,2026-07-28 10:45:00+08:00,1785205800000,SOL-USDT,15m,73.38,73.41,73.24,73.28,2947.087806,216138.46854502,216138.46854502,1
2026-07-28 10:45:00+08:00,2026-07-28 11:00:00+08:00,1785206700000,SOL-USDT,15m,73.28,73.41,73.18,73.38,11669.434401,855264.58935883,855264.58935883,1
2026-07-28 11:00:00+08:00,2026-07-28 11:15:00+08:00,1785207600000,SOL-USDT,15m,73.38,73.41,73.21,73.33,4901.771445,359345.44034173,359345.44034173,1
2026-07-28 11:15:00+08:00,2026-07-28 11:30:00+08:00,1785208500000,SOL-USDT,15m,73.32,73.39,73.26,73.27,3355.88009,245972.2821004,245972.2821004,1
2026-07-28 11:30:00+08:00,2026-07-28 11:45:00+08:00,1785209400000,SOL-USDT,15m,73.28,73.37,73.18,73.36,4682.083846,342903.27812431,342903.27812431,1
2026-07-28 11:45:00+08:00,2026-07-28 12:00:00+08:00,1785210300000,SOL-USDT,15m,73.37,73.39,73.2,73.29,3246.860269,237914.78942268,237914.78942268,1
2026-07-28 12:00:00+08:00,2026-07-28 12:15:00+08:00,1785211200000,SOL-USDT,15m,73.28,73.28,73.15,73.19,3606.073293,263986.43032136,263986.43032136,1
2026-07-28 12:15:00+08:00,2026-07-28 12:30:00+08:00,1785212100000,SOL-USDT,15m,73.19,73.25,73.12,73.12,5585.00634,408692.10179668,408692.10179668,1
2026-07-28 12:30:00+08:00,2026-07-28 12:45:00+08:00,1785213000000,SOL-USDT,15m,73.11,73.16,72.99,73.16,8762.559393,640284.73501506,640284.73501506,1
2026-07-28 12:45:00+08:00,2026-07-28 13:00:00+08:00,1785213900000,SOL-USDT,15m,73.16,73.28,73.16,73.21,2293.709333,167964.06366609,167964.06366609,1
2026-07-28 13:00:00+08:00,2026-07-28 13:15:00+08:00,1785214800000,SOL-USDT,15m,73.21,73.39,73.2,73.33,2864.867419,210055.17040053,210055.17040053,1
2026-07-28 13:15:00+08:00,2026-07-28 13:30:00+08:00,1785215700000,SOL-USDT,15m,73.34,73.53,73.34,73.41,5898.105736,433104.81563905,433104.81563905,1
2026-07-28 13:30:00+08:00,2026-07-28 13:45:00+08:00,1785216600000,SOL-USDT,15m,73.42,73.46,73.26,73.45,4195.064753,307620.60173652,307620.60173652,1
2026-07-28 13:45:00+08:00,2026-07-28 14:00:00+08:00,1785217500000,SOL-USDT,15m,73.44,73.48,73.26,73.26,3440.549912,252446.237423,252446.237423,1
2026-07-28 14:00:00+08:00,2026-07-28 14:15:00+08:00,1785218400000,SOL-USDT,15m,73.27,73.27,73.13,73.19,6767.813359,495379.80240167,495379.80240167,1
2026-07-28 14:15:00+08:00,2026-07-28 14:30:00+08:00,1785219300000,SOL-USDT,15m,73.2,73.39,73.19,73.35,5397.255231,395583.75898289,395583.75898289,1
2026-07-28 14:30:00+08:00,2026-07-28 14:45:00+08:00,1785220200000,SOL-USDT,15m,73.36,73.49,73.34,73.48,1992.541512,146291.40166173,146291.40166173,1
2026-07-28 14:45:00+08:00,2026-07-28 15:00:00+08:00,1785221100000,SOL-USDT,15m,73.48,73.49,73.42,73.45,3360.326392,246852.49134928,246852.49134928,1
2026-07-28 15:00:00+08:00,2026-07-28 15:15:00+08:00,1785222000000,SOL-USDT,15m,73.45,73.5,73.37,73.44,2566.57272,188478.16635917,188478.16635917,1
2026-07-28 15:15:00+08:00,2026-07-28 15:30:00+08:00,1785222900000,SOL-USDT,15m,73.45,73.48,73.36,73.43,2931.921731,215327.93728884,215327.93728884,1
2026-07-28 15:30:00+08:00,2026-07-28 15:45:00+08:00,1785223800000,SOL-USDT,15m,73.43,73.43,73.21,73.22,3394.133904,248816.16733759,248816.16733759,1
2026-07-28 15:45:00+08:00,2026-07-28 16:00:00+08:00,1785224700000,SOL-USDT,15m,73.22,73.31,73.13,73.27,8838.846303,646983.85475004,646983.85475004,1
2026-07-28 16:00:00+08:00,2026-07-28 16:15:00+08:00,1785225600000,SOL-USDT,15m,73.28,73.39,73.23,73.29,3906.168391,286361.63507538,286361.63507538,1
2026-07-28 16:15:00+08:00,2026-07-28 16:30:00+08:00,1785226500000,SOL-USDT,15m,73.29,73.35,73.15,73.31,6042.66918,442661.67153173,442661.67153173,1
2026-07-28 16:30:00+08:00,2026-07-28 16:45:00+08:00,1785227400000,SOL-USDT,15m,73.31,73.39,73.22,73.38,3145.967202,230609.12940405,230609.12940405,1
2026-07-28 16:45:00+08:00,2026-07-28 17:00:00+08:00,1785228300000,SOL-USDT,15m,73.38,73.44,73.29,73.36,4718.189212,346130.75679198,346130.75679198,1
2026-07-28 17:00:00+08:00,2026-07-28 17:15:00+08:00,1785229200000,SOL-USDT,15m,73.37,73.44,73.29,73.43,2757.941315,202335.5345429,202335.5345429,1
2026-07-28 17:15:00+08:00,2026-07-28 17:30:00+08:00,1785230100000,SOL-USDT,15m,73.44,73.51,73.37,73.42,2856.922703,209820.55152733,209820.55152733,1
2026-07-28 17:30:00+08:00,2026-07-28 17:45:00+08:00,1785231000000,SOL-USDT,15m,73.42,73.48,73.38,73.39,3598.063367,264146.72844825,264146.72844825,1
2026-07-28 17:45:00+08:00,2026-07-28 18:00:00+08:00,1785231900000,SOL-USDT,15m,73.38,73.4,73.2,73.25,5657.152686,414513.91716846,414513.91716846,1
2026-07-28 18:00:00+08:00,2026-07-28 18:15:00+08:00,1785232800000,SOL-USDT,15m,73.25,73.33,73.16,73.17,3012.530524,220656.28174355,220656.28174355,1
2026-07-28 18:15:00+08:00,2026-07-28 18:30:00+08:00,1785233700000,SOL-USDT,15m,73.16,73.3,73.13,73.22,5333.257819,390377.45715265,390377.45715265,1
2026-07-28 18:30:00+08:00,2026-07-28 18:45:00+08:00,1785234600000,SOL-USDT,15m,73.22,73.32,73.19,73.27,5640.917997,413240.67891561,413240.67891561,1
2026-07-28 18:45:00+08:00,2026-07-28 19:00:00+08:00,1785235500000,SOL-USDT,15m,73.27,73.3,73.14,73.15,5491.971902,402034.46486712,402034.46486712,1
2026-07-28 19:00:00+08:00,2026-07-28 19:15:00+08:00,1785236400000,SOL-USDT,15m,73.15,73.18,72.93,72.93,7515.633972,548820.55682459,548820.55682459,1
2026-07-28 19:15:00+08:00,2026-07-28 19:30:00+08:00,1785237300000,SOL-USDT,15m,72.92,73.3,72.88,73.07,12534.683061,915540.75847412,915540.75847412,1
2026-07-28 19:30:00+08:00,2026-07-28 19:45:00+08:00,1785238200000,SOL-USDT,15m,73.06,73.34,73.05,73.09,6260.736948,458196.01188907,458196.01188907,1
2026-07-28 19:45:00+08:00,2026-07-28 20:00:00+08:00,1785239100000,SOL-USDT,15m,73.08,73.26,73.08,73.19,2287.818078,167410.68749195,167410.68749195,1
2026-07-28 20:00:00+08:00,2026-07-28 20:15:00+08:00,1785240000000,SOL-USDT,15m,73.19,73.29,73.12,73.22,2970.547901,217535.32982373,217535.32982373,1
2026-07-28 20:15:00+08:00,2026-07-28 20:30:00+08:00,1785240900000,SOL-USDT,15m,73.25,73.31,73.17,73.24,1524.227262,111631.59699426,111631.59699426,1
2026-07-28 20:30:00+08:00,2026-07-28 20:45:00+08:00,1785241800000,SOL-USDT,15m,73.24,73.34,73.11,73.32,7169.475666,524763.48819481,524763.48819481,1
2026-07-28 20:45:00+08:00,2026-07-28 21:00:00+08:00,1785242700000,SOL-USDT,15m,73.32,73.45,73.24,73.39,8345.778465,612366.56291518,612366.56291518,1
2026-07-28 21:00:00+08:00,2026-07-28 21:15:00+08:00,1785243600000,SOL-USDT,15m,73.38,73.44,73.23,73.27,9321.101109,683554.23248341,683554.23248341,1
2026-07-28 21:15:00+08:00,2026-07-28 21:30:00+08:00,1785244500000,SOL-USDT,15m,73.27,73.31,73,73,4581.490677,335131.58305367,335131.58305367,1
2026-07-28 21:30:00+08:00,2026-07-28 21:45:00+08:00,1785245400000,SOL-USDT,15m,73,73.11,72.36,72.65,36818.039626,2676804.38789964,2676804.38789964,1
2026-07-28 21:45:00+08:00,2026-07-28 22:00:00+08:00,1785246300000,SOL-USDT,15m,72.66,72.81,72.34,72.71,13964.796823,1013476.10950584,1013476.10950584,1
2026-07-28 22:00:00+08:00,2026-07-28 22:15:00+08:00,1785247200000,SOL-USDT,15m,72.7,72.99,72.69,72.76,7558.275713,550596.1598768,550596.1598768,1
2026-07-28 22:15:00+08:00,2026-07-28 22:30:00+08:00,1785248100000,SOL-USDT,15m,72.77,72.98,72.54,72.95,8097.802799,589148.87889433,589148.87889433,1
2026-07-28 22:30:00+08:00,2026-07-28 22:45:00+08:00,1785249000000,SOL-USDT,15m,72.95,73.18,72.83,73.11,7801.729321,569857.89967463,569857.89967463,1
2026-07-28 22:45:00+08:00,2026-07-28 23:00:00+08:00,1785249900000,SOL-USDT,15m,73.1,73.5,73.1,73.41,13802.171659,1012185.55592024,1012185.55592024,1
2026-07-28 23:00:00+08:00,2026-07-28 23:15:00+08:00,1785250800000,SOL-USDT,15m,73.42,73.75,73.3,73.68,9072.407523,666857.44540964,666857.44540964,1
2026-07-28 23:15:00+08:00,2026-07-28 23:30:00+08:00,1785251700000,SOL-USDT,15m,73.67,74.53,73.51,74.27,19268.143362,1428401.37326502,1428401.37326502,1
2026-07-28 23:30:00+08:00,2026-07-28 23:45:00+08:00,1785252600000,SOL-USDT,15m,74.25,74.57,74.18,74.51,5251.888257,390703.39098662,390703.39098662,1
2026-07-28 23:45:00+08:00,2026-07-29 00:00:00+08:00,1785253500000,SOL-USDT,15m,74.5,74.57,74.11,74.34,10323.475605,767008.70862513,767008.70862513,1
2026-07-29 00:00:00+08:00,2026-07-29 00:15:00+08:00,1785254400000,SOL-USDT,15m,74.34,74.34,74.09,74.14,7076.695002,525173.43820537,525173.43820537,1
2026-07-29 00:15:00+08:00,2026-07-29 00:30:00+08:00,1785255300000,SOL-USDT,15m,74.16,74.34,74.11,74.22,5829.699415,432573.97400205,432573.97400205,1
2026-07-29 00:30:00+08:00,2026-07-29 00:45:00+08:00,1785256200000,SOL-USDT,15m,74.21,74.38,74.05,74.31,4394.185227,325885.5986021,325885.5986021,1
2026-07-29 00:45:00+08:00,2026-07-29 01:00:00+08:00,1785257100000,SOL-USDT,15m,74.31,74.57,74.22,74.42,4608.159718,343072.12208658,343072.12208658,1
2026-07-29 01:00:00+08:00,2026-07-29 01:15:00+08:00,1785258000000,SOL-USDT,15m,74.42,74.43,73.97,73.99,4343.998609,322470.5171571,322470.5171571,1
2026-07-29 01:15:00+08:00,2026-07-29 01:30:00+08:00,1785258900000,SOL-USDT,15m,73.99,74,73.79,73.83,8611.581913,636483.90844729,636483.90844729,1
2026-07-29 01:30:00+08:00,2026-07-29 01:45:00+08:00,1785259800000,SOL-USDT,15m,73.83,73.83,73.55,73.65,5930.210904,436794.73511,436794.73511,1
2026-07-29 01:45:00+08:00,2026-07-29 02:00:00+08:00,1785260700000,SOL-USDT,15m,73.65,73.84,73.64,73.82,2743.249681,202252.97473618,202252.97473618,1
2026-07-29 02:00:00+08:00,2026-07-29 02:15:00+08:00,1785261600000,SOL-USDT,15m,73.83,74.05,73.82,73.86,2288.59427,169225.76638879,169225.76638879,1
2026-07-29 02:15:00+08:00,2026-07-29 02:30:00+08:00,1785262500000,SOL-USDT,15m,73.85,73.95,73.82,73.84,2352.577329,173768.42965693,173768.42965693,1
2026-07-29 02:30:00+08:00,2026-07-29 02:45:00+08:00,1785263400000,SOL-USDT,15m,73.84,73.94,73.81,73.9,1705.417776,126007.54982325,126007.54982325,1
2026-07-29 02:45:00+08:00,2026-07-29 03:00:00+08:00,1785264300000,SOL-USDT,15m,73.91,73.95,73.81,73.89,370.41755,27368.52327864,27368.52327864,1
2026-07-29 03:00:00+08:00,2026-07-29 03:15:00+08:00,1785265200000,SOL-USDT,15m,73.89,74.03,73.88,73.92,931.234406,68863.56439127,68863.56439127,1
2026-07-29 03:15:00+08:00,2026-07-29 03:30:00+08:00,1785266100000,SOL-USDT,15m,73.93,74.05,73.83,74.04,1577.485575,116639.50989659,116639.50989659,1
2026-07-29 03:30:00+08:00,2026-07-29 03:45:00+08:00,1785267000000,SOL-USDT,15m,74.05,74.26,74.05,74.19,2604.571566,193215.12396062,193215.12396062,1
2026-07-29 03:45:00+08:00,2026-07-29 04:00:00+08:00,1785267900000,SOL-USDT,15m,74.19,74.39,74.15,74.32,5297.285434,393548.24321646,393548.24321646,1
2026-07-29 04:00:00+08:00,2026-07-29 04:15:00+08:00,1785268800000,SOL-USDT,15m,74.33,74.37,74.12,74.2,7255.81862,538583.54625684,538583.54625684,1
2026-07-29 04:15:00+08:00,2026-07-29 04:30:00+08:00,1785269700000,SOL-USDT,15m,74.19,74.33,74.11,74.11,4304.350326,319631.22120229,319631.22120229,1
2026-07-29 04:30:00+08:00,2026-07-29 04:45:00+08:00,1785270600000,SOL-USDT,15m,74.1,74.2,74.06,74.09,2047.4163,151725.45275539,151725.45275539,1
2026-07-29 04:45:00+08:00,2026-07-29 05:00:00+08:00,1785271500000,SOL-USDT,15m,74.09,74.1,74.01,74.05,1896.198078,140398.47471837,140398.47471837,1
2026-07-29 05:00:00+08:00,2026-07-29 05:15:00+08:00,1785272400000,SOL-USDT,15m,74.05,74.18,74.01,74.11,2715.069887,201116.89944191,201116.89944191,1
2026-07-29 05:15:00+08:00,2026-07-29 05:30:00+08:00,1785273300000,SOL-USDT,15m,74.11,74.18,74.06,74.18,773.246632,57315.19386236,57315.19386236,1
2026-07-29 05:30:00+08:00,2026-07-29 05:45:00+08:00,1785274200000,SOL-USDT,15m,74.18,74.34,74.11,74.32,2167.138281,160919.10440414,160919.10440414,1
2026-07-29 05:45:00+08:00,2026-07-29 06:00:00+08:00,1785275100000,SOL-USDT,15m,74.33,74.39,74.14,74.14,3062.339012,227389.27531606,227389.27531606,1
2026-07-29 06:00:00+08:00,2026-07-29 06:15:00+08:00,1785276000000,SOL-USDT,15m,74.15,74.23,74.01,74.11,4407.209861,326697.98574527,326697.98574527,1
2026-07-29 06:15:00+08:00,2026-07-29 06:30:00+08:00,1785276900000,SOL-USDT,15m,74.12,74.2,73.98,73.98,2164.105712,160320.41446634,160320.41446634,1
2026-07-29 06:30:00+08:00,2026-07-29 06:45:00+08:00,1785277800000,SOL-USDT,15m,73.98,73.98,73.74,73.78,2879.95204,212592.60505469,212592.60505469,1
2026-07-29 06:45:00+08:00,2026-07-29 07:00:00+08:00,1785278700000,SOL-USDT,15m,73.77,73.77,73.42,73.45,5148.755246,378684.84413674,378684.84413674,1
2026-07-29 07:00:00+08:00,2026-07-29 07:15:00+08:00,1785279600000,SOL-USDT,15m,73.45,73.48,73.26,73.42,4470.125413,327945.38917579,327945.38917579,1
2026-07-29 07:15:00+08:00,2026-07-29 07:30:00+08:00,1785280500000,SOL-USDT,15m,73.43,73.45,73.17,73.32,3658.254969,268136.11321896,268136.11321896,1
2026-07-29 07:30:00+08:00,2026-07-29 07:45:00+08:00,1785281400000,SOL-USDT,15m,73.31,73.65,73.31,73.64,4715.202096,346690.00383639,346690.00383639,1
2026-07-29 07:45:00+08:00,2026-07-29 08:00:00+08:00,1785282300000,SOL-USDT,15m,73.63,73.85,73.56,73.82,6989.56865,515446.17302935,515446.17302935,1
2026-07-29 08:00:00+08:00,2026-07-29 08:15:00+08:00,1785283200000,SOL-USDT,15m,73.82,74.18,73.81,74.05,6309.256501,467011.09532283,467011.09532283,1
2026-07-29 08:15:00+08:00,2026-07-29 08:30:00+08:00,1785284100000,SOL-USDT,15m,74.05,74.19,73.88,73.95,8102.297466,600013.8691627,600013.8691627,1
2026-07-29 08:30:00+08:00,2026-07-29 08:45:00+08:00,1785285000000,SOL-USDT,15m,73.95,74.03,73.77,73.93,4818.400028,356030.81853667,356030.81853667,1
2026-07-29 08:45:00+08:00,2026-07-29 09:00:00+08:00,1785285900000,SOL-USDT,15m,73.93,74.1,73.76,73.79,3770.676178,278574.65531359,278574.65531359,1
2026-07-29 09:00:00+08:00,2026-07-29 09:15:00+08:00,1785286800000,SOL-USDT,15m,73.79,73.79,73.53,73.56,4581.59242,337423.57458629,337423.57458629,1
2026-07-29 09:15:00+08:00,2026-07-29 09:30:00+08:00,1785287700000,SOL-USDT,15m,73.56,73.79,73.48,73.7,2504.991019,184498.98761976,184498.98761976,1
2026-07-29 09:30:00+08:00,2026-07-29 09:45:00+08:00,1785288600000,SOL-USDT,15m,73.7,73.74,73.43,73.47,4365.076053,321370.22062079,321370.22062079,1
2026-07-29 09:45:00+08:00,2026-07-29 10:00:00+08:00,1785289500000,SOL-USDT,15m,73.46,73.46,73.23,73.26,4626.651472,339415.23095267,339415.23095267,1
2026-07-29 10:00:00+08:00,2026-07-29 10:15:00+08:00,1785290400000,SOL-USDT,15m,73.27,73.42,73.08,73.35,2935.568836,215040.71903617,215040.71903617,1
2026-07-29 10:15:00+08:00,2026-07-29 10:30:00+08:00,1785291300000,SOL-USDT,15m,73.35,73.72,73.16,73.72,5150.857679,378467.4496008,378467.4496008,1
2026-07-29 10:30:00+08:00,2026-07-29 10:45:00+08:00,1785292200000,SOL-USDT,15m,73.72,73.97,73.65,73.85,5528.773463,407892.39438833,407892.39438833,1
2026-07-29 10:45:00+08:00,2026-07-29 11:00:00+08:00,1785293100000,SOL-USDT,15m,73.86,73.86,73.62,73.69,1370.733286,101030.41732444,101030.41732444,1
2026-07-29 11:00:00+08:00,2026-07-29 11:15:00+08:00,1785294000000,SOL-USDT,15m,73.7,73.75,73.45,73.57,2346.989659,172757.492705,172757.492705,1
2026-07-29 11:15:00+08:00,2026-07-29 11:30:00+08:00,1785294900000,SOL-USDT,15m,73.57,73.6,73.25,73.26,3679.343481,270204.42721454,270204.42721454,1
2026-07-29 11:30:00+08:00,2026-07-29 11:45:00+08:00,1785295800000,SOL-USDT,15m,73.26,73.35,73.09,73.19,4250.097075,311062.34974287,311062.34974287,1
2026-07-29 11:45:00+08:00,2026-07-29 12:00:00+08:00,1785296700000,SOL-USDT,15m,73.2,73.28,73.01,73.07,5965.298626,436265.80431661,436265.80431661,1
2026-07-29 12:00:00+08:00,2026-07-29 12:15:00+08:00,1785297600000,SOL-USDT,15m,73.1,73.3,72.73,73.06,14259.096837,1040502.89849782,1040502.89849782,1
2026-07-29 12:15:00+08:00,2026-07-29 12:30:00+08:00,1785298500000,SOL-USDT,15m,73.04,73.25,72.89,73.18,7658.104979,559533.389051,559533.389051,1
2026-07-29 12:30:00+08:00,2026-07-29 12:45:00+08:00,1785299400000,SOL-USDT,15m,73.16,73.49,73.11,73.24,5587.52273,409579.69878712,409579.69878712,1
2026-07-29 12:45:00+08:00,2026-07-29 13:00:00+08:00,1785300300000,SOL-USDT,15m,73.24,73.47,73.23,73.45,2990.664115,219366.93333351,219366.93333351,1
2026-07-29 13:00:00+08:00,2026-07-29 13:15:00+08:00,1785301200000,SOL-USDT,15m,73.45,73.6,73.41,73.57,6780.576896,498431.802811,498431.802811,1
2026-07-29 13:15:00+08:00,2026-07-29 13:30:00+08:00,1785302100000,SOL-USDT,15m,73.56,73.58,73.33,73.52,5525.831043,405915.33481424,405915.33481424,1
2026-07-29 13:30:00+08:00,2026-07-29 13:45:00+08:00,1785303000000,SOL-USDT,15m,73.53,73.79,73.48,73.72,5121.528581,377454.66998499,377454.66998499,1
2026-07-29 13:45:00+08:00,2026-07-29 14:00:00+08:00,1785303900000,SOL-USDT,15m,73.72,73.78,73.67,73.68,4047.484768,298419.41363161,298419.41363161,1
2026-07-29 14:00:00+08:00,2026-07-29 14:15:00+08:00,1785304800000,SOL-USDT,15m,73.68,73.71,73.53,73.68,4155.367775,305991.69087778,305991.69087778,1
2026-07-29 14:15:00+08:00,2026-07-29 14:30:00+08:00,1785305700000,SOL-USDT,15m,73.68,74.01,73.64,73.99,5721.38635,422826.57819295,422826.57819295,1
2026-07-29 14:30:00+08:00,2026-07-29 14:45:00+08:00,1785306600000,SOL-USDT,15m,74,74.08,73.96,74.08,2681.493504,198500.23765009,198500.23765009,1
2026-07-29 14:45:00+08:00,2026-07-29 15:00:00+08:00,1785307500000,SOL-USDT,15m,74.08,74.08,74,74.07,2894.631194,214323.18142637,214323.18142637,1
2026-07-29 15:00:00+08:00,2026-07-29 15:15:00+08:00,1785308400000,SOL-USDT,15m,74.08,74.1,73.98,74.04,2135.252382,158083.41747269,158083.41747269,1
2026-07-29 15:15:00+08:00,2026-07-29 15:30:00+08:00,1785309300000,SOL-USDT,15m,74.05,74.15,73.98,74.15,2582.624083,191226.4517261,191226.4517261,1
2026-07-29 15:30:00+08:00,2026-07-29 15:45:00+08:00,1785310200000,SOL-USDT,15m,74.15,74.17,74,74.05,3379.614363,250329.56068683,250329.56068683,1
2026-07-29 15:45:00+08:00,2026-07-29 16:00:00+08:00,1785311100000,SOL-USDT,15m,74.05,74.28,73.99,74.25,6596.67102,488987.24242431,488987.24242431,1
2026-07-29 16:00:00+08:00,2026-07-29 16:15:00+08:00,1785312000000,SOL-USDT,15m,74.27,74.36,73.94,73.97,14653.480688,1087403.25143265,1087403.25143265,1
2026-07-29 16:15:00+08:00,2026-07-29 16:30:00+08:00,1785312900000,SOL-USDT,15m,73.97,74,73.71,73.77,11168.76857,824920.66660496,824920.66660496,1
2026-07-29 16:30:00+08:00,2026-07-29 16:45:00+08:00,1785313800000,SOL-USDT,15m,73.76,74.13,73.72,74.12,5646.394135,417290.42887687,417290.42887687,1
2026-07-29 16:45:00+08:00,2026-07-29 17:00:00+08:00,1785314700000,SOL-USDT,15m,74.11,74.23,73.91,73.93,4722.704688,349768.09128232,349768.09128232,1
2026-07-29 17:00:00+08:00,2026-07-29 17:15:00+08:00,1785315600000,SOL-USDT,15m,73.93,74.04,73.91,74.04,4099.583207,303168.92439886,303168.92439886,1
2026-07-29 17:15:00+08:00,2026-07-29 17:30:00+08:00,1785316500000,SOL-USDT,15m,74.02,74.09,73.98,74.07,2580.124811,191025.94125506,191025.94125506,1
2026-07-29 17:30:00+08:00,2026-07-29 17:45:00+08:00,1785317400000,SOL-USDT,15m,74.08,74.32,74.08,74.16,4604.52103,341580.7346585,341580.7346585,1
2026-07-29 17:45:00+08:00,2026-07-29 18:00:00+08:00,1785318300000,SOL-USDT,15m,74.16,74.19,74.05,74.12,2841.092381,210611.25583104,210611.25583104,1
2026-07-29 18:00:00+08:00,2026-07-29 18:15:00+08:00,1785319200000,SOL-USDT,15m,74.13,74.14,74.02,74.04,6163.20419,456561.27481569,456561.27481569,1
2026-07-29 18:15:00+08:00,2026-07-29 18:30:00+08:00,1785320100000,SOL-USDT,15m,74.04,74.11,74,74.01,2590.329052,191828.42655416,191828.42655416,1
2026-07-29 18:30:00+08:00,2026-07-29 18:45:00+08:00,1785321000000,SOL-USDT,15m,74.01,74.11,73.94,74.08,5962.824582,441407.60296244,441407.60296244,1
2026-07-29 18:45:00+08:00,2026-07-29 19:00:00+08:00,1785321900000,SOL-USDT,15m,74.08,74.09,73.79,73.9,5308.370714,392402.49976958,392402.49976958,1
2026-07-29 19:00:00+08:00,2026-07-29 19:15:00+08:00,1785322800000,SOL-USDT,15m,73.91,74.08,73.88,74.06,1653.756382,122368.4922417,122368.4922417,1
2026-07-29 19:15:00+08:00,2026-07-29 19:30:00+08:00,1785323700000,SOL-USDT,15m,74.05,74.1,73.94,73.94,1511.374188,111855.07568374,111855.07568374,1
2026-07-29 19:30:00+08:00,2026-07-29 19:45:00+08:00,1785324600000,SOL-USDT,15m,73.94,73.97,73.83,73.86,1651.473456,122005.54515566,122005.54515566,1
2026-07-29 19:45:00+08:00,2026-07-29 20:00:00+08:00,1785325500000,SOL-USDT,15m,73.86,73.99,73.84,73.96,1542.213562,114024.22438851,114024.22438851,1
2026-07-29 20:00:00+08:00,2026-07-29 20:15:00+08:00,1785326400000,SOL-USDT,15m,73.96,73.96,73.78,73.78,3709.292243,273875.17435316,273875.17435316,1
2026-07-29 20:15:00+08:00,2026-07-29 20:30:00+08:00,1785327300000,SOL-USDT,15m,73.79,73.79,73.47,73.54,6186.206924,455093.39290915,455093.39290915,1
2026-07-29 20:30:00+08:00,2026-07-29 20:45:00+08:00,1785328200000,SOL-USDT,15m,73.54,73.6,73.46,73.56,3038.878689,223454.02846643,223454.02846643,1
2026-07-29 20:45:00+08:00,2026-07-29 21:00:00+08:00,1785329100000,SOL-USDT,15m,73.57,73.64,73.47,73.53,2903.195511,213665.19064978,213665.19064978,1
2026-07-29 21:00:00+08:00,2026-07-29 21:15:00+08:00,1785330000000,SOL-USDT,15m,73.53,73.61,73.47,73.56,2605.022217,191546.19662076,191546.19662076,1
2026-07-29 21:15:00+08:00,2026-07-29 21:30:00+08:00,1785330900000,SOL-USDT,15m,73.55,73.61,73.43,73.57,3449.11251,253578.60457108,253578.60457108,1
2026-07-29 21:30:00+08:00,2026-07-29 21:45:00+08:00,1785331800000,SOL-USDT,15m,73.57,73.77,73.48,73.71,5643.17074,415409.90785735,415409.90785735,1
2026-07-29 21:45:00+08:00,2026-07-29 22:00:00+08:00,1785332700000,SOL-USDT,15m,73.7,73.73,73.33,73.72,6365.723628,468179.015294,468179.015294,1
2026-07-29 22:00:00+08:00,2026-07-29 22:15:00+08:00,1785333600000,SOL-USDT,15m,73.73,73.91,73.46,73.48,7842.956018,578269.2097059,578269.2097059,1
2026-07-29 22:15:00+08:00,2026-07-29 22:30:00+08:00,1785334500000,SOL-USDT,15m,73.51,73.61,73.16,73.32,6008.031179,440744.97614308,440744.97614308,1
2026-07-29 22:30:00+08:00,2026-07-29 22:45:00+08:00,1785335400000,SOL-USDT,15m,73.34,73.47,73.1,73.19,4509.291029,330224.31189968,330224.31189968,1
2026-07-29 22:45:00+08:00,2026-07-29 23:00:00+08:00,1785336300000,SOL-USDT,15m,73.18,73.47,73.15,73.28,8101.052277,593392.4111767,593392.4111767,1
2026-07-29 23:00:00+08:00,2026-07-29 23:15:00+08:00,1785337200000,SOL-USDT,15m,73.27,73.43,73.22,73.34,1816.333401,133216.86278813,133216.86278813,1
2026-07-29 23:15:00+08:00,2026-07-29 23:30:00+08:00,1785338100000,SOL-USDT,15m,73.33,73.39,73.13,73.32,10456.704298,766067.25741497,766067.25741497,1
2026-07-29 23:30:00+08:00,2026-07-29 23:45:00+08:00,1785339000000,SOL-USDT,15m,73.32,73.46,73.14,73.15,6868.26922,503605.84072666,503605.84072666,1
2026-07-29 23:45:00+08:00,2026-07-30 00:00:00+08:00,1785339900000,SOL-USDT,15m,73.14,73.23,72.98,73.13,8379.679419,612310.4800546,612310.4800546,1
2026-07-30 00:00:00+08:00,2026-07-30 00:15:00+08:00,1785340800000,SOL-USDT,15m,73.13,73.16,72.95,73.12,7615.118225,556405.24951492,556405.24951492,1
2026-07-30 00:15:00+08:00,2026-07-30 00:30:00+08:00,1785341700000,SOL-USDT,15m,73.12,73.38,73.05,73.24,5619.611405,411182.18333287,411182.18333287,1
2026-07-30 00:30:00+08:00,2026-07-30 00:45:00+08:00,1785342600000,SOL-USDT,15m,73.24,73.27,72.91,72.98,4435.002153,323987.02115834,323987.02115834,1
2026-07-30 00:45:00+08:00,2026-07-30 01:00:00+08:00,1785343500000,SOL-USDT,15m,73,73.29,72.96,73.28,5483.843827,401261.41210115,401261.41210115,1
2026-07-30 01:00:00+08:00,2026-07-30 01:15:00+08:00,1785344400000,SOL-USDT,15m,73.29,73.56,73.28,73.54,13074.80353,960249.38266835,960249.38266835,1
2026-07-30 01:15:00+08:00,2026-07-30 01:30:00+08:00,1785345300000,SOL-USDT,15m,73.53,73.54,73.27,73.28,2439.775322,178984.22287386,178984.22287386,1
2026-07-30 01:30:00+08:00,2026-07-30 01:45:00+08:00,1785346200000,SOL-USDT,15m,73.3,73.4,73.18,73.4,2144.305663,157181.01685472,157181.01685472,1
2026-07-30 01:45:00+08:00,2026-07-30 02:00:00+08:00,1785347100000,SOL-USDT,15m,73.4,73.95,73.34,73.95,10559.379585,777873.2431417,777873.2431417,1
2026-07-30 02:00:00+08:00,2026-07-30 02:15:00+08:00,1785348000000,SOL-USDT,15m,73.94,74.37,73.91,74.08,52352.628421,3883153.03911463,3883153.03911463,1
2026-07-30 02:15:00+08:00,2026-07-30 02:30:00+08:00,1785348900000,SOL-USDT,15m,74.1,74.18,73.81,73.93,11410.54284,844229.68977125,844229.68977125,1
2026-07-30 02:30:00+08:00,2026-07-30 02:45:00+08:00,1785349800000,SOL-USDT,15m,73.94,74.27,73.45,74.23,22389.324767,1655962.06986827,1655962.06986827,1
2026-07-30 02:45:00+08:00,2026-07-30 03:00:00+08:00,1785350700000,SOL-USDT,15m,74.22,74.53,74.15,74.24,11480.180972,853392.46124239,853392.46124239,1
2026-07-30 03:00:00+08:00,2026-07-30 03:15:00+08:00,1785351600000,SOL-USDT,15m,74.25,74.38,73.85,73.94,7096.600812,525688.6136332,525688.6136332,1
2026-07-30 03:15:00+08:00,2026-07-30 03:30:00+08:00,1785352500000,SOL-USDT,15m,73.95,74.14,73.46,73.56,9937.717112,733696.36892606,733696.36892606,1
2026-07-30 03:30:00+08:00,2026-07-30 03:45:00+08:00,1785353400000,SOL-USDT,15m,73.58,73.66,73.25,73.35,7319.485627,537342.71267925,537342.71267925,1
2026-07-30 03:45:00+08:00,2026-07-30 04:00:00+08:00,1785354300000,SOL-USDT,15m,73.35,73.35,72.74,72.75,23620.459823,1723190.14813886,1723190.14813886,1
2026-07-30 04:00:00+08:00,2026-07-30 04:15:00+08:00,1785355200000,SOL-USDT,15m,72.77,72.99,72.44,72.96,24375.296069,1771480.54753579,1771480.54753579,1
2026-07-30 04:15:00+08:00,2026-07-30 04:30:00+08:00,1785356100000,SOL-USDT,15m,72.94,73.11,72.52,72.74,7992.536078,582521.81012157,582521.81012157,1
2026-07-30 04:30:00+08:00,2026-07-30 04:45:00+08:00,1785357000000,SOL-USDT,15m,72.75,73.2,72.67,73.02,4175.847546,304599.32243971,304599.32243971,1
2026-07-30 04:45:00+08:00,2026-07-30 05:00:00+08:00,1785357900000,SOL-USDT,15m,73.03,73.09,72.62,72.66,3695.064396,269160.00160463,269160.00160463,1
2026-07-30 05:00:00+08:00,2026-07-30 05:15:00+08:00,1785358800000,SOL-USDT,15m,72.66,72.76,72.33,72.76,12038.960843,872858.99707107,872858.99707107,1
2026-07-30 05:15:00+08:00,2026-07-30 05:30:00+08:00,1785359700000,SOL-USDT,15m,72.75,72.96,72.6,72.95,3184.585306,231822.99291034,231822.99291034,1
2026-07-30 05:30:00+08:00,2026-07-30 05:45:00+08:00,1785360600000,SOL-USDT,15m,72.96,73.1,72.91,73.03,7016.785095,512370.05954166,512370.05954166,1
2026-07-30 05:45:00+08:00,2026-07-30 06:00:00+08:00,1785361500000,SOL-USDT,15m,73.04,73.18,72.9,73.18,4455.709393,325454.11203295,325454.11203295,1
2026-07-30 06:00:00+08:00,2026-07-30 06:15:00+08:00,1785362400000,SOL-USDT,15m,73.19,73.71,73.19,73.62,15429.179138,1134229.03547054,1134229.03547054,1
2026-07-30 06:15:00+08:00,2026-07-30 06:30:00+08:00,1785363300000,SOL-USDT,15m,73.61,73.8,73.56,73.71,14214.551983,1047683.29619544,1047683.29619544,1
2026-07-30 06:30:00+08:00,2026-07-30 06:45:00+08:00,1785364200000,SOL-USDT,15m,73.71,73.72,73.51,73.65,1368.800191,100733.19029634,100733.19029634,1
2026-07-30 06:45:00+08:00,2026-07-30 07:00:00+08:00,1785365100000,SOL-USDT,15m,73.65,73.68,73.56,73.65,1573.751144,115855.03150263,115855.03150263,1
2026-07-30 07:00:00+08:00,2026-07-30 07:15:00+08:00,1785366000000,SOL-USDT,15m,73.65,73.66,73.42,73.45,7970.90984,586514.62145694,586514.62145694,1
2026-07-30 07:15:00+08:00,2026-07-30 07:30:00+08:00,1785366900000,SOL-USDT,15m,73.46,73.75,73.46,73.62,2280.280599,167916.04384605,167916.04384605,1
2026-07-30 07:30:00+08:00,2026-07-30 07:45:00+08:00,1785367800000,SOL-USDT,15m,73.61,73.71,73.51,73.66,2003.720389,147535.528907,147535.528907,1
2026-07-30 07:45:00+08:00,2026-07-30 08:00:00+08:00,1785368700000,SOL-USDT,15m,73.66,73.74,73.63,73.68,2483.818687,183014.29100935,183014.29100935,1
2026-07-30 08:00:00+08:00,2026-07-30 08:15:00+08:00,1785369600000,SOL-USDT,15m,73.69,73.87,73.64,73.77,2290.291438,168941.74946122,168941.74946122,1
2026-07-30 08:15:00+08:00,2026-07-30 08:30:00+08:00,1785370500000,SOL-USDT,15m,73.78,73.87,73.71,73.81,1973.918827,145684.20971412,145684.20971412,1
2026-07-30 08:30:00+08:00,2026-07-30 08:45:00+08:00,1785371400000,SOL-USDT,15m,73.82,73.82,73.22,73.23,5056.101854,371420.37096986,371420.37096986,1
2026-07-30 08:45:00+08:00,2026-07-30 09:00:00+08:00,1785372300000,SOL-USDT,15m,73.24,73.36,73.15,73.29,3334.666288,244224.00746484,244224.00746484,1
2026-07-30 09:00:00+08:00,2026-07-30 09:15:00+08:00,1785373200000,SOL-USDT,15m,73.3,73.76,73.28,73.45,5663.218717,416248.17830435,416248.17830435,1
2026-07-30 09:15:00+08:00,2026-07-30 09:30:00+08:00,1785374100000,SOL-USDT,15m,73.47,73.71,73.4,73.66,1853.977347,136372.65097269,136372.65097269,1
2026-07-30 09:30:00+08:00,2026-07-30 09:45:00+08:00,1785375000000,SOL-USDT,15m,73.65,74.07,73.65,73.95,6623.052156,489484.30298487,489484.30298487,1
2026-07-30 09:45:00+08:00,2026-07-30 10:00:00+08:00,1785375900000,SOL-USDT,15m,73.96,74.2,73.93,74.03,6243.550339,462785.01165528,462785.01165528,1
2026-07-30 10:00:00+08:00,2026-07-30 10:15:00+08:00,1785376800000,SOL-USDT,15m,74.03,74.15,74,74.02,2845.262945,210778.40296851,210778.40296851,1
2026-07-30 10:15:00+08:00,2026-07-30 10:30:00+08:00,1785377700000,SOL-USDT,15m,74.02,74.14,73.99,74.02,2240.115865,165924.56295781,165924.56295781,1
2026-07-30 10:30:00+08:00,2026-07-30 10:45:00+08:00,1785378600000,SOL-USDT,15m,74.01,74.03,73.86,74.01,1899.390235,140474.84080226,140474.84080226,1
2026-07-30 10:45:00+08:00,2026-07-30 11:00:00+08:00,1785379500000,SOL-USDT,15m,74.02,74.04,73.82,73.84,1774.526712,131211.55357943,131211.55357943,1
2026-07-30 11:00:00+08:00,2026-07-30 11:15:00+08:00,1785380400000,SOL-USDT,15m,73.85,73.98,73.72,73.85,2414.622756,178352.32857036,178352.32857036,1
2026-07-30 11:15:00+08:00,2026-07-30 11:30:00+08:00,1785381300000,SOL-USDT,15m,73.84,74.01,73.82,73.91,3974.453804,293637.1324067,293637.1324067,1
2026-07-30 11:30:00+08:00,2026-07-30 11:45:00+08:00,1785382200000,SOL-USDT,15m,73.91,73.91,73.7,73.71,1743.259436,128604.14452835,128604.14452835,1
2026-07-30 11:45:00+08:00,2026-07-30 12:00:00+08:00,1785383100000,SOL-USDT,15m,73.72,73.78,73.67,73.71,995.742982,73406.21903238,73406.21903238,1
2026-07-30 12:00:00+08:00,2026-07-30 12:15:00+08:00,1785384000000,SOL-USDT,15m,73.72,73.75,73.59,73.62,1814.327711,133617.22450585,133617.22450585,1
2026-07-30 12:15:00+08:00,2026-07-30 12:30:00+08:00,1785384900000,SOL-USDT,15m,73.62,73.64,73.51,73.58,2104.882781,154877.74957754,154877.74957754,1
2026-07-30 12:30:00+08:00,2026-07-30 12:45:00+08:00,1785385800000,SOL-USDT,15m,73.55,73.73,73.53,73.58,3320.101135,244431.18273954,244431.18273954,1
2026-07-30 12:45:00+08:00,2026-07-30 13:00:00+08:00,1785386700000,SOL-USDT,15m,73.58,73.65,73.51,73.53,2166.86765,159460.5806589,159460.5806589,1
2026-07-30 13:00:00+08:00,2026-07-30 13:15:00+08:00,1785387600000,SOL-USDT,15m,73.53,73.59,73.43,73.54,2437.05264,179164.77463517,179164.77463517,1
2026-07-30 13:15:00+08:00,2026-07-30 13:30:00+08:00,1785388500000,SOL-USDT,15m,73.54,73.62,73.48,73.58,1367.241793,100542.57357172,100542.57357172,1
2026-07-30 13:30:00+08:00,2026-07-30 13:45:00+08:00,1785389400000,SOL-USDT,15m,73.58,73.86,73.58,73.79,2207.702577,162790.83012914,162790.83012914,1
2026-07-30 13:45:00+08:00,2026-07-30 14:00:00+08:00,1785390300000,SOL-USDT,15m,73.79,73.87,73.62,73.71,1639.158355,120979.3463126,120979.3463126,1
2026-07-30 14:00:00+08:00,2026-07-30 14:15:00+08:00,1785391200000,SOL-USDT,15m,73.71,73.76,73.62,73.65,1166.948968,86013.45603191,86013.45603191,1
2026-07-30 14:15:00+08:00,2026-07-30 14:30:00+08:00,1785392100000,SOL-USDT,15m,73.64,73.7,73.53,73.7,8457.882148,622779.13682285,622779.13682285,1
2026-07-30 14:30:00+08:00,2026-07-30 14:45:00+08:00,1785393000000,SOL-USDT,15m,73.7,73.7,73.58,73.65,1384.844462,101996.77391572,101996.77391572,1
2026-07-30 14:45:00+08:00,2026-07-30 15:00:00+08:00,1785393900000,SOL-USDT,15m,73.65,73.68,73.48,73.52,1409.446648,103668.53297132,103668.53297132,1
2026-07-30 15:00:00+08:00,2026-07-30 15:15:00+08:00,1785394800000,SOL-USDT,15m,73.53,73.81,73.51,73.74,4620.834851,340631.80323469,340631.80323469,1
2026-07-30 15:15:00+08:00,2026-07-30 15:30:00+08:00,1785395700000,SOL-USDT,15m,73.73,73.82,73.64,73.69,2709.051456,199786.98121815,199786.98121815,1
2026-07-30 15:30:00+08:00,2026-07-30 15:45:00+08:00,1785396600000,SOL-USDT,15m,73.67,73.68,73.48,73.57,1589.885036,116971.01471032,116971.01471032,1
2026-07-30 15:45:00+08:00,2026-07-30 16:00:00+08:00,1785397500000,SOL-USDT,15m,73.56,73.56,73.4,73.43,2644.165451,194287.33408621,194287.33408621,1
2026-07-30 16:00:00+08:00,2026-07-30 16:15:00+08:00,1785398400000,SOL-USDT,15m,73.43,73.48,73.31,73.43,3706.973,272071.19987967,272071.19987967,1
2026-07-30 16:15:00+08:00,2026-07-30 16:30:00+08:00,1785399300000,SOL-USDT,15m,73.42,73.84,73.39,73.74,3865.726098,284611.02684161,284611.02684161,1
2026-07-30 16:30:00+08:00,2026-07-30 16:45:00+08:00,1785400200000,SOL-USDT,15m,73.74,73.79,73.65,73.77,8370.465646,617192.48384421,617192.48384421,1
2026-07-30 16:45:00+08:00,2026-07-30 17:00:00+08:00,1785401100000,SOL-USDT,15m,73.78,73.82,73.72,73.81,8179.729309,603369.3720383,603369.3720383,1
2026-07-30 17:00:00+08:00,2026-07-30 17:15:00+08:00,1785402000000,SOL-USDT,15m,73.82,74.01,73.8,74.01,7025.134727,519393.70407231,519393.70407231,1
2026-07-30 17:15:00+08:00,2026-07-30 17:30:00+08:00,1785402900000,SOL-USDT,15m,73.98,74.1,73.94,74.05,2970.684593,219865.01262874,219865.01262874,1
2026-07-30 17:30:00+08:00,2026-07-30 17:45:00+08:00,1785403800000,SOL-USDT,15m,74.05,74.22,74.05,74.09,5756.672439,426782.551464,426782.551464,1
2026-07-30 17:45:00+08:00,2026-07-30 18:00:00+08:00,1785404700000,SOL-USDT,15m,74.09,74.14,74.03,74.06,8970.022786,664507.18326132,664507.18326132,1
2026-07-30 18:00:00+08:00,2026-07-30 18:15:00+08:00,1785405600000,SOL-USDT,15m,74.07,74.23,74.05,74.09,8851.281985,656351.7115853,656351.7115853,1
2026-07-30 18:15:00+08:00,2026-07-30 18:30:00+08:00,1785406500000,SOL-USDT,15m,74.09,74.17,74.08,74.09,7792.603117,577664.6187569,577664.6187569,1
2026-07-30 18:30:00+08:00,2026-07-30 18:45:00+08:00,1785407400000,SOL-USDT,15m,74.09,74.14,74.02,74.12,6470.837916,479257.25279606,479257.25279606,1
2026-07-30 18:45:00+08:00,2026-07-30 19:00:00+08:00,1785408300000,SOL-USDT,15m,74.12,74.14,73.83,73.91,3592.416361,265565.45276699,265565.45276699,1
2026-07-30 19:00:00+08:00,2026-07-30 19:15:00+08:00,1785409200000,SOL-USDT,15m,73.92,74.1,73.88,74.05,10312.031612,762577.42304649,762577.42304649,1
2026-07-30 19:15:00+08:00,2026-07-30 19:30:00+08:00,1785410100000,SOL-USDT,15m,74.04,74.13,74,74.08,1488.491425,110254.10707918,110254.10707918,1
2026-07-30 19:30:00+08:00,2026-07-30 19:45:00+08:00,1785411000000,SOL-USDT,15m,74.08,74.2,74.03,74.14,2395.825579,177589.662682,177589.662682,1
2026-07-30 19:45:00+08:00,2026-07-30 20:00:00+08:00,1785411900000,SOL-USDT,15m,74.15,74.33,74.12,74.23,6561.52274,487134.23281048,487134.23281048,1
2026-07-30 20:00:00+08:00,2026-07-30 20:15:00+08:00,1785412800000,SOL-USDT,15m,74.24,74.36,74.22,74.3,13627.207147,1012392.15001391,1012392.15001391,1
2026-07-30 20:15:00+08:00,2026-07-30 20:30:00+08:00,1785413700000,SOL-USDT,15m,74.3,74.3,74.11,74.19,5777.061215,428674.29093872,428674.29093872,1
2026-07-30 20:30:00+08:00,2026-07-30 20:45:00+08:00,1785414600000,SOL-USDT,15m,74.19,74.36,74.08,74.25,6766.529661,502340.04611009,502340.04611009,1
2026-07-30 20:45:00+08:00,2026-07-30 21:00:00+08:00,1785415500000,SOL-USDT,15m,74.25,74.49,74.23,74.41,8769.966018,652110.9472591,652110.9472591,1
2026-07-30 21:00:00+08:00,2026-07-30 21:15:00+08:00,1785416400000,SOL-USDT,15m,74.4,74.45,74.3,74.39,2691.114491,200182.32339482,200182.32339482,1
2026-07-30 21:15:00+08:00,2026-07-30 21:30:00+08:00,1785417300000,SOL-USDT,15m,74.38,74.4,74.25,74.25,3153.63602,234338.80664534,234338.80664534,1
2026-07-30 21:30:00+08:00,2026-07-30 21:45:00+08:00,1785418200000,SOL-USDT,15m,74.25,74.46,74.12,74.43,9435.175452,700234.55899754,700234.55899754,1
2026-07-30 21:45:00+08:00,2026-07-30 22:00:00+08:00,1785419100000,SOL-USDT,15m,74.42,74.91,74.42,74.7,18737.266661,1400374.67256498,1400374.67256498,1
2026-07-30 22:00:00+08:00,2026-07-30 22:15:00+08:00,1785420000000,SOL-USDT,15m,74.67,74.78,74.39,74.45,6972.74653,520045.75017144,520045.75017144,1
2026-07-30 22:15:00+08:00,2026-07-30 22:30:00+08:00,1785420900000,SOL-USDT,15m,74.45,74.69,74.3,74.62,12035.90206,897109.41322078,897109.41322078,1
2026-07-30 22:30:00+08:00,2026-07-30 22:45:00+08:00,1785421800000,SOL-USDT,15m,74.62,74.76,74.59,74.72,5204.227807,388782.85015002,388782.85015002,1
2026-07-30 22:45:00+08:00,2026-07-30 23:00:00+08:00,1785422700000,SOL-USDT,15m,74.72,74.78,74.51,74.64,5636.491041,420928.10131145,420928.10131145,1
2026-07-30 23:00:00+08:00,2026-07-30 23:15:00+08:00,1785423600000,SOL-USDT,15m,74.64,74.86,74.53,74.65,4582.901757,342243.04992898,342243.04992898,1
2026-07-30 23:15:00+08:00,2026-07-30 23:30:00+08:00,1785424500000,SOL-USDT,15m,74.64,74.87,74.51,74.53,8661.356768,646252.69036466,646252.69036466,1
2026-07-30 23:30:00+08:00,2026-07-30 23:45:00+08:00,1785425400000,SOL-USDT,15m,74.53,74.66,74.48,74.59,3943.601904,294059.26861883,294059.26861883,1
2026-07-30 23:45:00+08:00,2026-07-31 00:00:00+08:00,1785426300000,SOL-USDT,15m,74.6,74.68,74.52,74.64,3581.203893,267134.08336375,267134.08336375,1
2026-07-31 00:00:00+08:00,2026-07-31 00:15:00+08:00,1785427200000,SOL-USDT,15m,74.65,74.85,74.63,74.73,6938.2154,518769.86117803,518769.86117803,1
2026-07-31 00:15:00+08:00,2026-07-31 00:30:00+08:00,1785428100000,SOL-USDT,15m,74.74,74.81,74.68,74.73,5726.275811,427982.77516395,427982.77516395,1
2026-07-31 00:30:00+08:00,2026-07-31 00:45:00+08:00,1785429000000,SOL-USDT,15m,74.73,74.75,74.47,74.47,3638.938861,271506.16942037,271506.16942037,1
2026-07-31 00:45:00+08:00,2026-07-31 01:00:00+08:00,1785429900000,SOL-USDT,15m,74.47,74.64,74.47,74.6,3312.784795,247036.35849014,247036.35849014,1
2026-07-31 01:00:00+08:00,2026-07-31 01:15:00+08:00,1785430800000,SOL-USDT,15m,74.6,74.66,74.44,74.51,7488.25001,558459.22058607,558459.22058607,1
2026-07-31 01:15:00+08:00,2026-07-31 01:30:00+08:00,1785431700000,SOL-USDT,15m,74.5,74.65,74.49,74.58,3859.082289,287891.01184068,287891.01184068,1
2026-07-31 01:30:00+08:00,2026-07-31 01:45:00+08:00,1785432600000,SOL-USDT,15m,74.59,74.8,74.49,74.78,4233.366171,315963.86637364,315963.86637364,1
2026-07-31 01:45:00+08:00,2026-07-31 02:00:00+08:00,1785433500000,SOL-USDT,15m,74.77,74.89,74.7,74.78,3578.230354,267639.571928,267639.571928,1
2026-07-31 02:00:00+08:00,2026-07-31 02:15:00+08:00,1785434400000,SOL-USDT,15m,74.78,74.99,74.76,74.78,5018.743903,375701.68956004,375701.68956004,1
2026-07-31 02:15:00+08:00,2026-07-31 02:30:00+08:00,1785435300000,SOL-USDT,15m,74.78,74.83,74.69,74.74,2697.719711,201722.97769973,201722.97769973,1
2026-07-31 02:30:00+08:00,2026-07-31 02:45:00+08:00,1785436200000,SOL-USDT,15m,74.74,74.76,74.56,74.61,1011.725431,75524.65984694,75524.65984694,1
2026-07-31 02:45:00+08:00,2026-07-31 03:00:00+08:00,1785437100000,SOL-USDT,15m,74.61,74.65,74.5,74.52,944.512367,70422.35532337,70422.35532337,1
2026-07-31 03:00:00+08:00,2026-07-31 03:15:00+08:00,1785438000000,SOL-USDT,15m,74.53,74.77,74.53,74.75,1993.23146,148946.7396804,148946.7396804,1
2026-07-31 03:15:00+08:00,2026-07-31 03:30:00+08:00,1785438900000,SOL-USDT,15m,74.74,74.76,74.63,74.7,1692.166682,126421.15478413,126421.15478413,1
2026-07-31 03:30:00+08:00,2026-07-31 03:45:00+08:00,1785439800000,SOL-USDT,15m,74.7,74.7,74.59,74.67,1223.518229,91320.76734415,91320.76734415,1
2026-07-31 03:45:00+08:00,2026-07-31 04:00:00+08:00,1785440700000,SOL-USDT,15m,74.66,74.82,74.55,74.79,4464.957379,333465.14828082,333465.14828082,1
2026-07-31 04:00:00+08:00,2026-07-31 04:15:00+08:00,1785441600000,SOL-USDT,15m,74.78,74.91,74.65,74.66,7250.092127,542356.99534881,542356.99534881,1
2026-07-31 04:15:00+08:00,2026-07-31 04:30:00+08:00,1785442500000,SOL-USDT,15m,74.64,74.71,74.57,74.59,1369.04004,102153.71177176,102153.71177176,1
2026-07-31 04:30:00+08:00,2026-07-31 04:45:00+08:00,1785443400000,SOL-USDT,15m,74.59,74.66,74.48,74.57,4401.638379,328218.20094063,328218.20094063,1
2026-07-31 04:45:00+08:00,2026-07-31 05:00:00+08:00,1785444300000,SOL-USDT,15m,74.56,74.59,74.45,74.49,1472.518889,109736.88247937,109736.88247937,1
2026-07-31 05:00:00+08:00,2026-07-31 05:15:00+08:00,1785445200000,SOL-USDT,15m,74.5,74.62,74.47,74.53,3642.722418,271565.32753249,271565.32753249,1
2026-07-31 05:15:00+08:00,2026-07-31 05:30:00+08:00,1785446100000,SOL-USDT,15m,74.55,74.6,74.44,74.47,1251.701267,93256.94377018,93256.94377018,1
2026-07-31 05:30:00+08:00,2026-07-31 05:45:00+08:00,1785447000000,SOL-USDT,15m,74.47,74.56,74.46,74.5,1637.048975,122003.83763767,122003.83763767,1
2026-07-31 05:45:00+08:00,2026-07-31 06:00:00+08:00,1785447900000,SOL-USDT,15m,74.5,74.57,74.44,74.5,2068.92402,154108.27473514,154108.27473514,1
2026-07-31 06:00:00+08:00,2026-07-31 06:15:00+08:00,1785448800000,SOL-USDT,15m,74.49,74.77,74.41,74.72,5140.860365,383769.16742772,383769.16742772,1
2026-07-31 06:15:00+08:00,2026-07-31 06:30:00+08:00,1785449700000,SOL-USDT,15m,74.72,74.89,74.7,74.85,3386.805637,253334.10385498,253334.10385498,1
2026-07-31 06:30:00+08:00,2026-07-31 06:45:00+08:00,1785450600000,SOL-USDT,15m,74.86,74.89,74.73,74.83,1893.389261,141631.36534966,141631.36534966,1
2026-07-31 06:45:00+08:00,2026-07-31 07:00:00+08:00,1785451500000,SOL-USDT,15m,74.84,74.86,74.74,74.76,565.088225,42267.93432887,42267.93432887,1
2026-07-31 07:00:00+08:00,2026-07-31 07:15:00+08:00,1785452400000,SOL-USDT,15m,74.75,74.79,74.69,74.77,3306.016868,247118.79984373,247118.79984373,1
2026-07-31 07:15:00+08:00,2026-07-31 07:30:00+08:00,1785453300000,SOL-USDT,15m,74.76,74.78,74.66,74.69,854.316701,63841.10605162,63841.10605162,1
2026-07-31 07:30:00+08:00,2026-07-31 07:45:00+08:00,1785454200000,SOL-USDT,15m,74.69,75,74.66,74.72,11149.613883,834670.44008067,834670.44008067,1
2026-07-31 07:45:00+08:00,2026-07-31 08:00:00+08:00,1785455100000,SOL-USDT,15m,74.73,74.74,74.48,74.52,11708.956618,873422.28019968,873422.28019968,1
2026-07-31 08:00:00+08:00,2026-07-31 08:15:00+08:00,1785456000000,SOL-USDT,15m,74.52,74.66,74.51,74.62,4866.534182,362865.38217957,362865.38217957,1
2026-07-31 08:15:00+08:00,2026-07-31 08:30:00+08:00,1785456900000,SOL-USDT,15m,74.61,74.61,74.49,74.56,2241.430268,167101.76482289,167101.76482289,1
2026-07-31 08:30:00+08:00,2026-07-31 08:45:00+08:00,1785457800000,SOL-USDT,15m,74.56,74.64,74.45,74.55,3440.11113,256293.2268589,256293.2268589,1
2026-07-31 08:45:00+08:00,2026-07-31 09:00:00+08:00,1785458700000,SOL-USDT,15m,74.55,74.56,74.44,74.49,3866.444163,287971.10613271,287971.10613271,1
2026-07-31 09:00:00+08:00,2026-07-31 09:15:00+08:00,1785459600000,SOL-USDT,15m,74.5,75.3,74.5,75.23,16258.809355,1219874.77276428,1219874.77276428,1
2026-07-31 09:15:00+08:00,2026-07-31 09:30:00+08:00,1785460500000,SOL-USDT,15m,75.23,75.24,74.9,75.12,5243.224144,393632.49391511,393632.49391511,1
2026-07-31 09:30:00+08:00,2026-07-31 09:45:00+08:00,1785461400000,SOL-USDT,15m,75.12,75.12,74.75,74.76,6082.728622,455816.661207,455816.661207,1
2026-07-31 09:45:00+08:00,2026-07-31 10:00:00+08:00,1785462300000,SOL-USDT,15m,74.77,74.81,74.29,74.41,9521.578814,709325.79407172,709325.79407172,1
2026-07-31 10:00:00+08:00,2026-07-31 10:15:00+08:00,1785463200000,SOL-USDT,15m,74.4,74.56,74.34,74.35,3738.201975,278312.29794396,278312.29794396,1
2026-07-31 10:15:00+08:00,2026-07-31 10:30:00+08:00,1785464100000,SOL-USDT,15m,74.34,74.36,74.2,74.21,3557.324395,264152.8754212,264152.8754212,1
2026-07-31 10:30:00+08:00,2026-07-31 10:45:00+08:00,1785465000000,SOL-USDT,15m,74.2,74.31,74.09,74.1,3822.417546,283645.70800031,283645.70800031,1
2026-07-31 10:45:00+08:00,2026-07-31 11:00:00+08:00,1785465900000,SOL-USDT,15m,74.11,74.24,74.09,74.17,5167.101932,383201.12673813,383201.12673813,1
2026-07-31 11:00:00+08:00,2026-07-31 11:15:00+08:00,1785466800000,SOL-USDT,15m,74.17,74.17,73.89,74.02,7087.590415,524676.26011596,524676.26011596,1
2026-07-31 11:15:00+08:00,2026-07-31 11:30:00+08:00,1785467700000,SOL-USDT,15m,74.02,74.36,73.97,74.22,4434.885495,329206.60002149,329206.60002149,1
2026-07-31 11:30:00+08:00,2026-07-31 11:45:00+08:00,1785468600000,SOL-USDT,15m,74.22,74.26,74.11,74.19,1207.60414,89585.27033786,89585.27033786,1
2026-07-31 11:45:00+08:00,2026-07-31 12:00:00+08:00,1785469500000,SOL-USDT,15m,74.18,74.27,74.13,74.16,2154.424468,159865.2768114,159865.2768114,1
2026-07-31 12:00:00+08:00,2026-07-31 12:15:00+08:00,1785470400000,SOL-USDT,15m,74.15,74.16,74,74.01,2218.939355,164417.60402433,164417.60402433,1
2026-07-31 12:15:00+08:00,2026-07-31 12:30:00+08:00,1785471300000,SOL-USDT,15m,74.02,74.04,73.75,73.84,6371.418865,470663.05533288,470663.05533288,1
2026-07-31 12:30:00+08:00,2026-07-31 12:45:00+08:00,1785472200000,SOL-USDT,15m,73.85,73.88,73.74,73.79,2412.120535,178050.43001066,178050.43001066,1
2026-07-31 12:45:00+08:00,2026-07-31 13:00:00+08:00,1785473100000,SOL-USDT,15m,73.81,73.9,73.75,73.84,5197.845681,383775.33595593,383775.33595593,1
2026-07-31 13:00:00+08:00,2026-07-31 13:15:00+08:00,1785474000000,SOL-USDT,15m,73.84,74.13,73.83,74.12,8931.885825,661250.07074662,661250.07074662,1
2026-07-31 13:15:00+08:00,2026-07-31 13:30:00+08:00,1785474900000,SOL-USDT,15m,74.11,74.33,74.1,74.19,8510.865058,631601.63519938,631601.63519938,1
2026-07-31 13:30:00+08:00,2026-07-31 13:45:00+08:00,1785475800000,SOL-USDT,15m,74.19,74.26,74.07,74.09,3650.839902,270709.80648263,270709.80648263,1
2026-07-31 13:45:00+08:00,2026-07-31 14:00:00+08:00,1785476700000,SOL-USDT,15m,74.08,74.25,74.07,74.23,3440.395882,255149.68846837,255149.68846837,1
2026-07-31 14:00:00+08:00,2026-07-31 14:15:00+08:00,1785477600000,SOL-USDT,15m,74.25,74.43,74.2,74.35,3636.611898,270397.97223824,270397.97223824,1
2026-07-31 14:15:00+08:00,2026-07-31 14:30:00+08:00,1785478500000,SOL-USDT,15m,74.36,74.45,74.3,74.45,1944.24823,144594.08072199,144594.08072199,1
2026-07-31 14:30:00+08:00,2026-07-31 14:45:00+08:00,1785479400000,SOL-USDT,15m,74.45,74.53,74.12,74.14,5101.975307,379293.29992012,379293.29992012,1
2026-07-31 14:45:00+08:00,2026-07-31 15:00:00+08:00,1785480300000,SOL-USDT,15m,74.13,74.21,74.01,74.1,4054.778524,300508.90898607,300508.90898607,1
2026-07-31 15:00:00+08:00,2026-07-31 15:15:00+08:00,1785481200000,SOL-USDT,15m,74.09,74.09,73.68,73.8,8716.990622,644097.52802582,644097.52802582,1
2026-07-31 15:15:00+08:00,2026-07-31 15:30:00+08:00,1785482100000,SOL-USDT,15m,73.79,73.85,73.54,73.54,4853.142057,357473.98232938,357473.98232938,1
2026-07-31 15:30:00+08:00,2026-07-31 15:45:00+08:00,1785483000000,SOL-USDT,15m,73.54,73.72,73.52,73.66,3899.246477,287168.19383987,287168.19383987,1
2026-07-31 15:45:00+08:00,2026-07-31 16:00:00+08:00,1785483900000,SOL-USDT,15m,73.67,73.76,73.67,73.69,3253.134135,239773.1704571,239773.1704571,1
2026-07-31 16:00:00+08:00,2026-07-31 16:15:00+08:00,1785484800000,SOL-USDT,15m,73.69,73.77,73.62,73.74,5836.697551,430039.5590374,430039.5590374,1
2026-07-31 16:15:00+08:00,2026-07-31 16:30:00+08:00,1785485700000,SOL-USDT,15m,73.75,73.79,73.63,73.74,2800.711919,206426.78808565,206426.78808565,1
2026-07-31 16:30:00+08:00,2026-07-31 16:45:00+08:00,1785486600000,SOL-USDT,15m,73.74,73.74,73.54,73.64,2736.491935,201519.22549086,201519.22549086,1
2026-07-31 16:45:00+08:00,2026-07-31 17:00:00+08:00,1785487500000,SOL-USDT,15m,73.64,73.81,73.61,73.66,3325.986771,245134.17539856,245134.17539856,1
2026-07-31 17:00:00+08:00,2026-07-31 17:15:00+08:00,1785488400000,SOL-USDT,15m,73.67,73.72,73.62,73.67,2902.654623,213818.70629036,213818.70629036,1
2026-07-31 17:15:00+08:00,2026-07-31 17:30:00+08:00,1785489300000,SOL-USDT,15m,73.67,73.67,73.46,73.49,5002.159405,367816.94030761,367816.94030761,1
2026-07-31 17:30:00+08:00,2026-07-31 17:45:00+08:00,1785490200000,SOL-USDT,15m,73.48,73.57,73.4,73.51,6739.837774,495309.36601862,495309.36601862,1
2026-07-31 17:45:00+08:00,2026-07-31 18:00:00+08:00,1785491100000,SOL-USDT,15m,73.52,73.6,73.46,73.49,2053.911077,151017.38875453,151017.38875453,1
2026-07-31 18:00:00+08:00,2026-07-31 18:15:00+08:00,1785492000000,SOL-USDT,15m,73.49,73.58,73.3,73.55,3689.331785,270911.05105938,270911.05105938,1
2026-07-31 18:15:00+08:00,2026-07-31 18:30:00+08:00,1785492900000,SOL-USDT,15m,73.54,73.66,73.51,73.63,2963.775618,218166.66951949,218166.66951949,1
2026-07-31 18:30:00+08:00,2026-07-31 18:45:00+08:00,1785493800000,SOL-USDT,15m,73.63,73.66,73.52,73.6,5500.148116,404681.80308998,404681.80308998,1
2026-07-31 18:45:00+08:00,2026-07-31 19:00:00+08:00,1785494700000,SOL-USDT,15m,73.6,73.65,73.51,73.57,5142.506163,378313.97891795,378313.97891795,1
2026-07-31 19:00:00+08:00,2026-07-31 19:15:00+08:00,1785495600000,SOL-USDT,15m,73.58,73.73,73.56,73.57,1847.524858,136091.13147418,136091.13147418,1
2026-07-31 19:15:00+08:00,2026-07-31 19:30:00+08:00,1785496500000,SOL-USDT,15m,73.58,73.71,73.5,73.6,4470.648452,329229.53870919,329229.53870919,1
2026-07-31 19:30:00+08:00,2026-07-31 19:45:00+08:00,1785497400000,SOL-USDT,15m,73.61,73.61,73.49,73.51,1381.429308,101575.22954168,101575.22954168,1
2026-07-31 19:45:00+08:00,2026-07-31 20:00:00+08:00,1785498300000,SOL-USDT,15m,73.51,73.58,73.48,73.58,1985.927352,146022.34352181,146022.34352181,1
2026-07-31 20:00:00+08:00,2026-07-31 20:15:00+08:00,1785499200000,SOL-USDT,15m,73.58,73.6,73.38,73.48,4393.549877,322739.69819366,322739.69819366,1
2026-07-31 20:15:00+08:00,2026-07-31 20:30:00+08:00,1785500100000,SOL-USDT,15m,73.48,73.65,73.44,73.62,1966.202398,144618.66934509,144618.66934509,1
2026-07-31 20:30:00+08:00,2026-07-31 20:45:00+08:00,1785501000000,SOL-USDT,15m,73.61,73.61,73.43,73.5,4370.271541,321422.62747915,321422.62747915,1
2026-07-31 20:45:00+08:00,2026-07-31 21:00:00+08:00,1785501900000,SOL-USDT,15m,73.49,73.64,73.47,73.63,3219.046396,236850.35808647,236850.35808647,1
2026-07-31 21:00:00+08:00,2026-07-31 21:15:00+08:00,1785502800000,SOL-USDT,15m,73.64,73.75,73.63,73.71,2318.9904,170871.18050302,170871.18050302,1
2026-07-31 21:15:00+08:00,2026-07-31 21:30:00+08:00,1785503700000,SOL-USDT,15m,73.71,73.82,73.7,73.81,3245.861794,239480.21961676,239480.21961676,1
2026-07-31 21:30:00+08:00,2026-07-31 21:45:00+08:00,1785504600000,SOL-USDT,15m,73.81,73.82,73.39,73.41,6107.365254,449495.23190292,449495.23190292,1
2026-07-31 21:45:00+08:00,2026-07-31 22:00:00+08:00,1785505500000,SOL-USDT,15m,73.4,73.47,73.17,73.29,6858.099725,502580.04264654,502580.04264654,1
2026-07-31 22:00:00+08:00,2026-07-31 22:15:00+08:00,1785506400000,SOL-USDT,15m,73.3,73.51,72.8,73.49,29863.093793,2182279.32979307,2182279.32979307,1
2026-07-31 22:15:00+08:00,2026-07-31 22:30:00+08:00,1785507300000,SOL-USDT,15m,73.48,73.7,73.26,73.3,18777.066168,1380602.62612508,1380602.62612508,1
2026-07-31 22:30:00+08:00,2026-07-31 22:45:00+08:00,1785508200000,SOL-USDT,15m,73.31,73.36,72.91,72.99,12975.972324,949251.04787221,949251.04787221,1
2026-07-31 22:45:00+08:00,2026-07-31 23:00:00+08:00,1785509100000,SOL-USDT,15m,72.99,73.19,72.84,73.03,12129.534328,885300.60155491,885300.60155491,1
2026-07-31 23:00:00+08:00,2026-07-31 23:15:00+08:00,1785510000000,SOL-USDT,15m,73.05,73.09,72.89,73,3442.824686,251322.87145266,251322.87145266,1
2026-07-31 23:15:00+08:00,2026-07-31 23:30:00+08:00,1785510900000,SOL-USDT,15m,73,73.13,72.89,72.98,4130.070226,301475.15440299,301475.15440299,1
2026-07-31 23:30:00+08:00,2026-07-31 23:45:00+08:00,1785511800000,SOL-USDT,15m,72.98,73.22,72.91,73.09,8350.922961,610293.83901361,610293.83901361,1
2026-07-31 23:45:00+08:00,2026-08-01 00:00:00+08:00,1785512700000,SOL-USDT,15m,73.09,73.16,72.94,73.11,1833.311294,133975.51382017,133975.51382017,1
2026-08-01 00:00:00+08:00,2026-08-01 00:15:00+08:00,1785513600000,SOL-USDT,15m,73.11,73.29,73.1,73.15,6445.32608,471753.61551664,471753.61551664,1
2026-08-01 00:15:00+08:00,2026-08-01 00:30:00+08:00,1785514500000,SOL-USDT,15m,73.16,73.24,72.98,73.22,5352.127189,391101.30355367,391101.30355367,1
2026-08-01 00:30:00+08:00,2026-08-01 00:45:00+08:00,1785515400000,SOL-USDT,15m,73.23,73.23,73.07,73.14,2820.618909,206329.92988504,206329.92988504,1
2026-08-01 00:45:00+08:00,2026-08-01 01:00:00+08:00,1785516300000,SOL-USDT,15m,73.14,73.36,73.13,73.3,2276.856048,166863.85365536,166863.85365536,1
2026-08-01 01:00:00+08:00,2026-08-01 01:15:00+08:00,1785517200000,SOL-USDT,15m,73.3,73.35,73.18,73.31,3606.873243,264248.77869451,264248.77869451,1
2026-08-01 01:15:00+08:00,2026-08-01 01:30:00+08:00,1785518100000,SOL-USDT,15m,73.3,73.38,73.24,73.33,5483.330977,401957.95259512,401957.95259512,1
2026-08-01 01:30:00+08:00,2026-08-01 01:45:00+08:00,1785519000000,SOL-USDT,15m,73.32,73.43,73.27,73.32,4806.261755,352550.61785978,352550.61785978,1
2026-08-01 01:45:00+08:00,2026-08-01 02:00:00+08:00,1785519900000,SOL-USDT,15m,73.33,73.44,73.33,73.37,3190.339216,234143.38400938,234143.38400938,1
2026-08-01 02:00:00+08:00,2026-08-01 02:15:00+08:00,1785520800000,SOL-USDT,15m,73.37,73.48,73.29,73.32,3880.937198,284773.3561353,284773.3561353,1
2026-08-01 02:15:00+08:00,2026-08-01 02:30:00+08:00,1785521700000,SOL-USDT,15m,73.31,73.46,73.22,73.22,4054.957577,297405.4698735,297405.4698735,1
2026-08-01 02:30:00+08:00,2026-08-01 02:45:00+08:00,1785522600000,SOL-USDT,15m,73.22,73.23,72.96,73.07,3091.470808,225968.34522591,225968.34522591,1
2026-08-01 02:45:00+08:00,2026-08-01 03:00:00+08:00,1785523500000,SOL-USDT,15m,73.08,73.23,73.06,73.12,2336.755207,170915.7642114,170915.7642114,1
2026-08-01 03:00:00+08:00,2026-08-01 03:15:00+08:00,1785524400000,SOL-USDT,15m,73.11,73.2,73.05,73.1,1816.843832,132835.26263899,132835.26263899,1
2026-08-01 03:15:00+08:00,2026-08-01 03:30:00+08:00,1785525300000,SOL-USDT,15m,73.1,73.11,72.95,73.02,1464.13545,106876.52245033,106876.52245033,1
2026-08-01 03:30:00+08:00,2026-08-01 03:45:00+08:00,1785526200000,SOL-USDT,15m,73.02,73.09,72.92,73.08,2005.064509,146355.42780556,146355.42780556,1
2026-08-01 03:45:00+08:00,2026-08-01 04:00:00+08:00,1785527100000,SOL-USDT,15m,73.09,73.3,73.08,73.08,11758.209819,860705.96644583,860705.96644583,1
2026-08-01 04:00:00+08:00,2026-08-01 04:15:00+08:00,1785528000000,SOL-USDT,15m,73.09,73.23,73.08,73.12,4151.560464,303687.51488776,303687.51488776,1
2026-08-01 04:15:00+08:00,2026-08-01 04:30:00+08:00,1785528900000,SOL-USDT,15m,73.12,73.17,73.09,73.12,1480.219997,108243.50033745,108243.50033745,1
2026-08-01 04:30:00+08:00,2026-08-01 04:45:00+08:00,1785529800000,SOL-USDT,15m,73.11,73.12,72.98,73,3355.025435,245040.86761752,245040.86761752,1
2026-08-01 04:45:00+08:00,2026-08-01 05:00:00+08:00,1785530700000,SOL-USDT,15m,73.01,73.06,72.95,72.97,8492.968273,619955.38191788,619955.38191788,1
2026-08-01 05:00:00+08:00,2026-08-01 05:15:00+08:00,1785531600000,SOL-USDT,15m,72.97,73.06,72.89,73.06,2230.340148,162824.68329234,162824.68329234,1
2026-08-01 05:15:00+08:00,2026-08-01 05:30:00+08:00,1785532500000,SOL-USDT,15m,73.06,73.11,73,73.03,1723.630033,125947.11767869,125947.11767869,1
2026-08-01 05:30:00+08:00,2026-08-01 05:45:00+08:00,1785533400000,SOL-USDT,15m,73.03,73.06,72.97,73.05,1522.401868,111186.69025853,111186.69025853,1
2026-08-01 05:45:00+08:00,2026-08-01 06:00:00+08:00,1785534300000,SOL-USDT,15m,73.05,73.09,72.56,72.73,14153.322031,1030304.55341791,1030304.55341791,1
2026-08-01 06:00:00+08:00,2026-08-01 06:15:00+08:00,1785535200000,SOL-USDT,15m,72.74,72.92,72.68,72.83,4325.000504,314911.10539868,314911.10539868,1
2026-08-01 06:15:00+08:00,2026-08-01 06:30:00+08:00,1785536100000,SOL-USDT,15m,72.83,72.88,72.82,72.88,1139.476067,83016.01256201,83016.01256201,1
2026-08-01 06:30:00+08:00,2026-08-01 06:45:00+08:00,1785537000000,SOL-USDT,15m,72.87,72.95,72.85,72.95,1096.062053,79910.60271118,79910.60271118,1
2026-08-01 06:45:00+08:00,2026-08-01 07:00:00+08:00,1785537900000,SOL-USDT,15m,72.95,72.95,72.85,72.85,1462.935332,106648.58510185,106648.58510185,1
2026-08-01 07:00:00+08:00,2026-08-01 07:15:00+08:00,1785538800000,SOL-USDT,15m,72.86,72.97,72.84,72.91,2327.183561,169732.13949919,169732.13949919,1
2026-08-01 07:15:00+08:00,2026-08-01 07:30:00+08:00,1785539700000,SOL-USDT,15m,72.92,72.97,72.89,72.91,827.544879,60341.82261851,60341.82261851,1
2026-08-01 07:30:00+08:00,2026-08-01 07:45:00+08:00,1785540600000,SOL-USDT,15m,72.91,72.94,72.85,72.88,3535.926878,257783.59405544,257783.59405544,1
2026-08-01 07:45:00+08:00,2026-08-01 08:00:00+08:00,1785541500000,SOL-USDT,15m,72.89,72.91,72.8,72.87,1791.265736,130476.50745109,130476.50745109,1
2026-08-01 08:00:00+08:00,2026-08-01 08:15:00+08:00,1785542400000,SOL-USDT,15m,72.88,73,72.88,72.97,1613.939308,117743.73639919,117743.73639919,1
2026-08-01 08:15:00+08:00,2026-08-01 08:30:00+08:00,1785543300000,SOL-USDT,15m,72.97,73.04,72.92,73.01,1341.363318,97890.97305225,97890.97305225,1
2026-08-01 08:30:00+08:00,2026-08-01 08:45:00+08:00,1785544200000,SOL-USDT,15m,73.01,73.07,72.94,73.06,5023.509985,366633.50045924,366633.50045924,1
2026-08-01 08:45:00+08:00,2026-08-01 09:00:00+08:00,1785545100000,SOL-USDT,15m,73.07,73.16,72.96,73.02,3954.901739,288987.04597101,288987.04597101,1
2026-08-01 09:00:00+08:00,2026-08-01 09:15:00+08:00,1785546000000,SOL-USDT,15m,73.02,73.1,73.02,73.09,1228.203265,89750.24082374,89750.24082374,1
2026-08-01 09:15:00+08:00,2026-08-01 09:30:00+08:00,1785546900000,SOL-USDT,15m,73.1,73.15,73.05,73.09,1648.749581,120511.36591863,120511.36591863,1
2026-08-01 09:30:00+08:00,2026-08-01 09:45:00+08:00,1785547800000,SOL-USDT,15m,73.09,73.11,73.04,73.07,1286.584232,94039.51645325,94039.51645325,1
2026-08-01 09:45:00+08:00,2026-08-01 10:00:00+08:00,1785548700000,SOL-USDT,15m,73.08,73.09,72.99,73.03,1750.168324,127803.53427419,127803.53427419,1
2026-08-01 10:00:00+08:00,2026-08-01 10:15:00+08:00,1785549600000,SOL-USDT,15m,73.04,73.12,73.01,73.06,1735.816888,126838.67593212,126838.67593212,1
2026-08-01 10:15:00+08:00,2026-08-01 10:30:00+08:00,1785550500000,SOL-USDT,15m,73.06,73.16,73.06,73.15,1413.593955,103372.58178953,103372.58178953,1
2026-08-01 10:30:00+08:00,2026-08-01 10:45:00+08:00,1785551400000,SOL-USDT,15m,73.15,73.17,73.01,73.02,2959.643365,216380.50709802,216380.50709802,1
2026-08-01 10:45:00+08:00,2026-08-01 11:00:00+08:00,1785552300000,SOL-USDT,15m,73.03,73.1,73.01,73.09,1145.268915,83685.99315006,83685.99315006,1
2026-08-01 11:00:00+08:00,2026-08-01 11:15:00+08:00,1785553200000,SOL-USDT,15m,73.09,73.11,72.98,73,1118.135799,81689.14896557,81689.14896557,1
2026-08-01 11:15:00+08:00,2026-08-01 11:30:00+08:00,1785554100000,SOL-USDT,15m,72.98,73.02,72.92,72.92,892.486939,65126.71911384,65126.71911384,1
2026-08-01 11:30:00+08:00,2026-08-01 11:45:00+08:00,1785555000000,SOL-USDT,15m,72.93,72.98,72.88,72.95,6246.177453,455688.44241405,455688.44241405,1
2026-08-01 11:45:00+08:00,2026-08-01 12:00:00+08:00,1785555900000,SOL-USDT,15m,72.96,73.04,72.91,73.04,5963.255081,435023.74825804,435023.74825804,1
2026-08-01 12:00:00+08:00,2026-08-01 12:15:00+08:00,1785556800000,SOL-USDT,15m,73.04,73.12,73.03,73.11,1815.056797,132654.18659805,132654.18659805,1
2026-08-01 12:15:00+08:00,2026-08-01 12:30:00+08:00,1785557700000,SOL-USDT,15m,73.12,73.14,73.08,73.11,1248.617392,91293.7656051,91293.7656051,1
2026-08-01 12:30:00+08:00,2026-08-01 12:45:00+08:00,1785558600000,SOL-USDT,15m,73.12,73.14,73.08,73.13,914.326566,66834.12406674,66834.12406674,1
2026-08-01 12:45:00+08:00,2026-08-01 13:00:00+08:00,1785559500000,SOL-USDT,15m,73.13,73.22,73.13,73.18,1111.178719,81312.35659566,81312.35659566,1
2026-08-01 13:00:00+08:00,2026-08-01 13:15:00+08:00,1785560400000,SOL-USDT,15m,73.18,73.21,73.15,73.21,1896.150068,138763.37609552,138763.37609552,1
2026-08-01 13:15:00+08:00,2026-08-01 13:30:00+08:00,1785561300000,SOL-USDT,15m,73.21,73.21,73.05,73.06,1812.844828,132482.23498708,132482.23498708,1
2026-08-01 13:30:00+08:00,2026-08-01 13:45:00+08:00,1785562200000,SOL-USDT,15m,73.06,73.11,72.93,72.96,2051.593074,149836.25885149,149836.25885149,1
2026-08-01 13:45:00+08:00,2026-08-01 14:00:00+08:00,1785563100000,SOL-USDT,15m,72.96,72.96,72.88,72.96,1283.770333,93624.73541695,93624.73541695,1
2026-08-01 14:00:00+08:00,2026-08-01 14:15:00+08:00,1785564000000,SOL-USDT,15m,72.96,72.99,72.9,72.99,893.987131,65206.52123074,65206.52123074,1
2026-08-01 14:15:00+08:00,2026-08-01 14:30:00+08:00,1785564900000,SOL-USDT,15m,72.99,73.04,72.96,73.02,1203.43755,87860.36300159,87860.36300159,1
2026-08-01 14:30:00+08:00,2026-08-01 14:45:00+08:00,1785565800000,SOL-USDT,15m,73.02,73.03,72.97,72.99,777.202471,56733.64150736,56733.64150736,1
2026-08-01 14:45:00+08:00,2026-08-01 15:00:00+08:00,1785566700000,SOL-USDT,15m,73,73.03,72.97,73,1095.211554,79945.67251485,79945.67251485,1
2026-08-01 15:00:00+08:00,2026-08-01 15:15:00+08:00,1785567600000,SOL-USDT,15m,73.01,73.11,72.98,73.1,2052.272871,149933.57666999,149933.57666999,1
2026-08-01 15:15:00+08:00,2026-08-01 15:30:00+08:00,1785568500000,SOL-USDT,15m,73.09,73.1,73,73,916.617459,66955.40467417,66955.40467417,1
2026-08-01 15:30:00+08:00,2026-08-01 15:45:00+08:00,1785569400000,SOL-USDT,15m,73,73.01,72.93,72.98,2538.092177,185203.63909624,185203.63909624,1
2026-08-01 15:45:00+08:00,2026-08-01 16:00:00+08:00,1785570300000,SOL-USDT,15m,72.98,73.02,72.95,72.98,786.069885,57369.0905851,57369.0905851,1
2026-08-01 16:00:00+08:00,2026-08-01 16:15:00+08:00,1785571200000,SOL-USDT,15m,72.99,73.02,72.96,73,696.65857,50844.04341877,50844.04341877,1
2026-08-01 16:15:00+08:00,2026-08-01 16:30:00+08:00,1785572100000,SOL-USDT,15m,72.99,73.08,72.99,73.04,790.183588,57710.07289976,57710.07289976,1
2026-08-01 16:30:00+08:00,2026-08-01 16:45:00+08:00,1785573000000,SOL-USDT,15m,73.05,73.07,72.99,73,1030.477729,75247.26869986,75247.26869986,1
2026-08-01 16:45:00+08:00,2026-08-01 17:00:00+08:00,1785573900000,SOL-USDT,15m,72.99,73.06,72.98,73.05,1520.725651,111065.62836797,111065.62836797,1
2026-08-01 17:00:00+08:00,2026-08-01 17:15:00+08:00,1785574800000,SOL-USDT,15m,73.05,73.09,72.97,72.98,1852.164904,135252.44871264,135252.44871264,1
2026-08-01 17:15:00+08:00,2026-08-01 17:30:00+08:00,1785575700000,SOL-USDT,15m,72.98,73.03,72.96,72.96,1068.664467,78003.19635214,78003.19635214,1
2026-08-01 17:30:00+08:00,2026-08-01 17:45:00+08:00,1785576600000,SOL-USDT,15m,72.96,72.99,72.93,72.99,1337.295482,97573.38841014,97573.38841014,1
2026-08-01 17:45:00+08:00,2026-08-01 18:00:00+08:00,1785577500000,SOL-USDT,15m,72.99,72.99,72.84,72.85,1380.279539,100642.26086634,100642.26086634,1
2026-08-01 18:00:00+08:00,2026-08-01 18:15:00+08:00,1785578400000,SOL-USDT,15m,72.85,72.9,72.67,72.82,2883.426337,209797.65747395,209797.65747395,1
2026-08-01 18:15:00+08:00,2026-08-01 18:30:00+08:00,1785579300000,SOL-USDT,15m,72.82,72.9,72.77,72.84,985.4455,71787.40479184,71787.40479184,1
2026-08-01 18:30:00+08:00,2026-08-01 18:45:00+08:00,1785580200000,SOL-USDT,15m,72.84,72.89,72.8,72.88,989.15772,72045.89233156,72045.89233156,1
2026-08-01 18:45:00+08:00,2026-08-01 19:00:00+08:00,1785581100000,SOL-USDT,15m,72.88,72.9,72.82,72.85,1675.040307,122030.54579839,122030.54579839,1
2026-08-01 19:00:00+08:00,2026-08-01 19:15:00+08:00,1785582000000,SOL-USDT,15m,72.86,72.88,72.8,72.88,752.564612,54817.52000521,54817.52000521,1
2026-08-01 19:15:00+08:00,2026-08-01 19:30:00+08:00,1785582900000,SOL-USDT,15m,72.89,72.92,72.84,72.87,1547.601199,112766.81587921,112766.81587921,1
2026-08-01 19:30:00+08:00,2026-08-01 19:45:00+08:00,1785583800000,SOL-USDT,15m,72.88,72.9,72.85,72.89,1778.894352,129654.67582873,129654.67582873,1
2026-08-01 19:45:00+08:00,2026-08-01 20:00:00+08:00,1785584700000,SOL-USDT,15m,72.89,72.91,72.88,72.9,808.41037,58932.33550858,58932.33550858,1
2026-08-01 20:00:00+08:00,2026-08-01 20:15:00+08:00,1785585600000,SOL-USDT,15m,72.91,72.94,72.88,72.88,818.041575,59650.33479895,59650.33479895,1
2026-08-01 20:15:00+08:00,2026-08-01 20:30:00+08:00,1785586500000,SOL-USDT,15m,72.89,72.95,72.88,72.94,373.440504,27226.89559213,27226.89559213,1
2026-08-01 20:30:00+08:00,2026-08-01 20:45:00+08:00,1785587400000,SOL-USDT,15m,72.94,72.96,72.89,72.89,894.62013,65236.59627991,65236.59627991,1
2026-08-01 20:45:00+08:00,2026-08-01 21:00:00+08:00,1785588300000,SOL-USDT,15m,72.9,72.95,72.89,72.95,752.768911,54901.83028965,54901.83028965,1
2026-08-01 21:00:00+08:00,2026-08-01 21:15:00+08:00,1785589200000,SOL-USDT,15m,72.95,73,72.92,72.99,988.882296,72147.68981348,72147.68981348,1
2026-08-01 21:15:00+08:00,2026-08-01 21:30:00+08:00,1785590100000,SOL-USDT,15m,72.98,72.98,72.93,72.94,805.564868,58775.26658046,58775.26658046,1
2026-08-01 21:30:00+08:00,2026-08-01 21:45:00+08:00,1785591000000,SOL-USDT,15m,72.93,73,72.91,73,1331.073647,97117.46684155,97117.46684155,1
2026-08-01 21:45:00+08:00,2026-08-01 22:00:00+08:00,1785591900000,SOL-USDT,15m,72.99,73.01,72.93,72.99,1418.222461,103495.06374718,103495.06374718,1
2026-08-01 22:00:00+08:00,2026-08-01 22:15:00+08:00,1785592800000,SOL-USDT,15m,72.99,73.05,72.88,72.89,1598.773948,116694.2293396,116694.2293396,1
2026-08-01 22:15:00+08:00,2026-08-01 22:30:00+08:00,1785593700000,SOL-USDT,15m,72.89,72.99,72.88,72.99,1309.643048,95534.55987981,95534.55987981,1
2026-08-01 22:30:00+08:00,2026-08-01 22:45:00+08:00,1785594600000,SOL-USDT,15m,72.99,73.01,72.94,72.99,2046.013086,149335.79217667,149335.79217667,1
2026-08-01 22:45:00+08:00,2026-08-01 23:00:00+08:00,1785595500000,SOL-USDT,15m,72.99,73.03,72.95,73.03,1187.432435,86659.92009882,86659.92009882,1
2026-08-01 23:00:00+08:00,2026-08-01 23:15:00+08:00,1785596400000,SOL-USDT,15m,73.03,73.04,72.98,73,1000.131546,73011.84600101,73011.84600101,1
2026-08-01 23:15:00+08:00,2026-08-01 23:30:00+08:00,1785597300000,SOL-USDT,15m,73,73,72.85,72.86,1471.201736,107264.17603476,107264.17603476,1
2026-08-01 23:30:00+08:00,2026-08-01 23:45:00+08:00,1785598200000,SOL-USDT,15m,72.86,72.86,72.73,72.83,3518.4267,256170.15825498,256170.15825498,1
2026-08-01 23:45:00+08:00,2026-08-02 00:00:00+08:00,1785599100000,SOL-USDT,15m,72.83,72.87,72.79,72.79,2228.522598,162288.86892274,162288.86892274,1
2026-08-02 00:00:00+08:00,2026-08-02 00:15:00+08:00,1785600000000,SOL-USDT,15m,72.8,72.89,72.74,72.82,1986.27508,144573.04514098,144573.04514098,1
2026-08-02 00:15:00+08:00,2026-08-02 00:30:00+08:00,1785600900000,SOL-USDT,15m,72.83,72.94,72.82,72.9,3435.733366,250462.51471671,250462.51471671,1
2026-08-02 00:30:00+08:00,2026-08-02 00:45:00+08:00,1785601800000,SOL-USDT,15m,72.9,72.95,72.84,72.84,1787.800369,130321.11512968,130321.11512968,1
2026-08-02 00:45:00+08:00,2026-08-02 01:00:00+08:00,1785602700000,SOL-USDT,15m,72.85,72.86,72.48,72.71,10915.594522,792623.46795781,792623.46795781,1
2026-08-02 01:00:00+08:00,2026-08-02 01:15:00+08:00,1785603600000,SOL-USDT,15m,72.7,72.79,72.4,72.51,4178.690373,303278.4973137,303278.4973137,1
2026-08-02 01:15:00+08:00,2026-08-02 01:30:00+08:00,1785604500000,SOL-USDT,15m,72.51,72.52,72.08,72.18,21104.298663,1524851.46675478,1524851.46675478,1
2026-08-02 01:30:00+08:00,2026-08-02 01:45:00+08:00,1785605400000,SOL-USDT,15m,72.18,72.18,71.63,71.94,33266.94618,2392126.16684229,2392126.16684229,1
2026-08-02 01:45:00+08:00,2026-08-02 02:00:00+08:00,1785606300000,SOL-USDT,15m,71.94,71.94,71.68,71.93,7717.733194,554184.23758552,554184.23758552,1
2026-08-02 02:00:00+08:00,2026-08-02 02:15:00+08:00,1785607200000,SOL-USDT,15m,71.92,71.98,71.72,71.86,5909.473072,424449.68330319,424449.68330319,1
2026-08-02 02:15:00+08:00,2026-08-02 02:30:00+08:00,1785608100000,SOL-USDT,15m,71.84,71.85,71.42,71.55,14744.627373,1055688.6849107,1055688.6849107,1
2026-08-02 02:30:00+08:00,2026-08-02 02:45:00+08:00,1785609000000,SOL-USDT,15m,71.54,71.54,71,71.18,29218.856646,2080527.18577766,2080527.18577766,1
2026-08-02 02:45:00+08:00,2026-08-02 03:00:00+08:00,1785609900000,SOL-USDT,15m,71.2,71.2,70.58,71.09,21695.498788,1537160.81842237,1537160.81842237,1
2026-08-02 03:00:00+08:00,2026-08-02 03:15:00+08:00,1785610800000,SOL-USDT,15m,71.08,71.33,71.06,71.26,7767.163759,553322.04386919,553322.04386919,1
2026-08-02 03:15:00+08:00,2026-08-02 03:30:00+08:00,1785611700000,SOL-USDT,15m,71.26,71.32,71.13,71.26,2432.072986,173270.45853521,173270.45853521,1
2026-08-02 03:30:00+08:00,2026-08-02 03:45:00+08:00,1785612600000,SOL-USDT,15m,71.26,71.34,71.18,71.23,3161.328916,225337.14555233,225337.14555233,1
2026-08-02 03:45:00+08:00,2026-08-02 04:00:00+08:00,1785613500000,SOL-USDT,15m,71.22,71.37,71.22,71.27,2388.389387,170286.47996049,170286.47996049,1
2026-08-02 04:00:00+08:00,2026-08-02 04:15:00+08:00,1785614400000,SOL-USDT,15m,71.27,71.45,71.22,71.4,8268.907802,590040.50271503,590040.50271503,1
2026-08-02 04:15:00+08:00,2026-08-02 04:30:00+08:00,1785615300000,SOL-USDT,15m,71.39,71.52,71.39,71.44,2528.099676,180630.14788601,180630.14788601,1
2026-08-02 04:30:00+08:00,2026-08-02 04:45:00+08:00,1785616200000,SOL-USDT,15m,71.43,71.55,71.35,71.47,2607.4485,186322.54939718,186322.54939718,1
2026-08-02 04:45:00+08:00,2026-08-02 05:00:00+08:00,1785617100000,SOL-USDT,15m,71.46,71.57,71.43,71.57,1994.620331,142627.29483314,142627.29483314,1
2026-08-02 05:00:00+08:00,2026-08-02 05:15:00+08:00,1785618000000,SOL-USDT,15m,71.57,71.81,71.56,71.71,8580.253216,614944.6161905,614944.6161905,1
2026-08-02 05:15:00+08:00,2026-08-02 05:30:00+08:00,1785618900000,SOL-USDT,15m,71.71,71.8,71.6,71.71,1862.570581,133553.67458605,133553.67458605,1
2026-08-02 05:30:00+08:00,2026-08-02 05:45:00+08:00,1785619800000,SOL-USDT,15m,71.71,71.81,71.68,71.79,1935.453159,138885.95922497,138885.95922497,1
2026-08-02 05:45:00+08:00,2026-08-02 06:00:00+08:00,1785620700000,SOL-USDT,15m,71.79,71.86,71.75,71.85,5892.575779,423010.48184393,423010.48184393,1
2026-08-02 06:00:00+08:00,2026-08-02 06:15:00+08:00,1785621600000,SOL-USDT,15m,71.86,72.01,71.86,71.94,4300.032261,309394.09445391,309394.09445391,1
2026-08-02 06:15:00+08:00,2026-08-02 06:30:00+08:00,1785622500000,SOL-USDT,15m,71.94,71.99,71.87,71.99,1477.719228,106301.31839098,106301.31839098,1
2026-08-02 06:30:00+08:00,2026-08-02 06:45:00+08:00,1785623400000,SOL-USDT,15m,71.99,72,71.9,71.97,1489.59109,107175.33967956,107175.33967956,1
2026-08-02 06:45:00+08:00,2026-08-02 07:00:00+08:00,1785624300000,SOL-USDT,15m,71.96,71.98,71.9,71.92,1162.485486,83637.51327115,83637.51327115,1
2026-08-02 07:00:00+08:00,2026-08-02 07:15:00+08:00,1785625200000,SOL-USDT,15m,71.92,72.09,71.92,71.99,3328.690516,239736.31968482,239736.31968482,1
2026-08-02 07:15:00+08:00,2026-08-02 07:30:00+08:00,1785626100000,SOL-USDT,15m,71.99,71.99,71.82,71.83,2320.50914,166789.80065663,166789.80065663,1
2026-08-02 07:30:00+08:00,2026-08-02 07:45:00+08:00,1785627000000,SOL-USDT,15m,71.83,71.92,71.83,71.92,1547.580711,111240.71814209,111240.71814209,1
2026-08-02 07:45:00+08:00,2026-08-02 08:00:00+08:00,1785627900000,SOL-USDT,15m,71.93,71.96,71.9,71.94,1134.740358,81616.75218165,81616.75218165,1
2026-08-02 08:00:00+08:00,2026-08-02 08:15:00+08:00,1785628800000,SOL-USDT,15m,71.95,72.11,71.93,72.1,2451.542136,176530.97704244,176530.97704244,1
2026-08-02 08:15:00+08:00,2026-08-02 08:30:00+08:00,1785629700000,SOL-USDT,15m,72.1,72.15,72.03,72.06,1783.42833,128578.65878539,128578.65878539,1
2026-08-02 08:30:00+08:00,2026-08-02 08:45:00+08:00,1785630600000,SOL-USDT,15m,72.06,72.11,72.01,72.06,1530.477864,110279.13307584,110279.13307584,1
2026-08-02 08:45:00+08:00,2026-08-02 09:00:00+08:00,1785631500000,SOL-USDT,15m,72.06,72.11,72.02,72.11,841.843722,60661.17672966,60661.17672966,1
2026-08-02 09:00:00+08:00,2026-08-02 09:15:00+08:00,1785632400000,SOL-USDT,15m,72.11,72.51,72.1,72.49,10071.993309,727935.28443201,727935.28443201,1
2026-08-02 09:15:00+08:00,2026-08-02 09:30:00+08:00,1785633300000,SOL-USDT,15m,72.5,72.61,72.44,72.53,5153.995111,373761.12000136,373761.12000136,1
2026-08-02 09:30:00+08:00,2026-08-02 09:45:00+08:00,1785634200000,SOL-USDT,15m,72.53,72.75,72.49,72.65,8355.43994,606952.34253079,606952.34253079,1
2026-08-02 09:45:00+08:00,2026-08-02 10:00:00+08:00,1785635100000,SOL-USDT,15m,72.65,72.69,72.62,72.65,3273.036284,237787.0972933,237787.0972933,1
2026-08-02 10:00:00+08:00,2026-08-02 10:15:00+08:00,1785636000000,SOL-USDT,15m,72.66,73.4,72.58,73.23,22593.939027,1649836.63947787,1649836.63947787,1
2026-08-02 10:15:00+08:00,2026-08-02 10:30:00+08:00,1785636900000,SOL-USDT,15m,73.23,73.32,73.1,73.1,10206.429913,747169.85781766,747169.85781766,1
2026-08-02 10:30:00+08:00,2026-08-02 10:45:00+08:00,1785637800000,SOL-USDT,15m,73.1,73.11,72.93,73.01,5333.567777,389298.05475157,389298.05475157,1
2026-08-02 10:45:00+08:00,2026-08-02 11:00:00+08:00,1785638700000,SOL-USDT,15m,73,73.16,72.99,73.14,3056.177685,223372.42608432,223372.42608432,1
2026-08-02 11:00:00+08:00,2026-08-02 11:15:00+08:00,1785639600000,SOL-USDT,15m,73.14,73.22,73.08,73.13,5579.230473,408005.32453861,408005.32453861,1
2026-08-02 11:15:00+08:00,2026-08-02 11:30:00+08:00,1785640500000,SOL-USDT,15m,73.14,73.22,73.08,73.08,3178.733098,232530.4993626,232530.4993626,1
2026-08-02 11:30:00+08:00,2026-08-02 11:45:00+08:00,1785641400000,SOL-USDT,15m,73.09,73.24,73.09,73.21,1442.075943,105542.55184475,105542.55184475,1
2026-08-02 11:45:00+08:00,2026-08-02 12:00:00+08:00,1785642300000,SOL-USDT,15m,73.2,73.24,73.16,73.19,2331.84306,170672.43653453,170672.43653453,1
2026-08-02 12:00:00+08:00,2026-08-02 12:15:00+08:00,1785643200000,SOL-USDT,15m,73.2,73.3,73.2,73.25,2759.703837,202162.49148475,202162.49148475,1
2026-08-02 12:15:00+08:00,2026-08-02 12:30:00+08:00,1785644100000,SOL-USDT,15m,73.25,73.44,73.25,73.36,4940.637775,362391.25156646,362391.25156646,1
2026-08-02 12:30:00+08:00,2026-08-02 12:45:00+08:00,1785645000000,SOL-USDT,15m,73.37,73.41,73.3,73.3,3347.813739,245631.82414417,245631.82414417,1
2026-08-02 12:45:00+08:00,2026-08-02 13:00:00+08:00,1785645900000,SOL-USDT,15m,73.3,73.55,73.3,73.53,4860.613035,357049.43774744,357049.43774744,1
2026-08-02 13:00:00+08:00,2026-08-02 13:15:00+08:00,1785646800000,SOL-USDT,15m,73.52,73.66,73.47,73.5,6283.714023,462172.7917846,462172.7917846,1
2026-08-02 13:15:00+08:00,2026-08-02 13:30:00+08:00,1785647700000,SOL-USDT,15m,73.51,73.67,73.47,73.54,2504.499479,184302.43609527,184302.43609527,1
2026-08-02 13:30:00+08:00,2026-08-02 13:45:00+08:00,1785648600000,SOL-USDT,15m,73.55,73.58,73.47,73.53,4509.185855,331487.61394864,331487.61394864,1
2026-08-02 13:45:00+08:00,2026-08-02 14:00:00+08:00,1785649500000,SOL-USDT,15m,73.52,73.63,73.5,73.59,814.391952,59916.39149145,59916.39149145,1
2026-08-02 14:00:00+08:00,2026-08-02 14:15:00+08:00,1785650400000,SOL-USDT,15m,73.6,73.65,73.5,73.51,1689.357414,124295.02653929,124295.02653929,1
2026-08-02 14:15:00+08:00,2026-08-02 14:30:00+08:00,1785651300000,SOL-USDT,15m,73.51,73.59,73.5,73.57,1833.981022,134843.80067925,134843.80067925,1
2026-08-02 14:30:00+08:00,2026-08-02 14:45:00+08:00,1785652200000,SOL-USDT,15m,73.55,73.59,73.5,73.54,6844.044836,503317.7587468,503317.7587468,1
2026-08-02 14:45:00+08:00,2026-08-02 15:00:00+08:00,1785653100000,SOL-USDT,15m,73.55,73.55,73.43,73.45,1905.67896,139998.47423696,139998.47423696,1
2026-08-02 15:00:00+08:00,2026-08-02 15:15:00+08:00,1785654000000,SOL-USDT,15m,73.44,73.46,73.4,73.44,3638.431765,267128.99990107,267128.99990107,1
2026-08-02 15:15:00+08:00,2026-08-02 15:30:00+08:00,1785654900000,SOL-USDT,15m,73.43,73.51,73.41,73.49,2608.823102,191658.91749985,191658.91749985,1
2026-08-02 15:30:00+08:00,2026-08-02 15:45:00+08:00,1785655800000,SOL-USDT,15m,73.49,73.49,73.44,73.48,2614.56874,192086.55407194,192086.55407194,1
2026-08-02 15:45:00+08:00,2026-08-02 16:00:00+08:00,1785656700000,SOL-USDT,15m,73.48,73.5,73.44,73.48,5079.48029,373164.79639021,373164.79639021,1
2026-08-02 16:00:00+08:00,2026-08-02 16:15:00+08:00,1785657600000,SOL-USDT,15m,73.48,73.55,73.4,73.43,7023.478277,516111.38021426,516111.38021426,1
2026-08-02 16:15:00+08:00,2026-08-02 16:30:00+08:00,1785658500000,SOL-USDT,15m,73.44,73.46,73.33,73.35,2562.73195,188124.1494454,188124.1494454,1
2026-08-02 16:30:00+08:00,2026-08-02 16:45:00+08:00,1785659400000,SOL-USDT,15m,73.36,73.41,73.19,73.27,9667.099772,708768.28110194,708768.28110194,1
2026-08-02 16:45:00+08:00,2026-08-02 17:00:00+08:00,1785660300000,SOL-USDT,15m,73.28,73.32,73.17,73.2,3223.269763,236141.81862537,236141.81862537,1
2026-08-02 17:00:00+08:00,2026-08-02 17:15:00+08:00,1785661200000,SOL-USDT,15m,73.2,73.34,72.97,73.34,9956.427521,727987.99767354,727987.99767354,1
2026-08-02 17:15:00+08:00,2026-08-02 17:30:00+08:00,1785662100000,SOL-USDT,15m,73.34,73.38,73.28,73.31,2653.174295,194564.77508873,194564.77508873,1
2026-08-02 17:30:00+08:00,2026-08-02 17:45:00+08:00,1785663000000,SOL-USDT,15m,73.31,73.4,73.3,73.32,1771.874377,129932.25092603,129932.25092603,1
2026-08-02 17:45:00+08:00,2026-08-02 18:00:00+08:00,1785663900000,SOL-USDT,15m,73.32,73.44,73.31,73.39,3279.881147,240756.74109938,240756.74109938,1
2026-08-02 18:00:00+08:00,2026-08-02 18:15:00+08:00,1785664800000,SOL-USDT,15m,73.39,73.39,73.24,73.25,2544.998305,186560.52331247,186560.52331247,1
2026-08-02 18:15:00+08:00,2026-08-02 18:30:00+08:00,1785665700000,SOL-USDT,15m,73.25,73.39,73.16,73.21,11042.139451,809056.71939461,809056.71939461,1
2026-08-02 18:30:00+08:00,2026-08-02 18:45:00+08:00,1785666600000,SOL-USDT,15m,73.21,73.3,73.2,73.28,1675.909027,122778.55988825,122778.55988825,1
2026-08-02 18:45:00+08:00,2026-08-02 19:00:00+08:00,1785667500000,SOL-USDT,15m,73.28,73.32,73.25,73.28,996.610201,73035.1171617,73035.1171617,1
2026-08-02 19:00:00+08:00,2026-08-02 19:15:00+08:00,1785668400000,SOL-USDT,15m,73.28,73.31,73.21,73.25,1624.109623,118994.33874544,118994.33874544,1
2026-08-02 19:15:00+08:00,2026-08-02 19:30:00+08:00,1785669300000,SOL-USDT,15m,73.25,73.31,73.18,73.2,2188.13743,160282.70715735,160282.70715735,1
2026-08-02 19:30:00+08:00,2026-08-02 19:45:00+08:00,1785670200000,SOL-USDT,15m,73.2,73.23,73.05,73.09,2818.343509,206208.24279278,206208.24279278,1
2026-08-02 19:45:00+08:00,2026-08-02 20:00:00+08:00,1785671100000,SOL-USDT,15m,73.09,73.18,72.95,73,3855.862958,281630.64899886,281630.64899886,1
2026-08-02 20:00:00+08:00,2026-08-02 20:15:00+08:00,1785672000000,SOL-USDT,15m,73.01,73.21,73,73.2,3671.728409,268372.39379423,268372.39379423,1
2026-08-02 20:15:00+08:00,2026-08-02 20:30:00+08:00,1785672900000,SOL-USDT,15m,73.2,73.24,73.14,73.15,2654.543375,194263.26273844,194263.26273844,1
2026-08-02 20:30:00+08:00,2026-08-02 20:45:00+08:00,1785673800000,SOL-USDT,15m,73.15,73.19,73.01,73.06,2064.167827,150840.46914794,150840.46914794,1
2026-08-02 20:45:00+08:00,2026-08-02 21:00:00+08:00,1785674700000,SOL-USDT,15m,73.07,73.09,72.9,72.91,4007.664076,292551.60234024,292551.60234024,1
2026-08-02 21:00:00+08:00,2026-08-02 21:15:00+08:00,1785675600000,SOL-USDT,15m,72.91,73,72.88,72.99,2059.957297,150237.49691081,150237.49691081,1
2026-08-02 21:15:00+08:00,2026-08-02 21:30:00+08:00,1785676500000,SOL-USDT,15m,72.98,73.01,72.91,72.92,1596.006696,116453.65864233,116453.65864233,1
2026-08-02 21:30:00+08:00,2026-08-02 21:45:00+08:00,1785677400000,SOL-USDT,15m,72.91,72.96,72.71,72.87,6095.659635,443748.91794075,443748.91794075,1
2026-08-02 21:45:00+08:00,2026-08-02 22:00:00+08:00,1785678300000,SOL-USDT,15m,72.87,73.03,72.87,72.97,2722.063681,198621.70683417,198621.70683417,1
2026-08-02 22:00:00+08:00,2026-08-02 22:15:00+08:00,1785679200000,SOL-USDT,15m,72.98,73.09,72.93,73.09,2259.624867,164932.51342285,164932.51342285,1
2026-08-02 22:15:00+08:00,2026-08-02 22:30:00+08:00,1785680100000,SOL-USDT,15m,73.09,73.17,73.08,73.16,1038.524842,75942.0330381,75942.0330381,1
2026-08-02 22:30:00+08:00,2026-08-02 22:45:00+08:00,1785681000000,SOL-USDT,15m,73.16,73.24,73.11,73.23,1902.721828,139271.83189943,139271.83189943,1
2026-08-02 22:45:00+08:00,2026-08-02 23:00:00+08:00,1785681900000,SOL-USDT,15m,73.24,73.24,73.08,73.11,1013.403822,74132.24654159,74132.24654159,1
2026-08-02 23:00:00+08:00,2026-08-02 23:15:00+08:00,1785682800000,SOL-USDT,15m,73.11,73.22,73.07,73.22,1215.62271,88906.59515785,88906.59515785,1
2026-08-02 23:15:00+08:00,2026-08-02 23:30:00+08:00,1785683700000,SOL-USDT,15m,73.21,73.22,73.11,73.11,852.444,62365.3961753,62365.3961753,1
2026-08-02 23:30:00+08:00,2026-08-02 23:45:00+08:00,1785684600000,SOL-USDT,15m,73.11,73.2,73.06,73.09,3266.21541,238813.01813495,238813.01813495,1
2026-08-02 23:45:00+08:00,2026-08-03 00:00:00+08:00,1785685500000,SOL-USDT,15m,73.09,73.11,73.01,73.03,782.846363,57189.83808147,57189.83808147,1
2026-08-03 00:00:00+08:00,2026-08-03 00:15:00+08:00,1785686400000,SOL-USDT,15m,73.04,73.05,72.93,72.95,1752.313425,127877.20774674,127877.20774674,1
2026-08-03 00:15:00+08:00,2026-08-03 00:30:00+08:00,1785687300000,SOL-USDT,15m,72.96,73.07,72.94,73.06,3221.222295,235194.10866697,235194.10866697,1
2026-08-03 00:30:00+08:00,2026-08-03 00:45:00+08:00,1785688200000,SOL-USDT,15m,73.06,73.31,73.05,73.24,3609.150768,264188.2173395,264188.2173395,1
2026-08-03 00:45:00+08:00,2026-08-03 01:00:00+08:00,1785689100000,SOL-USDT,15m,73.25,73.27,73.15,73.16,1077.219254,78854.27882989,78854.27882989,1
2026-08-03 01:00:00+08:00,2026-08-03 01:15:00+08:00,1785690000000,SOL-USDT,15m,73.16,73.28,73.1,73.27,958.086916,70107.17820632,70107.17820632,1
2026-08-03 01:15:00+08:00,2026-08-03 01:30:00+08:00,1785690900000,SOL-USDT,15m,73.27,73.4,73.24,73.26,1311.779139,96156.66891289,96156.66891289,1
2026-08-03 01:30:00+08:00,2026-08-03 01:45:00+08:00,1785691800000,SOL-USDT,15m,73.26,73.38,73.25,73.37,862.71476,63256.8673744,63256.8673744,1
2026-08-03 01:45:00+08:00,2026-08-03 02:00:00+08:00,1785692700000,SOL-USDT,15m,73.39,73.4,73.3,73.32,2762.455986,202650.06209424,202650.06209424,1
2026-08-03 02:00:00+08:00,2026-08-03 02:15:00+08:00,1785693600000,SOL-USDT,15m,73.32,73.4,73.25,73.33,1851.320831,135754.6602348,135754.6602348,1
2026-08-03 02:15:00+08:00,2026-08-03 02:30:00+08:00,1785694500000,SOL-USDT,15m,73.32,73.41,73.29,73.39,986.804082,72395.83517765,72395.83517765,1
2026-08-03 02:30:00+08:00,2026-08-03 02:45:00+08:00,1785695400000,SOL-USDT,15m,73.39,73.87,73.38,73.71,9479.662601,698218.44187467,698218.44187467,1
2026-08-03 02:45:00+08:00,2026-08-03 03:00:00+08:00,1785696300000,SOL-USDT,15m,73.72,73.75,73.56,73.57,2517.793079,185433.20983058,185433.20983058,1
2026-08-03 03:00:00+08:00,2026-08-03 03:15:00+08:00,1785697200000,SOL-USDT,15m,73.58,73.68,73.53,73.57,2917.269524,214749.62859815,214749.62859815,1
2026-08-03 03:15:00+08:00,2026-08-03 03:30:00+08:00,1785698100000,SOL-USDT,15m,73.57,73.67,73.55,73.63,1862.73137,137115.08805729,137115.08805729,1
2026-08-03 03:30:00+08:00,2026-08-03 03:45:00+08:00,1785699000000,SOL-USDT,15m,73.64,73.71,73.6,73.68,998.002313,73514.61073656,73514.61073656,1
2026-08-03 03:45:00+08:00,2026-08-03 04:00:00+08:00,1785699900000,SOL-USDT,15m,73.68,73.79,73.67,73.73,1410.677846,104012.94777534,104012.94777534,1
2026-08-03 04:00:00+08:00,2026-08-03 04:15:00+08:00,1785700800000,SOL-USDT,15m,73.73,73.75,73.58,73.68,2043.098663,150498.53466489,150498.53466489,1
2026-08-03 04:15:00+08:00,2026-08-03 04:30:00+08:00,1785701700000,SOL-USDT,15m,73.67,73.69,73.57,73.6,763.893821,56244.10918213,56244.10918213,1
2026-08-03 04:30:00+08:00,2026-08-03 04:45:00+08:00,1785702600000,SOL-USDT,15m,73.6,73.65,73.59,73.64,454.157085,33437.28295326,33437.28295326,1
2026-08-03 04:45:00+08:00,2026-08-03 05:00:00+08:00,1785703500000,SOL-USDT,15m,73.64,73.74,73.61,73.69,1778.192431,131039.47853074,131039.47853074,1
2026-08-03 05:00:00+08:00,2026-08-03 05:15:00+08:00,1785704400000,SOL-USDT,15m,73.7,73.82,73.68,73.72,6957.093114,513183.69616971,513183.69616971,1
2026-08-03 05:15:00+08:00,2026-08-03 05:30:00+08:00,1785705300000,SOL-USDT,15m,73.73,73.81,73.69,73.8,2598.759581,191664.76792669,191664.76792669,1
2026-08-03 05:30:00+08:00,2026-08-03 05:45:00+08:00,1785706200000,SOL-USDT,15m,73.8,74.1,73.75,74.02,8039.792779,594580.0549892,594580.0549892,1
2026-08-03 05:45:00+08:00,2026-08-03 06:00:00+08:00,1785707100000,SOL-USDT,15m,74.04,74.35,73.92,74,6273.134715,465030.59601555,465030.59601555,1
2026-08-03 06:00:00+08:00,2026-08-03 06:15:00+08:00,1785708000000,SOL-USDT,15m,74,74.22,74,74.08,3925.70211,290989.3847586,290989.3847586,1
2026-08-03 06:15:00+08:00,2026-08-03 06:30:00+08:00,1785708900000,SOL-USDT,15m,74.07,74.2,73.91,73.97,2713.398936,200972.68684322,200972.68684322,1
2026-08-03 06:30:00+08:00,2026-08-03 06:45:00+08:00,1785709800000,SOL-USDT,15m,73.96,73.97,73.69,73.84,5819.959097,429477.25623052,429477.25623052,1
2026-08-03 06:45:00+08:00,2026-08-03 07:00:00+08:00,1785710700000,SOL-USDT,15m,73.84,73.88,73.65,73.66,2732.922358,201486.45932126,201486.45932126,1
2026-08-03 07:00:00+08:00,2026-08-03 07:15:00+08:00,1785711600000,SOL-USDT,15m,73.65,73.67,73.51,73.55,2219.254527,163287.17460827,163287.17460827,1
2026-08-03 07:15:00+08:00,2026-08-03 07:30:00+08:00,1785712500000,SOL-USDT,15m,73.54,73.65,73.49,73.59,1933.778527,142282.17948207,142282.17948207,1
2026-08-03 07:30:00+08:00,2026-08-03 07:45:00+08:00,1785713400000,SOL-USDT,15m,73.58,73.64,73.52,73.56,1634.278765,120271.00247925,120271.00247925,1
2026-08-03 07:45:00+08:00,2026-08-03 08:00:00+08:00,1785714300000,SOL-USDT,15m,73.56,73.65,73.47,73.64,2085.555828,153420.52866293,153420.52866293,1
2026-08-03 08:00:00+08:00,2026-08-03 08:15:00+08:00,1785715200000,SOL-USDT,15m,73.64,73.67,73.42,73.47,3596.770348,264473.96991716,264473.96991716,1
2026-08-03 08:15:00+08:00,2026-08-03 08:30:00+08:00,1785716100000,SOL-USDT,15m,73.47,73.51,73.26,73.29,2721.138381,199708.3568272,199708.3568272,1
2026-08-03 08:30:00+08:00,2026-08-03 08:45:00+08:00,1785717000000,SOL-USDT,15m,73.29,73.39,73.2,73.24,1435.785825,105245.95606289,105245.95606289,1
2026-08-03 08:45:00+08:00,2026-08-03 09:00:00+08:00,1785717900000,SOL-USDT,15m,73.25,73.27,73.18,73.24,1336.139029,97847.66627885,97847.66627885,1
2026-08-03 09:00:00+08:00,2026-08-03 09:15:00+08:00,1785718800000,SOL-USDT,15m,73.24,73.26,73.02,73.12,2751.595484,201290.39886576,201290.39886576,1
2026-08-03 09:15:00+08:00,2026-08-03 09:30:00+08:00,1785719700000,SOL-USDT,15m,73.12,73.17,73,73.05,2715.702272,198436.5951715,198436.5951715,1
2026-08-03 09:30:00+08:00,2026-08-03 09:45:00+08:00,1785720600000,SOL-USDT,15m,73.05,73.11,72.96,73.04,3990.097039,291392.355131,291392.355131,1
2026-08-03 09:45:00+08:00,2026-08-03 10:00:00+08:00,1785721500000,SOL-USDT,15m,73.04,73.05,72.95,73,938.938482,68542.14956349,68542.14956349,1
2026-08-03 10:00:00+08:00,2026-08-03 10:15:00+08:00,1785722400000,SOL-USDT,15m,73,73.07,72.92,73.01,1406.767549,102677.36615048,102677.36615048,1
2026-08-03 10:15:00+08:00,2026-08-03 10:30:00+08:00,1785723300000,SOL-USDT,15m,73,73.15,72.96,72.99,2781.896229,203322.94207654,203322.94207654,1
2026-08-03 10:30:00+08:00,2026-08-03 10:45:00+08:00,1785724200000,SOL-USDT,15m,73,73.27,72.96,73.09,13773.178955,1007490.13488478,1007490.13488478,1
2026-08-03 10:45:00+08:00,2026-08-03 11:00:00+08:00,1785725100000,SOL-USDT,15m,73.09,73.14,72.99,73.05,3576.2971,261231.08125978,261231.08125978,1
2026-08-03 11:00:00+08:00,2026-08-03 11:15:00+08:00,1785726000000,SOL-USDT,15m,73.04,73.13,73.01,73.04,982.345236,71764.93306993,71764.93306993,1
2026-08-03 11:15:00+08:00,2026-08-03 11:30:00+08:00,1785726900000,SOL-USDT,15m,73.03,73.1,72.98,73.05,2237.030775,163334.88064172,163334.88064172,1
2026-08-03 11:30:00+08:00,2026-08-03 11:45:00+08:00,1785727800000,SOL-USDT,15m,73.05,73.05,72.96,72.99,946.818856,69113.27013809,69113.27013809,1
2026-08-03 11:45:00+08:00,2026-08-03 12:00:00+08:00,1785728700000,SOL-USDT,15m,72.99,73.01,72.7,72.91,4878.167963,355403.91065738,355403.91065738,1
2026-08-03 12:00:00+08:00,2026-08-03 12:15:00+08:00,1785729600000,SOL-USDT,15m,72.91,73.01,72.85,72.94,2766.607453,201755.34141876,201755.34141876,1
2026-08-03 12:15:00+08:00,2026-08-03 12:30:00+08:00,1785730500000,SOL-USDT,15m,72.93,73.07,72.93,72.95,1220.212076,89090.22083118,89090.22083118,1
2026-08-03 12:30:00+08:00,2026-08-03 12:45:00+08:00,1785731400000,SOL-USDT,15m,72.95,73.08,72.95,73.06,1982.693658,144822.75072787,144822.75072787,1
2026-08-03 12:45:00+08:00,2026-08-03 13:00:00+08:00,1785732300000,SOL-USDT,15m,73.07,73.07,72.86,72.86,1176.061461,85765.25773354,85765.25773354,1
2026-08-03 13:00:00+08:00,2026-08-03 13:15:00+08:00,1785733200000,SOL-USDT,15m,72.86,73.07,72.84,73.03,2123.81268,154963.95416373,154963.95416373,1
2026-08-03 13:15:00+08:00,2026-08-03 13:30:00+08:00,1785734100000,SOL-USDT,15m,73.03,73.04,72.9,72.91,4333.48708,316256.31649088,316256.31649088,1
2026-08-03 13:30:00+08:00,2026-08-03 13:45:00+08:00,1785735000000,SOL-USDT,15m,72.91,72.94,72.84,72.85,1882.172233,137182.18212996,137182.18212996,1
2026-08-03 13:45:00+08:00,2026-08-03 14:00:00+08:00,1785735900000,SOL-USDT,15m,72.84,72.93,72.83,72.93,1429.851011,104213.17810168,104213.17810168,1
2026-08-03 14:00:00+08:00,2026-08-03 14:15:00+08:00,1785736800000,SOL-USDT,15m,72.93,72.99,72.91,72.94,1656.612412,120838.38877043,120838.38877043,1
2026-08-03 14:15:00+08:00,2026-08-03 14:30:00+08:00,1785737700000,SOL-USDT,15m,72.94,72.95,72.85,72.87,809.148397,58979.29996746,58979.29996746,1
2026-08-03 14:30:00+08:00,2026-08-03 14:45:00+08:00,1785738600000,SOL-USDT,15m,72.86,72.88,72.56,72.57,3254.034876,236543.63888547,236543.63888547,1
2026-08-03 14:45:00+08:00,2026-08-03 15:00:00+08:00,1785739500000,SOL-USDT,15m,72.56,72.7,72.53,72.61,3613.923979,262396.97987063,262396.97987063,1
2026-08-03 15:00:00+08:00,2026-08-03 15:15:00+08:00,1785740400000,SOL-USDT,15m,72.62,72.65,72.55,72.55,3589.888729,260606.31481525,260606.31481525,1
2026-08-03 15:15:00+08:00,2026-08-03 15:30:00+08:00,1785741300000,SOL-USDT,15m,72.54,72.63,72.44,72.62,5531.630605,401103.33529583,401103.33529583,1
2026-08-03 15:30:00+08:00,2026-08-03 15:45:00+08:00,1785742200000,SOL-USDT,15m,72.61,72.7,72.55,72.56,2873.414743,208666.14637654,208666.14637654,1
2026-08-03 15:45:00+08:00,2026-08-03 16:00:00+08:00,1785743100000,SOL-USDT,15m,72.57,72.6,72.5,72.54,2437.872889,176867.79924865,176867.79924865,1
2026-08-03 16:00:00+08:00,2026-08-03 16:15:00+08:00,1785744000000,SOL-USDT,15m,72.53,72.58,72.45,72.52,2621.90252,190064.32870461,190064.32870461,1
2026-08-03 16:15:00+08:00,2026-08-03 16:30:00+08:00,1785744900000,SOL-USDT,15m,72.53,72.53,72.02,72.08,15079.406826,1089131.05712013,1089131.05712013,1
2026-08-03 16:30:00+08:00,2026-08-03 16:45:00+08:00,1785745800000,SOL-USDT,15m,72.08,72.25,72,72.24,6105.671594,440339.47928387,440339.47928387,1
2026-08-03 16:45:00+08:00,2026-08-03 17:00:00+08:00,1785746700000,SOL-USDT,15m,72.24,72.4,72.2,72.37,2352.382118,170071.36587277,170071.36587277,1
2026-08-03 17:00:00+08:00,2026-08-03 17:15:00+08:00,1785747600000,SOL-USDT,15m,72.38,72.4,72.34,72.37,3816.632601,276227.15767097,276227.15767097,1
2026-08-03 17:15:00+08:00,2026-08-03 17:30:00+08:00,1785748500000,SOL-USDT,15m,72.36,72.48,72.36,72.47,4837.008087,350410.79274943,350410.79274943,1
2026-08-03 17:30:00+08:00,2026-08-03 17:45:00+08:00,1785749400000,SOL-USDT,15m,72.46,72.57,72.46,72.56,3236.140843,234655.86882847,234655.86882847,1
2026-08-03 17:45:00+08:00,2026-08-03 18:00:00+08:00,1785750300000,SOL-USDT,15m,72.56,72.8,72.55,72.75,4545.947351,330404.20844994,330404.20844994,1
2026-08-03 18:00:00+08:00,2026-08-03 18:15:00+08:00,1785751200000,SOL-USDT,15m,72.74,72.81,72.67,72.68,2243.961244,163150.35517793,163150.35517793,1
2026-08-03 18:15:00+08:00,2026-08-03 18:30:00+08:00,1785752100000,SOL-USDT,15m,72.68,72.75,72.61,72.61,3434.506917,249639.72958779,249639.72958779,1
2026-08-03 18:30:00+08:00,2026-08-03 18:45:00+08:00,1785753000000,SOL-USDT,15m,72.62,72.67,72.57,72.67,1765.816634,128224.47332543,128224.47332543,1
2026-08-03 18:45:00+08:00,2026-08-03 19:00:00+08:00,1785753900000,SOL-USDT,15m,72.67,72.68,72.52,72.63,2157.556486,156639.98154827,156639.98154827,1
2026-08-03 19:00:00+08:00,2026-08-03 19:15:00+08:00,1785754800000,SOL-USDT,15m,72.63,72.63,72.4,72.46,2590.880456,187789.39165854,187789.39165854,1
2026-08-03 19:15:00+08:00,2026-08-03 19:30:00+08:00,1785755700000,SOL-USDT,15m,72.45,72.62,72.44,72.49,3153.344439,228736.91354583,228736.91354583,1
2026-08-03 19:30:00+08:00,2026-08-03 19:45:00+08:00,1785756600000,SOL-USDT,15m,72.49,72.66,72.48,72.57,1114.889548,80920.22862348,80920.22862348,1
2026-08-03 19:45:00+08:00,2026-08-03 20:00:00+08:00,1785757500000,SOL-USDT,15m,72.57,72.58,72.42,72.46,1538.143759,111488.12949797,111488.12949797,1
2026-08-03 20:00:00+08:00,2026-08-03 20:15:00+08:00,1785758400000,SOL-USDT,15m,72.46,72.52,72.34,72.51,3644.349568,263965.35932295,263965.35932295,1
2026-08-03 20:15:00+08:00,2026-08-03 20:30:00+08:00,1785759300000,SOL-USDT,15m,72.5,72.57,72.45,72.48,1918.725179,139121.25182666,139121.25182666,1
2026-08-03 20:30:00+08:00,2026-08-03 20:45:00+08:00,1785760200000,SOL-USDT,15m,72.48,72.51,72.43,72.51,2836.507971,205530.35671956,205530.35671956,1
2026-08-03 20:45:00+08:00,2026-08-03 21:00:00+08:00,1785761100000,SOL-USDT,15m,72.52,72.54,72.42,72.43,1529.00065,110810.11427602,110810.11427602,1
2026-08-03 21:00:00+08:00,2026-08-03 21:15:00+08:00,1785762000000,SOL-USDT,15m,72.43,72.49,72.4,72.46,6091.590234,441313.31115867,441313.31115867,1
2026-08-03 21:15:00+08:00,2026-08-03 21:30:00+08:00,1785762900000,SOL-USDT,15m,72.46,72.77,72.45,72.5,3254.993341,236512.20396371,236512.20396371,1
2026-08-03 21:30:00+08:00,2026-08-03 21:45:00+08:00,1785763800000,SOL-USDT,15m,72.51,72.89,72.33,72.8,7234.773276,525882.61223428,525882.61223428,1
2026-08-03 21:45:00+08:00,2026-08-03 22:00:00+08:00,1785764700000,SOL-USDT,15m,72.8,73.29,72.67,73.28,13122.999178,958237.60701231,958237.60701231,1
2026-08-03 22:00:00+08:00,2026-08-03 22:15:00+08:00,1785765600000,SOL-USDT,15m,73.27,73.36,73.07,73.16,7431.455851,544056.79280481,544056.79280481,1
2026-08-03 22:15:00+08:00,2026-08-03 22:30:00+08:00,1785766500000,SOL-USDT,15m,73.17,73.69,73.03,73.65,11175.4422,819644.747799,819644.747799,1
2026-08-03 22:30:00+08:00,2026-08-03 22:45:00+08:00,1785767400000,SOL-USDT,15m,73.66,73.73,73.49,73.6,8987.313291,661580.85655871,661580.85655871,1
2026-08-03 22:45:00+08:00,2026-08-03 23:00:00+08:00,1785768300000,SOL-USDT,15m,73.61,73.81,73.45,73.79,11975.811481,881905.81267024,881905.81267024,1
2026-08-03 23:00:00+08:00,2026-08-03 23:15:00+08:00,1785769200000,SOL-USDT,15m,73.79,73.83,73.47,73.57,9728.234318,716248.78643083,716248.78643083,1
2026-08-03 23:15:00+08:00,2026-08-03 23:30:00+08:00,1785770100000,SOL-USDT,15m,73.57,73.72,73.55,73.62,7454.154115,548830.43911498,548830.43911498,1
2026-08-03 23:30:00+08:00,2026-08-03 23:45:00+08:00,1785771000000,SOL-USDT,15m,73.62,73.74,73.53,73.61,3942.135483,290207.17946244,290207.17946244,1
2026-08-03 23:45:00+08:00,2026-08-04 00:00:00+08:00,1785771900000,SOL-USDT,15m,73.61,73.71,73.47,73.62,5499.564309,404732.90928512,404732.90928512,1
2026-08-04 00:00:00+08:00,2026-08-04 00:15:00+08:00,1785772800000,SOL-USDT,15m,73.62,73.82,73.48,73.6,7073.176981,520770.48747164,520770.48747164,1
2026-08-04 00:15:00+08:00,2026-08-04 00:30:00+08:00,1785773700000,SOL-USDT,15m,73.6,73.73,73.55,73.57,5400.540368,397640.45899061,397640.45899061,1
2026-08-04 00:30:00+08:00,2026-08-04 00:45:00+08:00,1785774600000,SOL-USDT,15m,73.57,73.58,73.23,73.32,6133.814507,450254.8239166,450254.8239166,1
2026-08-04 00:45:00+08:00,2026-08-04 01:00:00+08:00,1785775500000,SOL-USDT,15m,73.33,73.53,73.32,73.43,3291.204502,241639.84846454,241639.84846454,1
2026-08-04 01:00:00+08:00,2026-08-04 01:15:00+08:00,1785776400000,SOL-USDT,15m,73.43,73.67,73.32,73.62,3999.33229,293964.57151875,293964.57151875,1
2026-08-04 01:15:00+08:00,2026-08-04 01:30:00+08:00,1785777300000,SOL-USDT,15m,73.62,73.86,73.53,73.64,8476.548548,624648.61639457,624648.61639457,1
2026-08-04 01:30:00+08:00,2026-08-04 01:45:00+08:00,1785778200000,SOL-USDT,15m,73.63,73.8,73.58,73.73,2762.603934,203552.48671052,203552.48671052,1
2026-08-04 01:45:00+08:00,2026-08-04 02:00:00+08:00,1785779100000,SOL-USDT,15m,73.73,73.8,73.62,73.7,4237.787375,312224.99115946,312224.99115946,1
2026-08-04 02:00:00+08:00,2026-08-04 02:15:00+08:00,1785780000000,SOL-USDT,15m,73.7,74.12,73.7,74.09,23501.993723,1737779.51125846,1737779.51125846,1
2026-08-04 02:15:00+08:00,2026-08-04 02:30:00+08:00,1785780900000,SOL-USDT,15m,74.1,74.3,73.97,73.98,8035.1436,595942.05482708,595942.05482708,1
2026-08-04 02:30:00+08:00,2026-08-04 02:45:00+08:00,1785781800000,SOL-USDT,15m,74,74.1,73.94,73.98,2770.788279,205039.99160874,205039.99160874,1
2026-08-04 02:45:00+08:00,2026-08-04 03:00:00+08:00,1785782700000,SOL-USDT,15m,73.98,74.09,73.89,73.99,4362.734026,322862.66792834,322862.66792834,1
2026-08-04 03:00:00+08:00,2026-08-04 03:15:00+08:00,1785783600000,SOL-USDT,15m,73.99,74.1,73.96,74.04,3998.870798,296006.78866716,296006.78866716,1
2026-08-04 03:15:00+08:00,2026-08-04 03:30:00+08:00,1785784500000,SOL-USDT,15m,74.04,74.16,74.02,74.1,2606.128263,193071.81274563,193071.81274563,1
2026-08-04 03:30:00+08:00,2026-08-04 03:45:00+08:00,1785785400000,SOL-USDT,15m,74.11,74.2,74,74.06,2163.762314,160342.01446491,160342.01446491,1
2026-08-04 03:45:00+08:00,2026-08-04 04:00:00+08:00,1785786300000,SOL-USDT,15m,74.07,74.14,74.01,74.04,3484.16872,258086.18105949,258086.18105949,1
2026-08-04 04:00:00+08:00,2026-08-04 04:15:00+08:00,1785787200000,SOL-USDT,15m,74.04,74.07,73.92,74.02,3800.635428,281282.16614307,281282.16614307,1
2026-08-04 04:15:00+08:00,2026-08-04 04:30:00+08:00,1785788100000,SOL-USDT,15m,74.02,74.15,74,74.02,2792.145648,206797.63206161,206797.63206161,1
2026-08-04 04:30:00+08:00,2026-08-04 04:45:00+08:00,1785789000000,SOL-USDT,15m,74.02,74.04,73.97,73.99,1403.891964,103902.17158176,103902.17158176,1
2026-08-04 04:45:00+08:00,2026-08-04 05:00:00+08:00,1785789900000,SOL-USDT,15m,74,74,73.78,73.86,5183.151174,383173.76818463,383173.76818463,1
2026-08-04 05:00:00+08:00,2026-08-04 05:15:00+08:00,1785790800000,SOL-USDT,15m,73.86,73.89,73.75,73.78,813.259023,60021.14006695,60021.14006695,1
2026-08-04 05:15:00+08:00,2026-08-04 05:30:00+08:00,1785791700000,SOL-USDT,15m,73.79,73.85,73.73,73.8,1687.016148,124462.33609991,124462.33609991,1
2026-08-04 05:30:00+08:00,2026-08-04 05:45:00+08:00,1785792600000,SOL-USDT,15m,73.79,73.83,73.77,73.8,1888.769209,139393.18423219,139393.18423219,1
2026-08-04 05:45:00+08:00,2026-08-04 06:00:00+08:00,1785793500000,SOL-USDT,15m,73.79,73.79,73.67,73.72,971.02503,71592.93422325,71592.93422325,1
2026-08-04 06:00:00+08:00,2026-08-04 06:15:00+08:00,1785794400000,SOL-USDT,15m,73.72,73.74,73.38,73.54,3600.564212,264687.08684009,264687.08684009,1
2026-08-04 06:15:00+08:00,2026-08-04 06:30:00+08:00,1785795300000,SOL-USDT,15m,73.56,73.72,73.54,73.57,1063.152016,78268.79085342,78268.79085342,1
2026-08-04 06:30:00+08:00,2026-08-04 06:45:00+08:00,1785796200000,SOL-USDT,15m,73.57,73.58,73.42,73.44,941.832647,69230.81318784,69230.81318784,1
2026-08-04 06:45:00+08:00,2026-08-04 07:00:00+08:00,1785797100000,SOL-USDT,15m,73.43,73.57,73.42,73.54,751.107725,55215.02977017,55215.02977017,1
2026-08-04 07:00:00+08:00,2026-08-04 07:15:00+08:00,1785798000000,SOL-USDT,15m,73.55,73.55,73.4,73.43,3240.419872,238017.4677193,238017.4677193,1
2026-08-04 07:15:00+08:00,2026-08-04 07:30:00+08:00,1785798900000,SOL-USDT,15m,73.43,73.52,73.42,73.52,786.389326,57778.08515254,57778.08515254,1
2026-08-04 07:30:00+08:00,2026-08-04 07:45:00+08:00,1785799800000,SOL-USDT,15m,73.52,73.52,73.41,73.5,1068.205917,78467.60492656,78467.60492656,1
2026-08-04 07:45:00+08:00,2026-08-04 08:00:00+08:00,1785800700000,SOL-USDT,15m,73.49,73.57,73.48,73.57,685.126381,50377.97094436,50377.97094436,1
2026-08-04 08:00:00+08:00,2026-08-04 08:15:00+08:00,1785801600000,SOL-USDT,15m,73.57,73.64,73.46,73.54,2453.498924,180413.70657591,180413.70657591,1
2026-08-04 08:15:00+08:00,2026-08-04 08:30:00+08:00,1785802500000,SOL-USDT,15m,73.54,73.59,73.43,73.48,2197.436003,161534.48957176,161534.48957176,1
2026-08-04 08:30:00+08:00,2026-08-04 08:45:00+08:00,1785803400000,SOL-USDT,15m,73.47,73.47,73.08,73.22,5512.940983,403770.67811167,403770.67811167,1
2026-08-04 08:45:00+08:00,2026-08-04 09:00:00+08:00,1785804300000,SOL-USDT,15m,73.23,73.26,73.05,73.08,2984.300222,218220.77184421,218220.77184421,1
2026-08-04 09:00:00+08:00,2026-08-04 09:15:00+08:00,1785805200000,SOL-USDT,15m,73.09,73.22,73.05,73.13,2069.827544,151352.29564752,151352.29564752,1
2026-08-04 09:15:00+08:00,2026-08-04 09:30:00+08:00,1785806100000,SOL-USDT,15m,73.13,73.27,73.09,73.21,1474.501513,107914.47446799,107914.47446799,1
2026-08-04 09:30:00+08:00,2026-08-04 09:45:00+08:00,1785807000000,SOL-USDT,15m,73.21,73.77,73.21,73.7,6139.99756,451939.69947795,451939.69947795,1
2026-08-04 09:45:00+08:00,2026-08-04 10:00:00+08:00,1785807900000,SOL-USDT,15m,73.71,73.79,73.61,73.79,5454.593878,402179.60789624,402179.60789624,1
2026-08-04 10:00:00+08:00,2026-08-04 10:15:00+08:00,1785808800000,SOL-USDT,15m,73.8,73.85,73.72,73.79,2301.311029,169839.72818522,169839.72818522,1
2026-08-04 10:15:00+08:00,2026-08-04 10:30:00+08:00,1785809700000,SOL-USDT,15m,73.78,73.84,73.69,73.76,1332.653375,98295.17019897,98295.17019897,1
2026-08-04 10:30:00+08:00,2026-08-04 10:45:00+08:00,1785810600000,SOL-USDT,15m,73.76,74.13,73.76,73.98,7836.624042,579750.12103747,579750.12103747,1
2026-08-04 10:45:00+08:00,2026-08-04 11:00:00+08:00,1785811500000,SOL-USDT,15m,73.98,74,73.86,73.88,1591.485759,117662.20877868,117662.20877868,1
2026-08-04 11:00:00+08:00,2026-08-04 11:15:00+08:00,1785812400000,SOL-USDT,15m,73.89,73.91,73.59,73.6,6799.21751,501232.7660331,501232.7660331,1
2026-08-04 11:15:00+08:00,2026-08-04 11:30:00+08:00,1785813300000,SOL-USDT,15m,73.61,73.61,73.44,73.56,9713.976713,714000.00247404,714000.00247404,1
2026-08-04 11:30:00+08:00,2026-08-04 11:45:00+08:00,1785814200000,SOL-USDT,15m,73.58,73.76,73.58,73.73,938.357483,69149.59756085,69149.59756085,1
2026-08-04 11:45:00+08:00,2026-08-04 12:00:00+08:00,1785815100000,SOL-USDT,15m,73.73,73.8,73.69,73.7,869.490109,64117.77525911,64117.77525911,1
2026-08-04 12:00:00+08:00,2026-08-04 12:15:00+08:00,1785816000000,SOL-USDT,15m,73.7,73.72,73.6,73.66,2250.614684,165779.07399572,165779.07399572,1
2026-08-04 12:15:00+08:00,2026-08-04 12:30:00+08:00,1785816900000,SOL-USDT,15m,73.66,73.82,73.65,73.71,1465.067249,108067.81498157,108067.81498157,1
2026-08-04 12:30:00+08:00,2026-08-04 12:45:00+08:00,1785817800000,SOL-USDT,15m,73.71,73.94,73.71,73.93,2330.07863,172078.10081364,172078.10081364,1
2026-08-04 12:45:00+08:00,2026-08-04 13:00:00+08:00,1785818700000,SOL-USDT,15m,73.93,74.1,73.83,73.84,15150.137942,1120089.77857957,1120089.77857957,1
2026-08-04 13:00:00+08:00,2026-08-04 13:15:00+08:00,1785819600000,SOL-USDT,15m,73.84,73.89,73.72,73.73,2813.928298,207715.22020458,207715.22020458,1
2026-08-04 13:15:00+08:00,2026-08-04 13:30:00+08:00,1785820500000,SOL-USDT,15m,73.72,73.82,73.71,73.74,1632.250284,120414.98135741,120414.98135741,1
2026-08-04 13:30:00+08:00,2026-08-04 13:45:00+08:00,1785821400000,SOL-USDT,15m,73.75,73.82,73.74,73.8,1668.373637,123095.7413439,123095.7413439,1
2026-08-04 13:45:00+08:00,2026-08-04 14:00:00+08:00,1785822300000,SOL-USDT,15m,73.79,73.8,73.74,73.74,951.324125,70173.36914925,70173.36914925,1
2026-08-04 14:00:00+08:00,2026-08-04 14:15:00+08:00,1785823200000,SOL-USDT,15m,73.75,73.84,73.69,73.81,2861.608792,211079.2897811,211079.2897811,1
2026-08-04 14:15:00+08:00,2026-08-04 14:30:00+08:00,1785824100000,SOL-USDT,15m,73.8,73.93,73.68,73.7,5660.967858,417989.65246872,417989.65246872,1
2026-08-04 14:30:00+08:00,2026-08-04 14:45:00+08:00,1785825000000,SOL-USDT,15m,73.69,73.72,73.42,73.44,6444.285768,474108.360292,474108.360292,1
2026-08-04 14:45:00+08:00,2026-08-04 15:00:00+08:00,1785825900000,SOL-USDT,15m,73.44,73.47,73.4,73.43,2586.140455,189903.30049847,189903.30049847,1
2026-08-04 15:00:00+08:00,2026-08-04 15:15:00+08:00,1785826800000,SOL-USDT,15m,73.44,73.52,73.37,73.39,7358.817316,540642.04636652,540642.04636652,1
2026-08-04 15:15:00+08:00,2026-08-04 15:30:00+08:00,1785827700000,SOL-USDT,15m,73.38,73.41,73.21,73.41,3925.234057,287804.42290391,287804.42290391,1
2026-08-04 15:30:00+08:00,2026-08-04 15:45:00+08:00,1785828600000,SOL-USDT,15m,73.41,73.66,73.4,73.56,4874.712072,358523.13416672,358523.13416672,1
2026-08-04 15:45:00+08:00,2026-08-04 16:00:00+08:00,1785829500000,SOL-USDT,15m,73.57,73.75,73.57,73.69,2464.105146,181605.7624248,181605.7624248,1
2026-08-04 16:00:00+08:00,2026-08-04 16:15:00+08:00,1785830400000,SOL-USDT,15m,73.7,73.77,73.56,73.56,3693.471701,272119.33479315,272119.33479315,1
2026-08-04 16:15:00+08:00,2026-08-04 16:30:00+08:00,1785831300000,SOL-USDT,15m,73.56,73.56,73.37,73.46,3119.295768,229133.30294042,229133.30294042,1
2026-08-04 16:30:00+08:00,2026-08-04 16:45:00+08:00,1785832200000,SOL-USDT,15m,73.44,73.46,73.3,73.46,2183.700125,160223.94074065,160223.94074065,1
2026-08-04 16:45:00+08:00,2026-08-04 17:00:00+08:00,1785833100000,SOL-USDT,15m,73.45,73.46,73.34,73.37,1637.533243,120167.47275006,120167.47275006,1
2026-08-04 17:00:00+08:00,2026-08-04 17:15:00+08:00,1785834000000,SOL-USDT,15m,73.37,73.37,73.25,73.25,1492.702431,109393.67048307,109393.67048307,1
2026-08-04 17:15:00+08:00,2026-08-04 17:30:00+08:00,1785834900000,SOL-USDT,15m,73.24,73.3,73.17,73.26,3359.507928,246078.53635313,246078.53635313,1
2026-08-04 17:30:00+08:00,2026-08-04 17:45:00+08:00,1785835800000,SOL-USDT,15m,73.25,73.32,73.2,73.28,1655.517398,121289.67037985,121289.67037985,1
2026-08-04 17:45:00+08:00,2026-08-04 18:00:00+08:00,1785836700000,SOL-USDT,15m,73.27,73.31,73.23,73.31,1374.360831,100682.18229837,100682.18229837,1
2026-08-04 18:00:00+08:00,2026-08-04 18:15:00+08:00,1785837600000,SOL-USDT,15m,73.31,73.33,73.18,73.21,1057.908559,77474.47264641,77474.47264641,1
2026-08-04 18:15:00+08:00,2026-08-04 18:30:00+08:00,1785838500000,SOL-USDT,15m,73.2,73.31,73.09,73.13,2287.053535,167336.51264153,167336.51264153,1
2026-08-04 18:30:00+08:00,2026-08-04 18:45:00+08:00,1785839400000,SOL-USDT,15m,73.13,73.38,73.11,73.38,2933.334984,214740.27460959,214740.27460959,1
2026-08-04 18:45:00+08:00,2026-08-04 19:00:00+08:00,1785840300000,SOL-USDT,15m,73.37,73.72,73.34,73.61,8612.085786,633434.49566957,633434.49566957,1
2026-08-04 19:00:00+08:00,2026-08-04 19:15:00+08:00,1785841200000,SOL-USDT,15m,73.62,73.68,73.55,73.6,2831.82858,208398.7289144,208398.7289144,1
2026-08-04 19:15:00+08:00,2026-08-04 19:30:00+08:00,1785842100000,SOL-USDT,15m,73.6,73.75,73.54,73.73,2684.290038,197657.20252363,197657.20252363,1
2026-08-04 19:30:00+08:00,2026-08-04 19:45:00+08:00,1785843000000,SOL-USDT,15m,73.73,73.86,73.68,73.83,1362.884977,100486.27948544,100486.27948544,1
2026-08-04 19:45:00+08:00,2026-08-04 20:00:00+08:00,1785843900000,SOL-USDT,15m,73.82,73.99,73.8,73.95,11708.970194,865026.95131445,865026.95131445,1
2026-08-04 20:00:00+08:00,2026-08-04 20:15:00+08:00,1785844800000,SOL-USDT,15m,73.95,73.96,73.8,73.8,2300.629623,169941.59848969,169941.59848969,1
2026-08-04 20:15:00+08:00,2026-08-04 20:30:00+08:00,1785845700000,SOL-USDT,15m,73.81,73.94,73.76,73.92,3407.529209,251635.61115063,251635.61115063,1
2026-08-04 20:30:00+08:00,2026-08-04 20:45:00+08:00,1785846600000,SOL-USDT,15m,73.93,74.09,73.86,73.98,6047.979055,447475.50662987,447475.50662987,1
2026-08-04 20:45:00+08:00,2026-08-04 21:00:00+08:00,1785847500000,SOL-USDT,15m,73.98,73.98,73.82,73.82,2172.953983,160526.43504445,160526.43504445,1
2026-08-04 21:00:00+08:00,2026-08-04 21:15:00+08:00,1785848400000,SOL-USDT,15m,73.83,73.9,73.72,73.85,3307.590664,244162.77805546,244162.77805546,1
2026-08-04 21:15:00+08:00,2026-08-04 21:30:00+08:00,1785849300000,SOL-USDT,15m,73.85,73.97,73.73,73.86,6035.469891,445757.58359605,445757.58359605,1
2026-08-04 21:30:00+08:00,2026-08-04 21:45:00+08:00,1785850200000,SOL-USDT,15m,73.86,74.06,73.78,73.95,8902.01992,658600.89359576,658600.89359576,1
2026-08-04 21:45:00+08:00,2026-08-04 22:00:00+08:00,1785851100000,SOL-USDT,15m,73.97,73.98,73.6,73.63,7098.566532,523696.73129573,523696.73129573,1
2026-08-04 22:00:00+08:00,2026-08-04 22:15:00+08:00,1785852000000,SOL-USDT,15m,73.65,73.85,73.45,73.63,11261.822872,829213.65297164,829213.65297164,1
2026-08-04 22:15:00+08:00,2026-08-04 22:30:00+08:00,1785852900000,SOL-USDT,15m,73.65,73.68,73.34,73.56,8615.073972,633038.700891,633038.700891,1
2026-08-04 22:30:00+08:00,2026-08-04 22:45:00+08:00,1785853800000,SOL-USDT,15m,73.56,73.92,73.53,73.87,8220.847293,605860.17015221,605860.17015221,1
2026-08-04 22:45:00+08:00,2026-08-04 23:00:00+08:00,1785854700000,SOL-USDT,15m,73.87,73.91,73.73,73.84,4030.65624,297507.77950124,297507.77950124,1
2026-08-04 23:00:00+08:00,2026-08-04 23:15:00+08:00,1785855600000,SOL-USDT,15m,73.84,74.02,73.73,73.86,4980.164847,367991.59230172,367991.59230172,1
2026-08-04 23:15:00+08:00,2026-08-04 23:30:00+08:00,1785856500000,SOL-USDT,15m,73.86,73.88,73.6,73.63,5581.168167,411831.78810149,411831.78810149,1
2026-08-04 23:30:00+08:00,2026-08-04 23:45:00+08:00,1785857400000,SOL-USDT,15m,73.62,73.93,73.42,73.92,6825.506871,502160.36185625,502160.36185625,1
2026-08-04 23:45:00+08:00,2026-08-05 00:00:00+08:00,1785858300000,SOL-USDT,15m,73.92,74.21,73.91,73.99,10520.57544,779228.90113108,779228.90113108,1
2026-08-05 00:00:00+08:00,2026-08-05 00:15:00+08:00,1785859200000,SOL-USDT,15m,74,74.02,73.8,73.89,7454.120511,550951.70451358,550951.70451358,1
2026-08-05 00:15:00+08:00,2026-08-05 00:30:00+08:00,1785860100000,SOL-USDT,15m,73.9,74.01,73.84,73.86,2909.783099,215125.38553509,215125.38553509,1
2026-08-05 00:30:00+08:00,2026-08-05 00:45:00+08:00,1785861000000,SOL-USDT,15m,73.86,73.92,73.66,73.74,1748.191668,129016.214009,129016.214009,1
2026-08-05 00:45:00+08:00,2026-08-05 01:00:00+08:00,1785861900000,SOL-USDT,15m,73.74,73.81,73.61,73.74,3612.387923,266200.73847956,266200.73847956,1
2026-08-05 01:00:00+08:00,2026-08-05 01:15:00+08:00,1785862800000,SOL-USDT,15m,73.75,74.24,73.72,74.05,5752.731806,425979.11293628,425979.11293628,1
2026-08-05 01:15:00+08:00,2026-08-05 01:30:00+08:00,1785863700000,SOL-USDT,15m,74.06,74.14,73.95,74.12,3710.598222,274686.08072119,274686.08072119,1
2026-08-05 01:30:00+08:00,2026-08-05 01:45:00+08:00,1785864600000,SOL-USDT,15m,74.12,74.14,74.03,74.07,1913.137914,141773.52631536,141773.52631536,1
2026-08-05 01:45:00+08:00,2026-08-05 02:00:00+08:00,1785865500000,SOL-USDT,15m,74.07,74.1,73.75,73.78,4426.293571,326974.99129326,326974.99129326,1
2026-08-05 02:00:00+08:00,2026-08-05 02:15:00+08:00,1785866400000,SOL-USDT,15m,73.78,74.14,73.78,74.13,2982.6256,220765.12030146,220765.12030146,1
2026-08-05 02:15:00+08:00,2026-08-05 02:30:00+08:00,1785867300000,SOL-USDT,15m,74.14,74.39,74.11,74.31,14646.311129,1088118.42903113,1088118.42903113,1
2026-08-05 02:30:00+08:00,2026-08-05 02:45:00+08:00,1785868200000,SOL-USDT,15m,74.32,74.34,74.06,74.17,5055.672013,375036.00884923,375036.00884923,1
2026-08-05 02:45:00+08:00,2026-08-05 03:00:00+08:00,1785869100000,SOL-USDT,15m,74.17,74.24,74.13,74.17,3098.401146,229815.97048274,229815.97048274,1
2026-08-05 03:00:00+08:00,2026-08-05 03:15:00+08:00,1785870000000,SOL-USDT,15m,74.17,74.37,74.12,74.36,4198.92471,311627.52121165,311627.52121165,1
2026-08-05 03:15:00+08:00,2026-08-05 03:30:00+08:00,1785870900000,SOL-USDT,15m,74.37,74.4,74.16,74.17,1408.728793,104623.35694262,104623.35694262,1
2026-08-05 03:30:00+08:00,2026-08-05 03:45:00+08:00,1785871800000,SOL-USDT,15m,74.18,74.37,74.17,74.27,4218.094032,313226.04310658,313226.04310658,1
2026-08-05 03:45:00+08:00,2026-08-05 04:00:00+08:00,1785872700000,SOL-USDT,15m,74.27,74.3,74.13,74.19,5445.065248,404173.42286542,404173.42286542,1
2026-08-05 04:00:00+08:00,2026-08-05 04:15:00+08:00,1785873600000,SOL-USDT,15m,74.21,74.24,74.08,74.24,6551.116607,485791.26193433,485791.26193433,1
2026-08-05 04:15:00+08:00,2026-08-05 04:30:00+08:00,1785874500000,SOL-USDT,15m,74.23,74.23,73.89,74.1,5810.999385,430370.32552028,430370.32552028,1
2026-08-05 04:30:00+08:00,2026-08-05 04:45:00+08:00,1785875400000,SOL-USDT,15m,74.1,74.47,74.08,74.42,5304.333805,394272.05980423,394272.05980423,1
2026-08-05 04:45:00+08:00,2026-08-05 05:00:00+08:00,1785876300000,SOL-USDT,15m,74.41,74.42,74.2,74.28,6688.565394,496937.05012067,496937.05012067,1
2026-08-05 05:00:00+08:00,2026-08-05 05:15:00+08:00,1785877200000,SOL-USDT,15m,74.28,74.29,74.04,74.05,13789.36768,1023605.93719105,1023605.93719105,1
2026-08-05 05:15:00+08:00,2026-08-05 05:30:00+08:00,1785878100000,SOL-USDT,15m,74.07,74.18,74.03,74.07,1096.634161,81277.9582028,81277.9582028,1
2026-08-05 05:30:00+08:00,2026-08-05 05:45:00+08:00,1785879000000,SOL-USDT,15m,74.07,74.16,74.05,74.09,1410.463194,104498.93225302,104498.93225302,1
2026-08-05 05:45:00+08:00,2026-08-05 06:00:00+08:00,1785879900000,SOL-USDT,15m,74.09,74.16,74.06,74.14,2050.280029,151942.22065857,151942.22065857,1
2026-08-05 06:00:00+08:00,2026-08-05 06:15:00+08:00,1785880800000,SOL-USDT,15m,74.15,74.17,73.98,74.14,1296.888368,96079.93144924,96079.93144924,1
2026-08-05 06:15:00+08:00,2026-08-05 06:30:00+08:00,1785881700000,SOL-USDT,15m,74.14,74.2,74.09,74.16,772.074109,57248.08921294,57248.08921294,1
2026-08-05 06:30:00+08:00,2026-08-05 06:45:00+08:00,1785882600000,SOL-USDT,15m,74.16,74.23,74.07,74.08,1564.757493,116058.55186925,116058.55186925,1
2026-08-05 06:45:00+08:00,2026-08-05 07:00:00+08:00,1785883500000,SOL-USDT,15m,74.08,74.11,74.01,74.1,457.005359,33846.16241682,33846.16241682,1
2026-08-05 07:00:00+08:00,2026-08-05 07:15:00+08:00,1785884400000,SOL-USDT,15m,74.11,74.27,73.97,74.23,3643.010267,270172.7617131,270172.7617131,1
2026-08-05 07:15:00+08:00,2026-08-05 07:30:00+08:00,1785885300000,SOL-USDT,15m,74.24,74.29,73.9,73.91,3409.288786,252431.97946892,252431.97946892,1
2026-08-05 07:30:00+08:00,2026-08-05 07:45:00+08:00,1785886200000,SOL-USDT,15m,73.91,73.95,73.79,73.88,4740.869521,350216.19367261,350216.19367261,1
2026-08-05 07:45:00+08:00,2026-08-05 08:00:00+08:00,1785887100000,SOL-USDT,15m,73.88,73.9,73.75,73.76,2772.929201,204639.11934431,204639.11934431,1
2026-08-05 08:00:00+08:00,2026-08-05 08:15:00+08:00,1785888000000,SOL-USDT,15m,73.75,73.81,73.63,73.66,3164.394495,233187.11890355,233187.11890355,1
2026-08-05 08:15:00+08:00,2026-08-05 08:30:00+08:00,1785888900000,SOL-USDT,15m,73.67,73.69,73.57,73.64,2979.552054,219396.35881348,219396.35881348,1
2026-08-05 08:30:00+08:00,2026-08-05 08:45:00+08:00,1785889800000,SOL-USDT,15m,73.65,73.8,73.52,73.58,3432.047097,252785.82242554,252785.82242554,1
2026-08-05 08:45:00+08:00,2026-08-05 09:00:00+08:00,1785890700000,SOL-USDT,15m,73.57,73.63,73.48,73.53,1477.43479,108635.8068009,108635.8068009,1
2026-08-05 09:00:00+08:00,2026-08-05 09:15:00+08:00,1785891600000,SOL-USDT,15m,73.52,73.61,73.4,73.57,2339.706899,171936.38973404,171936.38973404,1
2026-08-05 09:15:00+08:00,2026-08-05 09:30:00+08:00,1785892500000,SOL-USDT,15m,73.56,73.73,73.5,73.72,2569.094112,189069.52600795,189069.52600795,1
2026-08-05 09:30:00+08:00,2026-08-05 09:45:00+08:00,1785893400000,SOL-USDT,15m,73.73,74.09,73.72,73.91,3176.312397,234721.9787768,234721.9787768,1
2026-08-05 09:45:00+08:00,2026-08-05 10:00:00+08:00,1785894300000,SOL-USDT,15m,73.91,74.12,73.91,74.11,4837.86012,358117.12843693,358117.12843693,1
2026-08-05 10:00:00+08:00,2026-08-05 10:15:00+08:00,1785895200000,SOL-USDT,15m,74.12,74.38,74.08,74.23,9349.559171,694100.94487258,694100.94487258,1
2026-08-05 10:15:00+08:00,2026-08-05 10:30:00+08:00,1785896100000,SOL-USDT,15m,74.23,74.26,74.07,74.21,7033.998675,521691.48001911,521691.48001911,1
2026-08-05 10:30:00+08:00,2026-08-05 10:45:00+08:00,1785897000000,SOL-USDT,15m,74.21,74.39,74.19,74.38,4416.341105,328161.58917025,328161.58917025,1
2026-08-05 10:45:00+08:00,2026-08-05 11:00:00+08:00,1785897900000,SOL-USDT,15m,74.39,74.49,74.18,74.22,6219.702122,462423.14885662,462423.14885662,1
2026-08-05 11:00:00+08:00,2026-08-05 11:15:00+08:00,1785898800000,SOL-USDT,15m,74.21,74.3,74.07,74.08,4458.963506,330731.88241023,330731.88241023,1
2026-08-05 11:15:00+08:00,2026-08-05 11:30:00+08:00,1785899700000,SOL-USDT,15m,74.07,74.08,73.74,73.76,10298.4969,760789.91033993,760789.91033993,1
2026-08-05 11:30:00+08:00,2026-08-05 11:45:00+08:00,1785900600000,SOL-USDT,15m,73.75,73.85,73.72,73.82,1882.837996,138963.64135972,138963.64135972,1
2026-08-05 11:45:00+08:00,2026-08-05 12:00:00+08:00,1785901500000,SOL-USDT,15m,73.82,73.83,73.78,73.8,2455.694145,181246.93080495,181246.93080495,1
2026-08-05 12:00:00+08:00,2026-08-05 12:15:00+08:00,1785902400000,SOL-USDT,15m,73.8,73.82,73.69,73.71,1727.690466,127405.91516556,127405.91516556,1
2026-08-05 12:15:00+08:00,2026-08-05 12:30:00+08:00,1785903300000,SOL-USDT,15m,73.7,73.75,73.63,73.69,2400.176577,176838.9393778,176838.9393778,1
2026-08-05 12:30:00+08:00,2026-08-05 12:45:00+08:00,1785904200000,SOL-USDT,15m,73.69,73.87,73.69,73.78,997.546919,73598.2516928,73598.2516928,1
2026-08-05 12:45:00+08:00,2026-08-05 13:00:00+08:00,1785905100000,SOL-USDT,15m,73.78,73.85,73.75,73.81,2584.614991,190731.36592007,190731.36592007,1
2026-08-05 13:00:00+08:00,2026-08-05 13:15:00+08:00,1785906000000,SOL-USDT,15m,73.81,74.1,73.76,73.98,3725.793977,275447.38480692,275447.38480692,1
2026-08-05 13:15:00+08:00,2026-08-05 13:30:00+08:00,1785906900000,SOL-USDT,15m,73.97,74.29,73.94,74.18,14145.584464,1048006.64230849,1048006.64230849,1
2026-08-05 13:30:00+08:00,2026-08-05 13:45:00+08:00,1785907800000,SOL-USDT,15m,74.17,74.17,74.04,74.16,3488.417547,258522.18747611,258522.18747611,1
2026-08-05 13:45:00+08:00,2026-08-05 14:00:00+08:00,1785908700000,SOL-USDT,15m,74.17,74.21,74.1,74.15,2092.243946,155159.7154992,155159.7154992,1
2026-08-05 14:00:00+08:00,2026-08-05 14:15:00+08:00,1785909600000,SOL-USDT,15m,74.15,74.15,74.04,74.09,1238.685348,91781.07736465,91781.07736465,1
2026-08-05 14:15:00+08:00,2026-08-05 14:30:00+08:00,1785910500000,SOL-USDT,15m,74.08,74.15,74.06,74.14,1623.305042,120303.00155115,120303.00155115,1
2026-08-05 14:30:00+08:00,2026-08-05 14:45:00+08:00,1785911400000,SOL-USDT,15m,74.14,74.25,74.11,74.12,2494.035292,185025.41438805,185025.41438805,1
2026-08-05 14:45:00+08:00,2026-08-05 15:00:00+08:00,1785912300000,SOL-USDT,15m,74.12,74.14,73.98,74,2914.667607,215763.47367757,215763.47367757,1
2026-08-05 15:00:00+08:00,2026-08-05 15:15:00+08:00,1785913200000,SOL-USDT,15m,74,74.04,73.86,73.9,6118.216679,452491.39864802,452491.39864802,1
2026-08-05 15:15:00+08:00,2026-08-05 15:30:00+08:00,1785914100000,SOL-USDT,15m,73.89,73.9,73.69,73.73,3990.006683,294372.58105587,294372.58105587,1
2026-08-05 15:30:00+08:00,2026-08-05 15:45:00+08:00,1785915000000,SOL-USDT,15m,73.73,73.78,73.7,73.71,4367.288111,322107.04638579,322107.04638579,1
2026-08-05 15:45:00+08:00,2026-08-05 16:00:00+08:00,1785915900000,SOL-USDT,15m,73.71,73.99,73.7,73.99,4165.99894,307577.9361443,307577.9361443,1
2026-08-05 16:00:00+08:00,2026-08-05 16:15:00+08:00,1785916800000,SOL-USDT,15m,73.99,74.12,73.99,74.02,5718.14733,423370.80221182,423370.80221182,1
2026-08-05 16:15:00+08:00,2026-08-05 16:30:00+08:00,1785917700000,SOL-USDT,15m,74.02,74.16,73.96,74.15,1353.504655,100215.30158308,100215.30158308,1
2026-08-05 16:30:00+08:00,2026-08-05 16:45:00+08:00,1785918600000,SOL-USDT,15m,74.15,74.16,74.02,74.06,2217.797636,164346.6288085,164346.6288085,1
2026-08-05 16:45:00+08:00,2026-08-05 17:00:00+08:00,1785919500000,SOL-USDT,15m,74.07,74.14,74.02,74.08,2461.96333,182379.89337036,182379.89337036,1
2026-08-05 17:00:00+08:00,2026-08-05 17:15:00+08:00,1785920400000,SOL-USDT,15m,74.08,74.13,74.01,74.11,3069.888438,227388.9834457,227388.9834457,1
2026-08-05 17:15:00+08:00,2026-08-05 17:30:00+08:00,1785921300000,SOL-USDT,15m,74.1,74.2,74.09,74.16,3927.549867,291264.93202617,291264.93202617,1
2026-08-05 17:30:00+08:00,2026-08-05 17:45:00+08:00,1785922200000,SOL-USDT,15m,74.17,74.2,74.14,74.14,658.604731,48852.7487448,48852.7487448,1
2026-08-05 17:45:00+08:00,2026-08-05 18:00:00+08:00,1785923100000,SOL-USDT,15m,74.15,74.16,74.01,74.03,2223.085212,164732.83260224,164732.83260224,1
2026-08-05 18:00:00+08:00,2026-08-05 18:15:00+08:00,1785924000000,SOL-USDT,15m,74.03,74.08,73.93,74.02,1568.842737,116082.49802561,116082.49802561,1
2026-08-05 18:15:00+08:00,2026-08-05 18:30:00+08:00,1785924900000,SOL-USDT,15m,74,74.11,73.92,74.07,994.995015,73630.51420358,73630.51420358,1
2026-08-05 18:30:00+08:00,2026-08-05 18:45:00+08:00,1785925800000,SOL-USDT,15m,74.06,74.14,74.01,74.04,772.308556,57197.58054775,57197.58054775,1
2026-08-05 18:45:00+08:00,2026-08-05 19:00:00+08:00,1785926700000,SOL-USDT,15m,74.04,74.07,73.79,73.86,2524.045136,186547.05102603,186547.05102603,1
2026-08-05 19:00:00+08:00,2026-08-05 19:15:00+08:00,1785927600000,SOL-USDT,15m,73.86,74,73.84,73.94,2360.923393,174554.01226993,174554.01226993,1
2026-08-05 19:15:00+08:00,2026-08-05 19:30:00+08:00,1785928500000,SOL-USDT,15m,73.94,73.95,73.81,73.82,1680.095023,124074.85870257,124074.85870257,1
2026-08-05 19:30:00+08:00,2026-08-05 19:45:00+08:00,1785929400000,SOL-USDT,15m,73.81,73.9,73.75,73.79,1953.732766,144200.58299267,144200.58299267,1
2026-08-05 19:45:00+08:00,2026-08-05 20:00:00+08:00,1785930300000,SOL-USDT,15m,73.78,73.8,73.74,73.78,1529.154461,112809.60318316,112809.60318316,1
2026-08-05 20:00:00+08:00,2026-08-05 20:15:00+08:00,1785931200000,SOL-USDT,15m,73.78,74,73.73,73.89,4924.492391,363835.39142835,363835.39142835,1
2026-08-05 20:15:00+08:00,2026-08-05 20:30:00+08:00,1785932100000,SOL-USDT,15m,73.89,74.39,73.87,74.29,13661.233899,1013605.76512784,1013605.76512784,1
2026-08-05 20:30:00+08:00,2026-08-05 20:45:00+08:00,1785933000000,SOL-USDT,15m,74.29,74.32,74.11,74.16,5593.047291,414910.31303792,414910.31303792,1
2026-08-05 20:45:00+08:00,2026-08-05 21:00:00+08:00,1785933900000,SOL-USDT,15m,74.15,74.18,74,74.08,4409.487362,326732.97412367,326732.97412367,1
2026-08-05 21:00:00+08:00,2026-08-05 21:15:00+08:00,1785934800000,SOL-USDT,15m,74.08,74.11,73.73,73.88,6008.985189,443744.39140547,443744.39140547,1
2026-08-05 21:15:00+08:00,2026-08-05 21:30:00+08:00,1785935700000,SOL-USDT,15m,73.88,73.92,73.76,73.79,3720.931269,274674.46418728,274674.46418728,1
2026-08-05 21:30:00+08:00,2026-08-05 21:45:00+08:00,1785936600000,SOL-USDT,15m,73.78,73.85,73.27,73.7,18320.31696,1347436.5079459,1347436.5079459,1
2026-08-05 21:45:00+08:00,2026-08-05 22:00:00+08:00,1785937500000,SOL-USDT,15m,73.7,73.99,73.54,73.99,15829.872047,1167458.53965221,1167458.53965221,1
2026-08-05 22:00:00+08:00,2026-08-05 22:15:00+08:00,1785938400000,SOL-USDT,15m,73.98,74.15,73.81,74.04,12485.4918,924051.82998431,924051.82998431,1
2026-08-05 22:15:00+08:00,2026-08-05 22:30:00+08:00,1785939300000,SOL-USDT,15m,74.04,74.13,73.77,73.82,6606.013237,488414.79176352,488414.79176352,1
2026-08-05 22:30:00+08:00,2026-08-05 22:45:00+08:00,1785940200000,SOL-USDT,15m,73.81,73.9,73.62,73.8,9064.60234,668210.83298272,668210.83298272,1
2026-08-05 22:45:00+08:00,2026-08-05 23:00:00+08:00,1785941100000,SOL-USDT,15m,73.81,74.05,73.7,73.96,8884.518745,655992.69868139,655992.69868139,1
2026-08-05 23:00:00+08:00,2026-08-05 23:15:00+08:00,1785942000000,SOL-USDT,15m,73.96,74.23,73.89,74.07,4961.20426,367714.79586888,367714.79586888,1
2026-08-05 23:15:00+08:00,2026-08-05 23:30:00+08:00,1785942900000,SOL-USDT,15m,74.06,74.08,73.84,74.03,6662.499313,492727.29063522,492727.29063522,1
2026-08-05 23:30:00+08:00,2026-08-05 23:45:00+08:00,1785943800000,SOL-USDT,15m,74.04,74.31,74.03,74.19,8352.272721,619722.37545498,619722.37545498,1
2026-08-05 23:45:00+08:00,2026-08-06 00:00:00+08:00,1785944700000,SOL-USDT,15m,74.18,74.19,73.95,73.96,5473.85129,405163.79094825,405163.79094825,1
2026-08-06 00:00:00+08:00,2026-08-06 00:15:00+08:00,1785945600000,SOL-USDT,15m,73.96,74.19,73.95,74.19,3003.802875,222528.41139036,222528.41139036,1
2026-08-06 00:15:00+08:00,2026-08-06 00:30:00+08:00,1785946500000,SOL-USDT,15m,74.2,74.43,74.13,74.4,5071.000197,376845.5246275,376845.5246275,1
2026-08-06 00:30:00+08:00,2026-08-06 00:45:00+08:00,1785947400000,SOL-USDT,15m,74.41,74.44,74.26,74.35,5212.558683,387659.42782717,387659.42782717,1
2026-08-06 00:45:00+08:00,2026-08-06 01:00:00+08:00,1785948300000,SOL-USDT,15m,74.35,74.35,74.19,74.28,3132.890129,232702.97350351,232702.97350351,1
2026-08-06 01:00:00+08:00,2026-08-06 01:15:00+08:00,1785949200000,SOL-USDT,15m,74.29,74.42,74.19,74.21,2741.603876,203774.75544014,203774.75544014,1
2026-08-06 01:15:00+08:00,2026-08-06 01:30:00+08:00,1785950100000,SOL-USDT,15m,74.2,74.26,74.14,74.21,2166.833091,160732.40831669,160732.40831669,1
2026-08-06 01:30:00+08:00,2026-08-06 01:45:00+08:00,1785951000000,SOL-USDT,15m,74.2,74.66,74.17,74.54,7069.052687,526755.22169588,526755.22169588,1
2026-08-06 01:45:00+08:00,2026-08-06 02:00:00+08:00,1785951900000,SOL-USDT,15m,74.55,74.63,74.5,74.56,2684.735642,200180.73015117,200180.73015117,1
2026-08-06 02:00:00+08:00,2026-08-06 02:15:00+08:00,1785952800000,SOL-USDT,15m,74.56,74.63,74.42,74.6,4660.363923,347316.67384117,347316.67384117,1
2026-08-06 02:15:00+08:00,2026-08-06 02:30:00+08:00,1785953700000,SOL-USDT,15m,74.6,74.83,74.51,74.53,7527.493507,562179.05790821,562179.05790821,1
2026-08-06 02:30:00+08:00,2026-08-06 02:45:00+08:00,1785954600000,SOL-USDT,15m,74.52,74.68,74.47,74.68,3192.021724,238182.68831141,238182.68831141,1
2026-08-06 02:45:00+08:00,2026-08-06 03:00:00+08:00,1785955500000,SOL-USDT,15m,74.68,74.68,74.48,74.53,984.816155,73429.99853467,73429.99853467,1
2026-08-06 03:00:00+08:00,2026-08-06 03:15:00+08:00,1785956400000,SOL-USDT,15m,74.53,74.64,74.48,74.54,1854.18894,138256.49872683,138256.49872683,1
2026-08-06 03:15:00+08:00,2026-08-06 03:30:00+08:00,1785957300000,SOL-USDT,15m,74.54,74.55,74.45,74.47,1538.237195,114580.0868394,114580.0868394,1
2026-08-06 03:30:00+08:00,2026-08-06 03:45:00+08:00,1785958200000,SOL-USDT,15m,74.48,74.53,74.45,74.48,878.41973,65426.65734233,65426.65734233,1
2026-08-06 03:45:00+08:00,2026-08-06 04:00:00+08:00,1785959100000,SOL-USDT,15m,74.48,74.57,74.42,74.48,3962.858094,295271.27515468,295271.27515468,1
2026-08-06 04:00:00+08:00,2026-08-06 04:15:00+08:00,1785960000000,SOL-USDT,15m,74.48,74.55,74.3,74.54,7257.944755,539966.59633285,539966.59633285,1
2026-08-06 04:15:00+08:00,2026-08-06 04:30:00+08:00,1785960900000,SOL-USDT,15m,74.54,74.59,74.39,74.43,5609.958514,417920.78557936,417920.78557936,1
2026-08-06 04:30:00+08:00,2026-08-06 04:45:00+08:00,1785961800000,SOL-USDT,15m,74.42,74.53,74.38,74.53,2057.525163,153117.35375582,153117.35375582,1
2026-08-06 04:45:00+08:00,2026-08-06 05:00:00+08:00,1785962700000,SOL-USDT,15m,74.54,74.54,74.38,74.39,5272.418607,392631.29143841,392631.29143841,1
2026-08-06 05:00:00+08:00,2026-08-06 05:15:00+08:00,1785963600000,SOL-USDT,15m,74.39,74.39,74.19,74.34,2467.507673,183253.39060064,183253.39060064,1
2026-08-06 05:15:00+08:00,2026-08-06 05:30:00+08:00,1785964500000,SOL-USDT,15m,74.33,74.33,74.1,74.13,2530.608374,187709.68966052,187709.68966052,1
2026-08-06 05:30:00+08:00,2026-08-06 05:45:00+08:00,1785965400000,SOL-USDT,15m,74.14,74.22,74.08,74.15,2215.834885,164273.39226827,164273.39226827,1
2026-08-06 05:45:00+08:00,2026-08-06 06:00:00+08:00,1785966300000,SOL-USDT,15m,74.15,74.23,74.12,74.14,1394.497347,103436.79919873,103436.79919873,1
2026-08-06 06:00:00+08:00,2026-08-06 06:15:00+08:00,1785967200000,SOL-USDT,15m,74.14,74.2,74.05,74.1,1631.19553,120902.85044473,120902.85044473,1
2026-08-06 06:15:00+08:00,2026-08-06 06:30:00+08:00,1785968100000,SOL-USDT,15m,74.11,74.2,74,74.05,839.329095,62192.11406067,62192.11406067,1
2026-08-06 06:30:00+08:00,2026-08-06 06:45:00+08:00,1785969000000,SOL-USDT,15m,74.06,74.1,74.02,74.04,1007.900437,74638.90961083,74638.90961083,1
2026-08-06 06:45:00+08:00,2026-08-06 07:00:00+08:00,1785969900000,SOL-USDT,15m,74.04,74.13,74.02,74.02,2415.742586,178921.82069688,178921.82069688,1
2026-08-06 07:00:00+08:00,2026-08-06 07:15:00+08:00,1785970800000,SOL-USDT,15m,74.02,74.02,73.86,73.96,4824.377904,356702.00584592,356702.00584592,1
2026-08-06 07:15:00+08:00,2026-08-06 07:30:00+08:00,1785971700000,SOL-USDT,15m,73.95,74.07,73.92,74.03,1446.827168,107063.98354868,107063.98354868,1
2026-08-06 07:30:00+08:00,2026-08-06 07:45:00+08:00,1785972600000,SOL-USDT,15m,74.04,74.12,74.03,74.07,4031.247497,298669.2548644,298669.2548644,1
2026-08-06 07:45:00+08:00,2026-08-06 08:00:00+08:00,1785973500000,SOL-USDT,15m,74.07,74.09,73.99,74.04,2372.861492,175629.43286776,175629.43286776,1
2026-08-06 08:00:00+08:00,2026-08-06 08:15:00+08:00,1785974400000,SOL-USDT,15m,74.05,74.16,74.04,74.1,2402.344822,177998.33344534,177998.33344534,1
2026-08-06 08:15:00+08:00,2026-08-06 08:30:00+08:00,1785975300000,SOL-USDT,15m,74.1,74.27,74.09,74.2,1987.799396,147484.53571308,147484.53571308,1
2026-08-06 08:30:00+08:00,2026-08-06 08:45:00+08:00,1785976200000,SOL-USDT,15m,74.2,74.23,74.1,74.1,2178.008913,161541.1062609,161541.1062609,1
2026-08-06 08:45:00+08:00,2026-08-06 09:00:00+08:00,1785977100000,SOL-USDT,15m,74.11,74.14,74.03,74.08,2711.460802,200879.48019984,200879.48019984,1
2026-08-06 09:00:00+08:00,2026-08-06 09:15:00+08:00,1785978000000,SOL-USDT,15m,74.08,74.12,74,74.06,1528.627223,113214.35385641,113214.35385641,1
2026-08-06 09:15:00+08:00,2026-08-06 09:30:00+08:00,1785978900000,SOL-USDT,15m,74.07,74.08,73.77,73.78,6119.673838,452149.51996131,452149.51996131,1
2026-08-06 09:30:00+08:00,2026-08-06 09:45:00+08:00,1785979800000,SOL-USDT,15m,73.79,73.89,73.73,73.79,6363.117224,469860.62160779,469860.62160779,1
2026-08-06 09:45:00+08:00,2026-08-06 10:00:00+08:00,1785980700000,SOL-USDT,15m,73.79,73.94,73.77,73.77,5926.542958,437631.42382599,437631.42382599,1
2026-08-06 10:00:00+08:00,2026-08-06 10:15:00+08:00,1785981600000,SOL-USDT,15m,73.77,73.79,73.6,73.6,9743.050797,718027.70081422,718027.70081422,1
2026-08-06 10:15:00+08:00,2026-08-06 10:30:00+08:00,1785982500000,SOL-USDT,15m,73.61,73.65,73.42,73.45,9874.688371,725757.13714729,725757.13714729,1
2026-08-06 10:30:00+08:00,2026-08-06 10:45:00+08:00,1785983400000,SOL-USDT,15m,73.45,73.62,73.4,73.62,6536.675354,480334.59099366,480334.59099366,1
2026-08-06 10:45:00+08:00,2026-08-06 11:00:00+08:00,1785984300000,SOL-USDT,15m,73.61,73.61,73.49,73.56,2650.239681,194915.41397432,194915.41397432,1
2026-08-06 11:00:00+08:00,2026-08-06 11:15:00+08:00,1785985200000,SOL-USDT,15m,73.56,73.57,73.45,73.57,3108.067894,228466.75198242,228466.75198242,1
2026-08-06 11:15:00+08:00,2026-08-06 11:30:00+08:00,1785986100000,SOL-USDT,15m,73.56,73.56,73.48,73.55,4935.361514,362921.78596378,362921.78596378,1
2026-08-06 11:30:00+08:00,2026-08-06 11:45:00+08:00,1785987000000,SOL-USDT,15m,73.56,73.61,73.47,73.47,4528.32701,333011.15836523,333011.15836523,1
2026-08-06 11:45:00+08:00,2026-08-06 12:00:00+08:00,1785987900000,SOL-USDT,15m,73.46,73.59,73.46,73.49,3043.397303,223765.28697025,223765.28697025,1
2026-08-06 12:00:00+08:00,2026-08-06 12:15:00+08:00,1785988800000,SOL-USDT,15m,73.5,73.61,73.41,73.6,4518.163687,332162.74648427,332162.74648427,1
2026-08-06 12:15:00+08:00,2026-08-06 12:30:00+08:00,1785989700000,SOL-USDT,15m,73.6,73.83,73.59,73.8,5897.165783,434789.3061216,434789.3061216,1
2026-08-06 12:30:00+08:00,2026-08-06 12:45:00+08:00,1785990600000,SOL-USDT,15m,73.81,73.87,73.73,73.76,1814.432098,133937.27235258,133937.27235258,1
2026-08-06 12:45:00+08:00,2026-08-06 13:00:00+08:00,1785991500000,SOL-USDT,15m,73.76,73.88,73.7,73.88,1387.370409,102355.23126667,102355.23126667,1
2026-08-06 13:00:00+08:00,2026-08-06 13:15:00+08:00,1785992400000,SOL-USDT,15m,73.89,74.34,73.87,74.22,7999.392008,592883.32747007,592883.32747007,1
2026-08-06 13:15:00+08:00,2026-08-06 13:30:00+08:00,1785993300000,SOL-USDT,15m,74.21,74.35,74.1,74.15,6025.03182,447329.36291976,447329.36291976,1
2026-08-06 13:30:00+08:00,2026-08-06 13:45:00+08:00,1785994200000,SOL-USDT,15m,74.13,74.19,74.09,74.19,1733.399885,128518.13675494,128518.13675494,1
2026-08-06 13:45:00+08:00,2026-08-06 14:00:00+08:00,1785995100000,SOL-USDT,15m,74.19,74.24,74.15,74.24,2046.555361,151796.54304339,151796.54304339,1
2026-08-06 14:00:00+08:00,2026-08-06 14:15:00+08:00,1785996000000,SOL-USDT,15m,74.24,74.25,74.02,74.03,2546.659575,188815.56939157,188815.56939157,1
2026-08-06 14:15:00+08:00,2026-08-06 14:30:00+08:00,1785996900000,SOL-USDT,15m,74.03,74.14,73.96,74.08,2543.027477,188275.79537222,188275.79537222,1
2026-08-06 14:30:00+08:00,2026-08-06 14:45:00+08:00,1785997800000,SOL-USDT,15m,74.08,74.12,74.03,74.12,1296.773186,96043.4769838,96043.4769838,1
2026-08-06 14:45:00+08:00,2026-08-06 15:00:00+08:00,1785998700000,SOL-USDT,15m,74.12,74.12,74.02,74.05,1388.688684,102840.79781916,102840.79781916,1
2026-08-06 15:00:00+08:00,2026-08-06 15:15:00+08:00,1785999600000,SOL-USDT,15m,74.05,74.09,74,74.09,2889.473999,213891.38903137,213891.38903137,1
2026-08-06 15:15:00+08:00,2026-08-06 15:30:00+08:00,1786000500000,SOL-USDT,15m,74.09,74.13,74.03,74.08,2273.806669,168462.58779159,168462.58779159,1
2026-08-06 15:30:00+08:00,2026-08-06 15:45:00+08:00,1786001400000,SOL-USDT,15m,74.08,74.08,73.91,73.92,3840.912818,284183.36871038,284183.36871038,1
2026-08-06 15:45:00+08:00,2026-08-06 16:00:00+08:00,1786002300000,SOL-USDT,15m,73.92,73.95,73.87,73.89,2110.839696,156006.56745904,156006.56745904,1
2026-08-06 16:00:00+08:00,2026-08-06 16:15:00+08:00,1786003200000,SOL-USDT,15m,73.89,73.91,73.76,73.79,3588.211448,264979.36480388,264979.36480388,1
2026-08-06 16:15:00+08:00,2026-08-06 16:30:00+08:00,1786004100000,SOL-USDT,15m,73.79,73.81,73.7,73.81,11460.125,845150.64869655,845150.64869655,1
2026-08-06 16:30:00+08:00,2026-08-06 16:45:00+08:00,1786005000000,SOL-USDT,15m,73.81,73.92,73.76,73.88,4216.852347,311344.54459971,311344.54459971,1
2026-08-06 16:45:00+08:00,2026-08-06 17:00:00+08:00,1786005900000,SOL-USDT,15m,73.88,74.1,73.88,74,3313.577419,245184.12349261,245184.12349261,1
2026-08-06 17:00:00+08:00,2026-08-06 17:15:00+08:00,1786006800000,SOL-USDT,15m,74,74,73.61,73.62,5581.520211,412107.49654848,412107.49654848,1
2026-08-06 17:15:00+08:00,2026-08-06 17:30:00+08:00,1786007700000,SOL-USDT,15m,73.61,73.69,73.51,73.54,8451.163274,621856.13274313,621856.13274313,1
2026-08-06 17:30:00+08:00,2026-08-06 17:45:00+08:00,1786008600000,SOL-USDT,15m,73.54,73.54,73.3,73.36,18405.619195,1351126.25317709,1351126.25317709,1
2026-08-06 17:45:00+08:00,2026-08-06 18:00:00+08:00,1786009500000,SOL-USDT,15m,73.34,73.36,73.2,73.31,11230.626562,823131.98022686,823131.98022686,1
2026-08-06 18:00:00+08:00,2026-08-06 18:15:00+08:00,1786010400000,SOL-USDT,15m,73.31,73.35,73.17,73.21,8379.535493,613771.87056945,613771.87056945,1
2026-08-06 18:15:00+08:00,2026-08-06 18:30:00+08:00,1786011300000,SOL-USDT,15m,73.21,73.42,73.19,73.4,6096.322512,447254.4926951,447254.4926951,1
2026-08-06 18:30:00+08:00,2026-08-06 18:45:00+08:00,1786012200000,SOL-USDT,15m,73.41,73.44,73.33,73.33,2514.886625,184577.13996304,184577.13996304,1
2026-08-06 18:45:00+08:00,2026-08-06 19:00:00+08:00,1786013100000,SOL-USDT,15m,73.33,73.36,73.25,73.32,1613.67689,118287.00284184,118287.00284184,1
2026-08-06 19:00:00+08:00,2026-08-06 19:15:00+08:00,1786014000000,SOL-USDT,15m,73.33,73.4,73.19,73.39,2970.62342,217729.84740681,217729.84740681,1
2026-08-06 19:15:00+08:00,2026-08-06 19:30:00+08:00,1786014900000,SOL-USDT,15m,73.39,73.48,73.39,73.39,1292.235185,94909.15931297,94909.15931297,1
2026-08-06 19:30:00+08:00,2026-08-06 19:45:00+08:00,1786015800000,SOL-USDT,15m,73.4,73.57,73.4,73.53,693.999828,51014.74123254,51014.74123254,1
2026-08-06 19:45:00+08:00,2026-08-06 20:00:00+08:00,1786016700000,SOL-USDT,15m,73.54,73.54,73.44,73.46,1149.917325,84491.99329261,84491.99329261,1
2026-08-06 20:00:00+08:00,2026-08-06 20:15:00+08:00,1786017600000,SOL-USDT,15m,73.47,73.48,73.29,73.29,1646.246614,120754.61787203,120754.61787203,1
2026-08-06 20:15:00+08:00,2026-08-06 20:30:00+08:00,1786018500000,SOL-USDT,15m,73.3,73.42,73.24,73.4,2198.308487,161159.35431641,161159.35431641,1
2026-08-06 20:30:00+08:00,2026-08-06 20:45:00+08:00,1786019400000,SOL-USDT,15m,73.4,73.45,73.31,73.36,1867.258763,137004.63751751,137004.63751751,1
2026-08-06 20:45:00+08:00,2026-08-06 21:00:00+08:00,1786020300000,SOL-USDT,15m,73.36,73.37,73.14,73.15,2966.442406,217308.51944642,217308.51944642,1
2026-08-06 21:00:00+08:00,2026-08-06 21:15:00+08:00,1786021200000,SOL-USDT,15m,73.15,73.19,72.88,72.99,10115.708866,738480.94252479,738480.94252479,1
2026-08-06 21:15:00+08:00,2026-08-06 21:30:00+08:00,1786022100000,SOL-USDT,15m,72.99,73.01,72.85,72.97,3862.593913,281697.64997135,281697.64997135,1
2026-08-06 21:30:00+08:00,2026-08-06 21:45:00+08:00,1786023000000,SOL-USDT,15m,72.96,73.28,72.87,73.26,8005.361435,584403.40022687,584403.40022687,1
2026-08-06 21:45:00+08:00,2026-08-06 22:00:00+08:00,1786023900000,SOL-USDT,15m,73.25,73.33,73.19,73.26,2592.43485,189957.39638739,189957.39638739,1
2026-08-06 22:00:00+08:00,2026-08-06 22:15:00+08:00,1786024800000,SOL-USDT,15m,73.25,73.31,73.16,73.23,9222.439609,675360.38994438,675360.38994438,1
2026-08-06 22:15:00+08:00,2026-08-06 22:30:00+08:00,1786025700000,SOL-USDT,15m,73.22,73.38,73.18,73.19,14345.305881,1051045.61232406,1051045.61232406,1
2026-08-06 22:30:00+08:00,2026-08-06 22:45:00+08:00,1786026600000,SOL-USDT,15m,73.18,73.58,73.1,73.52,9020.029323,661588.1897805,661588.1897805,1
2026-08-06 22:45:00+08:00,2026-08-06 23:00:00+08:00,1786027500000,SOL-USDT,15m,73.53,73.57,73.35,73.47,5380.232223,395208.37786211,395208.37786211,1
2026-08-06 23:00:00+08:00,2026-08-06 23:15:00+08:00,1786028400000,SOL-USDT,15m,73.47,73.62,73.43,73.51,3685.262058,271044.64618998,271044.64618998,1
2026-08-06 23:15:00+08:00,2026-08-06 23:30:00+08:00,1786029300000,SOL-USDT,15m,73.5,73.56,73.36,73.53,5038.791984,370183.13669042,370183.13669042,1
2026-08-06 23:30:00+08:00,2026-08-06 23:45:00+08:00,1786030200000,SOL-USDT,15m,73.53,73.62,73.4,73.4,3266.479265,240053.54711898,240053.54711898,1
2026-08-06 23:45:00+08:00,2026-08-07 00:00:00+08:00,1786031100000,SOL-USDT,15m,73.41,73.54,73.31,73.32,2817.34061,206810.67122732,206810.67122732,1
2026-08-07 00:00:00+08:00,2026-08-07 00:15:00+08:00,1786032000000,SOL-USDT,15m,73.32,73.39,73.1,73.14,11925.133373,873734.81508683,873734.81508683,1
2026-08-07 00:15:00+08:00,2026-08-07 00:30:00+08:00,1786032900000,SOL-USDT,15m,73.15,73.32,73.14,73.32,2621.215673,191954.34095533,191954.34095533,1
2026-08-07 00:30:00+08:00,2026-08-07 00:45:00+08:00,1786033800000,SOL-USDT,15m,73.32,73.49,73.27,73.41,2570.711737,188521.50496683,188521.50496683,1
2026-08-07 00:45:00+08:00,2026-08-07 01:00:00+08:00,1786034700000,SOL-USDT,15m,73.41,73.48,73.34,73.44,3007.66279,220823.04951023,220823.04951023,1
2026-08-07 01:00:00+08:00,2026-08-07 01:15:00+08:00,1786035600000,SOL-USDT,15m,73.45,73.55,73.44,73.44,2699.4833,198389.84937784,198389.84937784,1
2026-08-07 01:15:00+08:00,2026-08-07 01:30:00+08:00,1786036500000,SOL-USDT,15m,73.44,73.47,73.34,73.34,1264.673636,92834.05214639,92834.05214639,1
2026-08-07 01:30:00+08:00,2026-08-07 01:45:00+08:00,1786037400000,SOL-USDT,15m,73.33,73.39,73.06,73.16,3608.1778,264109.03894783,264109.03894783,1
2026-08-07 01:45:00+08:00,2026-08-07 02:00:00+08:00,1786038300000,SOL-USDT,15m,73.16,73.21,73.09,73.2,2242.580784,164037.83638461,164037.83638461,1
2026-08-07 02:00:00+08:00,2026-08-07 02:15:00+08:00,1786039200000,SOL-USDT,15m,73.2,73.2,72.97,73.08,4700.750064,343342.63379687,343342.63379687,1
2026-08-07 02:15:00+08:00,2026-08-07 02:30:00+08:00,1786040100000,SOL-USDT,15m,73.08,73.23,73.05,73.12,4364.417335,319178.87239102,319178.87239102,1
2026-08-07 02:30:00+08:00,2026-08-07 02:45:00+08:00,1786041000000,SOL-USDT,15m,73.11,73.12,72.91,72.91,6900.142603,503589.94869321,503589.94869321,1
2026-08-07 02:45:00+08:00,2026-08-07 03:00:00+08:00,1786041900000,SOL-USDT,15m,72.91,72.99,72.73,72.81,13627.054393,993157.62739939,993157.62739939,1
2026-08-07 03:00:00+08:00,2026-08-07 03:15:00+08:00,1786042800000,SOL-USDT,15m,72.82,72.86,72.77,72.78,4126.039131,300447.72659997,300447.72659997,1
2026-08-07 03:15:00+08:00,2026-08-07 03:30:00+08:00,1786043700000,SOL-USDT,15m,72.79,72.79,72.56,72.62,8312.935416,604298.24401142,604298.24401142,1
2026-08-07 03:30:00+08:00,2026-08-07 03:45:00+08:00,1786044600000,SOL-USDT,15m,72.62,72.78,72.6,72.78,4958.077102,360414.31313833,360414.31313833,1
2026-08-07 03:45:00+08:00,2026-08-07 04:00:00+08:00,1786045500000,SOL-USDT,15m,72.78,72.97,72.77,72.81,5749.827794,419068.486309,419068.486309,1
2026-08-07 04:00:00+08:00,2026-08-07 04:15:00+08:00,1786046400000,SOL-USDT,15m,72.81,72.98,72.81,72.96,3995.006823,291297.91157461,291297.91157461,1
2026-08-07 04:15:00+08:00,2026-08-07 04:30:00+08:00,1786047300000,SOL-USDT,15m,72.96,72.97,72.85,72.91,4578.271075,333741.48027217,333741.48027217,1
2026-08-07 04:30:00+08:00,2026-08-07 04:45:00+08:00,1786048200000,SOL-USDT,15m,72.91,72.99,72.87,72.94,3412.734499,248964.57892625,248964.57892625,1
2026-08-07 04:45:00+08:00,2026-08-07 05:00:00+08:00,1786049100000,SOL-USDT,15m,72.94,72.94,72.84,72.85,1201.563778,87583.6270934,87583.6270934,1
2026-08-07 05:00:00+08:00,2026-08-07 05:15:00+08:00,1786050000000,SOL-USDT,15m,72.85,72.99,72.79,72.97,6914.49942,504217.12448081,504217.12448081,1
2026-08-07 05:15:00+08:00,2026-08-07 05:30:00+08:00,1786050900000,SOL-USDT,15m,72.98,73,72.88,72.97,3443.979475,251268.52670009,251268.52670009,1
2026-08-07 05:30:00+08:00,2026-08-07 05:45:00+08:00,1786051800000,SOL-USDT,15m,72.96,72.99,72.81,72.95,6367.429961,464239.21022692,464239.21022692,1
2026-08-07 05:45:00+08:00,2026-08-07 06:00:00+08:00,1786052700000,SOL-USDT,15m,72.94,72.97,72.88,72.88,961.356897,70095.35435313,70095.35435313,1
2026-08-07 06:00:00+08:00,2026-08-07 06:15:00+08:00,1786053600000,SOL-USDT,15m,72.88,72.89,72.74,72.83,1406.604739,102408.60623529,102408.60623529,1
2026-08-07 06:15:00+08:00,2026-08-07 06:30:00+08:00,1786054500000,SOL-USDT,15m,72.83,72.86,72.66,72.7,1551.894865,112884.55688608,112884.55688608,1
2026-08-07 06:30:00+08:00,2026-08-07 06:45:00+08:00,1786055400000,SOL-USDT,15m,72.71,72.78,72.68,72.71,4151.874167,301958.15828501,301958.15828501,1
2026-08-07 06:45:00+08:00,2026-08-07 07:00:00+08:00,1786056300000,SOL-USDT,15m,72.72,72.74,72.68,72.7,1706.79112,124087.11284408,124087.11284408,1
2026-08-07 07:00:00+08:00,2026-08-07 07:15:00+08:00,1786057200000,SOL-USDT,15m,72.69,72.74,72.67,72.68,3291.074076,239227.99222615,239227.99222615,1
2026-08-07 07:15:00+08:00,2026-08-07 07:30:00+08:00,1786058100000,SOL-USDT,15m,72.68,72.68,72.35,72.4,10497.715682,761474.46727131,761474.46727131,1
2026-08-07 07:30:00+08:00,2026-08-07 07:45:00+08:00,1786059000000,SOL-USDT,15m,72.4,72.5,72.35,72.46,3359.908582,243391.68918353,243391.68918353,1
2026-08-07 07:45:00+08:00,2026-08-07 08:00:00+08:00,1786059900000,SOL-USDT,15m,72.45,72.72,72.42,72.7,3067.126347,222596.3188807,222596.3188807,1
2026-08-07 08:00:00+08:00,2026-08-07 08:15:00+08:00,1786060800000,SOL-USDT,15m,72.7,72.82,72.63,72.65,2171.413112,157924.66450973,157924.66450973,1
2026-08-07 08:15:00+08:00,2026-08-07 08:30:00+08:00,1786061700000,SOL-USDT,15m,72.65,72.7,72.59,72.67,1670.716109,121356.5416752,121356.5416752,1
2026-08-07 08:30:00+08:00,2026-08-07 08:45:00+08:00,1786062600000,SOL-USDT,15m,72.66,72.75,72.57,72.68,3322.275031,241380.70783803,241380.70783803,1
2026-08-07 08:45:00+08:00,2026-08-07 09:00:00+08:00,1786063500000,SOL-USDT,15m,72.68,72.7,72.57,72.67,596.472978,43329.61321399,43329.61321399,1
2026-08-07 09:00:00+08:00,2026-08-07 09:15:00+08:00,1786064400000,SOL-USDT,15m,72.67,72.85,72.65,72.68,3929.969525,285892.08202812,285892.08202812,1
2026-08-07 09:15:00+08:00,2026-08-07 09:30:00+08:00,1786065300000,SOL-USDT,15m,72.68,72.77,72.63,72.76,1425.41585,103597.18247196,103597.18247196,1
2026-08-07 09:30:00+08:00,2026-08-07 09:45:00+08:00,1786066200000,SOL-USDT,15m,72.76,72.88,72.59,72.69,5677.510851,413214.77677941,413214.77677941,1
2026-08-07 09:45:00+08:00,2026-08-07 10:00:00+08:00,1786067100000,SOL-USDT,15m,72.68,72.76,72.67,72.75,1642.484658,119428.54030857,119428.54030857,1
2026-08-07 10:00:00+08:00,2026-08-07 10:15:00+08:00,1786068000000,SOL-USDT,15m,72.75,72.78,72.5,72.78,2852.845372,207289.94199197,207289.94199197,1
2026-08-07 10:15:00+08:00,2026-08-07 10:30:00+08:00,1786068900000,SOL-USDT,15m,72.78,72.94,72.61,72.63,4201.582348,305894.05730362,305894.05730362,1
2026-08-07 10:30:00+08:00,2026-08-07 10:45:00+08:00,1786069800000,SOL-USDT,15m,72.63,72.75,72.59,72.69,2321.029491,168659.33983703,168659.33983703,1
2026-08-07 10:45:00+08:00,2026-08-07 11:00:00+08:00,1786070700000,SOL-USDT,15m,72.69,72.8,72.67,72.71,2687.978351,195526.88891995,195526.88891995,1
2026-08-07 11:00:00+08:00,2026-08-07 11:15:00+08:00,1786071600000,SOL-USDT,15m,72.71,72.75,72.63,72.64,903.586536,65672.83191345,65672.83191345,1
2026-08-07 11:15:00+08:00,2026-08-07 11:30:00+08:00,1786072500000,SOL-USDT,15m,72.64,72.75,72.61,72.69,1045.000518,75925.22718295,75925.22718295,1
2026-08-07 11:30:00+08:00,2026-08-07 11:45:00+08:00,1786073400000,SOL-USDT,15m,72.68,72.77,72.68,72.71,875.14125,63640.98529557,63640.98529557,1
2026-08-07 11:45:00+08:00,2026-08-07 12:00:00+08:00,1786074300000,SOL-USDT,15m,72.7,72.74,72.55,72.64,3502.536951,254630.01926211,254630.01926211,1
2026-08-07 12:00:00+08:00,2026-08-07 12:15:00+08:00,1786075200000,SOL-USDT,15m,72.63,72.69,72.52,72.64,2284.767297,165938.5630424,165938.5630424,1
2026-08-07 12:15:00+08:00,2026-08-07 12:30:00+08:00,1786076100000,SOL-USDT,15m,72.64,72.8,72.63,72.74,852.502415,61997.43570337,61997.43570337,1
2026-08-07 12:30:00+08:00,2026-08-07 12:45:00+08:00,1786077000000,SOL-USDT,15m,72.74,72.79,72.68,72.73,1861.318198,135396.49959087,135396.49959087,1
2026-08-07 12:45:00+08:00,2026-08-07 13:00:00+08:00,1786077900000,SOL-USDT,15m,72.72,72.74,72.59,72.67,3981.940263,289345.40733815,289345.40733815,1
2026-08-07 13:00:00+08:00,2026-08-07 13:15:00+08:00,1786078800000,SOL-USDT,15m,72.68,72.75,72.65,72.7,2729.850438,198465.71637042,198465.71637042,1
2026-08-07 13:15:00+08:00,2026-08-07 13:30:00+08:00,1786079700000,SOL-USDT,15m,72.7,72.72,72.54,72.56,3503.466997,254421.57241637,254421.57241637,1
2026-08-07 13:30:00+08:00,2026-08-07 13:45:00+08:00,1786080600000,SOL-USDT,15m,72.55,72.7,72.44,72.69,5994.312419,435008.17132924,435008.17132924,1
2026-08-07 13:45:00+08:00,2026-08-07 14:00:00+08:00,1786081500000,SOL-USDT,15m,72.7,72.96,72.7,72.88,6737.445627,490822.15965107,490822.15965107,1
2026-08-07 14:00:00+08:00,2026-08-07 14:15:00+08:00,1786082400000,SOL-USDT,15m,72.88,72.97,72.83,72.97,4096.62291,298699.80682491,298699.80682491,1
2026-08-07 14:15:00+08:00,2026-08-07 14:30:00+08:00,1786083300000,SOL-USDT,15m,72.97,73.08,72.95,73.02,4291.912356,313383.3894295,313383.3894295,1
2026-08-07 14:30:00+08:00,2026-08-07 14:45:00+08:00,1786084200000,SOL-USDT,15m,73.03,73.05,72.92,72.94,3041.988006,221960.09000209,221960.09000209,1
2026-08-07 14:45:00+08:00,2026-08-07 15:00:00+08:00,1786085100000,SOL-USDT,15m,72.94,72.97,72.81,72.84,4499.13396,327858.86287229,327858.86287229,1
2026-08-07 15:00:00+08:00,2026-08-07 15:15:00+08:00,1786086000000,SOL-USDT,15m,72.84,72.98,72.76,72.97,3111.974713,226728.33933931,226728.33933931,1
2026-08-07 15:15:00+08:00,2026-08-07 15:30:00+08:00,1786086900000,SOL-USDT,15m,72.97,73,72.92,72.98,3651.719568,266457.66558797,266457.66558797,1
2026-08-07 15:30:00+08:00,2026-08-07 15:45:00+08:00,1786087800000,SOL-USDT,15m,72.98,73.03,72.93,72.94,4253.132138,310346.5702231,310346.5702231,1
2026-08-07 15:45:00+08:00,2026-08-07 16:00:00+08:00,1786088700000,SOL-USDT,15m,72.93,72.99,72.92,72.94,2920.177144,213004.40385021,213004.40385021,1
2026-08-07 16:00:00+08:00,2026-08-07 16:15:00+08:00,1786089600000,SOL-USDT,15m,72.93,73.02,72.91,73.01,3102.782063,226413.04879583,226413.04879583,1
2026-08-07 16:15:00+08:00,2026-08-07 16:30:00+08:00,1786090500000,SOL-USDT,15m,73.01,73.03,72.93,72.96,1601.284767,116830.34438933,116830.34438933,1
2026-08-07 16:30:00+08:00,2026-08-07 16:45:00+08:00,1786091400000,SOL-USDT,15m,72.97,73.32,72.97,73.25,3780.236981,276415.90405812,276415.90405812,1
2026-08-07 16:45:00+08:00,2026-08-07 17:00:00+08:00,1786092300000,SOL-USDT,15m,73.26,73.27,73.16,73.2,2029.270439,148591.55435878,148591.55435878,1
2026-08-07 17:00:00+08:00,2026-08-07 17:15:00+08:00,1786093200000,SOL-USDT,15m,73.2,73.42,73.19,73.38,5504.175274,403473.53291751,403473.53291751,1
2026-08-07 17:15:00+08:00,2026-08-07 17:30:00+08:00,1786094100000,SOL-USDT,15m,73.39,73.64,73.38,73.53,6345.54865,466472.85426528,466472.85426528,1
