timestamp_beijing,close_time_beijing,timestamp_ms,inst_id,bar,open,high,low,close,volume,volume_ccy,volume_quote,confirm
2026-06-17 12:00:00+08:00,2026-06-17 13:00:00+08:00,1781668800000,SOL-USDT,1H,73.7,74.11,73.61,73.84,9121.627394,673333.51546721,673333.51546721,1
2026-06-17 13:00:00+08:00,2026-06-17 14:00:00+08:00,1781672400000,SOL-USDT,1H,73.85,74.01,73.44,73.65,9172.093828,676121.31223653,676121.31223653,1
2026-06-17 14:00:00+08:00,2026-06-17 15:00:00+08:00,1781676000000,SOL-USDT,1H,73.66,73.83,73.19,73.41,20717.2315,1521309.58994779,1521309.58994779,1
2026-06-17 15:00:00+08:00,2026-06-17 16:00:00+08:00,1781679600000,SOL-USDT,1H,73.42,73.62,73,73.27,33092.914587,2423345.3583676,2423345.3583676,1
2026-06-17 16:00:00+08:00,2026-06-17 17:00:00+08:00,1781683200000,SOL-USDT,1H,73.28,73.3,72.16,72.35,41115.513895,2985692.66449482,2985692.66449482,1
2026-06-17 17:00:00+08:00,2026-06-17 18:00:00+08:00,1781686800000,SOL-USDT,1H,72.35,72.67,72.32,72.55,15385.367829,1115088.39204494,1115088.39204494,1
2026-06-17 18:00:00+08:00,2026-06-17 19:00:00+08:00,1781690400000,SOL-USDT,1H,72.55,72.69,72.12,72.16,13520.417362,978301.61097211,978301.61097211,1
2026-06-17 19:00:00+08:00,2026-06-17 20:00:00+08:00,1781694000000,SOL-USDT,1H,72.16,72.25,71.73,72.04,49692.897017,3579439.81092592,3579439.81092592,1
2026-06-17 20:00:00+08:00,2026-06-17 21:00:00+08:00,1781697600000,SOL-USDT,1H,72.05,72.35,71.6,72.35,45495.711749,3280486.50485477,3280486.50485477,1
2026-06-17 21:00:00+08:00,2026-06-17 22:00:00+08:00,1781701200000,SOL-USDT,1H,72.33,72.76,72.16,72.44,31504.811986,2283442.10434744,2283442.10434744,1
2026-06-17 22:00:00+08:00,2026-06-17 23:00:00+08:00,1781704800000,SOL-USDT,1H,72.43,72.66,71.84,72.38,38425.442582,2778661.55697964,2778661.55697964,1
2026-06-17 23:00:00+08:00,2026-06-18 00:00:00+08:00,1781708400000,SOL-USDT,1H,72.39,73.88,72.37,73.8,45543.985933,3334470.01365604,3334470.01365604,1
2026-06-18 00:00:00+08:00,2026-06-18 01:00:00+08:00,1781712000000,SOL-USDT,1H,73.81,74.69,73.71,73.77,44923.06663,3329172.79698556,3329172.79698556,1
2026-06-18 01:00:00+08:00,2026-06-18 02:00:00+08:00,1781715600000,SOL-USDT,1H,73.78,74.35,73.48,74.21,26565.337409,1960662.8806347,1960662.8806347,1
2026-06-18 02:00:00+08:00,2026-06-18 03:00:00+08:00,1781719200000,SOL-USDT,1H,74.19,74.37,72.2,73.5,130170.054894,9549827.34815793,9549827.34815793,1
2026-06-18 03:00:00+08:00,2026-06-18 04:00:00+08:00,1781722800000,SOL-USDT,1H,73.51,73.72,71.42,71.66,155180.754768,11189607.64085553,11189607.64085553,1
2026-06-18 04:00:00+08:00,2026-06-18 05:00:00+08:00,1781726400000,SOL-USDT,1H,71.65,72.24,71.54,72.19,45107.902178,3243727.07454781,3243727.07454781,1
2026-06-18 05:00:00+08:00,2026-06-18 06:00:00+08:00,1781730000000,SOL-USDT,1H,72.2,72.23,71.37,71.61,34953.006473,2511046.81703415,2511046.81703415,1
2026-06-18 06:00:00+08:00,2026-06-18 07:00:00+08:00,1781733600000,SOL-USDT,1H,71.61,71.94,70.83,71.7,28103.899093,2005747.24753726,2005747.24753726,1
2026-06-18 07:00:00+08:00,2026-06-18 08:00:00+08:00,1781737200000,SOL-USDT,1H,71.7,72.13,71.68,72.04,14129.636191,1017029.80014788,1017029.80014788,1
2026-06-18 08:00:00+08:00,2026-06-18 09:00:00+08:00,1781740800000,SOL-USDT,1H,72.04,72.51,72.02,72.22,17730.082851,1281203.20553124,1281203.20553124,1
2026-06-18 09:00:00+08:00,2026-06-18 10:00:00+08:00,1781744400000,SOL-USDT,1H,72.23,72.64,72.09,72.22,13147.968328,951636.6693122,951636.6693122,1
2026-06-18 10:00:00+08:00,2026-06-18 11:00:00+08:00,1781748000000,SOL-USDT,1H,72.23,72.67,72.11,72.53,18785.600477,1361652.7208743,1361652.7208743,1
2026-06-18 11:00:00+08:00,2026-06-18 12:00:00+08:00,1781751600000,SOL-USDT,1H,72.52,72.55,71.53,71.66,22939.526949,1648329.70417108,1648329.70417108,1
2026-06-18 12:00:00+08:00,2026-06-18 13:00:00+08:00,1781755200000,SOL-USDT,1H,71.66,71.72,70.9,71.06,31709.594299,2257384.90519769,2257384.90519769,1
2026-06-18 13:00:00+08:00,2026-06-18 14:00:00+08:00,1781758800000,SOL-USDT,1H,71.06,71.13,70.63,71.13,23245.823932,1648283.28150264,1648283.28150264,1
2026-06-18 14:00:00+08:00,2026-06-18 15:00:00+08:00,1781762400000,SOL-USDT,1H,71.13,71.41,70.99,71.34,17779.258484,1266564.59641161,1266564.59641161,1
2026-06-18 15:00:00+08:00,2026-06-18 16:00:00+08:00,1781766000000,SOL-USDT,1H,71.35,71.84,71.16,71.77,20601.970967,1474785.56853785,1474785.56853785,1
2026-06-18 16:00:00+08:00,2026-06-18 17:00:00+08:00,1781769600000,SOL-USDT,1H,71.78,72.06,71.63,71.87,16863.453912,1212498.9952167,1212498.9952167,1
2026-06-18 17:00:00+08:00,2026-06-18 18:00:00+08:00,1781773200000,SOL-USDT,1H,71.87,72.15,71.75,71.84,12663.441005,911192.24857051,911192.24857051,1
2026-06-18 18:00:00+08:00,2026-06-18 19:00:00+08:00,1781776800000,SOL-USDT,1H,71.84,71.85,71.1,71.39,34179.234493,2440072.81658978,2440072.81658978,1
2026-06-18 19:00:00+08:00,2026-06-18 20:00:00+08:00,1781780400000,SOL-USDT,1H,71.4,71.55,70.73,70.94,23860.738773,1694340.93924144,1694340.93924144,1
2026-06-18 20:00:00+08:00,2026-06-18 21:00:00+08:00,1781784000000,SOL-USDT,1H,70.94,71.61,70.89,71.57,16262.019447,1158930.4830341,1158930.4830341,1
2026-06-18 21:00:00+08:00,2026-06-18 22:00:00+08:00,1781787600000,SOL-USDT,1H,71.57,71.8,70.72,71.05,36027.687033,2567779.97834484,2567779.97834484,1
2026-06-18 22:00:00+08:00,2026-06-18 23:00:00+08:00,1781791200000,SOL-USDT,1H,71.05,71.71,70.71,71.09,42467.036529,3019263.42427036,3019263.42427036,1
2026-06-18 23:00:00+08:00,2026-06-19 00:00:00+08:00,1781794800000,SOL-USDT,1H,71.11,71.11,68.37,68.44,159391.073113,11077692.8123416,11077692.8123416,1
2026-06-19 00:00:00+08:00,2026-06-19 01:00:00+08:00,1781798400000,SOL-USDT,1H,68.45,69.13,68.39,69.07,61145.096159,4204122.84039263,4204122.84039263,1
2026-06-19 01:00:00+08:00,2026-06-19 02:00:00+08:00,1781802000000,SOL-USDT,1H,69.08,69.16,68.52,68.63,51531.90314,3548942.3543434,3548942.3543434,1
2026-06-19 02:00:00+08:00,2026-06-19 03:00:00+08:00,1781805600000,SOL-USDT,1H,68.64,68.98,68.24,68.67,51668.591323,3543608.16788543,3543608.16788543,1
2026-06-19 03:00:00+08:00,2026-06-19 04:00:00+08:00,1781809200000,SOL-USDT,1H,68.66,69.53,68.57,69.38,33695.445833,2328834.72136204,2328834.72136204,1
2026-06-19 04:00:00+08:00,2026-06-19 05:00:00+08:00,1781812800000,SOL-USDT,1H,69.39,69.96,69.39,69.82,25832.383041,1801977.08034868,1801977.08034868,1
2026-06-19 05:00:00+08:00,2026-06-19 06:00:00+08:00,1781816400000,SOL-USDT,1H,69.82,69.9,69.39,69.56,29380.212191,2044775.47778613,2044775.47778613,1
2026-06-19 06:00:00+08:00,2026-06-19 07:00:00+08:00,1781820000000,SOL-USDT,1H,69.56,69.68,69.26,69.52,15698.500706,1091154.01289478,1091154.01289478,1
2026-06-19 07:00:00+08:00,2026-06-19 08:00:00+08:00,1781823600000,SOL-USDT,1H,69.52,69.79,69.27,69.72,14706.497566,1022604.53503473,1022604.53503473,1
2026-06-19 08:00:00+08:00,2026-06-19 09:00:00+08:00,1781827200000,SOL-USDT,1H,69.72,69.89,69.56,69.79,13974.792164,974700.4635784,974700.4635784,1
2026-06-19 09:00:00+08:00,2026-06-19 10:00:00+08:00,1781830800000,SOL-USDT,1H,69.79,70.04,69.55,69.94,13565.837496,947254.88368651,947254.88368651,1
2026-06-19 10:00:00+08:00,2026-06-19 11:00:00+08:00,1781834400000,SOL-USDT,1H,69.94,70.08,69.43,69.66,11473.32736,799721.7764246,799721.7764246,1
2026-06-19 11:00:00+08:00,2026-06-19 12:00:00+08:00,1781838000000,SOL-USDT,1H,69.67,69.74,68.65,69.05,45974.969483,3174670.1374431,3174670.1374431,1
2026-06-19 12:00:00+08:00,2026-06-19 13:00:00+08:00,1781841600000,SOL-USDT,1H,69.06,69.26,68.2,68.33,30218.891636,2074726.50878097,2074726.50878097,1
2026-06-19 13:00:00+08:00,2026-06-19 14:00:00+08:00,1781845200000,SOL-USDT,1H,68.34,68.75,68.32,68.69,24519.111735,1681367.23684854,1681367.23684854,1
2026-06-19 14:00:00+08:00,2026-06-19 15:00:00+08:00,1781848800000,SOL-USDT,1H,68.7,68.85,68.47,68.76,26080.151473,1791731.70931814,1791731.70931814,1
2026-06-19 15:00:00+08:00,2026-06-19 16:00:00+08:00,1781852400000,SOL-USDT,1H,68.75,68.78,67.99,68.39,34845.075518,2379079.04256609,2379079.04256609,1
2026-06-19 16:00:00+08:00,2026-06-19 17:00:00+08:00,1781856000000,SOL-USDT,1H,68.39,68.75,68.24,68.69,24601.753212,1686588.29212271,1686588.29212271,1
2026-06-19 17:00:00+08:00,2026-06-19 18:00:00+08:00,1781859600000,SOL-USDT,1H,68.69,68.75,68.22,68.33,22111.725496,1512931.23913318,1512931.23913318,1
2026-06-19 18:00:00+08:00,2026-06-19 19:00:00+08:00,1781863200000,SOL-USDT,1H,68.33,68.46,68.06,68.32,19687.523468,1343474.25859375,1343474.25859375,1
2026-06-19 19:00:00+08:00,2026-06-19 20:00:00+08:00,1781866800000,SOL-USDT,1H,68.32,68.47,68.1,68.25,15576.879389,1063834.57431978,1063834.57431978,1
2026-06-19 20:00:00+08:00,2026-06-19 21:00:00+08:00,1781870400000,SOL-USDT,1H,68.26,68.72,67.92,68.62,34307.201008,2345414.96846471,2345414.96846471,1
2026-06-19 21:00:00+08:00,2026-06-19 22:00:00+08:00,1781874000000,SOL-USDT,1H,68.62,69.58,68.4,69.28,54712.554203,3773739.50507238,3773739.50507238,1
2026-06-19 22:00:00+08:00,2026-06-19 23:00:00+08:00,1781877600000,SOL-USDT,1H,69.27,69.47,68.83,69.15,48250.187538,3339253.89449225,3339253.89449225,1
2026-06-19 23:00:00+08:00,2026-06-20 00:00:00+08:00,1781881200000,SOL-USDT,1H,69.15,69.54,68.93,69.33,24401.713885,1688568.98795912,1688568.98795912,1
2026-06-20 00:00:00+08:00,2026-06-20 01:00:00+08:00,1781884800000,SOL-USDT,1H,69.34,69.57,68.7,68.72,21067.960905,1459383.95257296,1459383.95257296,1
2026-06-20 01:00:00+08:00,2026-06-20 02:00:00+08:00,1781888400000,SOL-USDT,1H,68.73,69.52,68.63,69.32,22280.218073,1541391.36042465,1541391.36042465,1
2026-06-20 02:00:00+08:00,2026-06-20 03:00:00+08:00,1781892000000,SOL-USDT,1H,69.33,69.37,68.8,69.06,10257.730117,708240.20016943,708240.20016943,1
2026-06-20 03:00:00+08:00,2026-06-20 04:00:00+08:00,1781895600000,SOL-USDT,1H,69.05,69.14,68.79,68.96,7961.207986,549268.87010003,549268.87010003,1
2026-06-20 04:00:00+08:00,2026-06-20 05:00:00+08:00,1781899200000,SOL-USDT,1H,68.98,69.3,68.74,69.26,16784.570884,1159011.71235225,1159011.71235225,1
2026-06-20 05:00:00+08:00,2026-06-20 06:00:00+08:00,1781902800000,SOL-USDT,1H,69.26,69.3,68.91,69.01,16318.26499,1127553.40267817,1127553.40267817,1
2026-06-20 06:00:00+08:00,2026-06-20 07:00:00+08:00,1781906400000,SOL-USDT,1H,69.02,69.45,68.98,69.41,15781.58493,1094093.06574653,1094093.06574653,1
2026-06-20 07:00:00+08:00,2026-06-20 08:00:00+08:00,1781910000000,SOL-USDT,1H,69.42,69.87,69.24,69.74,27235.616906,1894370.33356537,1894370.33356537,1
2026-06-20 08:00:00+08:00,2026-06-20 09:00:00+08:00,1781913600000,SOL-USDT,1H,69.73,70.12,69.62,69.64,30509.672049,2129930.36587217,2129930.36587217,1
2026-06-20 09:00:00+08:00,2026-06-20 10:00:00+08:00,1781917200000,SOL-USDT,1H,69.64,69.94,69.55,69.81,9106.360388,634601.07299152,634601.07299152,1
2026-06-20 10:00:00+08:00,2026-06-20 11:00:00+08:00,1781920800000,SOL-USDT,1H,69.8,69.87,69.48,69.65,6974.819468,485766.60044268,485766.60044268,1
2026-06-20 11:00:00+08:00,2026-06-20 12:00:00+08:00,1781924400000,SOL-USDT,1H,69.65,70.1,69.63,70,14365.826889,1004527.01697801,1004527.01697801,1
2026-06-20 12:00:00+08:00,2026-06-20 13:00:00+08:00,1781928000000,SOL-USDT,1H,70.01,71.08,69.89,70.86,45638.9802,3219569.15937017,3219569.15937017,1
2026-06-20 13:00:00+08:00,2026-06-20 14:00:00+08:00,1781931600000,SOL-USDT,1H,70.87,72.48,70.71,71.8,86238.262145,6196947.79905175,6196947.79905175,1
2026-06-20 14:00:00+08:00,2026-06-20 15:00:00+08:00,1781935200000,SOL-USDT,1H,71.8,72.38,71.7,72.1,42827.328158,3085635.97325636,3085635.97325636,1
2026-06-20 15:00:00+08:00,2026-06-20 16:00:00+08:00,1781938800000,SOL-USDT,1H,72.13,72.13,71.43,71.59,32766.937443,2349158.84856133,2349158.84856133,1
2026-06-20 16:00:00+08:00,2026-06-20 17:00:00+08:00,1781942400000,SOL-USDT,1H,71.6,71.64,71.27,71.34,22106.485582,1579453.46869364,1579453.46869364,1
2026-06-20 17:00:00+08:00,2026-06-20 18:00:00+08:00,1781946000000,SOL-USDT,1H,71.35,71.63,71.21,71.56,14504.858912,1036048.29982891,1036048.29982891,1
2026-06-20 18:00:00+08:00,2026-06-20 19:00:00+08:00,1781949600000,SOL-USDT,1H,71.56,71.71,71.41,71.69,15470.574514,1107207.45556432,1107207.45556432,1
2026-06-20 19:00:00+08:00,2026-06-20 20:00:00+08:00,1781953200000,SOL-USDT,1H,71.7,72.1,71.45,71.78,27638.360305,1983389.51456853,1983389.51456853,1
2026-06-20 20:00:00+08:00,2026-06-20 21:00:00+08:00,1781956800000,SOL-USDT,1H,71.79,71.94,71.4,71.55,22644.046829,1622749.93103358,1622749.93103358,1
2026-06-20 21:00:00+08:00,2026-06-20 22:00:00+08:00,1781960400000,SOL-USDT,1H,71.55,71.6,70.74,71.2,28866.501515,2054100.93698181,2054100.93698181,1
2026-06-20 22:00:00+08:00,2026-06-20 23:00:00+08:00,1781964000000,SOL-USDT,1H,71.2,72.19,70.46,71.94,65549.021623,4676564.93005208,4676564.93005208,1
2026-06-20 23:00:00+08:00,2026-06-21 00:00:00+08:00,1781967600000,SOL-USDT,1H,71.94,72.63,71.64,72.04,82848.972953,5972019.1157597,5972019.1157597,1
2026-06-21 00:00:00+08:00,2026-06-21 01:00:00+08:00,1781971200000,SOL-USDT,1H,72.05,72.07,71.34,71.67,35115.730331,2515952.04391116,2515952.04391116,1
2026-06-21 01:00:00+08:00,2026-06-21 02:00:00+08:00,1781974800000,SOL-USDT,1H,71.68,71.68,71.1,71.57,20991.969065,1499406.88042854,1499406.88042854,1
2026-06-21 02:00:00+08:00,2026-06-21 03:00:00+08:00,1781978400000,SOL-USDT,1H,71.57,71.98,71.54,71.77,22944.687342,1647469.74593334,1647469.74593334,1
2026-06-21 03:00:00+08:00,2026-06-21 04:00:00+08:00,1781982000000,SOL-USDT,1H,71.75,71.93,71.61,71.87,11250.388892,807421.48199841,807421.48199841,1
2026-06-21 04:00:00+08:00,2026-06-21 05:00:00+08:00,1781985600000,SOL-USDT,1H,71.87,72.06,71.71,72.03,9033.802546,649573.45413251,649573.45413251,1
2026-06-21 05:00:00+08:00,2026-06-21 06:00:00+08:00,1781989200000,SOL-USDT,1H,72.04,72.46,71.97,72.39,14572.789842,1053121.48162644,1053121.48162644,1
2026-06-21 06:00:00+08:00,2026-06-21 07:00:00+08:00,1781992800000,SOL-USDT,1H,72.4,74.3,72.36,73.57,67391.98867,4957397.2618822,4957397.2618822,1
2026-06-21 07:00:00+08:00,2026-06-21 08:00:00+08:00,1781996400000,SOL-USDT,1H,73.57,73.66,73.2,73.21,18176.253228,1334945.62262749,1334945.62262749,1
2026-06-21 08:00:00+08:00,2026-06-21 09:00:00+08:00,1782000000000,SOL-USDT,1H,73.22,73.28,73.01,73.21,14545.31263,1063544.8187443,1063544.8187443,1
2026-06-21 09:00:00+08:00,2026-06-21 10:00:00+08:00,1782003600000,SOL-USDT,1H,73.2,73.31,72.89,73.19,11565.199637,845570.03357248,845570.03357248,1
2026-06-21 10:00:00+08:00,2026-06-21 11:00:00+08:00,1782007200000,SOL-USDT,1H,73.19,73.39,73.08,73.34,8379.994156,613593.92080838,613593.92080838,1
2026-06-21 11:00:00+08:00,2026-06-21 12:00:00+08:00,1782010800000,SOL-USDT,1H,73.35,73.88,73.14,73.64,20340.014563,1495966.33276293,1495966.33276293,1
2026-06-21 12:00:00+08:00,2026-06-21 13:00:00+08:00,1782014400000,SOL-USDT,1H,73.63,73.85,73.39,73.45,31155.534566,2295034.26266837,2295034.26266837,1
2026-06-21 13:00:00+08:00,2026-06-21 14:00:00+08:00,1782018000000,SOL-USDT,1H,73.46,73.53,73.01,73.07,25435.806821,1860190.05351958,1860190.05351958,1
2026-06-21 14:00:00+08:00,2026-06-21 15:00:00+08:00,1782021600000,SOL-USDT,1H,73.07,73.36,73.05,73.24,59646.02186,4360624.7029306,4360624.7029306,1
2026-06-21 15:00:00+08:00,2026-06-21 16:00:00+08:00,1782025200000,SOL-USDT,1H,73.25,73.46,73.12,73.21,33708.771956,2470939.3817291,2470939.3817291,1
2026-06-21 16:00:00+08:00,2026-06-21 17:00:00+08:00,1782028800000,SOL-USDT,1H,73.21,73.26,72.74,73.15,17854.950925,1303268.9541076,1303268.9541076,1
2026-06-21 17:00:00+08:00,2026-06-21 18:00:00+08:00,1782032400000,SOL-USDT,1H,73.15,74.1,73.07,74.03,26615.436615,1962592.20451997,1962592.20451997,1
2026-06-21 18:00:00+08:00,2026-06-21 19:00:00+08:00,1782036000000,SOL-USDT,1H,74.04,74.4,73.87,73.9,26466.294144,1961113.4035962,1961113.4035962,1
2026-06-21 19:00:00+08:00,2026-06-21 20:00:00+08:00,1782039600000,SOL-USDT,1H,73.9,74.03,73.1,73.21,25710.376664,1889404.69893639,1889404.69893639,1
2026-06-21 20:00:00+08:00,2026-06-21 21:00:00+08:00,1782043200000,SOL-USDT,1H,73.2,73.69,72.93,73.64,26467.188589,1938128.70465626,1938128.70465626,1
2026-06-21 21:00:00+08:00,2026-06-21 22:00:00+08:00,1782046800000,SOL-USDT,1H,73.64,73.94,73.47,73.91,24490.475236,1805458.07458648,1805458.07458648,1
2026-06-21 22:00:00+08:00,2026-06-21 23:00:00+08:00,1782050400000,SOL-USDT,1H,73.91,74.15,73.65,74.1,19217.684736,1420735.07944536,1420735.07944536,1
2026-06-21 23:00:00+08:00,2026-06-22 00:00:00+08:00,1782054000000,SOL-USDT,1H,74.11,74.29,73.92,74.15,20469.540316,1516756.85507854,1516756.85507854,1
2026-06-22 00:00:00+08:00,2026-06-22 01:00:00+08:00,1782057600000,SOL-USDT,1H,74.14,74.67,73.8,74.34,32291.448687,2399427.15096522,2399427.15096522,1
2026-06-22 01:00:00+08:00,2026-06-22 02:00:00+08:00,1782061200000,SOL-USDT,1H,74.34,74.69,74.06,74.25,64262.112267,4782264.50506021,4782264.50506021,1
2026-06-22 02:00:00+08:00,2026-06-22 03:00:00+08:00,1782064800000,SOL-USDT,1H,74.26,74.45,73.88,74.22,21127.288775,1566305.62656919,1566305.62656919,1
2026-06-22 03:00:00+08:00,2026-06-22 04:00:00+08:00,1782068400000,SOL-USDT,1H,74.23,74.47,74.11,74.43,14000.660881,1040589.47832344,1040589.47832344,1
2026-06-22 04:00:00+08:00,2026-06-22 05:00:00+08:00,1782072000000,SOL-USDT,1H,74.44,74.56,73.35,73.44,31466.596222,2320631.63236997,2320631.63236997,1
2026-06-22 05:00:00+08:00,2026-06-22 06:00:00+08:00,1782075600000,SOL-USDT,1H,73.44,73.46,72.43,73.14,69167.178982,5041531.29914644,5041531.29914644,1
2026-06-22 06:00:00+08:00,2026-06-22 07:00:00+08:00,1782079200000,SOL-USDT,1H,73.14,73.25,72.64,73.06,26252.39225,1916353.2700141,1916353.2700141,1
2026-06-22 07:00:00+08:00,2026-06-22 08:00:00+08:00,1782082800000,SOL-USDT,1H,73.05,73.1,72.3,72.45,27269.024492,1981586.56663832,1981586.56663832,1
2026-06-22 08:00:00+08:00,2026-06-22 09:00:00+08:00,1782086400000,SOL-USDT,1H,72.46,73.58,72.46,73.37,30082.809572,2198001.85694765,2198001.85694765,1
2026-06-22 09:00:00+08:00,2026-06-22 10:00:00+08:00,1782090000000,SOL-USDT,1H,73.38,75,73.27,74.37,62670.317125,4660923.32874037,4660923.32874037,1
2026-06-22 10:00:00+08:00,2026-06-22 11:00:00+08:00,1782093600000,SOL-USDT,1H,74.38,74.46,73.77,73.83,18832.647899,1395479.48998996,1395479.48998996,1
2026-06-22 11:00:00+08:00,2026-06-22 12:00:00+08:00,1782097200000,SOL-USDT,1H,73.84,74.07,73.3,73.52,25718.401335,1895179.95418218,1895179.95418218,1
2026-06-22 12:00:00+08:00,2026-06-22 13:00:00+08:00,1782100800000,SOL-USDT,1H,73.53,73.91,73.37,73.87,13318.882176,980569.9228418,980569.9228418,1
2026-06-22 13:00:00+08:00,2026-06-22 14:00:00+08:00,1782104400000,SOL-USDT,1H,73.87,74.14,73.8,73.95,13335.413764,987057.28009808,987057.28009808,1
2026-06-22 14:00:00+08:00,2026-06-22 15:00:00+08:00,1782108000000,SOL-USDT,1H,73.96,74.21,73.57,73.71,16316.783797,1204361.65503065,1204361.65503065,1
2026-06-22 15:00:00+08:00,2026-06-22 16:00:00+08:00,1782111600000,SOL-USDT,1H,73.72,74.47,73.68,74.11,22315.790789,1655506.68175739,1655506.68175739,1
2026-06-22 16:00:00+08:00,2026-06-22 17:00:00+08:00,1782115200000,SOL-USDT,1H,74.11,74.33,73.72,73.9,15584.310187,1154203.99567378,1154203.99567378,1
2026-06-22 17:00:00+08:00,2026-06-22 18:00:00+08:00,1782118800000,SOL-USDT,1H,73.91,74.02,73.58,73.81,12565.481262,927126.65941711,927126.65941711,1
2026-06-22 18:00:00+08:00,2026-06-22 19:00:00+08:00,1782122400000,SOL-USDT,1H,73.81,74.02,73.59,73.77,13569.762158,1000975.61678581,1000975.61678581,1
2026-06-22 19:00:00+08:00,2026-06-22 20:00:00+08:00,1782126000000,SOL-USDT,1H,73.78,74.43,73.66,74.19,51593.682248,3823101.52134929,3823101.52134929,1
2026-06-22 20:00:00+08:00,2026-06-22 21:00:00+08:00,1782129600000,SOL-USDT,1H,74.19,74.56,74.03,74.42,40060.452221,2976580.21167673,2976580.21167673,1
2026-06-22 21:00:00+08:00,2026-06-22 22:00:00+08:00,1782133200000,SOL-USDT,1H,74.42,74.99,74.25,74.97,91912.720719,6853258.83032693,6853258.83032693,1
2026-06-22 22:00:00+08:00,2026-06-22 23:00:00+08:00,1782136800000,SOL-USDT,1H,74.99,75,73.2,73.43,100219.754237,7405152.64527732,7405152.64527732,1
2026-06-22 23:00:00+08:00,2026-06-23 00:00:00+08:00,1782140400000,SOL-USDT,1H,73.45,73.8,73,73.15,47254.087105,3469901.03472239,3469901.03472239,1
2026-06-23 00:00:00+08:00,2026-06-23 01:00:00+08:00,1782144000000,SOL-USDT,1H,73.16,73.22,72.56,72.95,46701.69348,3401467.69980906,3401467.69980906,1
2026-06-23 01:00:00+08:00,2026-06-23 02:00:00+08:00,1782147600000,SOL-USDT,1H,72.96,73.33,72.65,73.29,27008.492305,1970440.1287951,1970440.1287951,1
2026-06-23 02:00:00+08:00,2026-06-23 03:00:00+08:00,1782151200000,SOL-USDT,1H,73.28,73.57,72.59,72.65,72657.738216,5303945.02853329,5303945.02853329,1
2026-06-23 03:00:00+08:00,2026-06-23 04:00:00+08:00,1782154800000,SOL-USDT,1H,72.65,72.81,72.47,72.7,26092.741685,1895702.1033407,1895702.1033407,1
2026-06-23 04:00:00+08:00,2026-06-23 05:00:00+08:00,1782158400000,SOL-USDT,1H,72.71,72.96,72.49,72.83,14788.852544,1075465.8738486,1075465.8738486,1
2026-06-23 05:00:00+08:00,2026-06-23 06:00:00+08:00,1782162000000,SOL-USDT,1H,72.83,72.89,72.3,72.73,14460.658175,1049589.53038292,1049589.53038292,1
2026-06-23 06:00:00+08:00,2026-06-23 07:00:00+08:00,1782165600000,SOL-USDT,1H,72.74,72.96,71.36,72.12,50720.583602,3648137.61524929,3648137.61524929,1
2026-06-23 07:00:00+08:00,2026-06-23 08:00:00+08:00,1782169200000,SOL-USDT,1H,72.1,72.16,71.83,71.96,12628.878654,909536.14577698,909536.14577698,1
2026-06-23 08:00:00+08:00,2026-06-23 09:00:00+08:00,1782172800000,SOL-USDT,1H,71.96,72.02,71.47,71.88,20787.52836,1491156.48808436,1491156.48808436,1
2026-06-23 09:00:00+08:00,2026-06-23 10:00:00+08:00,1782176400000,SOL-USDT,1H,71.89,72.04,71.32,71.71,16216.902413,1163683.11452587,1163683.11452587,1
2026-06-23 10:00:00+08:00,2026-06-23 11:00:00+08:00,1782180000000,SOL-USDT,1H,71.72,72.05,71.56,72,16020.196937,1151477.54277689,1151477.54277689,1
2026-06-23 11:00:00+08:00,2026-06-23 12:00:00+08:00,1782183600000,SOL-USDT,1H,72,72.01,71.72,71.99,10605.552445,762072.65512223,762072.65512223,1
2026-06-23 12:00:00+08:00,2026-06-23 13:00:00+08:00,1782187200000,SOL-USDT,1H,71.99,72.02,71.38,71.46,17460.797145,1252469.68559436,1252469.68559436,1
2026-06-23 13:00:00+08:00,2026-06-23 14:00:00+08:00,1782190800000,SOL-USDT,1H,71.47,71.6,70.93,71.02,37432.716034,2664939.00831496,2664939.00831496,1
2026-06-23 14:00:00+08:00,2026-06-23 15:00:00+08:00,1782194400000,SOL-USDT,1H,71.04,71.07,69.68,70.32,81925.050344,5759830.89324818,5759830.89324818,1
2026-06-23 15:00:00+08:00,2026-06-23 16:00:00+08:00,1782198000000,SOL-USDT,1H,70.3,70.56,69.98,70.01,23790.888392,1673289.88952976,1673289.88952976,1
2026-06-23 16:00:00+08:00,2026-06-23 17:00:00+08:00,1782201600000,SOL-USDT,1H,70.01,70.13,68.14,68.71,155089.65938,10673248.25119839,10673248.25119839,1
2026-06-23 17:00:00+08:00,2026-06-23 18:00:00+08:00,1782205200000,SOL-USDT,1H,68.71,69.05,68.68,68.91,27703.567121,1908406.6577981,1908406.6577981,1
2026-06-23 18:00:00+08:00,2026-06-23 19:00:00+08:00,1782208800000,SOL-USDT,1H,68.92,69.21,68.61,68.81,24543.294452,1691463.46327051,1691463.46327051,1
2026-06-23 19:00:00+08:00,2026-06-23 20:00:00+08:00,1782212400000,SOL-USDT,1H,68.82,69.34,68.82,69.31,34781.026259,2405200.48219144,2405200.48219144,1
2026-06-23 20:00:00+08:00,2026-06-23 21:00:00+08:00,1782216000000,SOL-USDT,1H,69.31,69.37,68.85,68.97,29243.880974,2021681.71056344,2021681.71056344,1
2026-06-23 21:00:00+08:00,2026-06-23 22:00:00+08:00,1782219600000,SOL-USDT,1H,68.97,69.37,68.64,69.2,66721.617007,4602648.10813373,4602648.10813373,1
2026-06-23 22:00:00+08:00,2026-06-23 23:00:00+08:00,1782223200000,SOL-USDT,1H,69.2,69.67,69.08,69.19,49265.293323,3416420.5685631,3416420.5685631,1
2026-06-23 23:00:00+08:00,2026-06-24 00:00:00+08:00,1782226800000,SOL-USDT,1H,69.19,69.2,68.39,68.92,41132.497323,2825566.55254132,2825566.55254132,1
2026-06-24 00:00:00+08:00,2026-06-24 01:00:00+08:00,1782230400000,SOL-USDT,1H,68.92,69.4,68.81,68.89,29128.557825,2012794.1887362,2012794.1887362,1
2026-06-24 01:00:00+08:00,2026-06-24 02:00:00+08:00,1782234000000,SOL-USDT,1H,68.89,69.19,68.63,68.77,13561.417844,933862.00619129,933862.00619129,1
2026-06-24 02:00:00+08:00,2026-06-24 03:00:00+08:00,1782237600000,SOL-USDT,1H,68.78,69.04,68.69,68.92,12178.391279,838613.79702474,838613.79702474,1
2026-06-24 03:00:00+08:00,2026-06-24 04:00:00+08:00,1782241200000,SOL-USDT,1H,68.9,69.11,68.74,68.85,11627.546948,801370.92356681,801370.92356681,1
2026-06-24 04:00:00+08:00,2026-06-24 05:00:00+08:00,1782244800000,SOL-USDT,1H,68.87,69.07,68.84,69.01,7288.255885,502745.90422986,502745.90422986,1
2026-06-24 05:00:00+08:00,2026-06-24 06:00:00+08:00,1782248400000,SOL-USDT,1H,69.02,69.33,68.98,69.27,12354.408891,854987.55484761,854987.55484761,1
2026-06-24 06:00:00+08:00,2026-06-24 07:00:00+08:00,1782252000000,SOL-USDT,1H,69.28,69.84,69.24,69.56,23674.361113,1646082.71393707,1646082.71393707,1
2026-06-24 07:00:00+08:00,2026-06-24 08:00:00+08:00,1782255600000,SOL-USDT,1H,69.56,69.81,69.31,69.7,15605.680874,1084943.4930305,1084943.4930305,1
2026-06-24 08:00:00+08:00,2026-06-24 09:00:00+08:00,1782259200000,SOL-USDT,1H,69.7,70.14,69.6,69.99,29684.107613,2076119.22865302,2076119.22865302,1
2026-06-24 09:00:00+08:00,2026-06-24 10:00:00+08:00,1782262800000,SOL-USDT,1H,70,70.41,69.68,70.09,22818.893337,1599182.74596096,1599182.74596096,1
2026-06-24 10:00:00+08:00,2026-06-24 11:00:00+08:00,1782266400000,SOL-USDT,1H,70.1,70.15,69.43,69.46,21732.51242,1516582.43188424,1516582.43188424,1
2026-06-24 11:00:00+08:00,2026-06-24 12:00:00+08:00,1782270000000,SOL-USDT,1H,69.46,69.77,69.11,69.56,14871.697078,1032332.84883412,1032332.84883412,1
2026-06-24 12:00:00+08:00,2026-06-24 13:00:00+08:00,1782273600000,SOL-USDT,1H,69.58,69.67,69,69.59,21573.038992,1494553.96682734,1494553.96682734,1
2026-06-24 13:00:00+08:00,2026-06-24 14:00:00+08:00,1782277200000,SOL-USDT,1H,69.58,70.21,69.52,69.94,18087.016497,1265419.06242452,1265419.06242452,1
2026-06-24 14:00:00+08:00,2026-06-24 15:00:00+08:00,1782280800000,SOL-USDT,1H,69.94,70.04,69.7,69.74,9918.220944,693275.41569338,693275.41569338,1
2026-06-24 15:00:00+08:00,2026-06-24 16:00:00+08:00,1782284400000,SOL-USDT,1H,69.75,69.79,69.27,69.37,26107.375599,1813517.97349793,1813517.97349793,1
2026-06-24 16:00:00+08:00,2026-06-24 17:00:00+08:00,1782288000000,SOL-USDT,1H,69.38,69.62,69.24,69.47,63471.014472,4404916.78738939,4404916.78738939,1
2026-06-24 17:00:00+08:00,2026-06-24 18:00:00+08:00,1782291600000,SOL-USDT,1H,69.46,69.54,69.2,69.3,63309.088452,4392055.22108047,4392055.22108047,1
2026-06-24 18:00:00+08:00,2026-06-24 19:00:00+08:00,1782295200000,SOL-USDT,1H,69.31,69.34,68.95,69.05,32933.459428,2276929.67182126,2276929.67182126,1
2026-06-24 19:00:00+08:00,2026-06-24 20:00:00+08:00,1782298800000,SOL-USDT,1H,69.05,70.45,68.78,69.81,44326.553322,3081586.64531696,3081586.64531696,1
2026-06-24 20:00:00+08:00,2026-06-24 21:00:00+08:00,1782302400000,SOL-USDT,1H,69.83,69.92,69.42,69.45,17622.569669,1228835.83982683,1228835.83982683,1
2026-06-24 21:00:00+08:00,2026-06-24 22:00:00+08:00,1782306000000,SOL-USDT,1H,69.45,69.5,68.38,68.88,95314.097367,6564628.58382471,6564628.58382471,1
2026-06-24 22:00:00+08:00,2026-06-24 23:00:00+08:00,1782309600000,SOL-USDT,1H,68.86,69.42,68.6,68.87,52819.326789,3641456.203008,3641456.203008,1
2026-06-24 23:00:00+08:00,2026-06-25 00:00:00+08:00,1782313200000,SOL-USDT,1H,68.87,68.89,67.26,67.33,64669.560637,4399116.60523303,4399116.60523303,1
2026-06-25 00:00:00+08:00,2026-06-25 01:00:00+08:00,1782316800000,SOL-USDT,1H,67.32,68.03,66.3,66.54,149792.580637,10052420.42714426,10052420.42714426,1
2026-06-25 01:00:00+08:00,2026-06-25 02:00:00+08:00,1782320400000,SOL-USDT,1H,66.54,66.92,64.71,64.97,150625.817747,9879546.13980931,9879546.13980931,1
2026-06-25 02:00:00+08:00,2026-06-25 03:00:00+08:00,1782324000000,SOL-USDT,1H,64.98,66.49,64.81,66.02,61459.109368,4043436.50514748,4043436.50514748,1
2026-06-25 03:00:00+08:00,2026-06-25 04:00:00+08:00,1782327600000,SOL-USDT,1H,66.03,66.39,65.55,66.14,50650.820204,3338306.27663242,3338306.27663242,1
2026-06-25 04:00:00+08:00,2026-06-25 05:00:00+08:00,1782331200000,SOL-USDT,1H,66.13,68.01,65.98,67.68,82679.353356,5559533.05527732,5559533.05527732,1
2026-06-25 05:00:00+08:00,2026-06-25 06:00:00+08:00,1782334800000,SOL-USDT,1H,67.7,68.12,67.23,68.07,30825.185609,2083961.112047,2083961.112047,1
2026-06-25 06:00:00+08:00,2026-06-25 07:00:00+08:00,1782338400000,SOL-USDT,1H,68.08,68.55,67.69,67.84,28140.819532,1916434.21879013,1916434.21879013,1
2026-06-25 07:00:00+08:00,2026-06-25 08:00:00+08:00,1782342000000,SOL-USDT,1H,67.83,68.19,67.76,68.11,10489.326468,713425.48128298,713425.48128298,1
2026-06-25 08:00:00+08:00,2026-06-25 09:00:00+08:00,1782345600000,SOL-USDT,1H,68.12,68.32,67.53,67.72,20364.828864,1382013.0528007,1382013.0528007,1
2026-06-25 09:00:00+08:00,2026-06-25 10:00:00+08:00,1782349200000,SOL-USDT,1H,67.71,68.02,67.41,67.88,16886.453604,1143006.3017577,1143006.3017577,1
2026-06-25 10:00:00+08:00,2026-06-25 11:00:00+08:00,1782352800000,SOL-USDT,1H,67.88,67.94,67.62,67.73,10154.842018,688042.05652199,688042.05652199,1
2026-06-25 11:00:00+08:00,2026-06-25 12:00:00+08:00,1782356400000,SOL-USDT,1H,67.73,67.86,67.48,67.69,17121.403174,1158057.69403814,1158057.69403814,1
2026-06-25 12:00:00+08:00,2026-06-25 13:00:00+08:00,1782360000000,SOL-USDT,1H,67.7,68.52,67.49,68.45,33112.790975,2252933.73360714,2252933.73360714,1
2026-06-25 13:00:00+08:00,2026-06-25 14:00:00+08:00,1782363600000,SOL-USDT,1H,68.46,69.3,68.36,69.04,70133.111252,4837270.1479921,4837270.1479921,1
2026-06-25 14:00:00+08:00,2026-06-25 15:00:00+08:00,1782367200000,SOL-USDT,1H,69.04,69.66,69.01,69.47,40993.243473,2844198.38586623,2844198.38586623,1
2026-06-25 15:00:00+08:00,2026-06-25 16:00:00+08:00,1782370800000,SOL-USDT,1H,69.47,69.59,69.24,69.44,36289.001235,2518188.33139097,2518188.33139097,1
2026-06-25 16:00:00+08:00,2026-06-25 17:00:00+08:00,1782374400000,SOL-USDT,1H,69.44,69.44,68.99,69.05,31104.061068,2151138.8269431,2151138.8269431,1
2026-06-25 17:00:00+08:00,2026-06-25 18:00:00+08:00,1782378000000,SOL-USDT,1H,69.06,69.18,68.79,68.82,21130.962914,1457667.18580715,1457667.18580715,1
2026-06-25 18:00:00+08:00,2026-06-25 19:00:00+08:00,1782381600000,SOL-USDT,1H,68.82,68.88,68.15,68.31,27739.217553,1899044.42271382,1899044.42271382,1
2026-06-25 19:00:00+08:00,2026-06-25 20:00:00+08:00,1782385200000,SOL-USDT,1H,68.31,68.43,68.01,68.18,31582.90566,2153504.80747345,2153504.80747345,1
2026-06-25 20:00:00+08:00,2026-06-25 21:00:00+08:00,1782388800000,SOL-USDT,1H,68.18,68.92,67.78,68.31,55767.744162,3812216.35225317,3812216.35225317,1
2026-06-25 21:00:00+08:00,2026-06-25 22:00:00+08:00,1782392400000,SOL-USDT,1H,68.31,68.46,64.05,64.25,189376.743682,12515784.38459734,12515784.38459734,1
2026-06-25 22:00:00+08:00,2026-06-25 23:00:00+08:00,1782396000000,SOL-USDT,1H,64.25,67.15,64.25,66.37,196408.132343,12950719.12522966,12950719.12522966,1
2026-06-25 23:00:00+08:00,2026-06-26 00:00:00+08:00,1782399600000,SOL-USDT,1H,66.38,66.38,65.24,66.32,103345.199864,6814661.45608525,6814661.45608525,1
2026-06-26 00:00:00+08:00,2026-06-26 01:00:00+08:00,1782403200000,SOL-USDT,1H,66.32,67.05,65.66,65.97,58915.459096,3910099.93500804,3910099.93500804,1
2026-06-26 01:00:00+08:00,2026-06-26 02:00:00+08:00,1782406800000,SOL-USDT,1H,65.98,67.36,65.83,67.13,58270.436525,3893801.30590706,3893801.30590706,1
2026-06-26 02:00:00+08:00,2026-06-26 03:00:00+08:00,1782410400000,SOL-USDT,1H,67.12,67.16,65.92,66.2,51284.019574,3405202.943884,3405202.943884,1
2026-06-26 03:00:00+08:00,2026-06-26 04:00:00+08:00,1782414000000,SOL-USDT,1H,66.22,66.23,65.66,66.21,55642.078951,3672322.7838945,3672322.7838945,1
2026-06-26 04:00:00+08:00,2026-06-26 05:00:00+08:00,1782417600000,SOL-USDT,1H,66.22,66.81,66.09,66.29,34593.123807,2298856.20317858,2298856.20317858,1
2026-06-26 05:00:00+08:00,2026-06-26 06:00:00+08:00,1782421200000,SOL-USDT,1H,66.28,67.32,66.27,67.29,29726.868029,1985953.57999242,1985953.57999242,1
2026-06-26 06:00:00+08:00,2026-06-26 07:00:00+08:00,1782424800000,SOL-USDT,1H,67.27,67.34,66.93,67.16,16821.0322,1128973.5914236,1128973.5914236,1
2026-06-26 07:00:00+08:00,2026-06-26 08:00:00+08:00,1782428400000,SOL-USDT,1H,67.15,68.82,67,67.7,64991.466212,4421697.46787879,4421697.46787879,1
2026-06-26 08:00:00+08:00,2026-06-26 09:00:00+08:00,1782432000000,SOL-USDT,1H,67.72,68.1,67.62,67.74,30565.799298,2073797.15836703,2073797.15836703,1
2026-06-26 09:00:00+08:00,2026-06-26 10:00:00+08:00,1782435600000,SOL-USDT,1H,67.74,67.91,67.15,67.33,43393.118627,2924253.47372158,2924253.47372158,1
2026-06-26 10:00:00+08:00,2026-06-26 11:00:00+08:00,1782439200000,SOL-USDT,1H,67.33,67.37,65.93,66.21,104859.637624,6963423.33081265,6963423.33081265,1
2026-06-26 11:00:00+08:00,2026-06-26 12:00:00+08:00,1782442800000,SOL-USDT,1H,66.22,68.5,65.93,68.22,96818.529748,6511050.92373877,6511050.92373877,1
2026-06-26 12:00:00+08:00,2026-06-26 13:00:00+08:00,1782446400000,SOL-USDT,1H,68.21,68.38,67.97,68.07,29968.410197,2040435.86863357,2040435.86863357,1
2026-06-26 13:00:00+08:00,2026-06-26 14:00:00+08:00,1782450000000,SOL-USDT,1H,68.08,68.47,67.99,68.37,28856.338751,1968483.67195013,1968483.67195013,1
2026-06-26 14:00:00+08:00,2026-06-26 15:00:00+08:00,1782453600000,SOL-USDT,1H,68.37,70.06,68.01,70.01,114382.373112,7906809.2805361,7906809.2805361,1
2026-06-26 15:00:00+08:00,2026-06-26 16:00:00+08:00,1782457200000,SOL-USDT,1H,70,71,69.92,70.78,103781.771932,7319045.56315738,7319045.56315738,1
2026-06-26 16:00:00+08:00,2026-06-26 17:00:00+08:00,1782460800000,SOL-USDT,1H,70.78,70.88,69.72,69.93,72082.686341,5052529.26718367,5052529.26718367,1
2026-06-26 17:00:00+08:00,2026-06-26 18:00:00+08:00,1782464400000,SOL-USDT,1H,69.94,69.96,68.85,69.01,51885.716625,3607744.72777238,3607744.72777238,1
2026-06-26 18:00:00+08:00,2026-06-26 19:00:00+08:00,1782468000000,SOL-USDT,1H,69.02,69.25,68.66,68.78,31431.867114,2168168.85129549,2168168.85129549,1
2026-06-26 19:00:00+08:00,2026-06-26 20:00:00+08:00,1782471600000,SOL-USDT,1H,68.78,69.11,68.4,68.61,28290.077914,1942990.52903845,1942990.52903845,1
2026-06-26 20:00:00+08:00,2026-06-26 21:00:00+08:00,1782475200000,SOL-USDT,1H,68.62,69.73,68.38,68.87,73510.568699,5073283.21269201,5073283.21269201,1
2026-06-26 21:00:00+08:00,2026-06-26 22:00:00+08:00,1782478800000,SOL-USDT,1H,68.87,70.95,68.2,70.7,118254.016936,8211808.26088608,8211808.26088608,1
2026-06-26 22:00:00+08:00,2026-06-26 23:00:00+08:00,1782482400000,SOL-USDT,1H,70.7,71.98,70.25,70.47,143329.244744,10187063.72669513,10187063.72669513,1
2026-06-26 23:00:00+08:00,2026-06-27 00:00:00+08:00,1782486000000,SOL-USDT,1H,70.48,72.24,70.32,72.06,93492.801865,6688050.18747026,6688050.18747026,1
2026-06-27 00:00:00+08:00,2026-06-27 01:00:00+08:00,1782489600000,SOL-USDT,1H,72.06,73.57,72.02,72.5,138863.337337,10102751.95414714,10102751.95414714,1
2026-06-27 01:00:00+08:00,2026-06-27 02:00:00+08:00,1782493200000,SOL-USDT,1H,72.5,72.89,72.19,72.57,42655.227026,3094560.94211166,3094560.94211166,1
2026-06-27 02:00:00+08:00,2026-06-27 03:00:00+08:00,1782496800000,SOL-USDT,1H,72.57,73.1,72.38,72.6,30963.834922,2251067.72227472,2251067.72227472,1
2026-06-27 03:00:00+08:00,2026-06-27 04:00:00+08:00,1782500400000,SOL-USDT,1H,72.61,73.93,72.48,73,74229.078898,5447168.69060666,5447168.69060666,1
2026-06-27 04:00:00+08:00,2026-06-27 05:00:00+08:00,1782504000000,SOL-USDT,1H,73.01,73.68,72.07,72.18,84569.070163,6159323.15732849,6159323.15732849,1
2026-06-27 05:00:00+08:00,2026-06-27 06:00:00+08:00,1782507600000,SOL-USDT,1H,72.17,72.41,71.82,71.99,29427.164617,2120491.88595832,2120491.88595832,1
2026-06-27 06:00:00+08:00,2026-06-27 07:00:00+08:00,1782511200000,SOL-USDT,1H,71.99,72.09,71.44,71.83,31712.93573,2275163.85128266,2275163.85128266,1
2026-06-27 07:00:00+08:00,2026-06-27 08:00:00+08:00,1782514800000,SOL-USDT,1H,71.82,72.02,71.68,71.9,21252.717417,1527359.13554989,1527359.13554989,1
2026-06-27 08:00:00+08:00,2026-06-27 09:00:00+08:00,1782518400000,SOL-USDT,1H,71.91,72.56,71.57,71.82,43970.630054,3170455.79594113,3170455.79594113,1
2026-06-27 09:00:00+08:00,2026-06-27 10:00:00+08:00,1782522000000,SOL-USDT,1H,71.83,71.83,71.36,71.44,13060.960519,934976.63219905,934976.63219905,1
2026-06-27 10:00:00+08:00,2026-06-27 11:00:00+08:00,1782525600000,SOL-USDT,1H,71.44,72.29,71.39,72.13,30661.532994,2208886.5231039,2208886.5231039,1
2026-06-27 11:00:00+08:00,2026-06-27 12:00:00+08:00,1782529200000,SOL-USDT,1H,72.12,72.42,71.85,72.27,49719.991306,3586785.72000673,3586785.72000673,1
2026-06-27 12:00:00+08:00,2026-06-27 13:00:00+08:00,1782532800000,SOL-USDT,1H,72.26,72.58,71.9,71.94,16548.630441,1196985.43772459,1196985.43772459,1
2026-06-27 13:00:00+08:00,2026-06-27 14:00:00+08:00,1782536400000,SOL-USDT,1H,71.94,72.03,71.52,71.81,22160.270069,1590538.25569949,1590538.25569949,1
2026-06-27 14:00:00+08:00,2026-06-27 15:00:00+08:00,1782540000000,SOL-USDT,1H,71.81,72.32,71.63,72.13,24596.62355,1771254.48691452,1771254.48691452,1
2026-06-27 15:00:00+08:00,2026-06-27 16:00:00+08:00,1782543600000,SOL-USDT,1H,72.14,72.34,72.01,72.29,20555.472183,1483161.84288563,1483161.84288563,1
2026-06-27 16:00:00+08:00,2026-06-27 17:00:00+08:00,1782547200000,SOL-USDT,1H,72.3,72.33,71.88,72.03,18673.731526,1347049.76610457,1347049.76610457,1
2026-06-27 17:00:00+08:00,2026-06-27 18:00:00+08:00,1782550800000,SOL-USDT,1H,72.02,72.11,71.73,71.88,24237.753697,1742791.27573045,1742791.27573045,1
2026-06-27 18:00:00+08:00,2026-06-27 19:00:00+08:00,1782554400000,SOL-USDT,1H,71.87,72.06,71.83,72.04,15859.419153,1141151.00508635,1141151.00508635,1
2026-06-27 19:00:00+08:00,2026-06-27 20:00:00+08:00,1782558000000,SOL-USDT,1H,72.04,72.08,71.55,71.8,16817.073715,1206481.68035983,1206481.68035983,1
2026-06-27 20:00:00+08:00,2026-06-27 21:00:00+08:00,1782561600000,SOL-USDT,1H,71.81,72.18,71.65,72.18,14438.626447,1037834.06817662,1037834.06817662,1
2026-06-27 21:00:00+08:00,2026-06-27 22:00:00+08:00,1782565200000,SOL-USDT,1H,72.18,72.63,72.13,72.36,29339.466713,2123282.77310556,2123282.77310556,1
2026-06-27 22:00:00+08:00,2026-06-27 23:00:00+08:00,1782568800000,SOL-USDT,1H,72.36,72.92,72.23,72.72,29725.976878,2160093.0511048,2160093.0511048,1
2026-06-27 23:00:00+08:00,2026-06-28 00:00:00+08:00,1782572400000,SOL-USDT,1H,72.72,73.19,72.61,72.85,35986.453103,2625444.28545521,2625444.28545521,1
2026-06-28 00:00:00+08:00,2026-06-28 01:00:00+08:00,1782576000000,SOL-USDT,1H,72.85,73.01,72.65,72.65,25807.921574,1878057.72695031,1878057.72695031,1
2026-06-28 01:00:00+08:00,2026-06-28 02:00:00+08:00,1782579600000,SOL-USDT,1H,72.65,72.65,71.89,72.04,45765.366486,3304793.17955096,3304793.17955096,1
2026-06-28 02:00:00+08:00,2026-06-28 03:00:00+08:00,1782583200000,SOL-USDT,1H,72.04,72.17,71.76,71.91,21907.133837,1576690.85013382,1576690.85013382,1
2026-06-28 03:00:00+08:00,2026-06-28 04:00:00+08:00,1782586800000,SOL-USDT,1H,71.91,72.01,70.96,71.1,58594.591862,4175475.12786743,4175475.12786743,1
2026-06-28 04:00:00+08:00,2026-06-28 05:00:00+08:00,1782590400000,SOL-USDT,1H,71.1,71.34,71.08,71.29,18525.169419,1319477.95871544,1319477.95871544,1
2026-06-28 05:00:00+08:00,2026-06-28 06:00:00+08:00,1782594000000,SOL-USDT,1H,71.31,71.62,70.8,70.98,43130.901726,3075293.58155815,3075293.58155815,1
2026-06-28 06:00:00+08:00,2026-06-28 07:00:00+08:00,1782597600000,SOL-USDT,1H,70.98,71.09,70.26,71.07,62909.459743,4449499.10690458,4449499.10690458,1
2026-06-28 07:00:00+08:00,2026-06-28 08:00:00+08:00,1782601200000,SOL-USDT,1H,71.08,71.14,70.44,70.51,24615.975634,1738746.99730216,1738746.99730216,1
2026-06-28 08:00:00+08:00,2026-06-28 09:00:00+08:00,1782604800000,SOL-USDT,1H,70.51,70.8,70.47,70.71,11050.510946,780683.83499051,780683.83499051,1
2026-06-28 09:00:00+08:00,2026-06-28 10:00:00+08:00,1782608400000,SOL-USDT,1H,70.72,70.93,70.45,70.85,7885.061655,557602.60538276,557602.60538276,1
2026-06-28 10:00:00+08:00,2026-06-28 11:00:00+08:00,1782612000000,SOL-USDT,1H,70.85,71.01,70.5,70.72,11242.586008,795626.07028563,795626.07028563,1
2026-06-28 11:00:00+08:00,2026-06-28 12:00:00+08:00,1782615600000,SOL-USDT,1H,70.73,70.98,70.73,70.87,9362.952253,663493.7324187,663493.7324187,1
2026-06-28 12:00:00+08:00,2026-06-28 13:00:00+08:00,1782619200000,SOL-USDT,1H,70.87,70.98,70.56,70.77,7097.680901,502464.72665466,502464.72665466,1
2026-06-28 13:00:00+08:00,2026-06-28 14:00:00+08:00,1782622800000,SOL-USDT,1H,70.78,70.78,70.15,70.53,26282.584385,1852109.57795494,1852109.57795494,1
2026-06-28 14:00:00+08:00,2026-06-28 15:00:00+08:00,1782626400000,SOL-USDT,1H,70.54,70.58,70.19,70.45,10863.483853,764983.47618497,764983.47618497,1
2026-06-28 15:00:00+08:00,2026-06-28 16:00:00+08:00,1782630000000,SOL-USDT,1H,70.45,71.08,70.44,71.07,22752.340289,1612802.9812255,1612802.9812255,1
2026-06-28 16:00:00+08:00,2026-06-28 17:00:00+08:00,1782633600000,SOL-USDT,1H,71.06,72.19,71.06,71.91,50529.614687,3623912.92831583,3623912.92831583,1
2026-06-28 17:00:00+08:00,2026-06-28 18:00:00+08:00,1782637200000,SOL-USDT,1H,71.91,72.04,71.48,71.53,23930.115882,1717262.69552574,1717262.69552574,1
2026-06-28 18:00:00+08:00,2026-06-28 19:00:00+08:00,1782640800000,SOL-USDT,1H,71.54,71.62,71.1,71.47,27702.436508,1977245.80646914,1977245.80646914,1
2026-06-28 19:00:00+08:00,2026-06-28 20:00:00+08:00,1782644400000,SOL-USDT,1H,71.47,72.03,71.42,71.92,20295.43818,1456916.72837689,1456916.72837689,1
2026-06-28 20:00:00+08:00,2026-06-28 21:00:00+08:00,1782648000000,SOL-USDT,1H,71.91,72.41,71.65,71.89,20901.588033,1503941.56128759,1503941.56128759,1
2026-06-28 21:00:00+08:00,2026-06-28 22:00:00+08:00,1782651600000,SOL-USDT,1H,71.88,72.09,71.33,71.74,28401.321316,2037316.75986355,2037316.75986355,1
2026-06-28 22:00:00+08:00,2026-06-28 23:00:00+08:00,1782655200000,SOL-USDT,1H,71.74,72.19,71.65,71.65,19572.362384,1406944.62458579,1406944.62458579,1
2026-06-28 23:00:00+08:00,2026-06-29 00:00:00+08:00,1782658800000,SOL-USDT,1H,71.66,72.12,71.46,72.08,24701.333674,1774520.58264522,1774520.58264522,1
2026-06-29 00:00:00+08:00,2026-06-29 01:00:00+08:00,1782662400000,SOL-USDT,1H,72.08,72.13,71.16,71.57,39398.72302,2820565.04693824,2820565.04693824,1
2026-06-29 01:00:00+08:00,2026-06-29 02:00:00+08:00,1782666000000,SOL-USDT,1H,71.56,71.99,70.97,71.56,31922.343162,2279535.74636511,2279535.74636511,1
2026-06-29 02:00:00+08:00,2026-06-29 03:00:00+08:00,1782669600000,SOL-USDT,1H,71.56,71.71,71,71.17,14966.032269,1067045.67134771,1067045.67134771,1
2026-06-29 03:00:00+08:00,2026-06-29 04:00:00+08:00,1782673200000,SOL-USDT,1H,71.17,71.32,70.25,70.72,38232.165247,2704022.93137493,2704022.93137493,1
2026-06-29 04:00:00+08:00,2026-06-29 05:00:00+08:00,1782676800000,SOL-USDT,1H,70.71,71.29,70.65,70.92,26919.635703,1908965.03046834,1908965.03046834,1
2026-06-29 05:00:00+08:00,2026-06-29 06:00:00+08:00,1782680400000,SOL-USDT,1H,70.92,71.06,70.22,70.46,16670.757624,1177732.64360635,1177732.64360635,1
2026-06-29 06:00:00+08:00,2026-06-29 07:00:00+08:00,1782684000000,SOL-USDT,1H,70.46,71.53,69.73,70.23,55847.321054,3940970.54050909,3940970.54050909,1
2026-06-29 07:00:00+08:00,2026-06-29 08:00:00+08:00,1782687600000,SOL-USDT,1H,70.23,71.78,70.14,71.38,35027.221177,2491825.09039155,2491825.09039155,1
2026-06-29 08:00:00+08:00,2026-06-29 09:00:00+08:00,1782691200000,SOL-USDT,1H,71.4,71.69,70.35,71.66,58633.097747,4163799.95636027,4163799.95636027,1
2026-06-29 09:00:00+08:00,2026-06-29 10:00:00+08:00,1782694800000,SOL-USDT,1H,71.66,71.7,70.96,71.49,30380.722698,2167674.09320852,2167674.09320852,1
2026-06-29 10:00:00+08:00,2026-06-29 11:00:00+08:00,1782698400000,SOL-USDT,1H,71.49,72.21,70.52,72.19,54666.070098,3914957.76588933,3914957.76588933,1
2026-06-29 11:00:00+08:00,2026-06-29 12:00:00+08:00,1782702000000,SOL-USDT,1H,72.2,73.33,72.18,72.69,69050.0782,5031611.62439542,5031611.62439542,1
2026-06-29 12:00:00+08:00,2026-06-29 13:00:00+08:00,1782705600000,SOL-USDT,1H,72.69,72.71,71.65,71.7,27122.945536,1958324.57509844,1958324.57509844,1
2026-06-29 13:00:00+08:00,2026-06-29 14:00:00+08:00,1782709200000,SOL-USDT,1H,71.7,72.35,71.04,72.31,32818.515707,2348533.25569506,2348533.25569506,1
2026-06-29 14:00:00+08:00,2026-06-29 15:00:00+08:00,1782712800000,SOL-USDT,1H,72.32,73.12,72.22,72.39,48512.304806,3521250.61559796,3521250.61559796,1
2026-06-29 15:00:00+08:00,2026-06-29 16:00:00+08:00,1782716400000,SOL-USDT,1H,72.39,72.95,72.09,72.73,27017.735604,1958532.15714166,1958532.15714166,1
2026-06-29 16:00:00+08:00,2026-06-29 17:00:00+08:00,1782720000000,SOL-USDT,1H,72.72,73,72.38,72.72,42094.478137,3062234.376384,3062234.376384,1
2026-06-29 17:00:00+08:00,2026-06-29 18:00:00+08:00,1782723600000,SOL-USDT,1H,72.73,73.16,72.6,72.93,32651.994381,2378566.40202064,2378566.40202064,1
2026-06-29 18:00:00+08:00,2026-06-29 19:00:00+08:00,1782727200000,SOL-USDT,1H,72.94,73.68,72.94,73.24,48250.435341,3538059.80022423,3538059.80022423,1
2026-06-29 19:00:00+08:00,2026-06-29 20:00:00+08:00,1782730800000,SOL-USDT,1H,73.24,73.27,72.25,72.53,82798.329147,6021767.64419923,6021767.64419923,1
2026-06-29 20:00:00+08:00,2026-06-29 21:00:00+08:00,1782734400000,SOL-USDT,1H,72.54,74.55,72.13,73.51,183137.213313,13475485.49161486,13475485.49161486,1
2026-06-29 21:00:00+08:00,2026-06-29 22:00:00+08:00,1782738000000,SOL-USDT,1H,73.51,74.35,72.78,73.73,183591.689654,13510113.46724759,13510113.46724759,1
2026-06-29 22:00:00+08:00,2026-06-29 23:00:00+08:00,1782741600000,SOL-USDT,1H,73.74,73.96,72.31,73.73,175795.02929,12858324.04312689,12858324.04312689,1
2026-06-29 23:00:00+08:00,2026-06-30 00:00:00+08:00,1782745200000,SOL-USDT,1H,73.74,74.44,72.8,73.91,111895.602158,8247994.90664364,8247994.90664364,1
2026-06-30 00:00:00+08:00,2026-06-30 01:00:00+08:00,1782748800000,SOL-USDT,1H,73.92,74.18,72.91,74.04,68528.80892,5045607.6971317,5045607.6971317,1
2026-06-30 01:00:00+08:00,2026-06-30 02:00:00+08:00,1782752400000,SOL-USDT,1H,74.04,76.48,74.02,75.29,211291.55412,15944758.50290109,15944758.50290109,1
2026-06-30 02:00:00+08:00,2026-06-30 03:00:00+08:00,1782756000000,SOL-USDT,1H,75.31,75.83,75.15,75.6,42796.112153,3231051.13413559,3231051.13413559,1
2026-06-30 03:00:00+08:00,2026-06-30 04:00:00+08:00,1782759600000,SOL-USDT,1H,75.61,76.22,75.42,75.99,50090.660159,3801393.57387776,3801393.57387776,1
2026-06-30 04:00:00+08:00,2026-06-30 05:00:00+08:00,1782763200000,SOL-USDT,1H,75.99,76.03,75.28,75.38,31186.097331,2358177.98258557,2358177.98258557,1
2026-06-30 05:00:00+08:00,2026-06-30 06:00:00+08:00,1782766800000,SOL-USDT,1H,75.39,75.8,75.25,75.54,24336.902719,1839116.33210745,1839116.33210745,1
2026-06-30 06:00:00+08:00,2026-06-30 07:00:00+08:00,1782770400000,SOL-USDT,1H,75.54,75.65,75.05,75.28,23047.23745,1735898.89523856,1735898.89523856,1
2026-06-30 07:00:00+08:00,2026-06-30 08:00:00+08:00,1782774000000,SOL-USDT,1H,75.28,75.44,74.9,75.19,22626.148185,1699441.83356433,1699441.83356433,1
2026-06-30 08:00:00+08:00,2026-06-30 09:00:00+08:00,1782777600000,SOL-USDT,1H,75.16,75.23,74.19,74.43,38091.121484,2840787.75508742,2840787.75508742,1
2026-06-30 09:00:00+08:00,2026-06-30 10:00:00+08:00,1782781200000,SOL-USDT,1H,74.44,74.66,74.07,74.41,40746.435068,3030083.4399838,3030083.4399838,1
2026-06-30 10:00:00+08:00,2026-06-30 11:00:00+08:00,1782784800000,SOL-USDT,1H,74.42,74.83,74.05,74.59,13069.340503,972171.69525494,972171.69525494,1
2026-06-30 11:00:00+08:00,2026-06-30 12:00:00+08:00,1782788400000,SOL-USDT,1H,74.61,74.89,74.13,74.19,12645.017159,942292.93989067,942292.93989067,1
2026-06-30 12:00:00+08:00,2026-06-30 13:00:00+08:00,1782792000000,SOL-USDT,1H,74.19,74.26,73.71,74.03,36897.607759,2729248.80433684,2729248.80433684,1
2026-06-30 13:00:00+08:00,2026-06-30 14:00:00+08:00,1782795600000,SOL-USDT,1H,74.04,74.24,73.86,74.23,16467.383334,1219334.19030044,1219334.19030044,1
2026-06-30 14:00:00+08:00,2026-06-30 15:00:00+08:00,1782799200000,SOL-USDT,1H,74.24,74.26,73.9,74.18,11586.901699,858399.21249643,858399.21249643,1
2026-06-30 15:00:00+08:00,2026-06-30 16:00:00+08:00,1782802800000,SOL-USDT,1H,74.18,74.25,73.86,74.16,21443.862279,1588260.76859626,1588260.76859626,1
2026-06-30 16:00:00+08:00,2026-06-30 17:00:00+08:00,1782806400000,SOL-USDT,1H,74.15,74.22,73.33,73.63,89710.132604,6602616.06307225,6602616.06307225,1
2026-06-30 17:00:00+08:00,2026-06-30 18:00:00+08:00,1782810000000,SOL-USDT,1H,73.63,73.89,73.55,73.81,27456.1756,2024162.11919949,2024162.11919949,1
2026-06-30 18:00:00+08:00,2026-06-30 19:00:00+08:00,1782813600000,SOL-USDT,1H,73.82,73.9,73.49,73.7,17173.325981,1265660.45163827,1265660.45163827,1
2026-06-30 19:00:00+08:00,2026-06-30 20:00:00+08:00,1782817200000,SOL-USDT,1H,73.71,73.78,73.35,73.41,19429.757149,1428434.02482843,1428434.02482843,1
2026-06-30 20:00:00+08:00,2026-06-30 21:00:00+08:00,1782820800000,SOL-USDT,1H,73.41,73.43,72.08,72.1,54542.573081,3962670.24258028,3962670.24258028,1
2026-06-30 21:00:00+08:00,2026-06-30 22:00:00+08:00,1782824400000,SOL-USDT,1H,72.11,72.93,71.91,72.88,94820.630828,6865706.34352642,6865706.34352642,1
2026-06-30 22:00:00+08:00,2026-06-30 23:00:00+08:00,1782828000000,SOL-USDT,1H,72.86,73.93,72.74,72.96,60352.19106,4426525.66778321,4426525.66778321,1
2026-06-30 23:00:00+08:00,2026-07-01 00:00:00+08:00,1782831600000,SOL-USDT,1H,72.95,74.12,72.59,73.14,78621.777904,5759530.55812955,5759530.55812955,1
2026-07-01 00:00:00+08:00,2026-07-01 01:00:00+08:00,1782835200000,SOL-USDT,1H,73.16,73.72,72.73,73.5,40988.157767,3002922.84781358,3002922.84781358,1
2026-07-01 01:00:00+08:00,2026-07-01 02:00:00+08:00,1782838800000,SOL-USDT,1H,73.53,73.92,73.18,73.19,28474.964316,2093912.99844646,2093912.99844646,1
2026-07-01 02:00:00+08:00,2026-07-01 03:00:00+08:00,1782842400000,SOL-USDT,1H,73.2,73.81,72.96,73.6,21911.323718,1606990.79725086,1606990.79725086,1
2026-07-01 03:00:00+08:00,2026-07-01 04:00:00+08:00,1782846000000,SOL-USDT,1H,73.58,73.96,73.36,73.77,19783.826119,1456623.59279832,1456623.59279832,1
2026-07-01 04:00:00+08:00,2026-07-01 05:00:00+08:00,1782849600000,SOL-USDT,1H,73.75,73.95,73.53,73.7,17732.27612,1307653.61408452,1307653.61408452,1
2026-07-01 05:00:00+08:00,2026-07-01 06:00:00+08:00,1782853200000,SOL-USDT,1H,73.7,73.8,73.2,73.5,19207.934018,1409903.04819321,1409903.04819321,1
2026-07-01 06:00:00+08:00,2026-07-01 07:00:00+08:00,1782856800000,SOL-USDT,1H,73.51,73.75,73.28,73.42,16525.939641,1214342.15287055,1214342.15287055,1
2026-07-01 07:00:00+08:00,2026-07-01 08:00:00+08:00,1782860400000,SOL-USDT,1H,73.44,73.71,73.33,73.67,8390.671013,616907.73706606,616907.73706606,1
2026-07-01 08:00:00+08:00,2026-07-01 09:00:00+08:00,1782864000000,SOL-USDT,1H,73.68,73.89,73.37,73.65,17856.8676,1315206.94391221,1315206.94391221,1
2026-07-01 09:00:00+08:00,2026-07-01 10:00:00+08:00,1782867600000,SOL-USDT,1H,73.64,74.36,72.26,73.94,58254.917524,4269955.53642777,4269955.53642777,1
2026-07-01 10:00:00+08:00,2026-07-01 11:00:00+08:00,1782871200000,SOL-USDT,1H,73.95,75.03,73.79,74.78,47943.770395,3575981.50790763,3575981.50790763,1
2026-07-01 11:00:00+08:00,2026-07-01 12:00:00+08:00,1782874800000,SOL-USDT,1H,74.78,75.69,74.36,75.48,44578.128813,3345744.63165938,3345744.63165938,1
2026-07-01 12:00:00+08:00,2026-07-01 13:00:00+08:00,1782878400000,SOL-USDT,1H,75.48,75.86,75.25,75.57,36804.034875,2780516.62557144,2780516.62557144,1
2026-07-01 13:00:00+08:00,2026-07-01 14:00:00+08:00,1782882000000,SOL-USDT,1H,75.57,75.79,75.16,75.25,34173.535277,2574838.83618054,2574838.83618054,1
2026-07-01 14:00:00+08:00,2026-07-01 15:00:00+08:00,1782885600000,SOL-USDT,1H,75.25,75.27,73.97,74.31,65322.758398,4867391.7775075,4867391.7775075,1
2026-07-01 15:00:00+08:00,2026-07-01 16:00:00+08:00,1782889200000,SOL-USDT,1H,74.32,74.95,74.1,74.88,44732.497441,3333793.81321119,3333793.81321119,1
2026-07-01 16:00:00+08:00,2026-07-01 17:00:00+08:00,1782892800000,SOL-USDT,1H,74.88,75.51,74.46,75.44,47209.909789,3537418.66413533,3537418.66413533,1
2026-07-01 17:00:00+08:00,2026-07-01 18:00:00+08:00,1782896400000,SOL-USDT,1H,75.44,75.59,75.07,75.47,61774.148377,4650510.59405008,4650510.59405008,1
2026-07-01 18:00:00+08:00,2026-07-01 19:00:00+08:00,1782900000000,SOL-USDT,1H,75.46,75.56,74.99,75,35904.242217,2703709.03831781,2703709.03831781,1
2026-07-01 19:00:00+08:00,2026-07-01 20:00:00+08:00,1782903600000,SOL-USDT,1H,75,75.32,74.65,74.84,31912.945983,2390834.63998324,2390834.63998324,1
2026-07-01 20:00:00+08:00,2026-07-01 21:00:00+08:00,1782907200000,SOL-USDT,1H,74.86,74.98,74.28,74.6,45665.558557,3405603.63482613,3405603.63482613,1
2026-07-01 21:00:00+08:00,2026-07-01 22:00:00+08:00,1782910800000,SOL-USDT,1H,74.61,76.17,74.61,76.05,99916.265513,7535589.04242606,7535589.04242606,1
2026-07-01 22:00:00+08:00,2026-07-01 23:00:00+08:00,1782914400000,SOL-USDT,1H,76.03,77.26,75.66,76.98,117108.599608,8974566.6953876,8974566.6953876,1
2026-07-01 23:00:00+08:00,2026-07-02 00:00:00+08:00,1782918000000,SOL-USDT,1H,76.96,77.81,76.85,77.43,77932.451858,6026463.37800477,6026463.37800477,1
2026-07-02 00:00:00+08:00,2026-07-02 01:00:00+08:00,1782921600000,SOL-USDT,1H,77.43,78.25,76.9,77.18,74751.764413,5797410.46650302,5797410.46650302,1
2026-07-02 01:00:00+08:00,2026-07-02 02:00:00+08:00,1782925200000,SOL-USDT,1H,77.17,77.95,76.85,77.78,53595.862769,4156674.67065251,4156674.67065251,1
2026-07-02 02:00:00+08:00,2026-07-02 03:00:00+08:00,1782928800000,SOL-USDT,1H,77.78,77.92,77.3,77.44,37299.140811,2895750.65408193,2895750.65408193,1
2026-07-02 03:00:00+08:00,2026-07-02 04:00:00+08:00,1782932400000,SOL-USDT,1H,77.44,77.69,76.82,77.01,29357.763332,2268715.96047315,2268715.96047315,1
2026-07-02 04:00:00+08:00,2026-07-02 05:00:00+08:00,1782936000000,SOL-USDT,1H,77.01,77.52,76.6,77.42,48165.999325,3709552.46235403,3709552.46235403,1
2026-07-02 05:00:00+08:00,2026-07-02 06:00:00+08:00,1782939600000,SOL-USDT,1H,77.42,78.71,77.42,78.42,63053.991001,4925842.56377324,4925842.56377324,1
2026-07-02 06:00:00+08:00,2026-07-02 07:00:00+08:00,1782943200000,SOL-USDT,1H,78.41,78.96,77.78,77.88,59284.659076,4646221.51712516,4646221.51712516,1
2026-07-02 07:00:00+08:00,2026-07-02 08:00:00+08:00,1782946800000,SOL-USDT,1H,77.87,77.89,77.27,77.45,48654.098016,3774219.82125789,3774219.82125789,1
2026-07-02 08:00:00+08:00,2026-07-02 09:00:00+08:00,1782950400000,SOL-USDT,1H,77.46,77.48,76.9,77.27,32673.892279,2523241.60212433,2523241.60212433,1
2026-07-02 09:00:00+08:00,2026-07-02 10:00:00+08:00,1782954000000,SOL-USDT,1H,77.28,78.71,77.23,78.18,42263.583852,3297532.77033967,3297532.77033967,1
2026-07-02 10:00:00+08:00,2026-07-02 11:00:00+08:00,1782957600000,SOL-USDT,1H,78.19,78.6,77.82,78.43,21090.744347,1650420.53332496,1650420.53332496,1
2026-07-02 11:00:00+08:00,2026-07-02 12:00:00+08:00,1782961200000,SOL-USDT,1H,78.44,78.98,77.95,78.72,58168.219558,4564424.10080662,4564424.10080662,1
2026-07-02 12:00:00+08:00,2026-07-02 13:00:00+08:00,1782964800000,SOL-USDT,1H,78.72,78.73,78.07,78.28,24358.963901,1908626.9883785,1908626.9883785,1
2026-07-02 13:00:00+08:00,2026-07-02 14:00:00+08:00,1782968400000,SOL-USDT,1H,78.29,78.35,77.8,78.12,29425.171068,2297596.0156754,2297596.0156754,1
2026-07-02 14:00:00+08:00,2026-07-02 15:00:00+08:00,1782972000000,SOL-USDT,1H,78.13,78.64,77.77,77.92,23368.766692,1826332.38199406,1826332.38199406,1
2026-07-02 15:00:00+08:00,2026-07-02 16:00:00+08:00,1782975600000,SOL-USDT,1H,77.92,78.19,77.61,77.99,25200.846392,1962453.44466451,1962453.44466451,1
2026-07-02 16:00:00+08:00,2026-07-02 17:00:00+08:00,1782979200000,SOL-USDT,1H,78,78.5,77.94,78.48,25305.986108,1980711.20502501,1980711.20502501,1
2026-07-02 17:00:00+08:00,2026-07-02 18:00:00+08:00,1782982800000,SOL-USDT,1H,78.48,79.8,78.3,79.47,91006.254357,7212326.5755851,7212326.5755851,1
2026-07-02 18:00:00+08:00,2026-07-02 19:00:00+08:00,1782986400000,SOL-USDT,1H,79.47,82.19,79.43,82.09,204818.739306,16561749.21325956,16561749.21325956,1
2026-07-02 19:00:00+08:00,2026-07-02 20:00:00+08:00,1782990000000,SOL-USDT,1H,82.09,82.78,81.52,82.4,169819.82931,13967227.41135048,13967227.41135048,1
2026-07-02 20:00:00+08:00,2026-07-02 21:00:00+08:00,1782993600000,SOL-USDT,1H,82.38,82.45,81.13,81.4,149622.901952,12236434.9863923,12236434.9863923,1
2026-07-02 21:00:00+08:00,2026-07-02 22:00:00+08:00,1782997200000,SOL-USDT,1H,81.42,82,80.73,81.52,136979.625641,11166291.3303686,11166291.3303686,1
2026-07-02 22:00:00+08:00,2026-07-02 23:00:00+08:00,1783000800000,SOL-USDT,1H,81.53,81.54,80.14,80.55,106381.285871,8590343.06077809,8590343.06077809,1
2026-07-02 23:00:00+08:00,2026-07-03 00:00:00+08:00,1783004400000,SOL-USDT,1H,80.55,80.92,80.1,80.87,45346.383837,3653448.7390942,3653448.7390942,1
2026-07-03 00:00:00+08:00,2026-07-03 01:00:00+08:00,1783008000000,SOL-USDT,1H,80.88,81.11,80.16,80.56,46356.543518,3736745.06997608,3736745.06997608,1
2026-07-03 01:00:00+08:00,2026-07-03 02:00:00+08:00,1783011600000,SOL-USDT,1H,80.55,81.29,80.51,80.64,38780.813826,3136257.79610829,3136257.79610829,1
2026-07-03 02:00:00+08:00,2026-07-03 03:00:00+08:00,1783015200000,SOL-USDT,1H,80.65,81.25,80.64,81.04,25014.575029,2026417.20777024,2026417.20777024,1
2026-07-03 03:00:00+08:00,2026-07-03 04:00:00+08:00,1783018800000,SOL-USDT,1H,81.04,81.29,80.8,80.84,23007.990514,1863625.41975816,1863625.41975816,1
2026-07-03 04:00:00+08:00,2026-07-03 05:00:00+08:00,1783022400000,SOL-USDT,1H,80.84,81.1,80.6,81.03,20161.769628,1628924.41039738,1628924.41039738,1
2026-07-03 05:00:00+08:00,2026-07-03 06:00:00+08:00,1783026000000,SOL-USDT,1H,81.03,81.17,80.5,80.8,20571.950302,1664620.40909842,1664620.40909842,1
2026-07-03 06:00:00+08:00,2026-07-03 07:00:00+08:00,1783029600000,SOL-USDT,1H,80.79,80.89,80.43,80.67,26692.061814,2152373.86455744,2152373.86455744,1
2026-07-03 07:00:00+08:00,2026-07-03 08:00:00+08:00,1783033200000,SOL-USDT,1H,80.66,80.78,80.51,80.73,9552.272144,770379.9583036,770379.9583036,1
2026-07-03 08:00:00+08:00,2026-07-03 09:00:00+08:00,1783036800000,SOL-USDT,1H,80.73,80.96,80.54,80.75,20286.975792,1638945.91743775,1638945.91743775,1
2026-07-03 09:00:00+08:00,2026-07-03 10:00:00+08:00,1783040400000,SOL-USDT,1H,80.76,81.71,80.72,81.48,31967.590726,2599633.22461785,2599633.22461785,1
2026-07-03 10:00:00+08:00,2026-07-03 11:00:00+08:00,1783044000000,SOL-USDT,1H,81.5,81.69,80.68,80.81,22375.519017,1816567.20414755,1816567.20414755,1
2026-07-03 11:00:00+08:00,2026-07-03 12:00:00+08:00,1783047600000,SOL-USDT,1H,80.81,81,80.33,80.73,17786.32646,1435246.38332766,1435246.38332766,1
2026-07-03 12:00:00+08:00,2026-07-03 13:00:00+08:00,1783051200000,SOL-USDT,1H,80.74,80.82,80.48,80.52,11553.200994,931669.46987741,931669.46987741,1
2026-07-03 13:00:00+08:00,2026-07-03 14:00:00+08:00,1783054800000,SOL-USDT,1H,80.52,81.26,80.48,81.16,22145.057248,1791427.0205761,1791427.0205761,1
2026-07-03 14:00:00+08:00,2026-07-03 15:00:00+08:00,1783058400000,SOL-USDT,1H,81.17,81.39,80.75,80.97,27386.26031,2220475.01855187,2220475.01855187,1
2026-07-03 15:00:00+08:00,2026-07-03 16:00:00+08:00,1783062000000,SOL-USDT,1H,80.97,81.54,80.83,81.24,17224.406925,1398965.29347307,1398965.29347307,1
2026-07-03 16:00:00+08:00,2026-07-03 17:00:00+08:00,1783065600000,SOL-USDT,1H,81.25,81.53,80.85,80.93,31459.447173,2554243.68967327,2554243.68967327,1
2026-07-03 17:00:00+08:00,2026-07-03 18:00:00+08:00,1783069200000,SOL-USDT,1H,80.92,81.3,80.69,81.04,16438.093632,1331126.52744556,1331126.52744556,1
2026-07-03 18:00:00+08:00,2026-07-03 19:00:00+08:00,1783072800000,SOL-USDT,1H,81.03,81.87,80.86,81.56,48100.006013,3913727.19358392,3913727.19358392,1
2026-07-03 19:00:00+08:00,2026-07-03 20:00:00+08:00,1783076400000,SOL-USDT,1H,81.56,81.7,81.25,81.56,20724.702103,1689430.88044297,1689430.88044297,1
2026-07-03 20:00:00+08:00,2026-07-03 21:00:00+08:00,1783080000000,SOL-USDT,1H,81.57,81.77,81.23,81.53,21428.307418,1745708.99238314,1745708.99238314,1
2026-07-03 21:00:00+08:00,2026-07-03 22:00:00+08:00,1783083600000,SOL-USDT,1H,81.53,81.9,81.44,81.6,22453.652327,1833440.53052689,1833440.53052689,1
2026-07-03 22:00:00+08:00,2026-07-03 23:00:00+08:00,1783087200000,SOL-USDT,1H,81.61,81.81,80.93,81.7,32855.102908,2671560.73199205,2671560.73199205,1
2026-07-03 23:00:00+08:00,2026-07-04 00:00:00+08:00,1783090800000,SOL-USDT,1H,81.71,82.06,81.15,81.22,28408.118554,2317535.04775143,2317535.04775143,1
2026-07-04 00:00:00+08:00,2026-07-04 01:00:00+08:00,1783094400000,SOL-USDT,1H,81.22,81.57,81.07,81.54,19290.68536,1569550.74577703,1569550.74577703,1
2026-07-04 01:00:00+08:00,2026-07-04 02:00:00+08:00,1783098000000,SOL-USDT,1H,81.55,81.99,81.48,81.78,21181.541661,1731839.38631927,1731839.38631927,1
2026-07-04 02:00:00+08:00,2026-07-04 03:00:00+08:00,1783101600000,SOL-USDT,1H,81.79,82.4,81.65,82.11,21586.541668,1770530.7074112,1770530.7074112,1
2026-07-04 03:00:00+08:00,2026-07-04 04:00:00+08:00,1783105200000,SOL-USDT,1H,82.12,83.23,82.08,82.51,63357.556474,5241447.56198028,5241447.56198028,1
2026-07-04 04:00:00+08:00,2026-07-04 05:00:00+08:00,1783108800000,SOL-USDT,1H,82.49,83,82.24,82.73,43166.781379,3566716.60194409,3566716.60194409,1
2026-07-04 05:00:00+08:00,2026-07-04 06:00:00+08:00,1783112400000,SOL-USDT,1H,82.73,83.06,82.18,82.66,37462.14429,3096246.01269306,3096246.01269306,1
2026-07-04 06:00:00+08:00,2026-07-04 07:00:00+08:00,1783116000000,SOL-USDT,1H,82.67,82.69,82.27,82.36,19053.370996,1570009.72013153,1570009.72013153,1
2026-07-04 07:00:00+08:00,2026-07-04 08:00:00+08:00,1783119600000,SOL-USDT,1H,82.36,82.5,82.19,82.36,8355.014571,687836.91087303,687836.91087303,1
2026-07-04 08:00:00+08:00,2026-07-04 09:00:00+08:00,1783123200000,SOL-USDT,1H,82.35,82.73,82.26,82.4,17411.428087,1437101.50865992,1437101.50865992,1
2026-07-04 09:00:00+08:00,2026-07-04 10:00:00+08:00,1783126800000,SOL-USDT,1H,82.4,82.41,81.81,81.95,22801.510616,1869789.56494479,1869789.56494479,1
2026-07-04 10:00:00+08:00,2026-07-04 11:00:00+08:00,1783130400000,SOL-USDT,1H,81.95,82.4,81.91,82.18,10156.951325,833593.10880351,833593.10880351,1
2026-07-04 11:00:00+08:00,2026-07-04 12:00:00+08:00,1783134000000,SOL-USDT,1H,82.19,82.85,82.05,82.72,27017.79118,2228693.92557542,2228693.92557542,1
2026-07-04 12:00:00+08:00,2026-07-04 13:00:00+08:00,1783137600000,SOL-USDT,1H,82.73,83.98,82.66,83.47,68252.997739,5696161.55936625,5696161.55936625,1
2026-07-04 13:00:00+08:00,2026-07-04 14:00:00+08:00,1783141200000,SOL-USDT,1H,83.49,83.49,82.91,83.37,28959.114805,2411250.705981,2411250.705981,1
2026-07-04 14:00:00+08:00,2026-07-04 15:00:00+08:00,1783144800000,SOL-USDT,1H,83.37,83.59,82.47,82.56,38703.248116,3210387.10942117,3210387.10942117,1
2026-07-04 15:00:00+08:00,2026-07-04 16:00:00+08:00,1783148400000,SOL-USDT,1H,82.57,82.84,82.25,82.72,23805.390817,1963448.85104697,1963448.85104697,1
2026-07-04 16:00:00+08:00,2026-07-04 17:00:00+08:00,1783152000000,SOL-USDT,1H,82.72,82.79,82.26,82.32,25268.972788,2085211.7100952,2085211.7100952,1
2026-07-04 17:00:00+08:00,2026-07-04 18:00:00+08:00,1783155600000,SOL-USDT,1H,82.32,82.34,81.61,81.75,38944.917972,3191802.80922587,3191802.80922587,1
2026-07-04 18:00:00+08:00,2026-07-04 19:00:00+08:00,1783159200000,SOL-USDT,1H,81.74,81.94,81.43,81.66,24528.671299,2003215.82637863,2003215.82637863,1
2026-07-04 19:00:00+08:00,2026-07-04 20:00:00+08:00,1783162800000,SOL-USDT,1H,81.65,81.93,81.55,81.83,19407.92975,1587477.4563897,1587477.4563897,1
2026-07-04 20:00:00+08:00,2026-07-04 21:00:00+08:00,1783166400000,SOL-USDT,1H,81.84,82,81.35,81.6,26318.466899,2149151.63443234,2149151.63443234,1
2026-07-04 21:00:00+08:00,2026-07-04 22:00:00+08:00,1783170000000,SOL-USDT,1H,81.61,81.93,81.38,81.66,22082.341823,1801894.00446842,1801894.00446842,1
2026-07-04 22:00:00+08:00,2026-07-04 23:00:00+08:00,1783173600000,SOL-USDT,1H,81.65,81.87,81.56,81.82,18151.5415,1483991.60534819,1483991.60534819,1
2026-07-04 23:00:00+08:00,2026-07-05 00:00:00+08:00,1783177200000,SOL-USDT,1H,81.82,82.42,81.72,82.24,57085.136765,4690010.01179889,4690010.01179889,1
2026-07-05 00:00:00+08:00,2026-07-05 01:00:00+08:00,1783180800000,SOL-USDT,1H,82.25,82.39,82,82.22,39893.675597,3279851.83414646,3279851.83414646,1
2026-07-05 01:00:00+08:00,2026-07-05 02:00:00+08:00,1783184400000,SOL-USDT,1H,82.23,82.83,81.9,82.54,38859.620579,3204269.10058212,3204269.10058212,1
2026-07-05 02:00:00+08:00,2026-07-05 03:00:00+08:00,1783188000000,SOL-USDT,1H,82.54,82.63,82.1,82.27,17856.166577,1470625.39913551,1470625.39913551,1
2026-07-05 03:00:00+08:00,2026-07-05 04:00:00+08:00,1783191600000,SOL-USDT,1H,82.28,82.35,81.71,81.89,26071.158918,2137017.90051548,2137017.90051548,1
2026-07-05 04:00:00+08:00,2026-07-05 05:00:00+08:00,1783195200000,SOL-USDT,1H,81.89,82.18,81.59,81.98,24024.532502,1968092.02647776,1968092.02647776,1
2026-07-05 05:00:00+08:00,2026-07-05 06:00:00+08:00,1783198800000,SOL-USDT,1H,81.99,82.23,81.84,82,9615.029514,788559.8210406,788559.8210406,1
2026-07-05 06:00:00+08:00,2026-07-05 07:00:00+08:00,1783202400000,SOL-USDT,1H,82,82.03,81.8,81.93,8454.022502,692345.97386121,692345.97386121,1
2026-07-05 07:00:00+08:00,2026-07-05 08:00:00+08:00,1783206000000,SOL-USDT,1H,81.94,81.94,81.46,81.8,17075.127604,1395289.04370711,1395289.04370711,1
2026-07-05 08:00:00+08:00,2026-07-05 09:00:00+08:00,1783209600000,SOL-USDT,1H,81.8,81.81,81.13,81.32,27458.966374,2234998.75730616,2234998.75730616,1
2026-07-05 09:00:00+08:00,2026-07-05 10:00:00+08:00,1783213200000,SOL-USDT,1H,81.33,81.46,80.58,80.85,43186.459072,3495502.85100933,3495502.85100933,1
2026-07-05 10:00:00+08:00,2026-07-05 11:00:00+08:00,1783216800000,SOL-USDT,1H,80.84,80.88,80.21,80.37,41668.339356,3355327.54843663,3355327.54843663,1
2026-07-05 11:00:00+08:00,2026-07-05 12:00:00+08:00,1783220400000,SOL-USDT,1H,80.38,80.62,80.36,80.57,15661.92746,1260953.91371363,1260953.91371363,1
2026-07-05 12:00:00+08:00,2026-07-05 13:00:00+08:00,1783224000000,SOL-USDT,1H,80.57,80.88,80.42,80.6,20377.969169,1643162.85084778,1643162.85084778,1
2026-07-05 13:00:00+08:00,2026-07-05 14:00:00+08:00,1783227600000,SOL-USDT,1H,80.6,80.6,80.25,80.48,13501.304778,1086326.41053385,1086326.41053385,1
2026-07-05 14:00:00+08:00,2026-07-05 15:00:00+08:00,1783231200000,SOL-USDT,1H,80.47,80.64,80.34,80.59,9307.356832,749224.44968787,749224.44968787,1
2026-07-05 15:00:00+08:00,2026-07-05 16:00:00+08:00,1783234800000,SOL-USDT,1H,80.6,80.78,80.37,80.71,24734.037899,1993443.59195117,1993443.59195117,1
2026-07-05 16:00:00+08:00,2026-07-05 17:00:00+08:00,1783238400000,SOL-USDT,1H,80.72,80.87,80.45,80.49,13850.476197,1116486.8594031,1116486.8594031,1
2026-07-05 17:00:00+08:00,2026-07-05 18:00:00+08:00,1783242000000,SOL-USDT,1H,80.5,80.55,79.67,79.89,52635.774734,4209461.87312215,4209461.87312215,1
2026-07-05 18:00:00+08:00,2026-07-05 19:00:00+08:00,1783245600000,SOL-USDT,1H,79.9,80.47,79.75,80.44,30507.463397,2443354.20013492,2443354.20013492,1
2026-07-05 19:00:00+08:00,2026-07-05 20:00:00+08:00,1783249200000,SOL-USDT,1H,80.44,80.67,80.36,80.56,42825.4686,3449010.8717382,3449010.8717382,1
2026-07-05 20:00:00+08:00,2026-07-05 21:00:00+08:00,1783252800000,SOL-USDT,1H,80.57,81.3,80.37,80.77,31799.183812,2572606.55522986,2572606.55522986,1
2026-07-05 21:00:00+08:00,2026-07-05 22:00:00+08:00,1783256400000,SOL-USDT,1H,80.78,81.25,80.67,81.24,19382.286723,1569336.09812906,1569336.09812906,1
2026-07-05 22:00:00+08:00,2026-07-05 23:00:00+08:00,1783260000000,SOL-USDT,1H,81.25,81.61,81.04,81.45,25512.225586,2073504.6635679,2073504.6635679,1
2026-07-05 23:00:00+08:00,2026-07-06 00:00:00+08:00,1783263600000,SOL-USDT,1H,81.46,81.77,81.13,81.35,15170.437886,1235145.91311877,1235145.91311877,1
2026-07-06 00:00:00+08:00,2026-07-06 01:00:00+08:00,1783267200000,SOL-USDT,1H,81.36,81.54,80.91,81.1,29895.501525,2427223.21297213,2427223.21297213,1
2026-07-06 01:00:00+08:00,2026-07-06 02:00:00+08:00,1783270800000,SOL-USDT,1H,81.1,81.39,81.02,81.14,17779.780473,1443422.10363813,1443422.10363813,1
2026-07-06 02:00:00+08:00,2026-07-06 03:00:00+08:00,1783274400000,SOL-USDT,1H,81.15,81.27,81.01,81.01,10116.85578,821193.65839381,821193.65839381,1
2026-07-06 03:00:00+08:00,2026-07-06 04:00:00+08:00,1783278000000,SOL-USDT,1H,81.01,81.14,80.82,81.05,15837.303006,1282220.03595832,1282220.03595832,1
2026-07-06 04:00:00+08:00,2026-07-06 05:00:00+08:00,1783281600000,SOL-USDT,1H,81.05,81.17,80.97,81.09,5327.744677,431758.64253148,431758.64253148,1
2026-07-06 05:00:00+08:00,2026-07-06 06:00:00+08:00,1783285200000,SOL-USDT,1H,81.09,82.32,80.77,81.79,43287.108529,3528291.15619653,3528291.15619653,1
2026-07-06 06:00:00+08:00,2026-07-06 07:00:00+08:00,1783288800000,SOL-USDT,1H,81.79,82.43,81.64,81.83,87821.322513,7207085.82873573,7207085.82873573,1
2026-07-06 07:00:00+08:00,2026-07-06 08:00:00+08:00,1783292400000,SOL-USDT,1H,81.83,82.08,81.46,81.59,31371.758915,2563713.16232589,2563713.16232589,1
2026-07-06 08:00:00+08:00,2026-07-06 09:00:00+08:00,1783296000000,SOL-USDT,1H,81.59,82.25,81.13,82.2,42432.188318,3466782.98785229,3466782.98785229,1
2026-07-06 09:00:00+08:00,2026-07-06 10:00:00+08:00,1783299600000,SOL-USDT,1H,82.21,82.35,81.49,81.54,21271.819566,1742291.33543509,1742291.33543509,1
2026-07-06 10:00:00+08:00,2026-07-06 11:00:00+08:00,1783303200000,SOL-USDT,1H,81.55,81.69,80.83,81.03,41762.356434,3395206.70248655,3395206.70248655,1
2026-07-06 11:00:00+08:00,2026-07-06 12:00:00+08:00,1783306800000,SOL-USDT,1H,81.02,81.06,80.46,80.81,42195.694034,3407058.76174283,3407058.76174283,1
2026-07-06 12:00:00+08:00,2026-07-06 13:00:00+08:00,1783310400000,SOL-USDT,1H,80.81,81.02,80.71,80.84,25714.593165,2079046.35615688,2079046.35615688,1
2026-07-06 13:00:00+08:00,2026-07-06 14:00:00+08:00,1783314000000,SOL-USDT,1H,80.83,80.84,80.17,80.43,27475.178926,2209885.91444092,2209885.91444092,1
2026-07-06 14:00:00+08:00,2026-07-06 15:00:00+08:00,1783317600000,SOL-USDT,1H,80.43,80.54,80.26,80.37,20509.245626,1648757.3886048,1648757.3886048,1
2026-07-06 15:00:00+08:00,2026-07-06 16:00:00+08:00,1783321200000,SOL-USDT,1H,80.37,81.05,80.28,80.84,38383.686826,3095887.8432689,3095887.8432689,1
2026-07-06 16:00:00+08:00,2026-07-06 17:00:00+08:00,1783324800000,SOL-USDT,1H,80.84,81.1,80.3,80.49,18394.642732,1484000.0591991,1484000.0591991,1
2026-07-06 17:00:00+08:00,2026-07-06 18:00:00+08:00,1783328400000,SOL-USDT,1H,80.5,80.5,80.07,80.08,15445.048814,1239706.9722315,1239706.9722315,1
2026-07-06 18:00:00+08:00,2026-07-06 19:00:00+08:00,1783332000000,SOL-USDT,1H,80.08,80.71,80.06,80.68,31567.088641,2540112.96085631,2540112.96085631,1
2026-07-06 19:00:00+08:00,2026-07-06 20:00:00+08:00,1783335600000,SOL-USDT,1H,80.69,81,80.38,80.4,34444.344602,2782579.13273189,2782579.13273189,1
2026-07-06 20:00:00+08:00,2026-07-06 21:00:00+08:00,1783339200000,SOL-USDT,1H,80.39,80.64,79.32,79.47,123889.921235,9907111.09823916,9907111.09823916,1
2026-07-06 21:00:00+08:00,2026-07-06 22:00:00+08:00,1783342800000,SOL-USDT,1H,79.47,80.92,79.25,80.18,73736.209461,5894306.38485914,5894306.38485914,1
2026-07-06 22:00:00+08:00,2026-07-06 23:00:00+08:00,1783346400000,SOL-USDT,1H,80.17,80.78,79.86,80.29,48223.698955,3870365.76100219,3870365.76100219,1
2026-07-06 23:00:00+08:00,2026-07-07 00:00:00+08:00,1783350000000,SOL-USDT,1H,80.3,81.55,80.3,81.49,72061.667016,5830178.53469795,5830178.53469795,1
2026-07-07 00:00:00+08:00,2026-07-07 01:00:00+08:00,1783353600000,SOL-USDT,1H,81.5,82.4,81.28,82.1,100012.538511,8192455.93457236,8192455.93457236,1
2026-07-07 01:00:00+08:00,2026-07-07 02:00:00+08:00,1783357200000,SOL-USDT,1H,82.1,82.18,81.46,81.65,41147.638078,3368837.02064892,3368837.02064892,1
2026-07-07 02:00:00+08:00,2026-07-07 03:00:00+08:00,1783360800000,SOL-USDT,1H,81.66,82.3,81.32,82,36384.189625,2976457.65886445,2976457.65886445,1
2026-07-07 03:00:00+08:00,2026-07-07 04:00:00+08:00,1783364400000,SOL-USDT,1H,82.01,82.17,81.82,82.07,17005.514794,1394244.50109302,1394244.50109302,1
2026-07-07 04:00:00+08:00,2026-07-07 05:00:00+08:00,1783368000000,SOL-USDT,1H,82.08,82.24,81.68,82.1,15333.115799,1256363.44682839,1256363.44682839,1
2026-07-07 05:00:00+08:00,2026-07-07 06:00:00+08:00,1783371600000,SOL-USDT,1H,82.1,83.79,82.06,82.82,80727.748344,6700140.13719571,6700140.13719571,1
2026-07-07 06:00:00+08:00,2026-07-07 07:00:00+08:00,1783375200000,SOL-USDT,1H,82.83,82.88,82.25,82.31,17893.784666,1476734.34059506,1476734.34059506,1
2026-07-07 07:00:00+08:00,2026-07-07 08:00:00+08:00,1783378800000,SOL-USDT,1H,82.32,82.42,81.91,81.94,14995.41988,1230780.55443626,1230780.55443626,1
2026-07-07 08:00:00+08:00,2026-07-07 09:00:00+08:00,1783382400000,SOL-USDT,1H,81.94,82.48,81.82,82.36,28300.830759,2326344.01993548,2326344.01993548,1
2026-07-07 09:00:00+08:00,2026-07-07 10:00:00+08:00,1783386000000,SOL-USDT,1H,82.37,82.37,81.81,81.9,28251.152751,2316921.73186914,2316921.73186914,1
2026-07-07 10:00:00+08:00,2026-07-07 11:00:00+08:00,1783389600000,SOL-USDT,1H,81.91,81.99,81.29,81.35,20890.874459,1704900.04852255,1704900.04852255,1
2026-07-07 11:00:00+08:00,2026-07-07 12:00:00+08:00,1783393200000,SOL-USDT,1H,81.36,81.47,80.95,81.06,24883.009181,2019173.39117415,2019173.39117415,1
2026-07-07 12:00:00+08:00,2026-07-07 13:00:00+08:00,1783396800000,SOL-USDT,1H,81.05,81.09,80.66,80.91,17416.13155,1408416.89131274,1408416.89131274,1
2026-07-07 13:00:00+08:00,2026-07-07 14:00:00+08:00,1783400400000,SOL-USDT,1H,80.92,81.22,80.47,81.11,24784.92739,2004352.61889934,2004352.61889934,1
2026-07-07 14:00:00+08:00,2026-07-07 15:00:00+08:00,1783404000000,SOL-USDT,1H,81.1,81.65,80.81,81.56,27793.467298,2258357.77385749,2258357.77385749,1
2026-07-07 15:00:00+08:00,2026-07-07 16:00:00+08:00,1783407600000,SOL-USDT,1H,81.56,81.75,81.34,81.5,17273.267838,1409364.78889484,1409364.78889484,1
2026-07-07 16:00:00+08:00,2026-07-07 17:00:00+08:00,1783411200000,SOL-USDT,1H,81.5,81.59,81.2,81.28,43258.407661,3523585.43615596,3523585.43615596,1
2026-07-07 17:00:00+08:00,2026-07-07 18:00:00+08:00,1783414800000,SOL-USDT,1H,81.28,81.49,81.14,81.31,32765.703835,2661962.4086894,2661962.4086894,1
2026-07-07 18:00:00+08:00,2026-07-07 19:00:00+08:00,1783418400000,SOL-USDT,1H,81.31,81.58,80.92,80.99,31945.631102,2596579.23220738,2596579.23220738,1
2026-07-07 19:00:00+08:00,2026-07-07 20:00:00+08:00,1783422000000,SOL-USDT,1H,81,81.41,80.75,81.32,16511.102554,1337983.17498216,1337983.17498216,1
2026-07-07 20:00:00+08:00,2026-07-07 21:00:00+08:00,1783425600000,SOL-USDT,1H,81.33,82,81.31,81.45,39532.420566,3230809.3403855,3230809.3403855,1
2026-07-07 21:00:00+08:00,2026-07-07 22:00:00+08:00,1783429200000,SOL-USDT,1H,81.46,81.62,80.67,80.84,43695.563374,3541335.72902527,3541335.72902527,1
2026-07-07 22:00:00+08:00,2026-07-07 23:00:00+08:00,1783432800000,SOL-USDT,1H,80.85,81.9,80.51,81.79,49405.797432,4009171.35677851,4009171.35677851,1
2026-07-07 23:00:00+08:00,2026-07-08 00:00:00+08:00,1783436400000,SOL-USDT,1H,81.8,82.35,81.49,82.11,39338.856626,3225583.88724748,3225583.88724748,1
2026-07-08 00:00:00+08:00,2026-07-08 01:00:00+08:00,1783440000000,SOL-USDT,1H,82.12,82.56,81.83,82.21,20089.100671,1651535.97427289,1651535.97427289,1
2026-07-08 01:00:00+08:00,2026-07-08 02:00:00+08:00,1783443600000,SOL-USDT,1H,82.21,82.79,82.08,82.71,29461.939501,2428620.7773731,2428620.7773731,1
2026-07-08 02:00:00+08:00,2026-07-08 03:00:00+08:00,1783447200000,SOL-USDT,1H,82.72,82.72,81.26,81.31,26926.57165,2206168.37330341,2206168.37330341,1
2026-07-08 03:00:00+08:00,2026-07-08 04:00:00+08:00,1783450800000,SOL-USDT,1H,81.3,81.58,80.77,81.37,30801.139589,2499766.30650343,2499766.30650343,1
2026-07-08 04:00:00+08:00,2026-07-08 05:00:00+08:00,1783454400000,SOL-USDT,1H,81.39,81.5,81.02,81.17,11052.785945,898378.65232016,898378.65232016,1
2026-07-08 05:00:00+08:00,2026-07-08 06:00:00+08:00,1783458000000,SOL-USDT,1H,81.18,81.42,80.56,80.82,15841.722303,1280683.10219667,1280683.10219667,1
2026-07-08 06:00:00+08:00,2026-07-08 07:00:00+08:00,1783461600000,SOL-USDT,1H,80.82,81.09,80.33,80.88,20185.91418,1628909.14900131,1628909.14900131,1
2026-07-08 07:00:00+08:00,2026-07-08 08:00:00+08:00,1783465200000,SOL-USDT,1H,80.86,81.14,80.51,80.56,12648.467781,1022559.20433547,1022559.20433547,1
2026-07-08 08:00:00+08:00,2026-07-08 09:00:00+08:00,1783468800000,SOL-USDT,1H,80.55,80.77,80.36,80.38,22717.273392,1830227.71443037,1830227.71443037,1
2026-07-08 09:00:00+08:00,2026-07-08 10:00:00+08:00,1783472400000,SOL-USDT,1H,80.39,80.43,78.84,79.1,83017.812266,6612103.23403262,6612103.23403262,1
2026-07-08 10:00:00+08:00,2026-07-08 11:00:00+08:00,1783476000000,SOL-USDT,1H,79.1,79.19,78.22,79.06,61448.565268,4842777.38150075,4842777.38150075,1
2026-07-08 11:00:00+08:00,2026-07-08 12:00:00+08:00,1783479600000,SOL-USDT,1H,79.08,79.34,78.63,78.74,34212.888023,2704029.17343964,2704029.17343964,1
2026-07-08 12:00:00+08:00,2026-07-08 13:00:00+08:00,1783483200000,SOL-USDT,1H,78.74,78.94,78.36,78.64,21277.550874,1673266.54289938,1673266.54289938,1
2026-07-08 13:00:00+08:00,2026-07-08 14:00:00+08:00,1783486800000,SOL-USDT,1H,78.65,78.81,78.34,78.43,31057.171295,2438799.07273094,2438799.07273094,1
2026-07-08 14:00:00+08:00,2026-07-08 15:00:00+08:00,1783490400000,SOL-USDT,1H,78.44,78.45,77.94,78.21,33763.767946,2640668.18975598,2640668.18975598,1
2026-07-08 15:00:00+08:00,2026-07-08 16:00:00+08:00,1783494000000,SOL-USDT,1H,78.22,78.34,77.81,78.3,50206.472761,3921457.96629426,3921457.96629426,1
2026-07-08 16:00:00+08:00,2026-07-08 17:00:00+08:00,1783497600000,SOL-USDT,1H,78.3,78.43,76.9,77.26,112397.024474,8704749.75617415,8704749.75617415,1
2026-07-08 17:00:00+08:00,2026-07-08 18:00:00+08:00,1783501200000,SOL-USDT,1H,77.27,77.51,77.02,77.19,24682.860669,1907100.53899547,1907100.53899547,1
2026-07-08 18:00:00+08:00,2026-07-08 19:00:00+08:00,1783504800000,SOL-USDT,1H,77.2,77.49,76.95,77.33,20853.207361,1610717.29212795,1610717.29212795,1
2026-07-08 19:00:00+08:00,2026-07-08 20:00:00+08:00,1783508400000,SOL-USDT,1H,77.34,77.71,77.1,77.56,25301.649687,1958088.26833872,1958088.26833872,1
2026-07-08 20:00:00+08:00,2026-07-08 21:00:00+08:00,1783512000000,SOL-USDT,1H,77.56,77.66,77.01,77.01,22146.498055,1713781.18239793,1713781.18239793,1
2026-07-08 21:00:00+08:00,2026-07-08 22:00:00+08:00,1783515600000,SOL-USDT,1H,77.03,77.46,76.65,77.31,45629.913652,3516243.15107147,3516243.15107147,1
2026-07-08 22:00:00+08:00,2026-07-08 23:00:00+08:00,1783519200000,SOL-USDT,1H,77.29,77.42,76.7,77.11,40785.439536,3143677.75748227,3143677.75748227,1
2026-07-08 23:00:00+08:00,2026-07-09 00:00:00+08:00,1783522800000,SOL-USDT,1H,77.12,77.15,76.28,76.76,44230.112016,3388630.67008678,3388630.67008678,1
2026-07-09 00:00:00+08:00,2026-07-09 01:00:00+08:00,1783526400000,SOL-USDT,1H,76.76,77.37,76.76,77.29,29840.322245,2298664.96612761,2298664.96612761,1
2026-07-09 01:00:00+08:00,2026-07-09 02:00:00+08:00,1783530000000,SOL-USDT,1H,77.29,77.68,77.04,77.15,21128.482071,1634347.3576571,1634347.3576571,1
2026-07-09 02:00:00+08:00,2026-07-09 03:00:00+08:00,1783533600000,SOL-USDT,1H,77.14,77.36,76.83,77.15,16831.260477,1298539.73323286,1298539.73323286,1
2026-07-09 03:00:00+08:00,2026-07-09 04:00:00+08:00,1783537200000,SOL-USDT,1H,77.16,77.5,76.96,77.42,15612.984174,1205326.73472609,1205326.73472609,1
2026-07-09 04:00:00+08:00,2026-07-09 05:00:00+08:00,1783540800000,SOL-USDT,1H,77.43,77.56,77.06,77.18,11240.766467,868855.86691026,868855.86691026,1
2026-07-09 05:00:00+08:00,2026-07-09 06:00:00+08:00,1783544400000,SOL-USDT,1H,77.19,77.34,76.93,77.25,11790.57314,909703.85547151,909703.85547151,1
2026-07-09 06:00:00+08:00,2026-07-09 07:00:00+08:00,1783548000000,SOL-USDT,1H,77.26,77.58,77.19,77.55,10545.328049,815873.35945152,815873.35945152,1
2026-07-09 07:00:00+08:00,2026-07-09 08:00:00+08:00,1783551600000,SOL-USDT,1H,77.54,77.95,77.44,77.83,14167.121097,1100174.19816085,1100174.19816085,1
2026-07-09 08:00:00+08:00,2026-07-09 09:00:00+08:00,1783555200000,SOL-USDT,1H,77.83,77.89,77.52,77.72,18014.533436,1399355.58938229,1399355.58938229,1
2026-07-09 09:00:00+08:00,2026-07-09 10:00:00+08:00,1783558800000,SOL-USDT,1H,77.72,78.78,77.22,77.35,56087.511569,4371880.30610589,4371880.30610589,1
2026-07-09 10:00:00+08:00,2026-07-09 11:00:00+08:00,1783562400000,SOL-USDT,1H,77.36,77.84,76.99,77.07,26420.161396,2043717.5996984,2043717.5996984,1
2026-07-09 11:00:00+08:00,2026-07-09 12:00:00+08:00,1783566000000,SOL-USDT,1H,77.07,77.39,76.72,77.38,21345.60295,1645575.85306259,1645575.85306259,1
2026-07-09 12:00:00+08:00,2026-07-09 13:00:00+08:00,1783569600000,SOL-USDT,1H,77.38,78.04,77.2,77.99,21371.846297,1658767.5789903,1658767.5789903,1
2026-07-09 13:00:00+08:00,2026-07-09 14:00:00+08:00,1783573200000,SOL-USDT,1H,77.98,78.4,77.74,78.4,27602.239497,2155029.33261453,2155029.33261453,1
2026-07-09 14:00:00+08:00,2026-07-09 15:00:00+08:00,1783576800000,SOL-USDT,1H,78.4,78.6,78.12,78.49,29896.700798,2344064.59020361,2344064.59020361,1
2026-07-09 15:00:00+08:00,2026-07-09 16:00:00+08:00,1783580400000,SOL-USDT,1H,78.49,78.83,78.13,78.21,33168.7897,2599868.81824808,2599868.81824808,1
2026-07-09 16:00:00+08:00,2026-07-09 17:00:00+08:00,1783584000000,SOL-USDT,1H,78.21,78.4,77.96,78.12,19353.083166,1512648.12230568,1512648.12230568,1
2026-07-09 17:00:00+08:00,2026-07-09 18:00:00+08:00,1783587600000,SOL-USDT,1H,78.12,78.2,77.86,78.14,12984.040337,1012908.87450313,1012908.87450313,1
2026-07-09 18:00:00+08:00,2026-07-09 19:00:00+08:00,1783591200000,SOL-USDT,1H,78.14,78.21,77.52,77.69,22150.383689,1725694.68330583,1725694.68330583,1
2026-07-09 19:00:00+08:00,2026-07-09 20:00:00+08:00,1783594800000,SOL-USDT,1H,77.7,77.78,77.32,77.62,26483.272502,2052470.7994327,2052470.7994327,1
2026-07-09 20:00:00+08:00,2026-07-09 21:00:00+08:00,1783598400000,SOL-USDT,1H,77.62,78.22,77.44,77.64,82738.827197,6435077.55860407,6435077.55860407,1
2026-07-09 21:00:00+08:00,2026-07-09 22:00:00+08:00,1783602000000,SOL-USDT,1H,77.64,78.49,77.35,78.23,29478.969524,2298312.72720014,2298312.72720014,1
2026-07-09 22:00:00+08:00,2026-07-09 23:00:00+08:00,1783605600000,SOL-USDT,1H,78.23,78.36,77.58,77.89,27204.716537,2120043.12216436,2120043.12216436,1
2026-07-09 23:00:00+08:00,2026-07-10 00:00:00+08:00,1783609200000,SOL-USDT,1H,77.91,78.19,77.51,77.62,23461.060252,1825963.41414626,1825963.41414626,1
2026-07-10 00:00:00+08:00,2026-07-10 01:00:00+08:00,1783612800000,SOL-USDT,1H,77.62,77.82,77.25,77.69,19226.906864,1490372.0188301,1490372.0188301,1
2026-07-10 01:00:00+08:00,2026-07-10 02:00:00+08:00,1783616400000,SOL-USDT,1H,77.69,78.16,77.64,78.07,19140.603092,1492120.05703754,1492120.05703754,1
2026-07-10 02:00:00+08:00,2026-07-10 03:00:00+08:00,1783620000000,SOL-USDT,1H,78.07,78.44,78.02,78.2,16705.797819,1306737.31794073,1306737.31794073,1
2026-07-10 03:00:00+08:00,2026-07-10 04:00:00+08:00,1783623600000,SOL-USDT,1H,78.21,78.31,77.91,78.16,10249.265622,800859.49814632,800859.49814632,1
2026-07-10 04:00:00+08:00,2026-07-10 05:00:00+08:00,1783627200000,SOL-USDT,1H,78.17,78.3,77.98,78.15,8227.497732,642697.11458503,642697.11458503,1
2026-07-10 05:00:00+08:00,2026-07-10 06:00:00+08:00,1783630800000,SOL-USDT,1H,78.16,78.29,77.91,78.06,7314.071207,571047.54455169,571047.54455169,1
2026-07-10 06:00:00+08:00,2026-07-10 07:00:00+08:00,1783634400000,SOL-USDT,1H,78.06,78.28,78,78.11,6622.599786,517645.75610234,517645.75610234,1
2026-07-10 07:00:00+08:00,2026-07-10 08:00:00+08:00,1783638000000,SOL-USDT,1H,78.11,78.21,77.78,78.04,9366.253258,730732.18462426,730732.18462426,1
2026-07-10 08:00:00+08:00,2026-07-10 09:00:00+08:00,1783641600000,SOL-USDT,1H,78.04,78.15,77.8,78.1,15239.021238,1188417.09065631,1188417.09065631,1
2026-07-10 09:00:00+08:00,2026-07-10 10:00:00+08:00,1783645200000,SOL-USDT,1H,78.11,79.45,77.94,79.06,48177.522941,3801089.47158972,3801089.47158972,1
2026-07-10 10:00:00+08:00,2026-07-10 11:00:00+08:00,1783648800000,SOL-USDT,1H,79.08,79.15,78.83,79.04,21506.083314,1698564.24004443,1698564.24004443,1
2026-07-10 11:00:00+08:00,2026-07-10 12:00:00+08:00,1783652400000,SOL-USDT,1H,79.04,79.14,78.69,79.04,23935.051258,1887579.66209219,1887579.66209219,1
2026-07-10 12:00:00+08:00,2026-07-10 13:00:00+08:00,1783656000000,SOL-USDT,1H,79.07,79.1,78.84,78.98,12019.021634,949709.33015613,949709.33015613,1
2026-07-10 13:00:00+08:00,2026-07-10 14:00:00+08:00,1783659600000,SOL-USDT,1H,78.98,79.35,78.88,79.19,21144.767173,1672480.51917505,1672480.51917505,1
2026-07-10 14:00:00+08:00,2026-07-10 15:00:00+08:00,1783663200000,SOL-USDT,1H,79.19,79.24,78.88,78.91,11588.368293,915684.28039594,915684.28039594,1
2026-07-10 15:00:00+08:00,2026-07-10 16:00:00+08:00,1783666800000,SOL-USDT,1H,78.92,79.08,78.74,78.87,13907.208021,1096758.5278675,1096758.5278675,1
2026-07-10 16:00:00+08:00,2026-07-10 17:00:00+08:00,1783670400000,SOL-USDT,1H,78.87,79.42,78.8,79.21,28361.363779,2247024.84056465,2247024.84056465,1
2026-07-10 17:00:00+08:00,2026-07-10 18:00:00+08:00,1783674000000,SOL-USDT,1H,79.2,79.37,78.95,79.23,14977.233954,1186194.66600048,1186194.66600048,1
2026-07-10 18:00:00+08:00,2026-07-10 19:00:00+08:00,1783677600000,SOL-USDT,1H,79.23,79.67,79.14,79.4,26060.14733,2069901.65831391,2069901.65831391,1
2026-07-10 19:00:00+08:00,2026-07-10 20:00:00+08:00,1783681200000,SOL-USDT,1H,79.4,79.52,79.19,79.38,17852.289434,1417204.46710548,1417204.46710548,1
2026-07-10 20:00:00+08:00,2026-07-10 21:00:00+08:00,1783684800000,SOL-USDT,1H,79.38,79.55,78.91,78.92,26758.645658,2120650.51986154,2120650.51986154,1
2026-07-10 21:00:00+08:00,2026-07-10 22:00:00+08:00,1783688400000,SOL-USDT,1H,78.93,79.36,78.76,78.98,33330.380253,2633058.46462093,2633058.46462093,1
2026-07-10 22:00:00+08:00,2026-07-10 23:00:00+08:00,1783692000000,SOL-USDT,1H,78.97,78.98,77.08,77.91,234176.954306,18248549.07273784,18248549.07273784,1
2026-07-10 23:00:00+08:00,2026-07-11 00:00:00+08:00,1783695600000,SOL-USDT,1H,77.9,78.36,77.78,78.12,31381.74337,2450955.74616216,2450955.74616216,1
2026-07-11 00:00:00+08:00,2026-07-11 01:00:00+08:00,1783699200000,SOL-USDT,1H,78.14,78.25,77.65,78.14,17355.158551,1353277.64234389,1353277.64234389,1
2026-07-11 01:00:00+08:00,2026-07-11 02:00:00+08:00,1783702800000,SOL-USDT,1H,78.14,78.18,77.58,77.59,16002.816992,1245275.02697334,1245275.02697334,1
2026-07-11 02:00:00+08:00,2026-07-11 03:00:00+08:00,1783706400000,SOL-USDT,1H,77.58,77.89,77.34,77.53,17253.553415,1339143.90350721,1339143.90350721,1
2026-07-11 03:00:00+08:00,2026-07-11 04:00:00+08:00,1783710000000,SOL-USDT,1H,77.52,78.05,77.46,77.89,14351.083835,1117571.13343453,1117571.13343453,1
2026-07-11 04:00:00+08:00,2026-07-11 05:00:00+08:00,1783713600000,SOL-USDT,1H,77.89,77.99,77.72,77.75,9320.494023,725533.72098761,725533.72098761,1
2026-07-11 05:00:00+08:00,2026-07-11 06:00:00+08:00,1783717200000,SOL-USDT,1H,77.75,78.1,77.73,77.99,8057.371126,628264.78049292,628264.78049292,1
2026-07-11 06:00:00+08:00,2026-07-11 07:00:00+08:00,1783720800000,SOL-USDT,1H,77.99,78.28,77.94,78.16,11562.815205,903081.73368984,903081.73368984,1
2026-07-11 07:00:00+08:00,2026-07-11 08:00:00+08:00,1783724400000,SOL-USDT,1H,78.17,78.18,77.94,78.13,6676.74841,521189.1866895,521189.1866895,1
2026-07-11 08:00:00+08:00,2026-07-11 09:00:00+08:00,1783728000000,SOL-USDT,1H,78.13,78.13,77.79,77.84,8417.993775,656054.27966556,656054.27966556,1
2026-07-11 09:00:00+08:00,2026-07-11 10:00:00+08:00,1783731600000,SOL-USDT,1H,77.84,78.07,77.48,77.53,16993.158484,1320536.0547965,1320536.0547965,1
2026-07-11 10:00:00+08:00,2026-07-11 11:00:00+08:00,1783735200000,SOL-USDT,1H,77.54,77.82,77.5,77.79,7232.42298,561632.28577238,561632.28577238,1
2026-07-11 11:00:00+08:00,2026-07-11 12:00:00+08:00,1783738800000,SOL-USDT,1H,77.79,77.88,77.61,77.79,10776.703305,838211.64612344,838211.64612344,1
2026-07-11 12:00:00+08:00,2026-07-11 13:00:00+08:00,1783742400000,SOL-USDT,1H,77.79,77.86,77.64,77.73,7268.881629,565047.31484545,565047.31484545,1
2026-07-11 13:00:00+08:00,2026-07-11 14:00:00+08:00,1783746000000,SOL-USDT,1H,77.74,77.97,77.6,77.9,5701.512915,443639.1364029,443639.1364029,1
2026-07-11 14:00:00+08:00,2026-07-11 15:00:00+08:00,1783749600000,SOL-USDT,1H,77.9,78.11,77.78,78.05,9927.563414,774081.29682207,774081.29682207,1
2026-07-11 15:00:00+08:00,2026-07-11 16:00:00+08:00,1783753200000,SOL-USDT,1H,78.05,78.1,77.93,77.97,6886.397544,537196.46054545,537196.46054545,1
2026-07-11 16:00:00+08:00,2026-07-11 17:00:00+08:00,1783756800000,SOL-USDT,1H,77.98,78.18,77.94,78.17,10400.533386,811870.11883815,811870.11883815,1
2026-07-11 17:00:00+08:00,2026-07-11 18:00:00+08:00,1783760400000,SOL-USDT,1H,78.17,78.34,77.83,77.84,19978.925401,1559030.31935552,1559030.31935552,1
2026-07-11 18:00:00+08:00,2026-07-11 19:00:00+08:00,1783764000000,SOL-USDT,1H,77.83,78.1,77.66,78.05,22436.681239,1746946.15942073,1746946.15942073,1
2026-07-11 19:00:00+08:00,2026-07-11 20:00:00+08:00,1783767600000,SOL-USDT,1H,78.06,78.14,77.98,78.1,5257.61853,410399.24841719,410399.24841719,1
2026-07-11 20:00:00+08:00,2026-07-11 21:00:00+08:00,1783771200000,SOL-USDT,1H,78.11,78.22,77.95,78.09,7272.250787,567786.44449006,567786.44449006,1
2026-07-11 21:00:00+08:00,2026-07-11 22:00:00+08:00,1783774800000,SOL-USDT,1H,78.09,78.45,78.03,78.17,10759.255059,841400.00823032,841400.00823032,1
2026-07-11 22:00:00+08:00,2026-07-11 23:00:00+08:00,1783778400000,SOL-USDT,1H,78.18,78.72,78.16,78.5,18987.048161,1489946.40143573,1489946.40143573,1
2026-07-11 23:00:00+08:00,2026-07-12 00:00:00+08:00,1783782000000,SOL-USDT,1H,78.5,78.89,77.95,78.39,40306.938556,3161297.06482916,3161297.06482916,1
2026-07-12 00:00:00+08:00,2026-07-12 01:00:00+08:00,1783785600000,SOL-USDT,1H,78.39,78.4,77.66,77.95,41939.676913,3274225.98397744,3274225.98397744,1
2026-07-12 01:00:00+08:00,2026-07-12 02:00:00+08:00,1783789200000,SOL-USDT,1H,77.95,78.2,77.83,78.1,12625.49309,984999.70747125,984999.70747125,1
2026-07-12 02:00:00+08:00,2026-07-12 03:00:00+08:00,1783792800000,SOL-USDT,1H,78.09,78.32,78.01,78.08,8233.809404,643333.14032006,643333.14032006,1
2026-07-12 03:00:00+08:00,2026-07-12 04:00:00+08:00,1783796400000,SOL-USDT,1H,78.09,78.15,77.88,78.14,6809.049815,531289.53250623,531289.53250623,1
2026-07-12 04:00:00+08:00,2026-07-12 05:00:00+08:00,1783800000000,SOL-USDT,1H,78.14,78.27,78.11,78.16,4387.091028,343044.64055805,343044.64055805,1
2026-07-12 05:00:00+08:00,2026-07-12 06:00:00+08:00,1783803600000,SOL-USDT,1H,78.17,78.33,78.14,78.22,8983.143698,703037.95422027,703037.95422027,1
2026-07-12 06:00:00+08:00,2026-07-12 07:00:00+08:00,1783807200000,SOL-USDT,1H,78.23,78.27,77.75,77.9,11791.621372,919226.10640074,919226.10640074,1
2026-07-12 07:00:00+08:00,2026-07-12 08:00:00+08:00,1783810800000,SOL-USDT,1H,77.89,77.93,76.78,76.78,53953.870262,4165321.57287916,4165321.57287916,1
2026-07-12 08:00:00+08:00,2026-07-12 09:00:00+08:00,1783814400000,SOL-USDT,1H,76.78,76.88,75.64,76.1,66942.177412,5101485.17245702,5101485.17245702,1
2026-07-12 09:00:00+08:00,2026-07-12 10:00:00+08:00,1783818000000,SOL-USDT,1H,76.11,76.87,76.04,76.84,36365.355855,2781718.378416,2781718.378416,1
2026-07-12 10:00:00+08:00,2026-07-12 11:00:00+08:00,1783821600000,SOL-USDT,1H,76.83,76.91,76.63,76.85,10134.798147,778274.02107826,778274.02107826,1
2026-07-12 11:00:00+08:00,2026-07-12 12:00:00+08:00,1783825200000,SOL-USDT,1H,76.85,77.08,76.74,77.05,17044.278075,1311298.46507947,1311298.46507947,1
2026-07-12 12:00:00+08:00,2026-07-12 13:00:00+08:00,1783828800000,SOL-USDT,1H,77.06,77.08,76.61,76.71,9629.534777,739738.40121032,739738.40121032,1
2026-07-12 13:00:00+08:00,2026-07-12 14:00:00+08:00,1783832400000,SOL-USDT,1H,76.71,76.82,76.39,76.44,14975.108223,1146640.51159004,1146640.51159004,1
2026-07-12 14:00:00+08:00,2026-07-12 15:00:00+08:00,1783836000000,SOL-USDT,1H,76.43,76.43,75.86,76.37,32721.360351,2491478.47889387,2491478.47889387,1
2026-07-12 15:00:00+08:00,2026-07-12 16:00:00+08:00,1783839600000,SOL-USDT,1H,76.37,76.71,76.31,76.52,11974.104841,916570.82242829,916570.82242829,1
2026-07-12 16:00:00+08:00,2026-07-12 17:00:00+08:00,1783843200000,SOL-USDT,1H,76.51,76.83,76.47,76.7,10153.789889,778491.62911246,778491.62911246,1
2026-07-12 17:00:00+08:00,2026-07-12 18:00:00+08:00,1783846800000,SOL-USDT,1H,76.71,76.91,76.41,76.76,12866.581019,986854.82283115,986854.82283115,1
2026-07-12 18:00:00+08:00,2026-07-12 19:00:00+08:00,1783850400000,SOL-USDT,1H,76.76,76.86,76.66,76.71,11936.370921,915905.47981447,915905.47981447,1
2026-07-12 19:00:00+08:00,2026-07-12 20:00:00+08:00,1783854000000,SOL-USDT,1H,76.72,77.26,76.54,76.95,12859.362242,989558.92226424,989558.92226424,1
2026-07-12 20:00:00+08:00,2026-07-12 21:00:00+08:00,1783857600000,SOL-USDT,1H,76.94,77.24,76.79,77.18,15394.019204,1185998.77562963,1185998.77562963,1
2026-07-12 21:00:00+08:00,2026-07-12 22:00:00+08:00,1783861200000,SOL-USDT,1H,77.17,77.48,77.12,77.16,21080.755401,1629685.35460677,1629685.35460677,1
2026-07-12 22:00:00+08:00,2026-07-12 23:00:00+08:00,1783864800000,SOL-USDT,1H,77.16,77.72,76.98,77.55,20154.29179,1558257.79301059,1558257.79301059,1
2026-07-12 23:00:00+08:00,2026-07-13 00:00:00+08:00,1783868400000,SOL-USDT,1H,77.55,77.62,77.28,77.47,22185.74091,1717995.27011298,1717995.27011298,1
2026-07-13 00:00:00+08:00,2026-07-13 01:00:00+08:00,1783872000000,SOL-USDT,1H,77.48,77.67,77.39,77.55,16460.116829,1276009.30518856,1276009.30518856,1
2026-07-13 01:00:00+08:00,2026-07-13 02:00:00+08:00,1783875600000,SOL-USDT,1H,77.55,77.62,77.24,77.35,6480.015696,501915.96687213,501915.96687213,1
2026-07-13 02:00:00+08:00,2026-07-13 03:00:00+08:00,1783879200000,SOL-USDT,1H,77.36,77.65,77.23,77.58,10827.23356,838116.64297825,838116.64297825,1
2026-07-13 03:00:00+08:00,2026-07-13 04:00:00+08:00,1783882800000,SOL-USDT,1H,77.58,77.78,77.44,77.69,10253.863297,795360.21465006,795360.21465006,1
2026-07-13 04:00:00+08:00,2026-07-13 05:00:00+08:00,1783886400000,SOL-USDT,1H,77.69,77.73,77.44,77.47,5553.811178,430702.97431758,430702.97431758,1
2026-07-13 05:00:00+08:00,2026-07-13 06:00:00+08:00,1783890000000,SOL-USDT,1H,77.47,77.69,76.98,77.11,17063.267826,1318853.59489753,1318853.59489753,1
2026-07-13 06:00:00+08:00,2026-07-13 07:00:00+08:00,1783893600000,SOL-USDT,1H,77.1,77.1,76.48,76.76,23007.726247,1765030.16079898,1765030.16079898,1
2026-07-13 07:00:00+08:00,2026-07-13 08:00:00+08:00,1783897200000,SOL-USDT,1H,76.77,76.95,76.66,76.91,11523.262396,884942.03982239,884942.03982239,1
2026-07-13 08:00:00+08:00,2026-07-13 09:00:00+08:00,1783900800000,SOL-USDT,1H,76.91,78.22,76.83,77.51,50111.529622,3891086.09887999,3891086.09887999,1
2026-07-13 09:00:00+08:00,2026-07-13 10:00:00+08:00,1783904400000,SOL-USDT,1H,77.52,77.65,76.28,76.31,29547.810136,2271877.68563598,2271877.68563598,1
2026-07-13 10:00:00+08:00,2026-07-13 11:00:00+08:00,1783908000000,SOL-USDT,1H,76.32,76.66,76.13,76.48,23173.771469,1770848.58961514,1770848.58961514,1
2026-07-13 11:00:00+08:00,2026-07-13 12:00:00+08:00,1783911600000,SOL-USDT,1H,76.48,76.49,75.4,75.86,55044.707827,4173772.07166974,4173772.07166974,1
2026-07-13 12:00:00+08:00,2026-07-13 13:00:00+08:00,1783915200000,SOL-USDT,1H,75.87,76.14,75.72,75.92,13707.251901,1041302.79012279,1041302.79012279,1
2026-07-13 13:00:00+08:00,2026-07-13 14:00:00+08:00,1783918800000,SOL-USDT,1H,75.94,76.46,75.74,76.4,31623.255066,2411910.9015156,2411910.9015156,1
2026-07-13 14:00:00+08:00,2026-07-13 15:00:00+08:00,1783922400000,SOL-USDT,1H,76.41,76.59,76.28,76.34,19298.786683,1474932.73015233,1474932.73015233,1
2026-07-13 15:00:00+08:00,2026-07-13 16:00:00+08:00,1783926000000,SOL-USDT,1H,76.34,76.68,76.23,76.44,18742.221371,1434064.41336201,1434064.41336201,1
2026-07-13 16:00:00+08:00,2026-07-13 17:00:00+08:00,1783929600000,SOL-USDT,1H,76.44,76.9,76.37,76.74,14396.213437,1102934.51503243,1102934.51503243,1
2026-07-13 17:00:00+08:00,2026-07-13 18:00:00+08:00,1783933200000,SOL-USDT,1H,76.74,76.74,76.6,76.62,8151.378876,624957.35790305,624957.35790305,1
2026-07-13 18:00:00+08:00,2026-07-13 19:00:00+08:00,1783936800000,SOL-USDT,1H,76.63,76.63,76.09,76.29,15889.105672,1213287.01730217,1213287.01730217,1
2026-07-13 19:00:00+08:00,2026-07-13 20:00:00+08:00,1783940400000,SOL-USDT,1H,76.3,76.59,76.3,76.34,11869.59591,907201.36500427,907201.36500427,1
2026-07-13 20:00:00+08:00,2026-07-13 21:00:00+08:00,1783944000000,SOL-USDT,1H,76.35,76.41,75.75,75.87,31644.894435,2404145.92651055,2404145.92651055,1
2026-07-13 21:00:00+08:00,2026-07-13 22:00:00+08:00,1783947600000,SOL-USDT,1H,75.86,75.95,75.1,75.42,42828.574399,3234469.67021974,3234469.67021974,1
2026-07-13 22:00:00+08:00,2026-07-13 23:00:00+08:00,1783951200000,SOL-USDT,1H,75.41,76.18,75.34,76.16,45909.349989,3480860.0958862,3480860.0958862,1
2026-07-13 23:00:00+08:00,2026-07-14 00:00:00+08:00,1783954800000,SOL-USDT,1H,76.16,76.32,75.76,75.82,17383.98374,1321531.06141329,1321531.06141329,1
2026-07-14 00:00:00+08:00,2026-07-14 01:00:00+08:00,1783958400000,SOL-USDT,1H,75.84,76.03,75.2,75.29,18294.308851,1381460.06194162,1381460.06194162,1
2026-07-14 01:00:00+08:00,2026-07-14 02:00:00+08:00,1783962000000,SOL-USDT,1H,75.29,75.46,74.53,74.58,52589.265225,3940028.55280198,3940028.55280198,1
2026-07-14 02:00:00+08:00,2026-07-14 03:00:00+08:00,1783965600000,SOL-USDT,1H,74.59,75.03,74.56,74.85,33789.244393,2527898.25176889,2527898.25176889,1
2026-07-14 03:00:00+08:00,2026-07-14 04:00:00+08:00,1783969200000,SOL-USDT,1H,74.87,75.22,74.75,75.21,17679.915466,1325067.81970841,1325067.81970841,1
2026-07-14 04:00:00+08:00,2026-07-14 05:00:00+08:00,1783972800000,SOL-USDT,1H,75.2,75.35,74.6,74.79,15016.193613,1125114.74662603,1125114.74662603,1
2026-07-14 05:00:00+08:00,2026-07-14 06:00:00+08:00,1783976400000,SOL-USDT,1H,74.8,74.82,74.1,74.4,19404.158929,1443618.49982837,1443618.49982837,1
2026-07-14 06:00:00+08:00,2026-07-14 07:00:00+08:00,1783980000000,SOL-USDT,1H,74.42,74.73,74.39,74.52,11219.209748,836784.5803828,836784.5803828,1
2026-07-14 07:00:00+08:00,2026-07-14 08:00:00+08:00,1783983600000,SOL-USDT,1H,74.52,75.01,74.42,75,14187.664517,1060202.81478477,1060202.81478477,1
2026-07-14 08:00:00+08:00,2026-07-14 09:00:00+08:00,1783987200000,SOL-USDT,1H,75.01,75.5,74.78,75.44,38703.812877,2907223.21115295,2907223.21115295,1
2026-07-14 09:00:00+08:00,2026-07-14 10:00:00+08:00,1783990800000,SOL-USDT,1H,75.45,75.55,75.22,75.3,10515.061705,792660.69045258,792660.69045258,1
2026-07-14 10:00:00+08:00,2026-07-14 11:00:00+08:00,1783994400000,SOL-USDT,1H,75.3,75.32,74.88,75.08,12890.007314,968155.79096074,968155.79096074,1
2026-07-14 11:00:00+08:00,2026-07-14 12:00:00+08:00,1783998000000,SOL-USDT,1H,75.08,75.16,74.56,75.15,18782.038575,1405567.82697078,1405567.82697078,1
2026-07-14 12:00:00+08:00,2026-07-14 13:00:00+08:00,1784001600000,SOL-USDT,1H,75.15,75.34,75.04,75.14,16089.84736,1209744.92694332,1209744.92694332,1
2026-07-14 13:00:00+08:00,2026-07-14 14:00:00+08:00,1784005200000,SOL-USDT,1H,75.15,75.48,75.11,75.4,18960.222356,1428768.7897911,1428768.7897911,1
2026-07-14 14:00:00+08:00,2026-07-14 15:00:00+08:00,1784008800000,SOL-USDT,1H,75.41,75.42,75.1,75.15,10194.351789,767209.84530801,767209.84530801,1
2026-07-14 15:00:00+08:00,2026-07-14 16:00:00+08:00,1784012400000,SOL-USDT,1H,75.14,75.26,74.91,74.97,7721.054265,579583.25975167,579583.25975167,1
2026-07-14 16:00:00+08:00,2026-07-14 17:00:00+08:00,1784016000000,SOL-USDT,1H,74.98,75.4,74.85,75.18,14835.944736,1115604.05285028,1115604.05285028,1
2026-07-14 17:00:00+08:00,2026-07-14 18:00:00+08:00,1784019600000,SOL-USDT,1H,75.18,75.32,74.88,75.08,15902.003086,1195198.05650714,1195198.05650714,1
2026-07-14 18:00:00+08:00,2026-07-14 19:00:00+08:00,1784023200000,SOL-USDT,1H,75.08,75.59,74.98,75.46,16227.488397,1222143.74871349,1222143.74871349,1
2026-07-14 19:00:00+08:00,2026-07-14 20:00:00+08:00,1784026800000,SOL-USDT,1H,75.47,75.6,75.35,75.39,17485.725423,1319424.72975272,1319424.72975272,1
2026-07-14 20:00:00+08:00,2026-07-14 21:00:00+08:00,1784030400000,SOL-USDT,1H,75.41,76.96,75.17,76.86,131283.921884,10000740.47371967,10000740.47371967,1
2026-07-14 21:00:00+08:00,2026-07-14 22:00:00+08:00,1784034000000,SOL-USDT,1H,76.86,77.73,76.5,76.94,100142.367239,7724628.55646082,7724628.55646082,1
2026-07-14 22:00:00+08:00,2026-07-14 23:00:00+08:00,1784037600000,SOL-USDT,1H,76.95,77.49,76.69,77.37,47092.970692,3626094.21224634,3626094.21224634,1
2026-07-14 23:00:00+08:00,2026-07-15 00:00:00+08:00,1784041200000,SOL-USDT,1H,77.37,77.93,77.19,77.38,53492.268074,4146011.60597076,4146011.60597076,1
2026-07-15 00:00:00+08:00,2026-07-15 01:00:00+08:00,1784044800000,SOL-USDT,1H,77.38,77.66,77.11,77.3,26323.254351,2037291.80645592,2037291.80645592,1
2026-07-15 01:00:00+08:00,2026-07-15 02:00:00+08:00,1784048400000,SOL-USDT,1H,77.29,77.3,76.8,77.19,27001.795379,2079705.36879464,2079705.36879464,1
2026-07-15 02:00:00+08:00,2026-07-15 03:00:00+08:00,1784052000000,SOL-USDT,1H,77.19,77.34,77,77.3,15976.941743,1233022.27873409,1233022.27873409,1
2026-07-15 03:00:00+08:00,2026-07-15 04:00:00+08:00,1784055600000,SOL-USDT,1H,77.3,77.54,77.11,77.19,13691.767437,1057778.56097045,1057778.56097045,1
2026-07-15 04:00:00+08:00,2026-07-15 05:00:00+08:00,1784059200000,SOL-USDT,1H,77.19,77.22,76.95,77.18,6514.890549,501923.94909108,501923.94909108,1
2026-07-15 05:00:00+08:00,2026-07-15 06:00:00+08:00,1784062800000,SOL-USDT,1H,77.18,77.42,77.13,77.23,12298.838042,950378.23372423,950378.23372423,1
2026-07-15 06:00:00+08:00,2026-07-15 07:00:00+08:00,1784066400000,SOL-USDT,1H,77.22,77.99,77.13,77.64,27403.444926,2127776.66020318,2127776.66020318,1
2026-07-15 07:00:00+08:00,2026-07-15 08:00:00+08:00,1784070000000,SOL-USDT,1H,77.63,77.93,77.56,77.87,14137.316418,1099523.41242206,1099523.41242206,1
2026-07-15 08:00:00+08:00,2026-07-15 09:00:00+08:00,1784073600000,SOL-USDT,1H,77.88,77.92,77.49,77.68,12893.688643,1001615.90290181,1001615.90290181,1
2026-07-15 09:00:00+08:00,2026-07-15 10:00:00+08:00,1784077200000,SOL-USDT,1H,77.67,77.83,77.29,77.44,18948.666899,1469845.59355678,1469845.59355678,1
2026-07-15 10:00:00+08:00,2026-07-15 11:00:00+08:00,1784080800000,SOL-USDT,1H,77.45,77.59,77.04,77.31,23631.385661,1825468.61890506,1825468.61890506,1
2026-07-15 11:00:00+08:00,2026-07-15 12:00:00+08:00,1784084400000,SOL-USDT,1H,77.31,77.9,77.23,77.79,13515.637923,1048889.00873277,1048889.00873277,1
2026-07-15 12:00:00+08:00,2026-07-15 13:00:00+08:00,1784088000000,SOL-USDT,1H,77.8,78.2,77.54,78.01,26467.197416,2062107.36114052,2062107.36114052,1
2026-07-15 13:00:00+08:00,2026-07-15 14:00:00+08:00,1784091600000,SOL-USDT,1H,78.03,78.33,77.66,78.27,34749.821616,2711162.49448257,2711162.49448257,1
2026-07-15 14:00:00+08:00,2026-07-15 15:00:00+08:00,1784095200000,SOL-USDT,1H,78.28,78.69,77.95,77.95,48889.729849,3831168.03598844,3831168.03598844,1
2026-07-15 15:00:00+08:00,2026-07-15 16:00:00+08:00,1784098800000,SOL-USDT,1H,77.95,78.01,77.41,77.42,26185.279346,2033509.34567745,2033509.34567745,1
2026-07-15 16:00:00+08:00,2026-07-15 17:00:00+08:00,1784102400000,SOL-USDT,1H,77.42,77.62,77.24,77.58,23113.471903,1791037.50983259,1791037.50983259,1
2026-07-15 17:00:00+08:00,2026-07-15 18:00:00+08:00,1784106000000,SOL-USDT,1H,77.59,77.91,77.43,77.47,16149.869203,1255378.82946479,1255378.82946479,1
2026-07-15 18:00:00+08:00,2026-07-15 19:00:00+08:00,1784109600000,SOL-USDT,1H,77.48,77.71,77.18,77.38,19443.480542,1504106.68856482,1504106.68856482,1
2026-07-15 19:00:00+08:00,2026-07-15 20:00:00+08:00,1784113200000,SOL-USDT,1H,77.38,77.53,77.35,77.53,13795.35672,1068524.05575226,1068524.05575226,1
2026-07-15 20:00:00+08:00,2026-07-15 21:00:00+08:00,1784116800000,SOL-USDT,1H,77.53,78.31,77.27,78.29,50720.34046,3947855.10672067,3947855.10672067,1
2026-07-15 21:00:00+08:00,2026-07-15 22:00:00+08:00,1784120400000,SOL-USDT,1H,78.28,79.03,77.69,78.1,109166.231752,8579619.58154084,8579619.58154084,1
2026-07-15 22:00:00+08:00,2026-07-15 23:00:00+08:00,1784124000000,SOL-USDT,1H,78.11,78.37,77.78,78.22,61085.55794,4772118.7663357,4772118.7663357,1
2026-07-15 23:00:00+08:00,2026-07-16 00:00:00+08:00,1784127600000,SOL-USDT,1H,78.22,78.25,77.76,78.06,24934.427975,1946638.17190065,1946638.17190065,1
2026-07-16 00:00:00+08:00,2026-07-16 01:00:00+08:00,1784131200000,SOL-USDT,1H,78.08,78.11,77.06,77.63,54566.176849,4230934.06167375,4230934.06167375,1
2026-07-16 01:00:00+08:00,2026-07-16 02:00:00+08:00,1784134800000,SOL-USDT,1H,77.64,78.04,77.5,77.82,22392.744265,1741189.81071718,1741189.81071718,1
2026-07-16 02:00:00+08:00,2026-07-16 03:00:00+08:00,1784138400000,SOL-USDT,1H,77.81,78.09,77.52,77.58,18145.485236,1412703.32088666,1412703.32088666,1
2026-07-16 03:00:00+08:00,2026-07-16 04:00:00+08:00,1784142000000,SOL-USDT,1H,77.59,77.7,76.94,77.17,30755.156376,2375731.97530424,2375731.97530424,1
2026-07-16 04:00:00+08:00,2026-07-16 05:00:00+08:00,1784145600000,SOL-USDT,1H,77.18,77.55,77.11,77.39,11017.128398,851925.18442438,851925.18442438,1
2026-07-16 05:00:00+08:00,2026-07-16 06:00:00+08:00,1784149200000,SOL-USDT,1H,77.39,77.53,77.25,77.43,9504.766086,735389.49921747,735389.49921747,1
2026-07-16 06:00:00+08:00,2026-07-16 07:00:00+08:00,1784152800000,SOL-USDT,1H,77.43,77.73,77.3,77.49,12860.518865,997669.37684444,997669.37684444,1
2026-07-16 07:00:00+08:00,2026-07-16 08:00:00+08:00,1784156400000,SOL-USDT,1H,77.49,77.63,77.2,77.28,20938.293446,1620117.32796037,1620117.32796037,1
2026-07-16 08:00:00+08:00,2026-07-16 09:00:00+08:00,1784160000000,SOL-USDT,1H,77.28,77.51,76.69,76.94,28820.914105,2219560.01337343,2219560.01337343,1
2026-07-16 09:00:00+08:00,2026-07-16 10:00:00+08:00,1784163600000,SOL-USDT,1H,76.94,77.14,76.71,77.09,17328.771821,1333853.61872267,1333853.61872267,1
2026-07-16 10:00:00+08:00,2026-07-16 11:00:00+08:00,1784167200000,SOL-USDT,1H,77.09,77.15,76.87,77.13,13988.474971,1077527.85870964,1077527.85870964,1
2026-07-16 11:00:00+08:00,2026-07-16 12:00:00+08:00,1784170800000,SOL-USDT,1H,77.13,77.28,76.82,76.95,11672.458328,899040.93193129,899040.93193129,1
2026-07-16 12:00:00+08:00,2026-07-16 13:00:00+08:00,1784174400000,SOL-USDT,1H,76.95,77.01,76.6,76.81,17625.362828,1353906.26559813,1353906.26559813,1
2026-07-16 13:00:00+08:00,2026-07-16 14:00:00+08:00,1784178000000,SOL-USDT,1H,76.82,77.5,76.75,77.49,29133.597443,2250287.23280827,2250287.23280827,1
2026-07-16 14:00:00+08:00,2026-07-16 15:00:00+08:00,1784181600000,SOL-USDT,1H,77.49,77.63,77.12,77.35,21163.040873,1638597.00674755,1638597.00674755,1
2026-07-16 15:00:00+08:00,2026-07-16 16:00:00+08:00,1784185200000,SOL-USDT,1H,77.35,77.35,76.21,76.43,39016.375993,2989817.63660551,2989817.63660551,1
2026-07-16 16:00:00+08:00,2026-07-16 17:00:00+08:00,1784188800000,SOL-USDT,1H,76.44,76.5,75.63,76.15,48599.497365,3696385.0075923,3696385.0075923,1
2026-07-16 17:00:00+08:00,2026-07-16 18:00:00+08:00,1784192400000,SOL-USDT,1H,76.15,76.27,76,76.03,21376.992518,1627415.20416652,1627415.20416652,1
2026-07-16 18:00:00+08:00,2026-07-16 19:00:00+08:00,1784196000000,SOL-USDT,1H,76.04,76.35,76.02,76.21,7407.106372,564239.38708501,564239.38708501,1
2026-07-16 19:00:00+08:00,2026-07-16 20:00:00+08:00,1784199600000,SOL-USDT,1H,76.21,76.29,76.03,76.27,13632.608416,1038142.53614714,1038142.53614714,1
2026-07-16 20:00:00+08:00,2026-07-16 21:00:00+08:00,1784203200000,SOL-USDT,1H,76.26,76.29,75.7,75.92,39280.3023,2984928.37416997,2984928.37416997,1
2026-07-16 21:00:00+08:00,2026-07-16 22:00:00+08:00,1784206800000,SOL-USDT,1H,75.91,76.63,75.9,76.36,30997.849448,2367529.08538255,2367529.08538255,1
2026-07-16 22:00:00+08:00,2026-07-16 23:00:00+08:00,1784210400000,SOL-USDT,1H,76.35,76.78,76.18,76.49,26945.657083,2062479.15885448,2062479.15885448,1
2026-07-16 23:00:00+08:00,2026-07-17 00:00:00+08:00,1784214000000,SOL-USDT,1H,76.5,76.86,76.01,76.63,27866.717524,2132912.0587647,2132912.0587647,1
2026-07-17 00:00:00+08:00,2026-07-17 01:00:00+08:00,1784217600000,SOL-USDT,1H,76.63,76.63,76.1,76.28,13249.032493,1011273.16183187,1011273.16183187,1
2026-07-17 01:00:00+08:00,2026-07-17 02:00:00+08:00,1784221200000,SOL-USDT,1H,76.28,76.28,75.39,75.6,24106.814732,1826468.82136685,1826468.82136685,1
2026-07-17 02:00:00+08:00,2026-07-17 03:00:00+08:00,1784224800000,SOL-USDT,1H,75.61,75.92,75.42,75.73,29785.439584,2254509.08740998,2254509.08740998,1
2026-07-17 03:00:00+08:00,2026-07-17 04:00:00+08:00,1784228400000,SOL-USDT,1H,75.73,75.94,75.62,75.81,8729.054802,661731.90018706,661731.90018706,1
2026-07-17 04:00:00+08:00,2026-07-17 05:00:00+08:00,1784232000000,SOL-USDT,1H,75.8,75.9,75.71,75.8,5383.836151,408097.94215332,408097.94215332,1
2026-07-17 05:00:00+08:00,2026-07-17 06:00:00+08:00,1784235600000,SOL-USDT,1H,75.8,76.08,75.77,75.95,8864.3454,673315.01182729,673315.01182729,1
2026-07-17 06:00:00+08:00,2026-07-17 07:00:00+08:00,1784239200000,SOL-USDT,1H,75.95,76.04,75.22,75.34,22466.431736,1698373.23346062,1698373.23346062,1
2026-07-17 07:00:00+08:00,2026-07-17 08:00:00+08:00,1784242800000,SOL-USDT,1H,75.33,75.42,75.02,75.32,19365.214404,1456429.89912176,1456429.89912176,1
2026-07-17 08:00:00+08:00,2026-07-17 09:00:00+08:00,1784246400000,SOL-USDT,1H,75.33,75.56,74.92,75.56,20024.617683,1507204.82715465,1507204.82715465,1
2026-07-17 09:00:00+08:00,2026-07-17 10:00:00+08:00,1784250000000,SOL-USDT,1H,75.56,75.75,74.99,75.11,16903.266647,1274741.41784724,1274741.41784724,1
2026-07-17 10:00:00+08:00,2026-07-17 11:00:00+08:00,1784253600000,SOL-USDT,1H,75.11,75.27,74.74,75,22536.98931,1690509.24467928,1690509.24467928,1
2026-07-17 11:00:00+08:00,2026-07-17 12:00:00+08:00,1784257200000,SOL-USDT,1H,75.01,75.46,75,75.22,10379.876126,781445.84784325,781445.84784325,1
2026-07-17 12:00:00+08:00,2026-07-17 13:00:00+08:00,1784260800000,SOL-USDT,1H,75.23,75.34,74.75,75.25,23071.888021,1730654.49771962,1730654.49771962,1
2026-07-17 13:00:00+08:00,2026-07-17 14:00:00+08:00,1784264400000,SOL-USDT,1H,75.24,75.24,74.29,74.41,29830.879299,2227424.49700442,2227424.49700442,1
2026-07-17 14:00:00+08:00,2026-07-17 15:00:00+08:00,1784268000000,SOL-USDT,1H,74.41,74.76,74.31,74.6,27273.6944,2033251.12958844,2033251.12958844,1
2026-07-17 15:00:00+08:00,2026-07-17 16:00:00+08:00,1784271600000,SOL-USDT,1H,74.6,74.77,74.41,74.62,9467.023796,706397.5726745,706397.5726745,1
2026-07-17 16:00:00+08:00,2026-07-17 17:00:00+08:00,1784275200000,SOL-USDT,1H,74.63,74.69,74.2,74.53,16725.560702,1245472.95870379,1245472.95870379,1
2026-07-17 17:00:00+08:00,2026-07-17 18:00:00+08:00,1784278800000,SOL-USDT,1H,74.53,74.81,74.48,74.66,11663.634538,870505.32141529,870505.32141529,1
2026-07-17 18:00:00+08:00,2026-07-17 19:00:00+08:00,1784282400000,SOL-USDT,1H,74.66,74.89,74.63,74.81,12514.066031,936038.45608421,936038.45608421,1
2026-07-17 19:00:00+08:00,2026-07-17 20:00:00+08:00,1784286000000,SOL-USDT,1H,74.81,75.02,74.65,74.87,6991.497928,523297.49407327,523297.49407327,1
2026-07-17 20:00:00+08:00,2026-07-17 21:00:00+08:00,1784289600000,SOL-USDT,1H,74.87,74.88,74.38,74.4,10086.694684,752323.09608625,752323.09608625,1
2026-07-17 21:00:00+08:00,2026-07-17 22:00:00+08:00,1784293200000,SOL-USDT,1H,74.39,74.4,73.37,74.33,70364.144231,5195477.26828824,5195477.26828824,1
2026-07-17 22:00:00+08:00,2026-07-17 23:00:00+08:00,1784296800000,SOL-USDT,1H,74.33,74.82,74.1,74.33,33455.189699,2489490.17839493,2489490.17839493,1
2026-07-17 23:00:00+08:00,2026-07-18 00:00:00+08:00,1784300400000,SOL-USDT,1H,74.3,74.78,73.81,74.78,28150.949268,2090800.8667921,2090800.8667921,1
2026-07-18 00:00:00+08:00,2026-07-18 01:00:00+08:00,1784304000000,SOL-USDT,1H,74.78,75.11,74.6,74.94,28156.387485,2108109.92455692,2108109.92455692,1
2026-07-18 01:00:00+08:00,2026-07-18 02:00:00+08:00,1784307600000,SOL-USDT,1H,74.94,75.6,74.94,75.24,27878.220543,2099279.61063711,2099279.61063711,1
2026-07-18 02:00:00+08:00,2026-07-18 03:00:00+08:00,1784311200000,SOL-USDT,1H,75.24,75.4,74.98,75.33,9950.807764,748150.47577898,748150.47577898,1
2026-07-18 03:00:00+08:00,2026-07-18 04:00:00+08:00,1784314800000,SOL-USDT,1H,75.32,75.37,74.82,75.18,15908.778244,1194383.49801799,1194383.49801799,1
2026-07-18 04:00:00+08:00,2026-07-18 05:00:00+08:00,1784318400000,SOL-USDT,1H,75.2,75.2,74.88,75.09,11208.287198,840869.51442654,840869.51442654,1
2026-07-18 05:00:00+08:00,2026-07-18 06:00:00+08:00,1784322000000,SOL-USDT,1H,75.1,75.23,74.96,75.03,7751.197529,582016.62006006,582016.62006006,1
2026-07-18 06:00:00+08:00,2026-07-18 07:00:00+08:00,1784325600000,SOL-USDT,1H,75.02,75.13,74.84,75.03,6782.731067,508304.8038633,508304.8038633,1
2026-07-18 07:00:00+08:00,2026-07-18 08:00:00+08:00,1784329200000,SOL-USDT,1H,75.03,75.13,74.86,75.03,3728.904131,279749.18149965,279749.18149965,1
2026-07-18 08:00:00+08:00,2026-07-18 09:00:00+08:00,1784332800000,SOL-USDT,1H,75.04,75.26,74.98,75.1,4627.526325,347716.15891517,347716.15891517,1
2026-07-18 09:00:00+08:00,2026-07-18 10:00:00+08:00,1784336400000,SOL-USDT,1H,75.1,75.25,75.05,75.22,5578.928136,419288.5398831,419288.5398831,1
2026-07-18 10:00:00+08:00,2026-07-18 11:00:00+08:00,1784340000000,SOL-USDT,1H,75.23,75.45,75.15,75.21,7345.129905,553145.26202754,553145.26202754,1
2026-07-18 11:00:00+08:00,2026-07-18 12:00:00+08:00,1784343600000,SOL-USDT,1H,75.22,75.38,75.15,75.38,6011.717708,452360.31684785,452360.31684785,1
2026-07-18 12:00:00+08:00,2026-07-18 13:00:00+08:00,1784347200000,SOL-USDT,1H,75.38,75.39,75.06,75.1,4580.600994,344361.13909511,344361.13909511,1
2026-07-18 13:00:00+08:00,2026-07-18 14:00:00+08:00,1784350800000,SOL-USDT,1H,75.1,75.11,74.88,74.93,7983.486302,598566.76589404,598566.76589404,1
2026-07-18 14:00:00+08:00,2026-07-18 15:00:00+08:00,1784354400000,SOL-USDT,1H,74.94,75.1,74.92,74.98,3572.096977,267909.34774681,267909.34774681,1
2026-07-18 15:00:00+08:00,2026-07-18 16:00:00+08:00,1784358000000,SOL-USDT,1H,74.98,75.05,74.9,74.97,5526.542387,414264.46971187,414264.46971187,1
2026-07-18 16:00:00+08:00,2026-07-18 17:00:00+08:00,1784361600000,SOL-USDT,1H,74.97,75.04,74.8,74.97,6162.635789,461647.8345606,461647.8345606,1
2026-07-18 17:00:00+08:00,2026-07-18 18:00:00+08:00,1784365200000,SOL-USDT,1H,74.98,75.01,74.66,74.85,7239.398208,541422.22434551,541422.22434551,1
2026-07-18 18:00:00+08:00,2026-07-18 19:00:00+08:00,1784368800000,SOL-USDT,1H,74.85,74.95,74.8,74.9,4566.406365,341857.67784856,341857.67784856,1
2026-07-18 19:00:00+08:00,2026-07-18 20:00:00+08:00,1784372400000,SOL-USDT,1H,74.9,75.02,74.89,74.95,3319.212937,248790.60482808,248790.60482808,1
2026-07-18 20:00:00+08:00,2026-07-18 21:00:00+08:00,1784376000000,SOL-USDT,1H,74.96,75.19,74.69,75,14205.756065,1064043.19122146,1064043.19122146,1
2026-07-18 21:00:00+08:00,2026-07-18 22:00:00+08:00,1784379600000,SOL-USDT,1H,74.99,74.99,74.51,74.74,8781.367455,655679.9276529,655679.9276529,1
2026-07-18 22:00:00+08:00,2026-07-18 23:00:00+08:00,1784383200000,SOL-USDT,1H,74.75,75.01,74.65,74.99,7087.72472,530540.42571311,530540.42571311,1
2026-07-18 23:00:00+08:00,2026-07-19 00:00:00+08:00,1784386800000,SOL-USDT,1H,74.99,75.04,74.81,74.95,5880.370458,440613.61145931,440613.61145931,1
2026-07-19 00:00:00+08:00,2026-07-19 01:00:00+08:00,1784390400000,SOL-USDT,1H,74.96,75.29,74.84,75.16,8126.648599,610482.94242584,610482.94242584,1
2026-07-19 01:00:00+08:00,2026-07-19 02:00:00+08:00,1784394000000,SOL-USDT,1H,75.17,75.39,75.06,75.36,10507.0117,790839.00397772,790839.00397772,1
2026-07-19 02:00:00+08:00,2026-07-19 03:00:00+08:00,1784397600000,SOL-USDT,1H,75.35,75.64,75.2,75.29,17195.828481,1296831.69798457,1296831.69798457,1
2026-07-19 03:00:00+08:00,2026-07-19 04:00:00+08:00,1784401200000,SOL-USDT,1H,75.29,75.45,75.23,75.45,4827.832752,363739.8349631,363739.8349631,1
2026-07-19 04:00:00+08:00,2026-07-19 05:00:00+08:00,1784404800000,SOL-USDT,1H,75.45,75.59,75.33,75.46,4464.439376,336796.02595596,336796.02595596,1
2026-07-19 05:00:00+08:00,2026-07-19 06:00:00+08:00,1784408400000,SOL-USDT,1H,75.47,75.63,75.35,75.48,7213.738447,544622.37313015,544622.37313015,1
2026-07-19 06:00:00+08:00,2026-07-19 07:00:00+08:00,1784412000000,SOL-USDT,1H,75.48,75.63,75.38,75.58,7309.710408,551991.51510927,551991.51510927,1
2026-07-19 07:00:00+08:00,2026-07-19 08:00:00+08:00,1784415600000,SOL-USDT,1H,75.57,75.58,75.4,75.52,5781.04259,436533.95982471,436533.95982471,1
2026-07-19 08:00:00+08:00,2026-07-19 09:00:00+08:00,1784419200000,SOL-USDT,1H,75.52,75.68,75.45,75.63,7118.731634,537821.20178293,537821.20178293,1
2026-07-19 09:00:00+08:00,2026-07-19 10:00:00+08:00,1784422800000,SOL-USDT,1H,75.63,75.73,75.53,75.68,8521.617915,644340.44534204,644340.44534204,1
2026-07-19 10:00:00+08:00,2026-07-19 11:00:00+08:00,1784426400000,SOL-USDT,1H,75.69,76.58,75.68,76.2,35656.580812,2716353.31713586,2716353.31713586,1
2026-07-19 11:00:00+08:00,2026-07-19 12:00:00+08:00,1784430000000,SOL-USDT,1H,76.2,76.43,75.8,75.95,12532.618984,952487.97380664,952487.97380664,1
2026-07-19 12:00:00+08:00,2026-07-19 13:00:00+08:00,1784433600000,SOL-USDT,1H,75.96,76.08,75.73,75.99,9723.765301,737856.03949918,737856.03949918,1
2026-07-19 13:00:00+08:00,2026-07-19 14:00:00+08:00,1784437200000,SOL-USDT,1H,76,76.1,75.88,75.98,3655.535505,277840.42219383,277840.42219383,1
2026-07-19 14:00:00+08:00,2026-07-19 15:00:00+08:00,1784440800000,SOL-USDT,1H,75.98,76.15,75.94,76.11,6697.559421,509406.39586315,509406.39586315,1
2026-07-19 15:00:00+08:00,2026-07-19 16:00:00+08:00,1784444400000,SOL-USDT,1H,76.11,76.33,76,76.15,8139.217447,619886.87499931,619886.87499931,1
2026-07-19 16:00:00+08:00,2026-07-19 17:00:00+08:00,1784448000000,SOL-USDT,1H,76.15,76.37,76.08,76.27,10143.232682,773465.60768358,773465.60768358,1
2026-07-19 17:00:00+08:00,2026-07-19 18:00:00+08:00,1784451600000,SOL-USDT,1H,76.29,76.3,75.92,76,7436.295477,565663.80379255,565663.80379255,1
2026-07-19 18:00:00+08:00,2026-07-19 19:00:00+08:00,1784455200000,SOL-USDT,1H,75.99,76.53,75.9,76.26,10872.461325,828863.01142567,828863.01142567,1
2026-07-19 19:00:00+08:00,2026-07-19 20:00:00+08:00,1784458800000,SOL-USDT,1H,76.26,76.41,76.05,76.07,6955.45252,530367.1928939,530367.1928939,1
2026-07-19 20:00:00+08:00,2026-07-19 21:00:00+08:00,1784462400000,SOL-USDT,1H,76.06,76.21,75.76,76.04,25737.507024,1955714.77252765,1955714.77252765,1
2026-07-19 21:00:00+08:00,2026-07-19 22:00:00+08:00,1784466000000,SOL-USDT,1H,76.04,76.15,75.89,76.12,10267.407095,780392.4117024,780392.4117024,1
2026-07-19 22:00:00+08:00,2026-07-19 23:00:00+08:00,1784469600000,SOL-USDT,1H,76.12,76.69,76.06,76.41,30395.499542,2323036.15241675,2323036.15241675,1
2026-07-19 23:00:00+08:00,2026-07-20 00:00:00+08:00,1784473200000,SOL-USDT,1H,76.42,76.48,76.07,76.22,11983.733382,913700.65017539,913700.65017539,1
2026-07-20 00:00:00+08:00,2026-07-20 01:00:00+08:00,1784476800000,SOL-USDT,1H,76.22,76.3,75.86,75.91,11401.655976,866941.96094627,866941.96094627,1
2026-07-20 01:00:00+08:00,2026-07-20 02:00:00+08:00,1784480400000,SOL-USDT,1H,75.91,76.23,75.57,75.97,20221.929656,1535527.21271185,1535527.21271185,1
2026-07-20 02:00:00+08:00,2026-07-20 03:00:00+08:00,1784484000000,SOL-USDT,1H,75.96,75.98,75.35,75.75,20665.606964,1562820.72415502,1562820.72415502,1
2026-07-20 03:00:00+08:00,2026-07-20 04:00:00+08:00,1784487600000,SOL-USDT,1H,75.76,75.89,75.63,75.88,5849.640697,443411.1518837,443411.1518837,1
2026-07-20 04:00:00+08:00,2026-07-20 05:00:00+08:00,1784491200000,SOL-USDT,1H,75.89,76.14,75.87,76.14,6145.568405,467050.31786971,467050.31786971,1
2026-07-20 05:00:00+08:00,2026-07-20 06:00:00+08:00,1784494800000,SOL-USDT,1H,76.15,76.24,75.7,75.79,11107.438523,843363.68658954,843363.68658954,1
2026-07-20 06:00:00+08:00,2026-07-20 07:00:00+08:00,1784498400000,SOL-USDT,1H,75.78,76.42,75.63,76.1,15830.546024,1204890.89274507,1204890.89274507,1
2026-07-20 07:00:00+08:00,2026-07-20 08:00:00+08:00,1784502000000,SOL-USDT,1H,76.11,76.57,75.89,76.38,13794.772721,1052773.94419919,1052773.94419919,1
2026-07-20 08:00:00+08:00,2026-07-20 09:00:00+08:00,1784505600000,SOL-USDT,1H,76.38,77.13,76.14,76.57,68550.913557,5262930.86753835,5262930.86753835,1
2026-07-20 09:00:00+08:00,2026-07-20 10:00:00+08:00,1784509200000,SOL-USDT,1H,76.57,77.42,76.28,76.39,34450.242025,2648744.12542284,2648744.12542284,1
2026-07-20 10:00:00+08:00,2026-07-20 11:00:00+08:00,1784512800000,SOL-USDT,1H,76.38,77.19,76.37,76.97,18657.855057,1433642.28605442,1433642.28605442,1
2026-07-20 11:00:00+08:00,2026-07-20 12:00:00+08:00,1784516400000,SOL-USDT,1H,76.97,77.09,76.54,76.76,12994.117357,997568.19920952,997568.19920952,1
2026-07-20 12:00:00+08:00,2026-07-20 13:00:00+08:00,1784520000000,SOL-USDT,1H,76.77,76.93,76.29,76.46,19290.789175,1478448.81516683,1478448.81516683,1
2026-07-20 13:00:00+08:00,2026-07-20 14:00:00+08:00,1784523600000,SOL-USDT,1H,76.48,76.49,75.78,75.9,30592.216549,2326535.22654237,2326535.22654237,1
2026-07-20 14:00:00+08:00,2026-07-20 15:00:00+08:00,1784527200000,SOL-USDT,1H,75.92,76.06,75.5,75.63,42204.822832,3200422.73297282,3200422.73297282,1
2026-07-20 15:00:00+08:00,2026-07-20 16:00:00+08:00,1784530800000,SOL-USDT,1H,75.64,76.24,75.53,76.22,13597.092144,1031583.55312108,1031583.55312108,1
2026-07-20 16:00:00+08:00,2026-07-20 17:00:00+08:00,1784534400000,SOL-USDT,1H,76.23,76.43,75.91,76.16,34698.518697,2644783.73565237,2644783.73565237,1
2026-07-20 17:00:00+08:00,2026-07-20 18:00:00+08:00,1784538000000,SOL-USDT,1H,76.16,76.79,76.07,76.47,38259.596684,2929884.26041562,2929884.26041562,1
2026-07-20 18:00:00+08:00,2026-07-20 19:00:00+08:00,1784541600000,SOL-USDT,1H,76.47,76.7,76.34,76.36,10737.041291,820912.63630495,820912.63630495,1
2026-07-20 19:00:00+08:00,2026-07-20 20:00:00+08:00,1784545200000,SOL-USDT,1H,76.36,77.23,76.32,77.13,42566.148933,3272572.06718373,3272572.06718373,1
2026-07-20 20:00:00+08:00,2026-07-20 21:00:00+08:00,1784548800000,SOL-USDT,1H,77.13,77.16,76.67,76.75,54387.306688,4182966.75290981,4182966.75290981,1
2026-07-20 21:00:00+08:00,2026-07-20 22:00:00+08:00,1784552400000,SOL-USDT,1H,76.75,77.13,76.14,76.28,50875.707658,3899748.66669369,3899748.66669369,1
2026-07-20 22:00:00+08:00,2026-07-20 23:00:00+08:00,1784556000000,SOL-USDT,1H,76.28,76.46,75.79,76.16,38179.24956,2908521.76472159,2908521.76472159,1
2026-07-20 23:00:00+08:00,2026-07-21 00:00:00+08:00,1784559600000,SOL-USDT,1H,76.16,77.92,76.11,77.77,78994.493382,6098368.27893269,6098368.27893269,1
2026-07-21 00:00:00+08:00,2026-07-21 01:00:00+08:00,1784563200000,SOL-USDT,1H,77.77,77.88,77.45,77.68,39597.412986,3076168.69609277,3076168.69609277,1
2026-07-21 01:00:00+08:00,2026-07-21 02:00:00+08:00,1784566800000,SOL-USDT,1H,77.67,77.91,77.38,77.75,24097.503004,1871677.72847494,1871677.72847494,1
2026-07-21 02:00:00+08:00,2026-07-21 03:00:00+08:00,1784570400000,SOL-USDT,1H,77.76,78.38,77.6,77.66,54617.10802,4260357.8061578,4260357.8061578,1
2026-07-21 03:00:00+08:00,2026-07-21 04:00:00+08:00,1784574000000,SOL-USDT,1H,77.67,77.73,77.31,77.64,28633.671383,2220352.94927317,2220352.94927317,1
2026-07-21 04:00:00+08:00,2026-07-21 05:00:00+08:00,1784577600000,SOL-USDT,1H,77.65,78.06,77.54,77.89,13226.800384,1029942.46897191,1029942.46897191,1
2026-07-21 05:00:00+08:00,2026-07-21 06:00:00+08:00,1784581200000,SOL-USDT,1H,77.89,78.04,77.74,77.76,11790.747678,918612.83677931,918612.83677931,1
2026-07-21 06:00:00+08:00,2026-07-21 07:00:00+08:00,1784584800000,SOL-USDT,1H,77.76,77.84,77.44,77.46,10916.633911,847435.11819454,847435.11819454,1
2026-07-21 07:00:00+08:00,2026-07-21 08:00:00+08:00,1784588400000,SOL-USDT,1H,77.46,77.89,77.44,77.85,6779.037098,526759.34890612,526759.34890612,1
2026-07-21 08:00:00+08:00,2026-07-21 09:00:00+08:00,1784592000000,SOL-USDT,1H,77.85,78.28,77.76,78.13,13622.861415,1063080.56419771,1063080.56419771,1
2026-07-21 09:00:00+08:00,2026-07-21 10:00:00+08:00,1784595600000,SOL-USDT,1H,78.12,78.23,77.81,77.85,14599.349757,1138157.72650019,1138157.72650019,1
2026-07-21 10:00:00+08:00,2026-07-21 11:00:00+08:00,1784599200000,SOL-USDT,1H,77.86,78.25,77.66,78.03,16418.798297,1280443.69474745,1280443.69474745,1
2026-07-21 11:00:00+08:00,2026-07-21 12:00:00+08:00,1784602800000,SOL-USDT,1H,78.03,78.56,78.01,78.2,19614.661924,1536287.70728537,1536287.70728537,1
2026-07-21 12:00:00+08:00,2026-07-21 13:00:00+08:00,1784606400000,SOL-USDT,1H,78.2,78.43,78,78.14,32552.317734,2544754.95095272,2544754.95095272,1
2026-07-21 13:00:00+08:00,2026-07-21 14:00:00+08:00,1784610000000,SOL-USDT,1H,78.13,78.68,78.12,78.46,22890.279562,1795199.64339126,1795199.64339126,1
2026-07-21 14:00:00+08:00,2026-07-21 15:00:00+08:00,1784613600000,SOL-USDT,1H,78.45,78.88,78.31,78.67,32272.231853,2538015.850023,2538015.850023,1
2026-07-21 15:00:00+08:00,2026-07-21 16:00:00+08:00,1784617200000,SOL-USDT,1H,78.66,78.76,78.48,78.58,24407.908645,1918534.90377307,1918534.90377307,1
2026-07-21 16:00:00+08:00,2026-07-21 17:00:00+08:00,1784620800000,SOL-USDT,1H,78.57,78.76,78.35,78.37,32844.202473,2579103.45361653,2579103.45361653,1
2026-07-21 17:00:00+08:00,2026-07-21 18:00:00+08:00,1784624400000,SOL-USDT,1H,78.36,78.51,78.16,78.43,27417.622197,2148644.63925206,2148644.63925206,1
2026-07-21 18:00:00+08:00,2026-07-21 19:00:00+08:00,1784628000000,SOL-USDT,1H,78.44,78.5,78.08,78.21,22985.803084,1800897.45661053,1800897.45661053,1
2026-07-21 19:00:00+08:00,2026-07-21 20:00:00+08:00,1784631600000,SOL-USDT,1H,78.21,78.45,78.11,78.37,13147.709792,1028799.55564966,1028799.55564966,1
2026-07-21 20:00:00+08:00,2026-07-21 21:00:00+08:00,1784635200000,SOL-USDT,1H,78.38,78.55,78.28,78.51,26438.423182,2073302.04748781,2073302.04748781,1
2026-07-21 21:00:00+08:00,2026-07-21 22:00:00+08:00,1784638800000,SOL-USDT,1H,78.52,78.64,78.22,78.58,32001.414385,2509560.59754806,2509560.59754806,1
2026-07-21 22:00:00+08:00,2026-07-21 23:00:00+08:00,1784642400000,SOL-USDT,1H,78.59,78.64,77.92,78.01,46718.988385,3655394.89561786,3655394.89561786,1
2026-07-21 23:00:00+08:00,2026-07-22 00:00:00+08:00,1784646000000,SOL-USDT,1H,78.02,78.17,77.81,78.14,27121.777001,2114580.88100929,2114580.88100929,1
2026-07-22 00:00:00+08:00,2026-07-22 01:00:00+08:00,1784649600000,SOL-USDT,1H,78.15,78.26,77.97,78.21,12665.721909,989469.43707874,989469.43707874,1
2026-07-22 01:00:00+08:00,2026-07-22 02:00:00+08:00,1784653200000,SOL-USDT,1H,78.21,78.25,77.41,77.74,24625.428614,1914750.3787492,1914750.3787492,1
2026-07-22 02:00:00+08:00,2026-07-22 03:00:00+08:00,1784656800000,SOL-USDT,1H,77.74,78.03,77.61,77.87,9804.152206,763345.49909146,763345.49909146,1
2026-07-22 03:00:00+08:00,2026-07-22 04:00:00+08:00,1784660400000,SOL-USDT,1H,77.87,78.01,77.73,77.88,18047.561101,1405335.29536448,1405335.29536448,1
2026-07-22 04:00:00+08:00,2026-07-22 05:00:00+08:00,1784664000000,SOL-USDT,1H,77.89,78.12,77.82,77.91,13076.337462,1019527.34057461,1019527.34057461,1
2026-07-22 05:00:00+08:00,2026-07-22 06:00:00+08:00,1784667600000,SOL-USDT,1H,77.91,78.15,77.81,78.05,12973.066871,1012297.95940684,1012297.95940684,1
2026-07-22 06:00:00+08:00,2026-07-22 07:00:00+08:00,1784671200000,SOL-USDT,1H,78.04,78.07,77.85,78,7221.89867,563118.42905143,563118.42905143,1
2026-07-22 07:00:00+08:00,2026-07-22 08:00:00+08:00,1784674800000,SOL-USDT,1H,77.99,78.19,77.82,78.13,6457.592317,504030.60703309,504030.60703309,1
2026-07-22 08:00:00+08:00,2026-07-22 09:00:00+08:00,1784678400000,SOL-USDT,1H,78.14,78.59,78.12,78.45,25763.789424,2020956.01552276,2020956.01552276,1
2026-07-22 09:00:00+08:00,2026-07-22 10:00:00+08:00,1784682000000,SOL-USDT,1H,78.45,78.51,78.14,78.33,14628.349924,1146208.1267067,1146208.1267067,1
2026-07-22 10:00:00+08:00,2026-07-22 11:00:00+08:00,1784685600000,SOL-USDT,1H,78.34,78.52,78.07,78.12,11416.727322,893339.08651917,893339.08651917,1
2026-07-22 11:00:00+08:00,2026-07-22 12:00:00+08:00,1784689200000,SOL-USDT,1H,78.12,78.23,77.81,77.87,12662.00078,988105.67761519,988105.67761519,1
2026-07-22 12:00:00+08:00,2026-07-22 13:00:00+08:00,1784692800000,SOL-USDT,1H,77.87,78.23,77.83,78.08,12241.66289,956096.62781508,956096.62781508,1
2026-07-22 13:00:00+08:00,2026-07-22 14:00:00+08:00,1784696400000,SOL-USDT,1H,78.07,78.09,77.39,77.43,26585.929531,2064583.36276049,2064583.36276049,1
2026-07-22 14:00:00+08:00,2026-07-22 15:00:00+08:00,1784700000000,SOL-USDT,1H,77.44,77.5,77,77.3,33525.587693,2588821.75444941,2588821.75444941,1
2026-07-22 15:00:00+08:00,2026-07-22 16:00:00+08:00,1784703600000,SOL-USDT,1H,77.31,77.32,77,77.11,19143.412447,1477183.85402381,1477183.85402381,1
2026-07-22 16:00:00+08:00,2026-07-22 17:00:00+08:00,1784707200000,SOL-USDT,1H,77.11,77.54,77.06,77.45,14896.128833,1152097.51915777,1152097.51915777,1
2026-07-22 17:00:00+08:00,2026-07-22 18:00:00+08:00,1784710800000,SOL-USDT,1H,77.44,77.6,77.3,77.56,14384.115061,1114160.61043608,1114160.61043608,1
2026-07-22 18:00:00+08:00,2026-07-22 19:00:00+08:00,1784714400000,SOL-USDT,1H,77.57,77.74,77.45,77.68,9201.149278,713989.45640148,713989.45640148,1
2026-07-22 19:00:00+08:00,2026-07-22 20:00:00+08:00,1784718000000,SOL-USDT,1H,77.68,77.8,77.49,77.57,11322.808133,879063.88783825,879063.88783825,1
2026-07-22 20:00:00+08:00,2026-07-22 21:00:00+08:00,1784721600000,SOL-USDT,1H,77.58,77.58,77.03,77.24,15684.453233,1211538.82515344,1211538.82515344,1
2026-07-22 21:00:00+08:00,2026-07-22 22:00:00+08:00,1784725200000,SOL-USDT,1H,77.25,77.95,77.14,77.88,27014.520193,2096611.73655533,2096611.73655533,1
2026-07-22 22:00:00+08:00,2026-07-22 23:00:00+08:00,1784728800000,SOL-USDT,1H,77.87,78.44,77.4,77.88,31335.068112,2439413.55233944,2439413.55233944,1
2026-07-22 23:00:00+08:00,2026-07-23 00:00:00+08:00,1784732400000,SOL-USDT,1H,77.9,78.86,77.9,78.45,51123.301935,4010175.73278015,4010175.73278015,1
2026-07-23 00:00:00+08:00,2026-07-23 01:00:00+08:00,1784736000000,SOL-USDT,1H,78.46,78.81,78.1,78.58,26297.852411,2063846.70972536,2063846.70972536,1
2026-07-23 01:00:00+08:00,2026-07-23 02:00:00+08:00,1784739600000,SOL-USDT,1H,78.58,78.65,78.14,78.23,26454.763086,2072932.55710641,2072932.55710641,1
2026-07-23 02:00:00+08:00,2026-07-23 03:00:00+08:00,1784743200000,SOL-USDT,1H,78.23,78.3,77.46,77.75,20059.833736,1560145.84827064,1560145.84827064,1
2026-07-23 03:00:00+08:00,2026-07-23 04:00:00+08:00,1784746800000,SOL-USDT,1H,77.76,77.81,77.32,77.67,23354.580994,1812840.91747944,1812840.91747944,1
2026-07-23 04:00:00+08:00,2026-07-23 05:00:00+08:00,1784750400000,SOL-USDT,1H,77.66,77.97,77.59,77.81,14338.793129,1114845.64387745,1114845.64387745,1
2026-07-23 05:00:00+08:00,2026-07-23 06:00:00+08:00,1784754000000,SOL-USDT,1H,77.81,78.07,77.69,78.03,8660.555043,674841.44070966,674841.44070966,1
2026-07-23 06:00:00+08:00,2026-07-23 07:00:00+08:00,1784757600000,SOL-USDT,1H,78.04,78.13,77.72,78.01,23678.646362,1844724.43497729,1844724.43497729,1
2026-07-23 07:00:00+08:00,2026-07-23 08:00:00+08:00,1784761200000,SOL-USDT,1H,78.02,78.03,77.51,77.98,13788.22853,1071876.16211157,1071876.16211157,1
2026-07-23 08:00:00+08:00,2026-07-23 09:00:00+08:00,1784764800000,SOL-USDT,1H,77.98,78.54,77.98,78.26,32680.899962,2559563.75474083,2559563.75474083,1
2026-07-23 09:00:00+08:00,2026-07-23 10:00:00+08:00,1784768400000,SOL-USDT,1H,78.26,78.4,77.88,77.9,19300.126538,1506700.74696711,1506700.74696711,1
2026-07-23 10:00:00+08:00,2026-07-23 11:00:00+08:00,1784772000000,SOL-USDT,1H,77.91,77.91,77.41,77.77,20508.046026,1592749.99544123,1592749.99544123,1
2026-07-23 11:00:00+08:00,2026-07-23 12:00:00+08:00,1784775600000,SOL-USDT,1H,77.77,77.79,77.48,77.62,7529.731757,584339.48314251,584339.48314251,1
2026-07-23 12:00:00+08:00,2026-07-23 13:00:00+08:00,1784779200000,SOL-USDT,1H,77.62,77.82,77.45,77.54,12360.565404,959784.30242216,959784.30242216,1
2026-07-23 13:00:00+08:00,2026-07-23 14:00:00+08:00,1784782800000,SOL-USDT,1H,77.55,77.73,77.42,77.54,6944.712648,538534.06954698,538534.06954698,1
2026-07-23 14:00:00+08:00,2026-07-23 15:00:00+08:00,1784786400000,SOL-USDT,1H,77.55,77.59,77.36,77.58,11170.378847,865671.37268377,865671.37268377,1
2026-07-23 15:00:00+08:00,2026-07-23 16:00:00+08:00,1784790000000,SOL-USDT,1H,77.58,77.58,77.05,77.16,23975.580222,1850210.90839245,1850210.90839245,1
2026-07-23 16:00:00+08:00,2026-07-23 17:00:00+08:00,1784793600000,SOL-USDT,1H,77.16,77.49,77.11,77.46,10493.081532,811214.57482944,811214.57482944,1
2026-07-23 17:00:00+08:00,2026-07-23 18:00:00+08:00,1784797200000,SOL-USDT,1H,77.46,77.64,77.41,77.49,10327.071094,800962.99285036,800962.99285036,1
2026-07-23 18:00:00+08:00,2026-07-23 19:00:00+08:00,1784800800000,SOL-USDT,1H,77.49,77.8,77.43,77.73,14761.028741,1146984.99904238,1146984.99904238,1
2026-07-23 19:00:00+08:00,2026-07-23 20:00:00+08:00,1784804400000,SOL-USDT,1H,77.74,77.87,77.59,77.66,15605.658007,1212643.95535821,1212643.95535821,1
2026-07-23 20:00:00+08:00,2026-07-23 21:00:00+08:00,1784808000000,SOL-USDT,1H,77.66,77.72,76.48,76.92,50943.186048,3923880.28839638,3923880.28839638,1
2026-07-23 21:00:00+08:00,2026-07-23 22:00:00+08:00,1784811600000,SOL-USDT,1H,76.93,77.07,76.56,76.7,51495.672688,3954852.95313043,3954852.95313043,1
2026-07-23 22:00:00+08:00,2026-07-23 23:00:00+08:00,1784815200000,SOL-USDT,1H,76.7,76.87,76.33,76.43,41127.355836,3151724.57244595,3151724.57244595,1
2026-07-23 23:00:00+08:00,2026-07-24 00:00:00+08:00,1784818800000,SOL-USDT,1H,76.44,76.45,75.86,76.37,53809.615872,4097349.11716756,4097349.11716756,1
2026-07-24 00:00:00+08:00,2026-07-24 01:00:00+08:00,1784822400000,SOL-USDT,1H,76.38,76.38,75.84,76.01,25663.07829,1952370.89002358,1952370.89002358,1
2026-07-24 01:00:00+08:00,2026-07-24 02:00:00+08:00,1784826000000,SOL-USDT,1H,76.01,76.18,75.48,75.65,27296.188885,2070227.20760813,2070227.20760813,1
2026-07-24 02:00:00+08:00,2026-07-24 03:00:00+08:00,1784829600000,SOL-USDT,1H,75.66,75.85,75.57,75.81,13629.239002,1032019.30175472,1032019.30175472,1
2026-07-24 03:00:00+08:00,2026-07-24 04:00:00+08:00,1784833200000,SOL-USDT,1H,75.8,75.85,75.43,75.74,15345.2969,1160565.67133116,1160565.67133116,1
2026-07-24 04:00:00+08:00,2026-07-24 05:00:00+08:00,1784836800000,SOL-USDT,1H,75.74,76.18,75.71,76.14,9521.419706,723761.190442,723761.190442,1
2026-07-24 05:00:00+08:00,2026-07-24 06:00:00+08:00,1784840400000,SOL-USDT,1H,76.14,76.27,75.9,76.04,9519.20374,724039.03046041,724039.03046041,1
2026-07-24 06:00:00+08:00,2026-07-24 07:00:00+08:00,1784844000000,SOL-USDT,1H,76.05,76.23,75.85,76.19,7208.86521,548342.07406322,548342.07406322,1
2026-07-24 07:00:00+08:00,2026-07-24 08:00:00+08:00,1784847600000,SOL-USDT,1H,76.19,76.25,75.88,75.89,11089.908446,844050.17701864,844050.17701864,1
2026-07-24 08:00:00+08:00,2026-07-24 09:00:00+08:00,1784851200000,SOL-USDT,1H,75.89,75.91,75.54,75.82,22693.709261,1719277.75184186,1719277.75184186,1
2026-07-24 09:00:00+08:00,2026-07-24 10:00:00+08:00,1784854800000,SOL-USDT,1H,75.83,76.12,75.67,75.7,16310.778564,1238340.02303545,1238340.02303545,1
2026-07-24 10:00:00+08:00,2026-07-24 11:00:00+08:00,1784858400000,SOL-USDT,1H,75.7,75.92,75.29,75.53,15091.45517,1140194.18209714,1140194.18209714,1
2026-07-24 11:00:00+08:00,2026-07-24 12:00:00+08:00,1784862000000,SOL-USDT,1H,75.54,75.96,75.46,75.84,15661.701402,1187684.47820274,1187684.47820274,1
2026-07-24 12:00:00+08:00,2026-07-24 13:00:00+08:00,1784865600000,SOL-USDT,1H,75.84,75.87,75.62,75.66,7604.698929,576090.43671141,576090.43671141,1
2026-07-24 13:00:00+08:00,2026-07-24 14:00:00+08:00,1784869200000,SOL-USDT,1H,75.68,75.91,75.58,75.79,12661.689863,959840.95630232,959840.95630232,1
2026-07-24 14:00:00+08:00,2026-07-24 15:00:00+08:00,1784872800000,SOL-USDT,1H,75.8,76.02,75.73,75.85,9855.528021,747762.5637275,747762.5637275,1
2026-07-24 15:00:00+08:00,2026-07-24 16:00:00+08:00,1784876400000,SOL-USDT,1H,75.85,76.44,75.79,76.06,40876.356527,3113453.60935799,3113453.60935799,1
2026-07-24 16:00:00+08:00,2026-07-24 17:00:00+08:00,1784880000000,SOL-USDT,1H,76.07,76.08,75.72,75.78,20946.428696,1589880.76300391,1589880.76300391,1
2026-07-24 17:00:00+08:00,2026-07-24 18:00:00+08:00,1784883600000,SOL-USDT,1H,75.77,75.84,75.37,75.63,21599.134401,1631907.16290914,1631907.16290914,1
2026-07-24 18:00:00+08:00,2026-07-24 19:00:00+08:00,1784887200000,SOL-USDT,1H,75.63,75.66,75.38,75.49,7015.219222,529791.87709945,529791.87709945,1
2026-07-24 19:00:00+08:00,2026-07-24 20:00:00+08:00,1784890800000,SOL-USDT,1H,75.49,75.52,74.99,75.2,27051.591177,2033615.53518858,2033615.53518858,1
2026-07-24 20:00:00+08:00,2026-07-24 21:00:00+08:00,1784894400000,SOL-USDT,1H,75.19,75.3,74.81,74.87,14798.381166,1110865.5658298,1110865.5658298,1
2026-07-24 21:00:00+08:00,2026-07-24 22:00:00+08:00,1784898000000,SOL-USDT,1H,74.86,74.93,73.97,74.22,70701.421481,5260417.99847758,5260417.99847758,1
2026-07-24 22:00:00+08:00,2026-07-24 23:00:00+08:00,1784901600000,SOL-USDT,1H,74.22,74.27,73.61,74.04,53313.736763,3940181.34578842,3940181.34578842,1
2026-07-24 23:00:00+08:00,2026-07-25 00:00:00+08:00,1784905200000,SOL-USDT,1H,74.03,74.3,73.7,74.04,36164.025907,2679111.09163403,2679111.09163403,1
2026-07-25 00:00:00+08:00,2026-07-25 01:00:00+08:00,1784908800000,SOL-USDT,1H,74.05,74.22,73.72,73.91,19767.470371,1462346.48130696,1462346.48130696,1
2026-07-25 01:00:00+08:00,2026-07-25 02:00:00+08:00,1784912400000,SOL-USDT,1H,73.91,74.15,73.86,74.05,12674.607878,937798.23478734,937798.23478734,1
2026-07-25 02:00:00+08:00,2026-07-25 03:00:00+08:00,1784916000000,SOL-USDT,1H,74.05,74.08,73.9,73.98,11325.637531,837979.04897592,837979.04897592,1
2026-07-25 03:00:00+08:00,2026-07-25 04:00:00+08:00,1784919600000,SOL-USDT,1H,73.98,74.04,73.79,73.96,15917.625466,1176954.59712596,1176954.59712596,1
2026-07-25 04:00:00+08:00,2026-07-25 05:00:00+08:00,1784923200000,SOL-USDT,1H,73.96,74.03,73.72,73.79,7924.042136,585344.46972305,585344.46972305,1
2026-07-25 05:00:00+08:00,2026-07-25 06:00:00+08:00,1784926800000,SOL-USDT,1H,73.79,73.84,73.45,73.65,27913.349492,2055463.20128383,2055463.20128383,1
2026-07-25 06:00:00+08:00,2026-07-25 07:00:00+08:00,1784930400000,SOL-USDT,1H,73.65,73.98,73.63,73.94,7645.185812,564819.71401578,564819.71401578,1
2026-07-25 07:00:00+08:00,2026-07-25 08:00:00+08:00,1784934000000,SOL-USDT,1H,73.93,74.03,73.85,73.96,7974.329902,589630.67498508,589630.67498508,1
2026-07-25 08:00:00+08:00,2026-07-25 09:00:00+08:00,1784937600000,SOL-USDT,1H,73.97,74.15,73.94,74.13,14773.738777,1093883.79291305,1093883.79291305,1
2026-07-25 09:00:00+08:00,2026-07-25 10:00:00+08:00,1784941200000,SOL-USDT,1H,74.13,74.25,74.01,74.14,10125.282618,750638.2436665,750638.2436665,1
2026-07-25 10:00:00+08:00,2026-07-25 11:00:00+08:00,1784944800000,SOL-USDT,1H,74.14,74.22,74.06,74.1,4868.372015,360921.59675167,360921.59675167,1
2026-07-25 11:00:00+08:00,2026-07-25 12:00:00+08:00,1784948400000,SOL-USDT,1H,74.11,74.33,74.04,74.14,11976.814098,888618.54452945,888618.54452945,1
2026-07-25 12:00:00+08:00,2026-07-25 13:00:00+08:00,1784952000000,SOL-USDT,1H,74.14,74.37,74.13,74.31,13324.00637,989680.29731636,989680.29731636,1
2026-07-25 13:00:00+08:00,2026-07-25 14:00:00+08:00,1784955600000,SOL-USDT,1H,74.32,74.36,73.91,73.98,10682.839073,791705.39422595,791705.39422595,1
2026-07-25 14:00:00+08:00,2026-07-25 15:00:00+08:00,1784959200000,SOL-USDT,1H,73.98,74.04,73.77,74.04,13309.016992,983573.8916159,983573.8916159,1
2026-07-25 15:00:00+08:00,2026-07-25 16:00:00+08:00,1784962800000,SOL-USDT,1H,74.04,74.07,73.79,73.79,9016.793367,666466.08112126,666466.08112126,1
2026-07-25 16:00:00+08:00,2026-07-25 17:00:00+08:00,1784966400000,SOL-USDT,1H,73.79,73.87,73.55,73.8,12475.275951,919822.45441773,919822.45441773,1
2026-07-25 17:00:00+08:00,2026-07-25 18:00:00+08:00,1784970000000,SOL-USDT,1H,73.8,74.04,73.76,73.99,7990.627176,590539.7892332,590539.7892332,1
2026-07-25 18:00:00+08:00,2026-07-25 19:00:00+08:00,1784973600000,SOL-USDT,1H,74,74.03,73.91,73.99,6883.267024,509104.97411261,509104.97411261,1
2026-07-25 19:00:00+08:00,2026-07-25 20:00:00+08:00,1784977200000,SOL-USDT,1H,73.99,74.05,73.86,73.92,6995.503086,517485.87948039,517485.87948039,1
2026-07-25 20:00:00+08:00,2026-07-25 21:00:00+08:00,1784980800000,SOL-USDT,1H,73.93,74,73.87,73.97,7803.877388,576815.48330071,576815.48330071,1
2026-07-25 21:00:00+08:00,2026-07-25 22:00:00+08:00,1784984400000,SOL-USDT,1H,73.97,74.18,73.94,73.99,9159.220008,678211.49484306,678211.49484306,1
2026-07-25 22:00:00+08:00,2026-07-25 23:00:00+08:00,1784988000000,SOL-USDT,1H,73.99,74.08,73.78,74.06,10518.781808,777262.49222722,777262.49222722,1
2026-07-25 23:00:00+08:00,2026-07-26 00:00:00+08:00,1784991600000,SOL-USDT,1H,74.05,74.31,74.01,74.17,11203.52206,831192.72148941,831192.72148941,1
2026-07-26 00:00:00+08:00,2026-07-26 01:00:00+08:00,1784995200000,SOL-USDT,1H,74.17,74.43,74.1,74.32,12619.599512,937330.15837185,937330.15837185,1
2026-07-26 01:00:00+08:00,2026-07-26 02:00:00+08:00,1784998800000,SOL-USDT,1H,74.33,74.67,74.3,74.47,10774.360918,802814.61407252,802814.61407252,1
2026-07-26 02:00:00+08:00,2026-07-26 03:00:00+08:00,1785002400000,SOL-USDT,1H,74.48,74.72,74.48,74.65,9366.587714,698526.99373413,698526.99373413,1
2026-07-26 03:00:00+08:00,2026-07-26 04:00:00+08:00,1785006000000,SOL-USDT,1H,74.66,74.73,74.54,74.57,4279.911249,319404.08678083,319404.08678083,1
2026-07-26 04:00:00+08:00,2026-07-26 05:00:00+08:00,1785009600000,SOL-USDT,1H,74.57,74.58,74.4,74.44,4818.592307,358871.42907412,358871.42907412,1
2026-07-26 05:00:00+08:00,2026-07-26 06:00:00+08:00,1785013200000,SOL-USDT,1H,74.45,74.61,74.28,74.47,10438.674749,777380.7143906,777380.7143906,1
2026-07-26 06:00:00+08:00,2026-07-26 07:00:00+08:00,1785016800000,SOL-USDT,1H,74.47,74.53,74.3,74.5,5851.426615,435501.90506402,435501.90506402,1
2026-07-26 07:00:00+08:00,2026-07-26 08:00:00+08:00,1785020400000,SOL-USDT,1H,74.51,74.54,74.4,74.53,5611.800513,417957.50301491,417957.50301491,1
2026-07-26 08:00:00+08:00,2026-07-26 09:00:00+08:00,1785024000000,SOL-USDT,1H,74.53,74.96,74.47,74.78,15669.835563,1171798.10654648,1171798.10654648,1
2026-07-26 09:00:00+08:00,2026-07-26 10:00:00+08:00,1785027600000,SOL-USDT,1H,74.79,74.9,74.67,74.83,6339.351143,474064.03440535,474064.03440535,1
2026-07-26 10:00:00+08:00,2026-07-26 11:00:00+08:00,1785031200000,SOL-USDT,1H,74.84,74.93,74.72,74.9,7747.753374,579714.73103216,579714.73103216,1
2026-07-26 11:00:00+08:00,2026-07-26 12:00:00+08:00,1785034800000,SOL-USDT,1H,74.91,75.06,74.82,75.02,11631.421664,871932.29831228,871932.29831228,1
2026-07-26 12:00:00+08:00,2026-07-26 13:00:00+08:00,1785038400000,SOL-USDT,1H,75.04,75.23,74.95,75.08,9630.044177,723114.83688451,723114.83688451,1
2026-07-26 13:00:00+08:00,2026-07-26 14:00:00+08:00,1785042000000,SOL-USDT,1H,75.08,75.18,74.93,75.01,5996.616249,450059.70359569,450059.70359569,1
2026-07-26 14:00:00+08:00,2026-07-26 15:00:00+08:00,1785045600000,SOL-USDT,1H,75.02,75.14,74.75,75.12,10840.86878,812129.15858268,812129.15858268,1
2026-07-26 15:00:00+08:00,2026-07-26 16:00:00+08:00,1785049200000,SOL-USDT,1H,75.13,75.15,74.85,74.88,6225.632988,467016.61193308,467016.61193308,1
2026-07-26 16:00:00+08:00,2026-07-26 17:00:00+08:00,1785052800000,SOL-USDT,1H,74.88,75.07,74.85,75,7402.978971,554853.15432657,554853.15432657,1
2026-07-26 17:00:00+08:00,2026-07-26 18:00:00+08:00,1785056400000,SOL-USDT,1H,74.99,75.28,74.99,75.07,11635.304856,874298.20522215,874298.20522215,1
2026-07-26 18:00:00+08:00,2026-07-26 19:00:00+08:00,1785060000000,SOL-USDT,1H,75.08,75.25,75.02,75.13,8049.39756,604787.19146162,604787.19146162,1
2026-07-26 19:00:00+08:00,2026-07-26 20:00:00+08:00,1785063600000,SOL-USDT,1H,75.12,75.18,74.9,74.94,9766.806921,732730.03832445,732730.03832445,1
2026-07-26 20:00:00+08:00,2026-07-26 21:00:00+08:00,1785067200000,SOL-USDT,1H,74.95,75.14,74.82,74.87,6951.953301,521086.06415525,521086.06415525,1
2026-07-26 21:00:00+08:00,2026-07-26 22:00:00+08:00,1785070800000,SOL-USDT,1H,74.86,74.98,74.77,74.94,8491.385112,635752.18988908,635752.18988908,1
2026-07-26 22:00:00+08:00,2026-07-26 23:00:00+08:00,1785074400000,SOL-USDT,1H,74.94,75.23,74.89,75.06,13141.869118,986129.94941115,986129.94941115,1
2026-07-26 23:00:00+08:00,2026-07-27 00:00:00+08:00,1785078000000,SOL-USDT,1H,75.06,75.5,74.96,75.5,16054.647443,1208479.81490332,1208479.81490332,1
2026-07-27 00:00:00+08:00,2026-07-27 01:00:00+08:00,1785081600000,SOL-USDT,1H,75.49,75.98,75.31,75.54,19409.809455,1468409.22509383,1468409.22509383,1
2026-07-27 01:00:00+08:00,2026-07-27 02:00:00+08:00,1785085200000,SOL-USDT,1H,75.54,75.6,75.3,75.38,8806.934958,664392.54999034,664392.54999034,1
2026-07-27 02:00:00+08:00,2026-07-27 03:00:00+08:00,1785088800000,SOL-USDT,1H,75.39,75.45,75.29,75.39,3419.118514,257682.60673944,257682.60673944,1
2026-07-27 03:00:00+08:00,2026-07-27 04:00:00+08:00,1785092400000,SOL-USDT,1H,75.4,75.45,75.25,75.35,3866.912764,291215.33866588,291215.33866588,1
2026-07-27 04:00:00+08:00,2026-07-27 05:00:00+08:00,1785096000000,SOL-USDT,1H,75.35,75.4,75.31,75.35,4322.252064,325762.87579452,325762.87579452,1
2026-07-27 05:00:00+08:00,2026-07-27 06:00:00+08:00,1785099600000,SOL-USDT,1H,75.35,75.76,75.33,75.65,12010.239627,907580.29220684,907580.29220684,1
2026-07-27 06:00:00+08:00,2026-07-27 07:00:00+08:00,1785103200000,SOL-USDT,1H,75.66,76.8,75.66,76.71,52270.18962,3989348.65199891,3989348.65199891,1
2026-07-27 07:00:00+08:00,2026-07-27 08:00:00+08:00,1785106800000,SOL-USDT,1H,76.72,77.1,76.52,76.77,39142.192007,3007075.26779631,3007075.26779631,1
2026-07-27 08:00:00+08:00,2026-07-27 09:00:00+08:00,1785110400000,SOL-USDT,1H,76.78,76.8,76.21,76.34,18218.565681,1393856.98112766,1393856.98112766,1
2026-07-27 09:00:00+08:00,2026-07-27 10:00:00+08:00,1785114000000,SOL-USDT,1H,76.35,76.53,76,76.53,18271.29955,1394032.74324789,1394032.74324789,1
2026-07-27 10:00:00+08:00,2026-07-27 11:00:00+08:00,1785117600000,SOL-USDT,1H,76.53,76.75,76.38,76.45,44021.493719,3371687.98358133,3371687.98358133,1
2026-07-27 11:00:00+08:00,2026-07-27 12:00:00+08:00,1785121200000,SOL-USDT,1H,76.46,76.56,76.34,76.43,11763.391331,899044.86718355,899044.86718355,1
2026-07-27 12:00:00+08:00,2026-07-27 13:00:00+08:00,1785124800000,SOL-USDT,1H,76.43,76.64,76.28,76.33,17151.648791,1310916.86476295,1310916.86476295,1
2026-07-27 13:00:00+08:00,2026-07-27 14:00:00+08:00,1785128400000,SOL-USDT,1H,76.33,76.66,76.28,76.57,11332.388027,866018.29121846,866018.29121846,1
2026-07-27 14:00:00+08:00,2026-07-27 15:00:00+08:00,1785132000000,SOL-USDT,1H,76.58,77.02,76.54,76.73,25142.648928,1931437.50768748,1931437.50768748,1
2026-07-27 15:00:00+08:00,2026-07-27 16:00:00+08:00,1785135600000,SOL-USDT,1H,76.73,76.76,76.4,76.48,17404.755082,1333237.4213937,1333237.4213937,1
2026-07-27 16:00:00+08:00,2026-07-27 17:00:00+08:00,1785139200000,SOL-USDT,1H,76.49,76.52,76.24,76.31,10614.441911,810649.89343625,810649.89343625,1
2026-07-27 17:00:00+08:00,2026-07-27 18:00:00+08:00,1785142800000,SOL-USDT,1H,76.3,76.57,76.13,76.49,17310.628708,1322070.71268166,1322070.71268166,1
2026-07-27 18:00:00+08:00,2026-07-27 19:00:00+08:00,1785146400000,SOL-USDT,1H,76.49,76.68,76.43,76.63,14591.194864,1116904.82505829,1116904.82505829,1
2026-07-27 19:00:00+08:00,2026-07-27 20:00:00+08:00,1785150000000,SOL-USDT,1H,76.63,76.69,76.5,76.53,8928.814408,683890.41018258,683890.41018258,1
2026-07-27 20:00:00+08:00,2026-07-27 21:00:00+08:00,1785153600000,SOL-USDT,1H,76.52,77.07,76.25,76.85,61194.046346,4694001.18790316,4694001.18790316,1
2026-07-27 21:00:00+08:00,2026-07-27 22:00:00+08:00,1785157200000,SOL-USDT,1H,76.86,77.52,76.46,76.91,73468.477322,5657264.97372987,5657264.97372987,1
2026-07-27 22:00:00+08:00,2026-07-27 23:00:00+08:00,1785160800000,SOL-USDT,1H,76.91,77.01,75.01,75.49,78924.786773,5982679.38273258,5982679.38273258,1
2026-07-27 23:00:00+08:00,2026-07-28 00:00:00+08:00,1785164400000,SOL-USDT,1H,75.48,75.62,75.1,75.28,22590.290213,1703553.92500104,1703553.92500104,1
2026-07-28 00:00:00+08:00,2026-07-28 01:00:00+08:00,1785168000000,SOL-USDT,1H,75.29,75.99,75.15,75.96,28612.801117,2163914.04989948,2163914.04989948,1
2026-07-28 01:00:00+08:00,2026-07-28 02:00:00+08:00,1785171600000,SOL-USDT,1H,75.96,76.26,75.81,75.91,24102.763502,1832426.49579192,1832426.49579192,1
2026-07-28 02:00:00+08:00,2026-07-28 03:00:00+08:00,1785175200000,SOL-USDT,1H,75.91,76,75.27,75.6,20758.723137,1567925.67161319,1567925.67161319,1
2026-07-28 03:00:00+08:00,2026-07-28 04:00:00+08:00,1785178800000,SOL-USDT,1H,75.61,76.05,75.5,75.99,21501.965378,1631241.20498306,1631241.20498306,1
2026-07-28 04:00:00+08:00,2026-07-28 05:00:00+08:00,1785182400000,SOL-USDT,1H,75.99,76.14,75.81,75.96,10807.148406,820768.39404899,820768.39404899,1
2026-07-28 05:00:00+08:00,2026-07-28 06:00:00+08:00,1785186000000,SOL-USDT,1H,75.97,75.99,75.51,75.6,7730.129155,585119.21248134,585119.21248134,1
2026-07-28 06:00:00+08:00,2026-07-28 07:00:00+08:00,1785189600000,SOL-USDT,1H,75.61,75.63,74.01,74.07,50985.242053,3813706.30453548,3813706.30453548,1
2026-07-28 07:00:00+08:00,2026-07-28 08:00:00+08:00,1785193200000,SOL-USDT,1H,74.06,74.42,73.75,74.22,38378.977469,2840949.08224443,2840949.08224443,1
2026-07-28 08:00:00+08:00,2026-07-28 09:00:00+08:00,1785196800000,SOL-USDT,1H,74.22,74.29,73.68,73.73,30723.571743,2271475.58878253,2271475.58878253,1
2026-07-28 09:00:00+08:00,2026-07-28 10:00:00+08:00,1785200400000,SOL-USDT,1H,73.73,73.75,72.85,73.21,64092.313264,4692269.34809095,4692269.34809095,1
2026-07-28 10:00:00+08:00,2026-07-28 11:00:00+08:00,1785204000000,SOL-USDT,1H,73.21,73.46,73.06,73.38,34570.556885,2533423.72993758,2533423.72993758,1
2026-07-28 11:00:00+08:00,2026-07-28 12:00:00+08:00,1785207600000,SOL-USDT,1H,73.38,73.41,73.18,73.29,16186.59565,1186135.78998912,1186135.78998912,1
2026-07-28 12:00:00+08:00,2026-07-28 13:00:00+08:00,1785211200000,SOL-USDT,1H,73.28,73.28,72.99,73.21,20247.348359,1480927.33079919,1480927.33079919,1
2026-07-28 13:00:00+08:00,2026-07-28 14:00:00+08:00,1785214800000,SOL-USDT,1H,73.21,73.53,73.2,73.26,16398.58782,1203226.8251991,1203226.8251991,1
2026-07-28 14:00:00+08:00,2026-07-28 15:00:00+08:00,1785218400000,SOL-USDT,1H,73.27,73.49,73.13,73.45,17517.936494,1284107.45439557,1284107.45439557,1
2026-07-28 15:00:00+08:00,2026-07-28 16:00:00+08:00,1785222000000,SOL-USDT,1H,73.45,73.5,73.13,73.27,17731.474658,1299606.12573564,1299606.12573564,1
2026-07-28 16:00:00+08:00,2026-07-28 17:00:00+08:00,1785225600000,SOL-USDT,1H,73.28,73.44,73.15,73.36,17812.993985,1305763.19280314,1305763.19280314,1
2026-07-28 17:00:00+08:00,2026-07-28 18:00:00+08:00,1785229200000,SOL-USDT,1H,73.37,73.51,73.2,73.25,14870.080071,1090816.73168694,1090816.73168694,1
2026-07-28 18:00:00+08:00,2026-07-28 19:00:00+08:00,1785232800000,SOL-USDT,1H,73.25,73.33,73.13,73.15,19478.678242,1426308.88267893,1426308.88267893,1
2026-07-28 19:00:00+08:00,2026-07-28 20:00:00+08:00,1785236400000,SOL-USDT,1H,73.15,73.34,72.88,73.19,28598.872059,2089968.01467973,2089968.01467973,1
2026-07-28 20:00:00+08:00,2026-07-28 21:00:00+08:00,1785240000000,SOL-USDT,1H,73.19,73.45,73.11,73.39,20010.029294,1466296.97792798,1466296.97792798,1
2026-07-28 21:00:00+08:00,2026-07-28 22:00:00+08:00,1785243600000,SOL-USDT,1H,73.38,73.44,72.34,72.71,64685.428235,4708966.31294256,4708966.31294256,1
2026-07-28 22:00:00+08:00,2026-07-28 23:00:00+08:00,1785247200000,SOL-USDT,1H,72.7,73.5,72.54,73.41,37259.979492,2721788.494366,2721788.494366,1
2026-07-28 23:00:00+08:00,2026-07-29 00:00:00+08:00,1785250800000,SOL-USDT,1H,73.42,74.57,73.3,74.34,43915.914747,3252970.91828641,3252970.91828641,1
2026-07-29 00:00:00+08:00,2026-07-29 01:00:00+08:00,1785254400000,SOL-USDT,1H,74.34,74.57,74.05,74.42,21908.739362,1626705.1328961,1626705.1328961,1
2026-07-29 01:00:00+08:00,2026-07-29 02:00:00+08:00,1785258000000,SOL-USDT,1H,74.42,74.43,73.55,73.82,21629.041107,1598002.13545057,1598002.13545057,1
2026-07-29 02:00:00+08:00,2026-07-29 03:00:00+08:00,1785261600000,SOL-USDT,1H,73.83,74.05,73.81,73.89,6717.006925,496370.26914761,496370.26914761,1
2026-07-29 03:00:00+08:00,2026-07-29 04:00:00+08:00,1785265200000,SOL-USDT,1H,73.89,74.39,73.83,74.32,10410.576981,772266.44146494,772266.44146494,1
2026-07-29 04:00:00+08:00,2026-07-29 05:00:00+08:00,1785268800000,SOL-USDT,1H,74.33,74.37,74.01,74.05,15503.783324,1150338.69493289,1150338.69493289,1
2026-07-29 05:00:00+08:00,2026-07-29 06:00:00+08:00,1785272400000,SOL-USDT,1H,74.05,74.39,74.01,74.14,8717.793812,646740.47302447,646740.47302447,1
2026-07-29 06:00:00+08:00,2026-07-29 07:00:00+08:00,1785276000000,SOL-USDT,1H,74.15,74.23,73.42,73.45,14600.022859,1078295.84940304,1078295.84940304,1
2026-07-29 07:00:00+08:00,2026-07-29 08:00:00+08:00,1785279600000,SOL-USDT,1H,73.45,73.85,73.17,73.82,19833.151128,1458217.67926049,1458217.67926049,1
2026-07-29 08:00:00+08:00,2026-07-29 09:00:00+08:00,1785283200000,SOL-USDT,1H,73.82,74.19,73.76,73.79,23000.630173,1701630.43833579,1701630.43833579,1
2026-07-29 09:00:00+08:00,2026-07-29 10:00:00+08:00,1785286800000,SOL-USDT,1H,73.79,73.79,73.23,73.26,16078.310964,1182708.01377951,1182708.01377951,1
2026-07-29 10:00:00+08:00,2026-07-29 11:00:00+08:00,1785290400000,SOL-USDT,1H,73.27,73.97,73.08,73.69,14985.933264,1102430.98034974,1102430.98034974,1
2026-07-29 11:00:00+08:00,2026-07-29 12:00:00+08:00,1785294000000,SOL-USDT,1H,73.7,73.75,73.01,73.07,16241.728841,1190290.07397902,1190290.07397902,1
2026-07-29 12:00:00+08:00,2026-07-29 13:00:00+08:00,1785297600000,SOL-USDT,1H,73.1,73.49,72.73,73.45,30495.388661,2228982.91966945,2228982.91966945,1
2026-07-29 13:00:00+08:00,2026-07-29 14:00:00+08:00,1785301200000,SOL-USDT,1H,73.45,73.79,73.33,73.68,21475.421288,1580221.22124184,1580221.22124184,1
2026-07-29 14:00:00+08:00,2026-07-29 15:00:00+08:00,1785304800000,SOL-USDT,1H,73.68,74.08,73.53,74.07,15452.878823,1141641.68814719,1141641.68814719,1
2026-07-29 15:00:00+08:00,2026-07-29 16:00:00+08:00,1785308400000,SOL-USDT,1H,74.08,74.28,73.98,74.25,14694.161848,1088626.67230993,1088626.67230993,1
2026-07-29 16:00:00+08:00,2026-07-29 17:00:00+08:00,1785312000000,SOL-USDT,1H,74.27,74.36,73.71,73.93,36191.348081,2679382.4381968,2679382.4381968,1
2026-07-29 17:00:00+08:00,2026-07-29 18:00:00+08:00,1785315600000,SOL-USDT,1H,73.93,74.32,73.91,74.12,14125.321429,1046386.85614346,1046386.85614346,1
2026-07-29 18:00:00+08:00,2026-07-29 19:00:00+08:00,1785319200000,SOL-USDT,1H,74.13,74.14,73.79,73.9,20024.728538,1482199.80410187,1482199.80410187,1
2026-07-29 19:00:00+08:00,2026-07-29 20:00:00+08:00,1785322800000,SOL-USDT,1H,73.91,74.1,73.83,73.96,6358.817588,470253.33746961,470253.33746961,1
2026-07-29 20:00:00+08:00,2026-07-29 21:00:00+08:00,1785326400000,SOL-USDT,1H,73.96,73.96,73.46,73.53,15837.573367,1166087.78637852,1166087.78637852,1
2026-07-29 21:00:00+08:00,2026-07-29 22:00:00+08:00,1785330000000,SOL-USDT,1H,73.53,73.77,73.33,73.72,18063.029095,1328713.72434319,1328713.72434319,1
2026-07-29 22:00:00+08:00,2026-07-29 23:00:00+08:00,1785333600000,SOL-USDT,1H,73.73,73.91,73.1,73.28,26461.330503,1942630.90892536,1942630.90892536,1
2026-07-29 23:00:00+08:00,2026-07-30 00:00:00+08:00,1785337200000,SOL-USDT,1H,73.27,73.46,72.98,73.13,27520.986338,2015200.44098436,2015200.44098436,1
2026-07-30 00:00:00+08:00,2026-07-30 01:00:00+08:00,1785340800000,SOL-USDT,1H,73.13,73.38,72.91,73.28,23153.57561,1692835.86610728,1692835.86610728,1
2026-07-30 01:00:00+08:00,2026-07-30 02:00:00+08:00,1785344400000,SOL-USDT,1H,73.29,73.95,73.18,73.95,28218.2641,2074287.86553863,2074287.86553863,1
2026-07-30 02:00:00+08:00,2026-07-30 03:00:00+08:00,1785348000000,SOL-USDT,1H,73.94,74.53,73.45,74.24,97632.677,7236737.25999654,7236737.25999654,1
2026-07-30 03:00:00+08:00,2026-07-30 04:00:00+08:00,1785351600000,SOL-USDT,1H,74.25,74.38,72.74,72.75,47974.263374,3519917.84337737,3519917.84337737,1
2026-07-30 04:00:00+08:00,2026-07-30 05:00:00+08:00,1785355200000,SOL-USDT,1H,72.77,73.2,72.44,72.66,40238.744089,2927761.6817017,2927761.6817017,1
2026-07-30 05:00:00+08:00,2026-07-30 06:00:00+08:00,1785358800000,SOL-USDT,1H,72.66,73.18,72.33,73.18,26696.040637,1942506.16155602,1942506.16155602,1
2026-07-30 06:00:00+08:00,2026-07-30 07:00:00+08:00,1785362400000,SOL-USDT,1H,73.19,73.8,73.19,73.65,32586.282456,2398500.55346495,2398500.55346495,1
2026-07-30 07:00:00+08:00,2026-07-30 08:00:00+08:00,1785366000000,SOL-USDT,1H,73.65,73.75,73.42,73.68,14738.729515,1084980.48521934,1084980.48521934,1
2026-07-30 08:00:00+08:00,2026-07-30 09:00:00+08:00,1785369600000,SOL-USDT,1H,73.69,73.87,73.15,73.29,12654.978407,930270.33761004,930270.33761004,1
2026-07-30 09:00:00+08:00,2026-07-30 10:00:00+08:00,1785373200000,SOL-USDT,1H,73.3,74.2,73.28,74.03,20383.798559,1504890.14391719,1504890.14391719,1
2026-07-30 10:00:00+08:00,2026-07-30 11:00:00+08:00,1785376800000,SOL-USDT,1H,74.03,74.15,73.82,73.84,8759.295757,648389.36030801,648389.36030801,1
2026-07-30 11:00:00+08:00,2026-07-30 12:00:00+08:00,1785380400000,SOL-USDT,1H,73.85,74.01,73.67,73.71,9128.078978,673999.82453779,673999.82453779,1
2026-07-30 12:00:00+08:00,2026-07-30 13:00:00+08:00,1785384000000,SOL-USDT,1H,73.72,73.75,73.51,73.53,9406.179277,692386.73748183,692386.73748183,1
2026-07-30 13:00:00+08:00,2026-07-30 14:00:00+08:00,1785387600000,SOL-USDT,1H,73.53,73.87,73.43,73.71,7651.155365,563477.52464863,563477.52464863,1
2026-07-30 14:00:00+08:00,2026-07-30 15:00:00+08:00,1785391200000,SOL-USDT,1H,73.71,73.76,73.48,73.52,12419.122226,914457.8997418,914457.8997418,1
2026-07-30 15:00:00+08:00,2026-07-30 16:00:00+08:00,1785394800000,SOL-USDT,1H,73.53,73.82,73.4,73.43,11563.936794,851677.13324937,851677.13324937,1
2026-07-30 16:00:00+08:00,2026-07-30 17:00:00+08:00,1785398400000,SOL-USDT,1H,73.43,73.84,73.31,73.81,24122.894053,1777244.08260379,1777244.08260379,1
2026-07-30 17:00:00+08:00,2026-07-30 18:00:00+08:00,1785402000000,SOL-USDT,1H,73.82,74.22,73.8,74.06,24722.514545,1830548.45142637,1830548.45142637,1
2026-07-30 18:00:00+08:00,2026-07-30 19:00:00+08:00,1785405600000,SOL-USDT,1H,74.07,74.23,73.83,73.91,26707.139379,1978839.03590525,1978839.03590525,1
2026-07-30 19:00:00+08:00,2026-07-30 20:00:00+08:00,1785409200000,SOL-USDT,1H,73.92,74.33,73.88,74.23,20757.871356,1537555.42561815,1537555.42561815,1
2026-07-30 20:00:00+08:00,2026-07-30 21:00:00+08:00,1785412800000,SOL-USDT,1H,74.24,74.49,74.08,74.41,34940.764041,2595517.43432182,2595517.43432182,1
2026-07-30 21:00:00+08:00,2026-07-30 22:00:00+08:00,1785416400000,SOL-USDT,1H,74.4,74.91,74.12,74.7,34017.192624,2535130.36160268,2535130.36160268,1
2026-07-30 22:00:00+08:00,2026-07-30 23:00:00+08:00,1785420000000,SOL-USDT,1H,74.67,74.78,74.3,74.64,29849.367438,2226866.11485369,2226866.11485369,1
2026-07-30 23:00:00+08:00,2026-07-31 00:00:00+08:00,1785423600000,SOL-USDT,1H,74.64,74.87,74.48,74.64,20769.064322,1549689.09227622,1549689.09227622,1
2026-07-31 00:00:00+08:00,2026-07-31 01:00:00+08:00,1785427200000,SOL-USDT,1H,74.65,74.85,74.47,74.6,19616.214867,1465295.16425249,1465295.16425249,1
2026-07-31 01:00:00+08:00,2026-07-31 02:00:00+08:00,1785430800000,SOL-USDT,1H,74.6,74.89,74.44,74.78,19158.928824,1429953.67072839,1429953.67072839,1
2026-07-31 02:00:00+08:00,2026-07-31 03:00:00+08:00,1785434400000,SOL-USDT,1H,74.78,74.99,74.5,74.52,9672.701412,723371.68243008,723371.68243008,1
2026-07-31 03:00:00+08:00,2026-07-31 04:00:00+08:00,1785438000000,SOL-USDT,1H,74.53,74.82,74.53,74.79,9373.87375,700153.8100895,700153.8100895,1
2026-07-31 04:00:00+08:00,2026-07-31 05:00:00+08:00,1785441600000,SOL-USDT,1H,74.78,74.91,74.45,74.49,14493.289435,1082465.79054057,1082465.79054057,1
2026-07-31 05:00:00+08:00,2026-07-31 06:00:00+08:00,1785445200000,SOL-USDT,1H,74.5,74.62,74.44,74.5,8600.39668,640934.38367548,640934.38367548,1
2026-07-31 06:00:00+08:00,2026-07-31 07:00:00+08:00,1785448800000,SOL-USDT,1H,74.49,74.89,74.41,74.76,10986.143488,821002.57096123,821002.57096123,1
2026-07-31 07:00:00+08:00,2026-07-31 08:00:00+08:00,1785452400000,SOL-USDT,1H,74.75,75,74.48,74.52,27018.90407,2019052.6261757,2019052.6261757,1
2026-07-31 08:00:00+08:00,2026-07-31 09:00:00+08:00,1785456000000,SOL-USDT,1H,74.52,74.66,74.44,74.49,14414.519743,1074231.47999407,1074231.47999407,1
2026-07-31 09:00:00+08:00,2026-07-31 10:00:00+08:00,1785459600000,SOL-USDT,1H,74.5,75.3,74.29,74.41,37106.340935,2778649.72195811,2778649.72195811,1
2026-07-31 10:00:00+08:00,2026-07-31 11:00:00+08:00,1785463200000,SOL-USDT,1H,74.4,74.56,74.09,74.17,16285.045848,1209312.0081036,1209312.0081036,1
2026-07-31 11:00:00+08:00,2026-07-31 12:00:00+08:00,1785466800000,SOL-USDT,1H,74.17,74.36,73.89,74.16,14884.504518,1103333.40728671,1103333.40728671,1
2026-07-31 12:00:00+08:00,2026-07-31 13:00:00+08:00,1785470400000,SOL-USDT,1H,74.15,74.16,73.74,73.84,16200.324436,1196906.4253238,1196906.4253238,1
2026-07-31 13:00:00+08:00,2026-07-31 14:00:00+08:00,1785474000000,SOL-USDT,1H,73.84,74.33,73.83,74.23,24533.986667,1818711.200897,1818711.200897,1
2026-07-31 14:00:00+08:00,2026-07-31 15:00:00+08:00,1785477600000,SOL-USDT,1H,74.25,74.53,74.01,74.1,14737.613959,1094794.26186642,1094794.26186642,1
2026-07-31 15:00:00+08:00,2026-07-31 16:00:00+08:00,1785481200000,SOL-USDT,1H,74.09,74.09,73.52,73.69,20722.513291,1528512.87465217,1528512.87465217,1
2026-07-31 16:00:00+08:00,2026-07-31 17:00:00+08:00,1785484800000,SOL-USDT,1H,73.69,73.81,73.54,73.66,14699.888176,1083119.74801247,1083119.74801247,1
2026-07-31 17:00:00+08:00,2026-07-31 18:00:00+08:00,1785488400000,SOL-USDT,1H,73.67,73.72,73.4,73.49,16698.562879,1227962.40137112,1227962.40137112,1
2026-07-31 18:00:00+08:00,2026-07-31 19:00:00+08:00,1785492000000,SOL-USDT,1H,73.49,73.66,73.3,73.57,17295.761682,1272073.5025868,1272073.5025868,1
2026-07-31 19:00:00+08:00,2026-07-31 20:00:00+08:00,1785495600000,SOL-USDT,1H,73.58,73.73,73.48,73.58,9685.52997,712918.24324686,712918.24324686,1
2026-07-31 20:00:00+08:00,2026-07-31 21:00:00+08:00,1785499200000,SOL-USDT,1H,73.58,73.65,73.38,73.63,13949.070212,1025631.35310437,1025631.35310437,1
2026-07-31 21:00:00+08:00,2026-07-31 22:00:00+08:00,1785502800000,SOL-USDT,1H,73.64,73.82,73.17,73.29,18530.317173,1362426.67466924,1362426.67466924,1
2026-07-31 22:00:00+08:00,2026-07-31 23:00:00+08:00,1785506400000,SOL-USDT,1H,73.3,73.7,72.8,73.03,73745.666613,5397433.60534527,5397433.60534527,1
2026-07-31 23:00:00+08:00,2026-08-01 00:00:00+08:00,1785510000000,SOL-USDT,1H,73.05,73.22,72.89,73.11,17757.129167,1297067.37868943,1297067.37868943,1
2026-08-01 00:00:00+08:00,2026-08-01 01:00:00+08:00,1785513600000,SOL-USDT,1H,73.11,73.36,72.98,73.3,16894.928226,1236048.70261071,1236048.70261071,1
2026-08-01 01:00:00+08:00,2026-08-01 02:00:00+08:00,1785517200000,SOL-USDT,1H,73.3,73.44,73.18,73.37,17086.805191,1252900.73315879,1252900.73315879,1
2026-08-01 02:00:00+08:00,2026-08-01 03:00:00+08:00,1785520800000,SOL-USDT,1H,73.37,73.48,72.96,73.12,13364.12079,979062.93544611,979062.93544611,1
2026-08-01 03:00:00+08:00,2026-08-01 04:00:00+08:00,1785524400000,SOL-USDT,1H,73.11,73.3,72.92,73.08,17044.25361,1246773.17934071,1246773.17934071,1
2026-08-01 04:00:00+08:00,2026-08-01 05:00:00+08:00,1785528000000,SOL-USDT,1H,73.09,73.23,72.95,72.97,17479.774169,1276927.26476061,1276927.26476061,1
2026-08-01 05:00:00+08:00,2026-08-01 06:00:00+08:00,1785531600000,SOL-USDT,1H,72.97,73.11,72.56,72.73,19629.69408,1430263.04464747,1430263.04464747,1
2026-08-01 06:00:00+08:00,2026-08-01 07:00:00+08:00,1785535200000,SOL-USDT,1H,72.74,72.95,72.68,72.85,8023.473956,584486.30577372,584486.30577372,1
2026-08-01 07:00:00+08:00,2026-08-01 08:00:00+08:00,1785538800000,SOL-USDT,1H,72.86,72.97,72.8,72.87,8481.921054,618334.06362423,618334.06362423,1
2026-08-01 08:00:00+08:00,2026-08-01 09:00:00+08:00,1785542400000,SOL-USDT,1H,72.88,73.16,72.88,73.02,11933.71435,871255.25588169,871255.25588169,1
2026-08-01 09:00:00+08:00,2026-08-01 10:00:00+08:00,1785546000000,SOL-USDT,1H,73.02,73.15,72.99,73.03,5913.705402,432104.65746981,432104.65746981,1
2026-08-01 10:00:00+08:00,2026-08-01 11:00:00+08:00,1785549600000,SOL-USDT,1H,73.04,73.17,73.01,73.09,7254.323123,530277.75796973,530277.75796973,1
2026-08-01 11:00:00+08:00,2026-08-01 12:00:00+08:00,1785553200000,SOL-USDT,1H,73.09,73.11,72.88,73.04,14220.055272,1037528.0587515,1037528.0587515,1
2026-08-01 12:00:00+08:00,2026-08-01 13:00:00+08:00,1785556800000,SOL-USDT,1H,73.04,73.22,73.03,73.18,5089.179474,372094.43286555,372094.43286555,1
2026-08-01 13:00:00+08:00,2026-08-01 14:00:00+08:00,1785560400000,SOL-USDT,1H,73.18,73.21,72.88,72.96,7044.358303,514706.60535104,514706.60535104,1
2026-08-01 14:00:00+08:00,2026-08-01 15:00:00+08:00,1785564000000,SOL-USDT,1H,72.96,73.04,72.9,73,3969.838706,289746.19825454,289746.19825454,1
2026-08-01 15:00:00+08:00,2026-08-01 16:00:00+08:00,1785567600000,SOL-USDT,1H,73.01,73.11,72.93,72.98,6293.052392,459461.7110255,459461.7110255,1
2026-08-01 16:00:00+08:00,2026-08-01 17:00:00+08:00,1785571200000,SOL-USDT,1H,72.99,73.08,72.96,73.05,4038.045538,294867.01338636,294867.01338636,1
2026-08-01 17:00:00+08:00,2026-08-01 18:00:00+08:00,1785574800000,SOL-USDT,1H,73.05,73.09,72.84,72.85,5638.404392,411471.29434126,411471.29434126,1
2026-08-01 18:00:00+08:00,2026-08-01 19:00:00+08:00,1785578400000,SOL-USDT,1H,72.85,72.9,72.67,72.85,6533.069864,475661.50039574,475661.50039574,1
2026-08-01 19:00:00+08:00,2026-08-01 20:00:00+08:00,1785582000000,SOL-USDT,1H,72.86,72.92,72.8,72.9,4887.470533,356171.34722173,356171.34722173,1
2026-08-01 20:00:00+08:00,2026-08-01 21:00:00+08:00,1785585600000,SOL-USDT,1H,72.91,72.96,72.88,72.95,2838.87112,207015.65696064,207015.65696064,1
2026-08-01 21:00:00+08:00,2026-08-01 22:00:00+08:00,1785589200000,SOL-USDT,1H,72.95,73.01,72.91,72.99,4543.743272,331535.48698267,331535.48698267,1
2026-08-01 22:00:00+08:00,2026-08-01 23:00:00+08:00,1785592800000,SOL-USDT,1H,72.99,73.05,72.88,73.03,6141.862517,448224.5014949,448224.5014949,1
2026-08-01 23:00:00+08:00,2026-08-02 00:00:00+08:00,1785596400000,SOL-USDT,1H,73.03,73.04,72.73,72.79,8218.28258,598735.04921349,598735.04921349,1
2026-08-02 00:00:00+08:00,2026-08-02 01:00:00+08:00,1785600000000,SOL-USDT,1H,72.8,72.95,72.48,72.71,18125.403337,1317980.14294518,1317980.14294518,1
2026-08-02 01:00:00+08:00,2026-08-02 02:00:00+08:00,1785603600000,SOL-USDT,1H,72.7,72.79,71.63,71.93,66267.66841,4774440.36849629,4774440.36849629,1
2026-08-02 02:00:00+08:00,2026-08-02 03:00:00+08:00,1785607200000,SOL-USDT,1H,71.92,71.98,70.58,71.09,71568.455879,5097826.37241392,5097826.37241392,1
2026-08-02 03:00:00+08:00,2026-08-02 04:00:00+08:00,1785610800000,SOL-USDT,1H,71.08,71.37,71.06,71.27,15748.955048,1122216.12791722,1122216.12791722,1
2026-08-02 04:00:00+08:00,2026-08-02 05:00:00+08:00,1785614400000,SOL-USDT,1H,71.27,71.57,71.22,71.57,15399.076309,1099620.49483136,1099620.49483136,1
2026-08-02 05:00:00+08:00,2026-08-02 06:00:00+08:00,1785618000000,SOL-USDT,1H,71.57,71.86,71.56,71.85,18270.852735,1310394.73184545,1310394.73184545,1
2026-08-02 06:00:00+08:00,2026-08-02 07:00:00+08:00,1785621600000,SOL-USDT,1H,71.86,72.01,71.86,71.92,8429.828065,606508.2657956,606508.2657956,1
2026-08-02 07:00:00+08:00,2026-08-02 08:00:00+08:00,1785625200000,SOL-USDT,1H,71.92,72.09,71.82,71.94,8331.520725,599383.59066519,599383.59066519,1
2026-08-02 08:00:00+08:00,2026-08-02 09:00:00+08:00,1785628800000,SOL-USDT,1H,71.95,72.15,71.93,72.11,6607.292052,476049.94563333,476049.94563333,1
2026-08-02 09:00:00+08:00,2026-08-02 10:00:00+08:00,1785632400000,SOL-USDT,1H,72.11,72.75,72.1,72.65,26854.464644,1946435.84425746,1946435.84425746,1
2026-08-02 10:00:00+08:00,2026-08-02 11:00:00+08:00,1785636000000,SOL-USDT,1H,72.66,73.4,72.58,73.14,41190.114402,3009676.97813142,3009676.97813142,1
2026-08-02 11:00:00+08:00,2026-08-02 12:00:00+08:00,1785639600000,SOL-USDT,1H,73.14,73.24,73.08,73.19,12531.882574,916750.81228049,916750.81228049,1
2026-08-02 12:00:00+08:00,2026-08-02 13:00:00+08:00,1785643200000,SOL-USDT,1H,73.2,73.55,73.2,73.53,15908.768386,1167235.00494282,1167235.00494282,1
2026-08-02 13:00:00+08:00,2026-08-02 14:00:00+08:00,1785646800000,SOL-USDT,1H,73.52,73.67,73.47,73.59,14111.791309,1037879.23331996,1037879.23331996,1
2026-08-02 14:00:00+08:00,2026-08-02 15:00:00+08:00,1785650400000,SOL-USDT,1H,73.6,73.65,73.43,73.45,12273.062232,902455.0602023,902455.0602023,1
2026-08-02 15:00:00+08:00,2026-08-02 16:00:00+08:00,1785654000000,SOL-USDT,1H,73.44,73.51,73.4,73.48,13941.303897,1024039.26786307,1024039.26786307,1
2026-08-02 16:00:00+08:00,2026-08-02 17:00:00+08:00,1785657600000,SOL-USDT,1H,73.48,73.55,73.17,73.2,22476.579762,1649145.62938697,1649145.62938697,1
2026-08-02 17:00:00+08:00,2026-08-02 18:00:00+08:00,1785661200000,SOL-USDT,1H,73.2,73.44,72.97,73.39,17661.35734,1293241.76478768,1293241.76478768,1
2026-08-02 18:00:00+08:00,2026-08-02 19:00:00+08:00,1785664800000,SOL-USDT,1H,73.39,73.39,73.16,73.28,16259.656984,1191430.91975703,1191430.91975703,1
2026-08-02 19:00:00+08:00,2026-08-02 20:00:00+08:00,1785668400000,SOL-USDT,1H,73.28,73.31,72.95,73,10486.45352,767115.93769443,767115.93769443,1
2026-08-02 20:00:00+08:00,2026-08-02 21:00:00+08:00,1785672000000,SOL-USDT,1H,73.01,73.24,72.9,72.91,12398.103687,906027.72802085,906027.72802085,1
2026-08-02 21:00:00+08:00,2026-08-02 22:00:00+08:00,1785675600000,SOL-USDT,1H,72.91,73.03,72.71,72.97,12473.687309,909061.78032806,909061.78032806,1
2026-08-02 22:00:00+08:00,2026-08-02 23:00:00+08:00,1785679200000,SOL-USDT,1H,72.98,73.24,72.93,73.11,6214.275359,454278.62490197,454278.62490197,1
2026-08-02 23:00:00+08:00,2026-08-03 00:00:00+08:00,1785682800000,SOL-USDT,1H,73.11,73.22,73.01,73.03,6117.128483,447274.84754957,447274.84754957,1
2026-08-03 00:00:00+08:00,2026-08-03 01:00:00+08:00,1785686400000,SOL-USDT,1H,73.04,73.31,72.93,73.16,9659.905742,706113.8125831,706113.8125831,1
2026-08-03 01:00:00+08:00,2026-08-03 02:00:00+08:00,1785690000000,SOL-USDT,1H,73.16,73.4,73.1,73.32,5895.036801,432170.77658785,432170.77658785,1
2026-08-03 02:00:00+08:00,2026-08-03 03:00:00+08:00,1785693600000,SOL-USDT,1H,73.32,73.87,73.25,73.57,14835.580593,1091802.1471177,1091802.1471177,1
2026-08-03 03:00:00+08:00,2026-08-03 04:00:00+08:00,1785697200000,SOL-USDT,1H,73.58,73.79,73.53,73.73,7188.681053,529392.27516734,529392.27516734,1
2026-08-03 04:00:00+08:00,2026-08-03 05:00:00+08:00,1785700800000,SOL-USDT,1H,73.73,73.75,73.57,73.69,5039.342,371219.40533102,371219.40533102,1
2026-08-03 05:00:00+08:00,2026-08-03 06:00:00+08:00,1785704400000,SOL-USDT,1H,73.7,74.35,73.68,74,23868.780189,1764459.11510115,1764459.11510115,1
2026-08-03 06:00:00+08:00,2026-08-03 07:00:00+08:00,1785708000000,SOL-USDT,1H,74,74.22,73.65,73.66,15191.982501,1122925.7871536,1122925.7871536,1
2026-08-03 07:00:00+08:00,2026-08-03 08:00:00+08:00,1785711600000,SOL-USDT,1H,73.65,73.67,73.47,73.64,7872.867647,579260.88523252,579260.88523252,1
2026-08-03 08:00:00+08:00,2026-08-03 09:00:00+08:00,1785715200000,SOL-USDT,1H,73.64,73.67,73.18,73.24,9089.833583,667275.9490861,667275.9490861,1
2026-08-03 09:00:00+08:00,2026-08-03 10:00:00+08:00,1785718800000,SOL-USDT,1H,73.24,73.26,72.95,73,10396.333277,759661.49873175,759661.49873175,1
2026-08-03 10:00:00+08:00,2026-08-03 11:00:00+08:00,1785722400000,SOL-USDT,1H,73,73.27,72.92,73.05,21538.139833,1574721.52437158,1574721.52437158,1
2026-08-03 11:00:00+08:00,2026-08-03 12:00:00+08:00,1785726000000,SOL-USDT,1H,73.04,73.13,72.7,72.91,9044.36283,659616.99450712,659616.99450712,1
2026-08-03 12:00:00+08:00,2026-08-03 13:00:00+08:00,1785729600000,SOL-USDT,1H,72.91,73.08,72.85,72.86,7145.574648,521433.57071135,521433.57071135,1
2026-08-03 13:00:00+08:00,2026-08-03 14:00:00+08:00,1785733200000,SOL-USDT,1H,72.86,73.07,72.83,72.93,9769.323004,712615.63088625,712615.63088625,1
2026-08-03 14:00:00+08:00,2026-08-03 15:00:00+08:00,1785736800000,SOL-USDT,1H,72.93,72.99,72.53,72.61,9333.719664,678758.30749399,678758.30749399,1
2026-08-03 15:00:00+08:00,2026-08-03 16:00:00+08:00,1785740400000,SOL-USDT,1H,72.62,72.7,72.44,72.54,14432.806966,1047243.59573627,1047243.59573627,1
2026-08-03 16:00:00+08:00,2026-08-03 17:00:00+08:00,1785744000000,SOL-USDT,1H,72.53,72.58,72,72.37,26159.363058,1889606.23098138,1889606.23098138,1
2026-08-03 17:00:00+08:00,2026-08-03 18:00:00+08:00,1785747600000,SOL-USDT,1H,72.38,72.8,72.34,72.75,16435.728882,1191698.02769881,1191698.02769881,1
2026-08-03 18:00:00+08:00,2026-08-03 19:00:00+08:00,1785751200000,SOL-USDT,1H,72.74,72.81,72.52,72.63,9601.841281,697654.53963942,697654.53963942,1
2026-08-03 19:00:00+08:00,2026-08-03 20:00:00+08:00,1785754800000,SOL-USDT,1H,72.63,72.66,72.4,72.46,8397.258202,608934.66332582,608934.66332582,1
2026-08-03 20:00:00+08:00,2026-08-03 21:00:00+08:00,1785758400000,SOL-USDT,1H,72.46,72.57,72.34,72.43,9928.583368,719427.08214519,719427.08214519,1
2026-08-03 21:00:00+08:00,2026-08-03 22:00:00+08:00,1785762000000,SOL-USDT,1H,72.43,73.29,72.33,73.28,29704.356029,2161945.73436897,2161945.73436897,1
2026-08-03 22:00:00+08:00,2026-08-03 23:00:00+08:00,1785765600000,SOL-USDT,1H,73.27,73.81,73.03,73.79,39570.022823,2907188.20983276,2907188.20983276,1
2026-08-03 23:00:00+08:00,2026-08-04 00:00:00+08:00,1785769200000,SOL-USDT,1H,73.79,73.83,73.47,73.62,26624.088225,1960019.31429337,1960019.31429337,1
2026-08-04 00:00:00+08:00,2026-08-04 01:00:00+08:00,1785772800000,SOL-USDT,1H,73.62,73.82,73.23,73.43,21898.736358,1610305.61884339,1610305.61884339,1
2026-08-04 01:00:00+08:00,2026-08-04 02:00:00+08:00,1785776400000,SOL-USDT,1H,73.43,73.86,73.32,73.7,19476.272147,1434390.6657833,1434390.6657833,1
2026-08-04 02:00:00+08:00,2026-08-04 03:00:00+08:00,1785780000000,SOL-USDT,1H,73.7,74.3,73.7,73.99,38670.659628,2861624.22562262,2861624.22562262,1
2026-08-04 03:00:00+08:00,2026-08-04 04:00:00+08:00,1785783600000,SOL-USDT,1H,73.99,74.2,73.96,74.04,12252.930095,907506.79693719,907506.79693719,1
2026-08-04 04:00:00+08:00,2026-08-04 05:00:00+08:00,1785787200000,SOL-USDT,1H,74.04,74.15,73.78,73.86,13179.824214,975155.73797107,975155.73797107,1
2026-08-04 05:00:00+08:00,2026-08-04 06:00:00+08:00,1785790800000,SOL-USDT,1H,73.86,73.89,73.67,73.72,5360.06941,395469.5946223,395469.5946223,1
2026-08-04 06:00:00+08:00,2026-08-04 07:00:00+08:00,1785794400000,SOL-USDT,1H,73.72,73.74,73.38,73.54,6356.6566,467401.72065152,467401.72065152,1
2026-08-04 07:00:00+08:00,2026-08-04 08:00:00+08:00,1785798000000,SOL-USDT,1H,73.55,73.57,73.4,73.57,5780.141496,424641.12874276,424641.12874276,1
2026-08-04 08:00:00+08:00,2026-08-04 09:00:00+08:00,1785801600000,SOL-USDT,1H,73.57,73.64,73.05,73.08,13148.176132,963939.64610355,963939.64610355,1
2026-08-04 09:00:00+08:00,2026-08-04 10:00:00+08:00,1785805200000,SOL-USDT,1H,73.09,73.79,73.05,73.79,15138.920495,1113386.0774897,1113386.0774897,1
2026-08-04 10:00:00+08:00,2026-08-04 11:00:00+08:00,1785808800000,SOL-USDT,1H,73.8,74.13,73.69,73.88,13062.074205,965547.22820034,965547.22820034,1
2026-08-04 11:00:00+08:00,2026-08-04 12:00:00+08:00,1785812400000,SOL-USDT,1H,73.89,73.91,73.44,73.7,18321.041815,1348500.1413271,1348500.1413271,1
2026-08-04 12:00:00+08:00,2026-08-04 13:00:00+08:00,1785816000000,SOL-USDT,1H,73.7,74.1,73.6,73.84,21195.898505,1566014.7683705,1566014.7683705,1
2026-08-04 13:00:00+08:00,2026-08-04 14:00:00+08:00,1785819600000,SOL-USDT,1H,73.84,73.89,73.71,73.74,7065.876344,521399.31205514,521399.31205514,1
2026-08-04 14:00:00+08:00,2026-08-04 15:00:00+08:00,1785823200000,SOL-USDT,1H,73.75,73.93,73.4,73.43,17553.002873,1293080.60304029,1293080.60304029,1
2026-08-04 15:00:00+08:00,2026-08-04 16:00:00+08:00,1785826800000,SOL-USDT,1H,73.44,73.75,73.21,73.69,18622.868591,1368575.36586195,1368575.36586195,1
2026-08-04 16:00:00+08:00,2026-08-04 17:00:00+08:00,1785830400000,SOL-USDT,1H,73.7,73.77,73.3,73.37,10634.000837,781644.05122428,781644.05122428,1
2026-08-04 17:00:00+08:00,2026-08-04 18:00:00+08:00,1785834000000,SOL-USDT,1H,73.37,73.37,73.17,73.31,7882.088588,577444.05951442,577444.05951442,1
2026-08-04 18:00:00+08:00,2026-08-04 19:00:00+08:00,1785837600000,SOL-USDT,1H,73.31,73.72,73.09,73.61,14890.382864,1092985.7555671,1092985.7555671,1
2026-08-04 19:00:00+08:00,2026-08-04 20:00:00+08:00,1785841200000,SOL-USDT,1H,73.62,73.99,73.54,73.95,18587.973789,1371569.16223792,1371569.16223792,1
2026-08-04 20:00:00+08:00,2026-08-04 21:00:00+08:00,1785844800000,SOL-USDT,1H,73.95,74.09,73.76,73.82,13929.09187,1029579.15131464,1029579.15131464,1
2026-08-04 21:00:00+08:00,2026-08-04 22:00:00+08:00,1785848400000,SOL-USDT,1H,73.83,74.06,73.6,73.63,25343.647007,1872217.986543,1872217.986543,1
2026-08-04 22:00:00+08:00,2026-08-04 23:00:00+08:00,1785852000000,SOL-USDT,1H,73.65,73.92,73.34,73.84,32128.400377,2365620.30351609,2365620.30351609,1
2026-08-04 23:00:00+08:00,2026-08-05 00:00:00+08:00,1785855600000,SOL-USDT,1H,73.84,74.21,73.42,73.99,27907.415325,2061212.64339054,2061212.64339054,1
2026-08-05 00:00:00+08:00,2026-08-05 01:00:00+08:00,1785859200000,SOL-USDT,1H,74,74.02,73.61,73.74,15724.483201,1161294.04253723,1161294.04253723,1
2026-08-05 01:00:00+08:00,2026-08-05 02:00:00+08:00,1785862800000,SOL-USDT,1H,73.75,74.24,73.72,73.78,15802.761513,1169413.71126609,1169413.71126609,1
2026-08-05 02:00:00+08:00,2026-08-05 03:00:00+08:00,1785866400000,SOL-USDT,1H,73.78,74.39,73.78,74.17,25783.009888,1913735.52866456,1913735.52866456,1
2026-08-05 03:00:00+08:00,2026-08-05 04:00:00+08:00,1785870000000,SOL-USDT,1H,74.17,74.4,74.12,74.19,15270.812783,1133650.34412627,1133650.34412627,1
2026-08-05 04:00:00+08:00,2026-08-05 05:00:00+08:00,1785873600000,SOL-USDT,1H,74.21,74.47,73.89,74.28,24355.015191,1807370.69737951,1807370.69737951,1
2026-08-05 05:00:00+08:00,2026-08-05 06:00:00+08:00,1785877200000,SOL-USDT,1H,74.28,74.29,74.03,74.14,18346.745064,1361325.04830544,1361325.04830544,1
2026-08-05 06:00:00+08:00,2026-08-05 07:00:00+08:00,1785880800000,SOL-USDT,1H,74.15,74.23,73.98,74.1,4090.725329,303232.73494825,303232.73494825,1
2026-08-05 07:00:00+08:00,2026-08-05 08:00:00+08:00,1785884400000,SOL-USDT,1H,74.11,74.29,73.75,73.76,14566.097775,1077460.05419894,1077460.05419894,1
2026-08-05 08:00:00+08:00,2026-08-05 09:00:00+08:00,1785888000000,SOL-USDT,1H,73.75,73.81,73.48,73.53,11053.428436,814005.10694347,814005.10694347,1
2026-08-05 09:00:00+08:00,2026-08-05 10:00:00+08:00,1785891600000,SOL-USDT,1H,73.52,74.12,73.4,74.11,12922.973528,953845.02295572,953845.02295572,1
2026-08-05 10:00:00+08:00,2026-08-05 11:00:00+08:00,1785895200000,SOL-USDT,1H,74.12,74.49,74.07,74.22,27019.601073,2006377.16291856,2006377.16291856,1
2026-08-05 11:00:00+08:00,2026-08-05 12:00:00+08:00,1785898800000,SOL-USDT,1H,74.21,74.3,73.72,73.8,19095.992547,1411732.36491483,1411732.36491483,1
2026-08-05 12:00:00+08:00,2026-08-05 13:00:00+08:00,1785902400000,SOL-USDT,1H,73.8,73.87,73.63,73.81,7710.028953,568574.47215623,568574.47215623,1
2026-08-05 13:00:00+08:00,2026-08-05 14:00:00+08:00,1785906000000,SOL-USDT,1H,73.81,74.29,73.76,74.15,23452.039934,1737135.93009072,1737135.93009072,1
2026-08-05 14:00:00+08:00,2026-08-05 15:00:00+08:00,1785909600000,SOL-USDT,1H,74.15,74.25,73.98,74,8270.693289,612872.96698142,612872.96698142,1
2026-08-05 15:00:00+08:00,2026-08-05 16:00:00+08:00,1785913200000,SOL-USDT,1H,74,74.04,73.69,73.99,18641.510413,1376548.96223398,1376548.96223398,1
2026-08-05 16:00:00+08:00,2026-08-05 17:00:00+08:00,1785916800000,SOL-USDT,1H,73.99,74.16,73.96,74.08,11751.412951,870312.62597376,870312.62597376,1
2026-08-05 17:00:00+08:00,2026-08-05 18:00:00+08:00,1785920400000,SOL-USDT,1H,74.08,74.2,74.01,74.03,9879.128248,732239.49681891,732239.49681891,1
2026-08-05 18:00:00+08:00,2026-08-05 19:00:00+08:00,1785924000000,SOL-USDT,1H,74.03,74.14,73.79,73.86,5860.191444,433457.64380297,433457.64380297,1
2026-08-05 19:00:00+08:00,2026-08-05 20:00:00+08:00,1785927600000,SOL-USDT,1H,73.86,74,73.74,73.78,7523.905643,555639.05714833,555639.05714833,1
2026-08-05 20:00:00+08:00,2026-08-05 21:00:00+08:00,1785931200000,SOL-USDT,1H,73.78,74.39,73.73,74.08,28588.260943,2119084.44371778,2119084.44371778,1
2026-08-05 21:00:00+08:00,2026-08-05 22:00:00+08:00,1785934800000,SOL-USDT,1H,74.08,74.11,73.27,73.99,43880.105465,3233313.90319086,3233313.90319086,1
2026-08-05 22:00:00+08:00,2026-08-05 23:00:00+08:00,1785938400000,SOL-USDT,1H,73.98,74.15,73.62,73.96,37040.626122,2736670.15341194,2736670.15341194,1
2026-08-05 23:00:00+08:00,2026-08-06 00:00:00+08:00,1785942000000,SOL-USDT,1H,73.96,74.31,73.84,73.96,25449.827584,1885328.25290733,1885328.25290733,1
2026-08-06 00:00:00+08:00,2026-08-06 01:00:00+08:00,1785945600000,SOL-USDT,1H,73.96,74.44,73.95,74.28,16420.251884,1219736.33734854,1219736.33734854,1
2026-08-06 01:00:00+08:00,2026-08-06 02:00:00+08:00,1785949200000,SOL-USDT,1H,74.29,74.66,74.14,74.56,14662.225296,1091443.11560388,1091443.11560388,1
2026-08-06 02:00:00+08:00,2026-08-06 03:00:00+08:00,1785952800000,SOL-USDT,1H,74.56,74.83,74.42,74.53,16364.695309,1221108.41859546,1221108.41859546,1
2026-08-06 03:00:00+08:00,2026-08-06 04:00:00+08:00,1785956400000,SOL-USDT,1H,74.53,74.64,74.42,74.48,8233.703959,613534.51806324,613534.51806324,1
2026-08-06 04:00:00+08:00,2026-08-06 05:00:00+08:00,1785960000000,SOL-USDT,1H,74.48,74.59,74.3,74.39,20197.847039,1503636.02710644,1503636.02710644,1
2026-08-06 05:00:00+08:00,2026-08-06 06:00:00+08:00,1785963600000,SOL-USDT,1H,74.39,74.39,74.08,74.14,8608.448279,638673.27172816,638673.27172816,1
2026-08-06 06:00:00+08:00,2026-08-06 07:00:00+08:00,1785967200000,SOL-USDT,1H,74.14,74.2,74,74.02,5894.167648,436655.69481311,436655.69481311,1
2026-08-06 07:00:00+08:00,2026-08-06 08:00:00+08:00,1785970800000,SOL-USDT,1H,74.02,74.12,73.86,74.04,12675.314061,938064.67712676,938064.67712676,1
2026-08-06 08:00:00+08:00,2026-08-06 09:00:00+08:00,1785974400000,SOL-USDT,1H,74.05,74.27,74.03,74.08,9279.613933,687903.45561916,687903.45561916,1
2026-08-06 09:00:00+08:00,2026-08-06 10:00:00+08:00,1785978000000,SOL-USDT,1H,74.08,74.12,73.73,73.77,19937.961243,1472855.9192515,1472855.9192515,1
2026-08-06 10:00:00+08:00,2026-08-06 11:00:00+08:00,1785981600000,SOL-USDT,1H,73.77,73.79,73.4,73.56,28804.654203,2119034.84292949,2119034.84292949,1
2026-08-06 11:00:00+08:00,2026-08-06 12:00:00+08:00,1785985200000,SOL-USDT,1H,73.56,73.61,73.45,73.49,15615.153721,1148164.98328168,1148164.98328168,1
2026-08-06 12:00:00+08:00,2026-08-06 13:00:00+08:00,1785988800000,SOL-USDT,1H,73.5,73.88,73.41,73.88,13617.131977,1003244.55622512,1003244.55622512,1
2026-08-06 13:00:00+08:00,2026-08-06 14:00:00+08:00,1785992400000,SOL-USDT,1H,73.89,74.35,73.87,74.24,17804.379074,1320527.37018816,1320527.37018816,1
2026-08-06 14:00:00+08:00,2026-08-06 15:00:00+08:00,1785996000000,SOL-USDT,1H,74.24,74.25,73.96,74.05,7775.148922,575975.63956675,575975.63956675,1
2026-08-06 15:00:00+08:00,2026-08-06 16:00:00+08:00,1785999600000,SOL-USDT,1H,74.05,74.13,73.87,73.89,11115.033182,822543.91299238,822543.91299238,1
2026-08-06 16:00:00+08:00,2026-08-06 17:00:00+08:00,1786003200000,SOL-USDT,1H,73.89,74.1,73.7,74,22578.766214,1666658.68159275,1666658.68159275,1
2026-08-06 17:00:00+08:00,2026-08-06 18:00:00+08:00,1786006800000,SOL-USDT,1H,74,74,73.2,73.31,43668.929242,3208221.86269556,3208221.86269556,1
2026-08-06 18:00:00+08:00,2026-08-06 19:00:00+08:00,1786010400000,SOL-USDT,1H,73.31,73.44,73.17,73.32,18604.42152,1363890.50606943,1363890.50606943,1
2026-08-06 19:00:00+08:00,2026-08-06 20:00:00+08:00,1786014000000,SOL-USDT,1H,73.33,73.57,73.19,73.46,6106.775758,448145.74124493,448145.74124493,1
2026-08-06 20:00:00+08:00,2026-08-06 21:00:00+08:00,1786017600000,SOL-USDT,1H,73.47,73.48,73.14,73.15,8678.25627,636227.12915237,636227.12915237,1
2026-08-06 21:00:00+08:00,2026-08-06 22:00:00+08:00,1786021200000,SOL-USDT,1H,73.15,73.33,72.85,73.26,24576.099064,1794539.3891104,1794539.3891104,1
2026-08-06 22:00:00+08:00,2026-08-06 23:00:00+08:00,1786024800000,SOL-USDT,1H,73.25,73.58,73.1,73.47,37968.007036,2783202.56991105,2783202.56991105,1
2026-08-06 23:00:00+08:00,2026-08-07 00:00:00+08:00,1786028400000,SOL-USDT,1H,73.47,73.62,73.31,73.32,14807.873917,1088092.0012267,1088092.0012267,1
2026-08-07 00:00:00+08:00,2026-08-07 01:00:00+08:00,1786032000000,SOL-USDT,1H,73.32,73.49,73.1,73.44,20124.723573,1475033.71051922,1475033.71051922,1
2026-08-07 01:00:00+08:00,2026-08-07 02:00:00+08:00,1786035600000,SOL-USDT,1H,73.45,73.55,73.06,73.2,9814.91552,719370.77685667,719370.77685667,1
2026-08-07 02:00:00+08:00,2026-08-07 03:00:00+08:00,1786039200000,SOL-USDT,1H,73.2,73.23,72.73,72.81,29592.364395,2159269.08228049,2159269.08228049,1
2026-08-07 03:00:00+08:00,2026-08-07 04:00:00+08:00,1786042800000,SOL-USDT,1H,72.82,72.97,72.56,72.81,23146.879443,1684228.77005872,1684228.77005872,1
2026-08-07 04:00:00+08:00,2026-08-07 05:00:00+08:00,1786046400000,SOL-USDT,1H,72.81,72.99,72.81,72.85,13187.576175,961587.59786643,961587.59786643,1
2026-08-07 05:00:00+08:00,2026-08-07 06:00:00+08:00,1786050000000,SOL-USDT,1H,72.85,73,72.79,72.88,17687.265753,1289820.21576095,1289820.21576095,1
2026-08-07 06:00:00+08:00,2026-08-07 07:00:00+08:00,1786053600000,SOL-USDT,1H,72.88,72.89,72.66,72.7,8817.164891,641338.43425046,641338.43425046,1
2026-08-07 07:00:00+08:00,2026-08-07 08:00:00+08:00,1786057200000,SOL-USDT,1H,72.69,72.74,72.35,72.7,20215.824687,1466690.46756169,1466690.46756169,1
2026-08-07 08:00:00+08:00,2026-08-07 09:00:00+08:00,1786060800000,SOL-USDT,1H,72.7,72.82,72.57,72.67,7760.87723,563991.52723695,563991.52723695,1
2026-08-07 09:00:00+08:00,2026-08-07 10:00:00+08:00,1786064400000,SOL-USDT,1H,72.67,72.88,72.59,72.75,12675.380884,922132.58158806,922132.58158806,1
2026-08-07 10:00:00+08:00,2026-08-07 11:00:00+08:00,1786068000000,SOL-USDT,1H,72.75,72.94,72.5,72.71,12063.435562,877370.22805257,877370.22805257,1
2026-08-07 11:00:00+08:00,2026-08-07 12:00:00+08:00,1786071600000,SOL-USDT,1H,72.71,72.77,72.55,72.64,6326.265255,459869.06365408,459869.06365408,1
2026-08-07 12:00:00+08:00,2026-08-07 13:00:00+08:00,1786075200000,SOL-USDT,1H,72.63,72.8,72.52,72.67,8980.528173,652677.90567479,652677.90567479,1
2026-08-07 13:00:00+08:00,2026-08-07 14:00:00+08:00,1786078800000,SOL-USDT,1H,72.68,72.96,72.44,72.88,18965.075481,1378717.6197671,1378717.6197671,1
2026-08-07 14:00:00+08:00,2026-08-07 15:00:00+08:00,1786082400000,SOL-USDT,1H,72.88,73.08,72.81,72.84,15929.657232,1161902.14912879,1161902.14912879,1
2026-08-07 15:00:00+08:00,2026-08-07 16:00:00+08:00,1786086000000,SOL-USDT,1H,72.84,73.03,72.76,72.94,13937.003563,1016536.97900059,1016536.97900059,1
2026-08-07 16:00:00+08:00,2026-08-07 17:00:00+08:00,1786089600000,SOL-USDT,1H,72.93,73.32,72.91,73.2,10513.57425,768250.85160206,768250.85160206,1
2026-08-07 17:00:00+08:00,2026-08-07 18:00:00+08:00,1786093200000,SOL-USDT,1H,73.2,73.74,73.19,73.62,23756.610584,1747045.837379,1747045.837379,1
2026-08-07 18:00:00+08:00,2026-08-07 19:00:00+08:00,1786096800000,SOL-USDT,1H,73.63,73.77,73.49,73.52,15840.832731,1165822.86805548,1165822.86805548,1
2026-08-07 19:00:00+08:00,2026-08-07 20:00:00+08:00,1786100400000,SOL-USDT,1H,73.53,73.77,73.52,73.63,15994.221677,1177592.48458138,1177592.48458138,1
2026-08-07 20:00:00+08:00,2026-08-07 21:00:00+08:00,1786104000000,SOL-USDT,1H,73.64,74.37,73.63,73.91,63078.111242,4662407.75560723,4662407.75560723,1
2026-08-07 21:00:00+08:00,2026-08-07 22:00:00+08:00,1786107600000,SOL-USDT,1H,73.91,74.35,73.8,74.14,37151.739623,2753182.45186259,2753182.45186259,1
2026-08-07 22:00:00+08:00,2026-08-07 23:00:00+08:00,1786111200000,SOL-USDT,1H,74.13,74.23,73.57,73.72,43107.043378,3187748.754462,3187748.754462,1
2026-08-07 23:00:00+08:00,2026-08-08 00:00:00+08:00,1786114800000,SOL-USDT,1H,73.73,73.98,73.71,73.9,13445.594853,992706.95486388,992706.95486388,1
2026-08-08 00:00:00+08:00,2026-08-08 01:00:00+08:00,1786118400000,SOL-USDT,1H,73.91,74.13,73.59,73.59,16956.567738,1252881.38253365,1252881.38253365,1
2026-08-08 01:00:00+08:00,2026-08-08 02:00:00+08:00,1786122000000,SOL-USDT,1H,73.58,73.59,73.2,73.44,22097.709929,1621106.10617942,1621106.10617942,1
2026-08-08 02:00:00+08:00,2026-08-08 03:00:00+08:00,1786125600000,SOL-USDT,1H,73.43,73.58,73.28,73.42,8560.326832,628899.88157022,628899.88157022,1
2026-08-08 03:00:00+08:00,2026-08-08 04:00:00+08:00,1786129200000,SOL-USDT,1H,73.42,74.04,73.41,74.02,21809.582559,1610039.46470504,1610039.46470504,1
2026-08-08 04:00:00+08:00,2026-08-08 05:00:00+08:00,1786132800000,SOL-USDT,1H,74.03,74.1,73.8,73.83,12412.593285,918451.98298577,918451.98298577,1
2026-08-08 05:00:00+08:00,2026-08-08 06:00:00+08:00,1786136400000,SOL-USDT,1H,73.84,73.89,73.61,73.67,15335.819704,1131140.29043991,1131140.29043991,1
2026-08-08 06:00:00+08:00,2026-08-08 07:00:00+08:00,1786140000000,SOL-USDT,1H,73.67,73.74,73.6,73.65,5639.11334,415398.34411045,415398.34411045,1
2026-08-08 07:00:00+08:00,2026-08-08 08:00:00+08:00,1786143600000,SOL-USDT,1H,73.66,73.79,73.62,73.68,6406.757339,472299.51018897,472299.51018897,1
2026-08-08 08:00:00+08:00,2026-08-08 09:00:00+08:00,1786147200000,SOL-USDT,1H,73.67,73.76,73.59,73.72,11662.187076,859214.64014098,859214.64014098,1
2026-08-08 09:00:00+08:00,2026-08-08 10:00:00+08:00,1786150800000,SOL-USDT,1H,73.73,73.96,73.69,73.89,9981.264652,736860.12947067,736860.12947067,1
2026-08-08 10:00:00+08:00,2026-08-08 11:00:00+08:00,1786154400000,SOL-USDT,1H,73.89,73.98,73.85,73.86,9475.266229,700503.78991796,700503.78991796,1
2026-08-08 11:00:00+08:00,2026-08-08 12:00:00+08:00,1786158000000,SOL-USDT,1H,73.87,75,73.86,74.83,61453.491859,4577307.37043714,4577307.37043714,1
2026-08-08 12:00:00+08:00,2026-08-08 13:00:00+08:00,1786161600000,SOL-USDT,1H,74.84,75.14,74.6,74.65,51600.885414,3861426.85821721,3861426.85821721,1
2026-08-08 13:00:00+08:00,2026-08-08 14:00:00+08:00,1786165200000,SOL-USDT,1H,74.65,74.76,74.49,74.66,15416.763986,1150286.89024509,1150286.89024509,1
2026-08-08 14:00:00+08:00,2026-08-08 15:00:00+08:00,1786168800000,SOL-USDT,1H,74.67,74.84,74.57,74.72,13236.159629,988882.57305588,988882.57305588,1
2026-08-08 15:00:00+08:00,2026-08-08 16:00:00+08:00,1786172400000,SOL-USDT,1H,74.73,74.83,74.65,74.81,9392.332585,701996.97669271,701996.97669271,1
2026-08-08 16:00:00+08:00,2026-08-08 17:00:00+08:00,1786176000000,SOL-USDT,1H,74.82,74.93,74.69,74.8,12126.20703,906931.31301197,906931.31301197,1
2026-08-08 17:00:00+08:00,2026-08-08 18:00:00+08:00,1786179600000,SOL-USDT,1H,74.81,75.02,74.8,74.86,10260.819283,768559.19066435,768559.19066435,1
2026-08-08 18:00:00+08:00,2026-08-08 19:00:00+08:00,1786183200000,SOL-USDT,1H,74.87,75.17,74.87,75.09,15272.251809,1145677.72078127,1145677.72078127,1
2026-08-08 19:00:00+08:00,2026-08-08 20:00:00+08:00,1786186800000,SOL-USDT,1H,75.08,75.7,75.06,75.6,46515.392471,3506818.37504501,3506818.37504501,1
2026-08-08 20:00:00+08:00,2026-08-08 21:00:00+08:00,1786190400000,SOL-USDT,1H,75.6,75.67,75.36,75.44,27502.167326,2077072.05971063,2077072.05971063,1
2026-08-08 21:00:00+08:00,2026-08-08 22:00:00+08:00,1786194000000,SOL-USDT,1H,75.44,75.56,75.42,75.54,11710.395625,884001.22304098,884001.22304098,1
2026-08-08 22:00:00+08:00,2026-08-08 23:00:00+08:00,1786197600000,SOL-USDT,1H,75.54,76.62,75.54,76.48,47249.220693,3596129.91210117,3596129.91210117,1
2026-08-08 23:00:00+08:00,2026-08-09 00:00:00+08:00,1786201200000,SOL-USDT,1H,76.49,76.82,76.24,76.39,41632.779721,3185548.36077707,3185548.36077707,1
2026-08-09 00:00:00+08:00,2026-08-09 01:00:00+08:00,1786204800000,SOL-USDT,1H,76.39,76.5,76.16,76.37,18730.793329,1429832.62676147,1429832.62676147,1
2026-08-09 01:00:00+08:00,2026-08-09 02:00:00+08:00,1786208400000,SOL-USDT,1H,76.38,76.49,76.27,76.39,13943.667871,1065052.92448289,1065052.92448289,1
2026-08-09 02:00:00+08:00,2026-08-09 03:00:00+08:00,1786212000000,SOL-USDT,1H,76.38,76.38,76.08,76.14,11036.181393,841070.70205472,841070.70205472,1
2026-08-09 03:00:00+08:00,2026-08-09 04:00:00+08:00,1786215600000,SOL-USDT,1H,76.14,76.31,75.98,76.16,18770.836491,1428707.48019162,1428707.48019162,1
2026-08-09 04:00:00+08:00,2026-08-09 05:00:00+08:00,1786219200000,SOL-USDT,1H,76.16,76.28,76.15,76.27,6633.055337,505555.05328748,505555.05328748,1
2026-08-09 05:00:00+08:00,2026-08-09 06:00:00+08:00,1786222800000,SOL-USDT,1H,76.26,76.36,76.15,76.22,8160.939328,622558.24889294,622558.24889294,1
2026-08-09 06:00:00+08:00,2026-08-09 07:00:00+08:00,1786226400000,SOL-USDT,1H,76.22,76.29,75.87,75.92,9534.550069,725421.56545931,725421.56545931,1
2026-08-09 07:00:00+08:00,2026-08-09 08:00:00+08:00,1786230000000,SOL-USDT,1H,75.92,76.09,75.79,76.01,11074.555512,840827.58704106,840827.58704106,1
2026-08-09 08:00:00+08:00,2026-08-09 09:00:00+08:00,1786233600000,SOL-USDT,1H,76.02,76.06,75.85,76.01,9605.867477,729623.27574769,729623.27574769,1
2026-08-09 09:00:00+08:00,2026-08-09 10:00:00+08:00,1786237200000,SOL-USDT,1H,76.02,76.09,75.75,75.89,17100.927029,1297659.35530809,1297659.35530809,1
2026-08-09 10:00:00+08:00,2026-08-09 11:00:00+08:00,1786240800000,SOL-USDT,1H,75.89,76,75.8,75.88,13999.249132,1062471.25376483,1062471.25376483,1
2026-08-09 11:00:00+08:00,2026-08-09 12:00:00+08:00,1786244400000,SOL-USDT,1H,75.88,76.06,75.77,76,9593.237605,728743.57921065,728743.57921065,1
2026-08-09 12:00:00+08:00,2026-08-09 13:00:00+08:00,1786248000000,SOL-USDT,1H,75.99,76.12,75.96,75.98,13636.772163,1037114.83873519,1037114.83873519,1
2026-08-09 13:00:00+08:00,2026-08-09 14:00:00+08:00,1786251600000,SOL-USDT,1H,75.98,76.05,75.89,76.01,11539.387418,876957.33777328,876957.33777328,1
2026-08-09 14:00:00+08:00,2026-08-09 15:00:00+08:00,1786255200000,SOL-USDT,1H,76.01,76.49,75.97,76.42,21881.332621,1668930.00843813,1668930.00843813,1
2026-08-09 15:00:00+08:00,2026-08-09 16:00:00+08:00,1786258800000,SOL-USDT,1H,76.42,76.49,76.24,76.36,12533.837728,957103.236677,957103.236677,1
2026-08-09 16:00:00+08:00,2026-08-09 17:00:00+08:00,1786262400000,SOL-USDT,1H,76.36,76.57,76.11,76.33,19585.815732,1495006.98307571,1495006.98307571,1
2026-08-09 17:00:00+08:00,2026-08-09 18:00:00+08:00,1786266000000,SOL-USDT,1H,76.32,76.54,76.25,76.44,15094.382287,1153429.97655735,1153429.97655735,1
2026-08-09 18:00:00+08:00,2026-08-09 19:00:00+08:00,1786269600000,SOL-USDT,1H,76.45,76.66,76.37,76.39,13287.074493,1016407.89156026,1016407.89156026,1
2026-08-09 19:00:00+08:00,2026-08-09 20:00:00+08:00,1786273200000,SOL-USDT,1H,76.39,76.54,76.34,76.51,6654.259949,508763.85090615,508763.85090615,1
2026-08-09 20:00:00+08:00,2026-08-09 21:00:00+08:00,1786276800000,SOL-USDT,1H,76.5,76.6,76.32,76.37,9584.956429,732627.66940894,732627.66940894,1
2026-08-09 21:00:00+08:00,2026-08-09 22:00:00+08:00,1786280400000,SOL-USDT,1H,76.36,76.88,76.35,76.57,18992.359894,1456211.37996196,1456211.37996196,1
2026-08-09 22:00:00+08:00,2026-08-09 23:00:00+08:00,1786284000000,SOL-USDT,1H,76.58,77.08,76.57,77.03,31269.409759,2402245.63453884,2402245.63453884,1
2026-08-09 23:00:00+08:00,2026-08-10 00:00:00+08:00,1786287600000,SOL-USDT,1H,77.03,77.46,76.85,77.42,54946.646607,4241340.18155632,4241340.18155632,1
2026-08-10 00:00:00+08:00,2026-08-10 01:00:00+08:00,1786291200000,SOL-USDT,1H,77.43,77.58,77.09,77.34,36801.526575,2846075.04467771,2846075.04467771,1
2026-08-10 01:00:00+08:00,2026-08-10 02:00:00+08:00,1786294800000,SOL-USDT,1H,77.34,77.34,77.14,77.18,12874.92725,994837.95593442,994837.95593442,1
2026-08-10 02:00:00+08:00,2026-08-10 03:00:00+08:00,1786298400000,SOL-USDT,1H,77.18,77.25,77.1,77.21,6961.167911,537274.94234142,537274.94234142,1
2026-08-10 03:00:00+08:00,2026-08-10 04:00:00+08:00,1786302000000,SOL-USDT,1H,77.2,77.37,77.14,77.24,7324.350343,565909.52561815,565909.52561815,1
2026-08-10 04:00:00+08:00,2026-08-10 05:00:00+08:00,1786305600000,SOL-USDT,1H,77.23,77.3,77.07,77.26,9111.002973,703451.67794921,703451.67794921,1
2026-08-10 05:00:00+08:00,2026-08-10 06:00:00+08:00,1786309200000,SOL-USDT,1H,77.27,77.51,77.16,77.36,8849.761609,684611.60213416,684611.60213416,1
2026-08-10 06:00:00+08:00,2026-08-10 07:00:00+08:00,1786312800000,SOL-USDT,1H,77.37,77.86,76.66,76.82,35742.603011,2762055.82114836,2762055.82114836,1
2026-08-10 07:00:00+08:00,2026-08-10 08:00:00+08:00,1786316400000,SOL-USDT,1H,76.8,76.91,76.21,76.28,34309.048,2622571.96895565,2622571.96895565,1
2026-08-10 08:00:00+08:00,2026-08-10 09:00:00+08:00,1786320000000,SOL-USDT,1H,76.27,77.04,76.22,76.55,33784.816559,2588117.96320666,2588117.96320666,1
2026-08-10 09:00:00+08:00,2026-08-10 10:00:00+08:00,1786323600000,SOL-USDT,1H,76.55,77.16,76.41,76.93,18725.987602,1437234.92885441,1437234.92885441,1
2026-08-10 10:00:00+08:00,2026-08-10 11:00:00+08:00,1786327200000,SOL-USDT,1H,76.93,76.95,76.45,76.83,21102.323695,1618091.29618372,1618091.29618372,1
2026-08-10 11:00:00+08:00,2026-08-10 12:00:00+08:00,1786330800000,SOL-USDT,1H,76.82,76.93,76.38,76.63,22351.368008,1713821.91851761,1713821.91851761,1
2026-08-10 12:00:00+08:00,2026-08-10 13:00:00+08:00,1786334400000,SOL-USDT,1H,76.64,76.75,76.45,76.56,13361.969578,1023682.51579175,1023682.51579175,1
2026-08-10 13:00:00+08:00,2026-08-10 14:00:00+08:00,1786338000000,SOL-USDT,1H,76.56,76.97,76.55,76.88,8535.184897,655124.1390119,655124.1390119,1
2026-08-10 14:00:00+08:00,2026-08-10 15:00:00+08:00,1786341600000,SOL-USDT,1H,76.88,77.06,76.82,77,13137.781943,1011036.74124317,1011036.74124317,1
2026-08-10 15:00:00+08:00,2026-08-10 16:00:00+08:00,1786345200000,SOL-USDT,1H,77,77.11,76.84,76.99,14890.766099,1146802.1818573,1146802.1818573,1
2026-08-10 16:00:00+08:00,2026-08-10 17:00:00+08:00,1786348800000,SOL-USDT,1H,76.99,77.17,76.69,76.96,29273.904731,2252298.89831246,2252298.89831246,1
2026-08-10 17:00:00+08:00,2026-08-10 18:00:00+08:00,1786352400000,SOL-USDT,1H,76.95,77.03,76.57,76.57,17759.634564,1363632.83317117,1363632.83317117,1
2026-08-10 18:00:00+08:00,2026-08-10 19:00:00+08:00,1786356000000,SOL-USDT,1H,76.58,76.87,76.54,76.82,14197.44276,1088567.95475072,1088567.95475072,1
2026-08-10 19:00:00+08:00,2026-08-10 20:00:00+08:00,1786359600000,SOL-USDT,1H,76.83,77.06,76.68,77.06,12780.945696,982153.71287511,982153.71287511,1
2026-08-10 20:00:00+08:00,2026-08-10 21:00:00+08:00,1786363200000,SOL-USDT,1H,77.06,77.13,76.61,76.65,29998.294291,2306463.64538187,2306463.64538187,1
2026-08-10 21:00:00+08:00,2026-08-10 22:00:00+08:00,1786366800000,SOL-USDT,1H,76.64,76.77,76.12,76.32,50522.297506,3860042.05694872,3860042.05694872,1
2026-08-10 22:00:00+08:00,2026-08-10 23:00:00+08:00,1786370400000,SOL-USDT,1H,76.32,76.7,76.24,76.27,31624.855138,2419913.22608753,2419913.22608753,1
2026-08-10 23:00:00+08:00,2026-08-11 00:00:00+08:00,1786374000000,SOL-USDT,1H,76.26,76.43,75.8,75.95,70584.308139,5368139.81071753,5368139.81071753,1
2026-08-11 00:00:00+08:00,2026-08-11 01:00:00+08:00,1786377600000,SOL-USDT,1H,75.95,76.09,75.59,75.7,57890.945702,4388585.22200168,4388585.22200168,1
2026-08-11 01:00:00+08:00,2026-08-11 02:00:00+08:00,1786381200000,SOL-USDT,1H,75.71,76.11,75.62,75.97,33903.565451,2574291.38507152,2574291.38507152,1
2026-08-11 02:00:00+08:00,2026-08-11 03:00:00+08:00,1786384800000,SOL-USDT,1H,75.97,76.07,75.72,75.82,29720.128854,2255545.71528503,2255545.71528503,1
2026-08-11 03:00:00+08:00,2026-08-11 04:00:00+08:00,1786388400000,SOL-USDT,1H,75.82,76.27,75.81,76.2,29599.793261,2251193.86652825,2251193.86652825,1
2026-08-11 04:00:00+08:00,2026-08-11 05:00:00+08:00,1786392000000,SOL-USDT,1H,76.2,76.5,76.17,76.44,21632.74257,1650809.25302096,1650809.25302096,1
2026-08-11 05:00:00+08:00,2026-08-11 06:00:00+08:00,1786395600000,SOL-USDT,1H,76.43,76.49,76.29,76.3,13542.910715,1034711.61314846,1034711.61314846,1
2026-08-11 06:00:00+08:00,2026-08-11 07:00:00+08:00,1786399200000,SOL-USDT,1H,76.3,76.37,76.04,76.21,11149.128914,849804.41334715,849804.41334715,1
2026-08-11 07:00:00+08:00,2026-08-11 08:00:00+08:00,1786402800000,SOL-USDT,1H,76.22,76.22,75.98,76,13221.7043,1005988.74599152,1005988.74599152,1
2026-08-11 08:00:00+08:00,2026-08-11 09:00:00+08:00,1786406400000,SOL-USDT,1H,76.01,76.04,75.77,75.89,14944.317011,1134527.71615869,1134527.71615869,1
2026-08-11 09:00:00+08:00,2026-08-11 10:00:00+08:00,1786410000000,SOL-USDT,1H,75.9,76.11,75.71,76.11,14104.105868,1070493.08745939,1070493.08745939,1
2026-08-11 10:00:00+08:00,2026-08-11 11:00:00+08:00,1786413600000,SOL-USDT,1H,76.11,76.15,75.99,76.04,7017.485469,533976.55179741,533976.55179741,1
2026-08-11 11:00:00+08:00,2026-08-11 12:00:00+08:00,1786417200000,SOL-USDT,1H,76.04,76.25,76.04,76.09,5751.978195,438070.9594435,438070.9594435,1
2026-08-11 12:00:00+08:00,2026-08-11 13:00:00+08:00,1786420800000,SOL-USDT,1H,76.09,76.23,76.08,76.09,4858.683838,370051.85541141,370051.85541141,1
2026-08-11 13:00:00+08:00,2026-08-11 14:00:00+08:00,1786424400000,SOL-USDT,1H,76.09,76.09,75.79,75.81,8844.078422,671311.24948988,671311.24948988,1
2026-08-11 14:00:00+08:00,2026-08-11 15:00:00+08:00,1786428000000,SOL-USDT,1H,75.82,76.03,75.66,75.82,22047.176695,1672549.89895586,1672549.89895586,1
2026-08-11 15:00:00+08:00,2026-08-11 16:00:00+08:00,1786431600000,SOL-USDT,1H,75.82,75.87,75.43,75.69,15327.603943,1158618.43909546,1158618.43909546,1
2026-08-11 16:00:00+08:00,2026-08-11 17:00:00+08:00,1786435200000,SOL-USDT,1H,75.7,75.99,75.63,75.94,11142.106253,844471.44679954,844471.44679954,1
2026-08-11 17:00:00+08:00,2026-08-11 18:00:00+08:00,1786438800000,SOL-USDT,1H,75.94,75.95,75.68,75.89,29648.183653,2246923.47050683,2246923.47050683,1
2026-08-11 18:00:00+08:00,2026-08-11 19:00:00+08:00,1786442400000,SOL-USDT,1H,75.89,76.07,75.77,75.95,14593.495647,1107657.07055682,1107657.07055682,1
2026-08-11 19:00:00+08:00,2026-08-11 20:00:00+08:00,1786446000000,SOL-USDT,1H,75.95,76.36,75.95,76.22,18387.077032,1400997.10436046,1400997.10436046,1
2026-08-11 20:00:00+08:00,2026-08-11 21:00:00+08:00,1786449600000,SOL-USDT,1H,76.22,76.25,75.81,75.87,14516.981189,1103004.94939413,1103004.94939413,1
2026-08-11 21:00:00+08:00,2026-08-11 22:00:00+08:00,1786453200000,SOL-USDT,1H,75.87,76.11,75.73,76.02,22434.838042,1703072.15444332,1703072.15444332,1
2026-08-11 22:00:00+08:00,2026-08-11 23:00:00+08:00,1786456800000,SOL-USDT,1H,76.02,76.15,75.09,75.21,39016.163755,2945755.40068685,2945755.40068685,1
2026-08-11 23:00:00+08:00,2026-08-12 00:00:00+08:00,1786460400000,SOL-USDT,1H,75.2,75.41,74.63,74.93,52909.280375,3968551.35809274,3968551.35809274,1
2026-08-12 00:00:00+08:00,2026-08-12 01:00:00+08:00,1786464000000,SOL-USDT,1H,74.93,75.08,74.79,74.94,18892.724415,1416013.02357493,1416013.02357493,1
2026-08-12 01:00:00+08:00,2026-08-12 02:00:00+08:00,1786467600000,SOL-USDT,1H,74.94,75.21,74.93,75.17,15256.812243,1145416.13819189,1145416.13819189,1
2026-08-12 02:00:00+08:00,2026-08-12 03:00:00+08:00,1786471200000,SOL-USDT,1H,75.17,75.35,75.09,75.28,11143.730702,838439.937478,838439.937478,1
2026-08-12 03:00:00+08:00,2026-08-12 04:00:00+08:00,1786474800000,SOL-USDT,1H,75.28,75.7,75.07,75.65,21858.130557,1648671.7326152,1648671.7326152,1
2026-08-12 04:00:00+08:00,2026-08-12 05:00:00+08:00,1786478400000,SOL-USDT,1H,75.67,76.26,75.66,76.06,55395.374643,4212721.32381082,4212721.32381082,1
2026-08-12 05:00:00+08:00,2026-08-12 06:00:00+08:00,1786482000000,SOL-USDT,1H,76.06,76.44,76,76.44,26249.709123,1998683.44602892,1998683.44602892,1
2026-08-12 06:00:00+08:00,2026-08-12 07:00:00+08:00,1786485600000,SOL-USDT,1H,76.44,76.68,76.26,76.41,24877.817795,1902435.79914818,1902435.79914818,1
2026-08-12 07:00:00+08:00,2026-08-12 08:00:00+08:00,1786489200000,SOL-USDT,1H,76.41,76.41,76.2,76.29,10701.524429,816195.5449553,816195.5449553,1
2026-08-12 08:00:00+08:00,2026-08-12 09:00:00+08:00,1786492800000,SOL-USDT,1H,76.3,76.38,76.23,76.38,12387.080044,944947.43871945,944947.43871945,1
2026-08-12 09:00:00+08:00,2026-08-12 10:00:00+08:00,1786496400000,SOL-USDT,1H,76.38,76.6,76.31,76.42,12725.548319,972657.17964122,972657.17964122,1
2026-08-12 10:00:00+08:00,2026-08-12 11:00:00+08:00,1786500000000,SOL-USDT,1H,76.43,76.6,76.42,76.43,16788.982363,1284586.02582278,1284586.02582278,1
2026-08-12 11:00:00+08:00,2026-08-12 12:00:00+08:00,1786503600000,SOL-USDT,1H,76.44,76.53,76.26,76.43,14366.084708,1097304.11113987,1097304.11113987,1
2026-08-12 12:00:00+08:00,2026-08-12 13:00:00+08:00,1786507200000,SOL-USDT,1H,76.43,76.58,76.28,76.3,8022.291407,613001.75484763,613001.75484763,1
2026-08-12 13:00:00+08:00,2026-08-12 14:00:00+08:00,1786510800000,SOL-USDT,1H,76.31,76.37,76.19,76.34,7387.50061,563707.24414391,563707.24414391,1
2026-08-12 14:00:00+08:00,2026-08-12 15:00:00+08:00,1786514400000,SOL-USDT,1H,76.33,76.37,75.99,76.06,9151.395225,696869.53603784,696869.53603784,1
2026-08-12 15:00:00+08:00,2026-08-12 16:00:00+08:00,1786518000000,SOL-USDT,1H,76.06,76.27,75.95,76.27,8119.836423,617758.75718498,617758.75718498,1
2026-08-12 16:00:00+08:00,2026-08-12 17:00:00+08:00,1786521600000,SOL-USDT,1H,76.26,76.47,76.16,76.19,14209.573614,1084614.83431051,1084614.83431051,1
2026-08-12 17:00:00+08:00,2026-08-12 18:00:00+08:00,1786525200000,SOL-USDT,1H,76.2,76.9,76.14,76.75,23805.221121,1823976.11215999,1823976.11215999,1
2026-08-12 18:00:00+08:00,2026-08-12 19:00:00+08:00,1786528800000,SOL-USDT,1H,76.75,76.87,76.67,76.78,13995.499384,1074371.00536483,1074371.00536483,1
2026-08-12 19:00:00+08:00,2026-08-12 20:00:00+08:00,1786532400000,SOL-USDT,1H,76.78,76.87,76.7,76.84,8251.290476,633628.30352514,633628.30352514,1
2026-08-12 20:00:00+08:00,2026-08-12 21:00:00+08:00,1786536000000,SOL-USDT,1H,76.84,77.35,76.38,76.66,70817.779463,5443294.30061527,5443294.30061527,1
2026-08-12 21:00:00+08:00,2026-08-12 22:00:00+08:00,1786539600000,SOL-USDT,1H,76.66,76.68,76.06,76.24,54631.943405,4172383.43585519,4172383.43585519,1
2026-08-12 22:00:00+08:00,2026-08-12 23:00:00+08:00,1786543200000,SOL-USDT,1H,76.23,76.25,75.41,75.47,51910.054518,3934867.83696852,3934867.83696852,1
2026-08-12 23:00:00+08:00,2026-08-13 00:00:00+08:00,1786546800000,SOL-USDT,1H,75.47,75.88,75.38,75.76,19729.029006,1493961.16751727,1493961.16751727,1
2026-08-13 00:00:00+08:00,2026-08-13 01:00:00+08:00,1786550400000,SOL-USDT,1H,75.75,75.86,75.57,75.7,11935.118646,903536.16980344,903536.16980344,1
2026-08-13 01:00:00+08:00,2026-08-13 02:00:00+08:00,1786554000000,SOL-USDT,1H,75.7,76.07,75.68,75.92,14175.395863,1075418.16566882,1075418.16566882,1
2026-08-13 02:00:00+08:00,2026-08-13 03:00:00+08:00,1786557600000,SOL-USDT,1H,75.92,76.1,75.84,75.88,15716.258008,1193803.20575308,1193803.20575308,1
2026-08-13 03:00:00+08:00,2026-08-13 04:00:00+08:00,1786561200000,SOL-USDT,1H,75.89,76.01,75.6,75.77,18170.184154,1377095.57080659,1377095.57080659,1
2026-08-13 04:00:00+08:00,2026-08-13 05:00:00+08:00,1786564800000,SOL-USDT,1H,75.77,76.02,75.75,75.94,13551.578336,1029012.07949542,1029012.07949542,1
2026-08-13 05:00:00+08:00,2026-08-13 06:00:00+08:00,1786568400000,SOL-USDT,1H,75.94,76.01,75.45,75.49,16094.621158,1217956.9501582,1217956.9501582,1
2026-08-13 06:00:00+08:00,2026-08-13 07:00:00+08:00,1786572000000,SOL-USDT,1H,75.49,75.67,75.34,75.54,13749.346447,1038205.2957981,1038205.2957981,1
2026-08-13 07:00:00+08:00,2026-08-13 08:00:00+08:00,1786575600000,SOL-USDT,1H,75.54,75.65,75.39,75.63,24631.195609,1858618.53704246,1858618.53704246,1
2026-08-13 08:00:00+08:00,2026-08-13 09:00:00+08:00,1786579200000,SOL-USDT,1H,75.63,75.87,75.56,75.62,16582.159117,1255850.70029207,1255850.70029207,1
2026-08-13 09:00:00+08:00,2026-08-13 10:00:00+08:00,1786582800000,SOL-USDT,1H,75.62,75.81,75.48,75.64,17567.735281,1329153.31236899,1329153.31236899,1
2026-08-13 10:00:00+08:00,2026-08-13 11:00:00+08:00,1786586400000,SOL-USDT,1H,75.64,75.98,75.54,75.97,16158.601322,1223786.44670373,1223786.44670373,1
2026-08-13 11:00:00+08:00,2026-08-13 12:00:00+08:00,1786590000000,SOL-USDT,1H,75.98,76.31,75.97,76.25,37553.944154,2860520.39637055,2860520.39637055,1
2026-08-13 12:00:00+08:00,2026-08-13 13:00:00+08:00,1786593600000,SOL-USDT,1H,76.26,76.28,76,76.13,22432.842141,1707947.29366454,1707947.29366454,1
2026-08-13 13:00:00+08:00,2026-08-13 14:00:00+08:00,1786597200000,SOL-USDT,1H,76.13,76.63,76.09,76.52,29269.31478,2236199.87879441,2236199.87879441,1
2026-08-13 14:00:00+08:00,2026-08-13 15:00:00+08:00,1786600800000,SOL-USDT,1H,76.52,76.55,76.3,76.53,23546.101039,1799292.70496911,1799292.70496911,1
2026-08-13 15:00:00+08:00,2026-08-13 16:00:00+08:00,1786604400000,SOL-USDT,1H,76.53,76.54,76.4,76.45,23630.098243,1806460.70635378,1806460.70635378,1
2026-08-13 16:00:00+08:00,2026-08-13 17:00:00+08:00,1786608000000,SOL-USDT,1H,76.45,76.49,76.18,76.22,9790.191137,746685.02458537,746685.02458537,1
2026-08-13 17:00:00+08:00,2026-08-13 18:00:00+08:00,1786611600000,SOL-USDT,1H,76.22,76.22,75.9,76.16,12141.558812,923261.28717928,923261.28717928,1
2026-08-13 18:00:00+08:00,2026-08-13 19:00:00+08:00,1786615200000,SOL-USDT,1H,76.17,76.19,75.71,75.77,21820.861075,1656363.56530108,1656363.56530108,1
2026-08-13 19:00:00+08:00,2026-08-13 20:00:00+08:00,1786618800000,SOL-USDT,1H,75.77,75.77,75.57,75.67,11683.039915,884080.16893626,884080.16893626,1
2026-08-13 20:00:00+08:00,2026-08-13 21:00:00+08:00,1786622400000,SOL-USDT,1H,75.67,76.15,75.65,76.14,17790.242056,1351088.45601266,1351088.45601266,1
2026-08-13 21:00:00+08:00,2026-08-13 22:00:00+08:00,1786626000000,SOL-USDT,1H,76.14,76.37,76.04,76.2,15289.100991,1164706.94334078,1164706.94334078,1
2026-08-13 22:00:00+08:00,2026-08-13 23:00:00+08:00,1786629600000,SOL-USDT,1H,76.2,76.58,76.14,76.47,16267.654519,1243396.22758373,1243396.22758373,1
2026-08-13 23:00:00+08:00,2026-08-14 00:00:00+08:00,1786633200000,SOL-USDT,1H,76.47,76.54,75.64,75.65,22032.435945,1676952.47763557,1676952.47763557,1
2026-08-14 00:00:00+08:00,2026-08-14 01:00:00+08:00,1786636800000,SOL-USDT,1H,75.65,75.88,75.08,75.59,48678.806925,3675020.56582614,3675020.56582614,1
2026-08-14 01:00:00+08:00,2026-08-14 02:00:00+08:00,1786640400000,SOL-USDT,1H,75.6,75.94,75.56,75.78,14376.311264,1089228.36802058,1089228.36802058,1
2026-08-14 02:00:00+08:00,2026-08-14 03:00:00+08:00,1786644000000,SOL-USDT,1H,75.78,76.09,75.69,76.02,9538.328033,723536.66920393,723536.66920393,1
2026-08-14 03:00:00+08:00,2026-08-14 04:00:00+08:00,1786647600000,SOL-USDT,1H,76.02,76.28,75.98,76.2,12012.891672,914511.93710335,914511.93710335,1
2026-08-14 04:00:00+08:00,2026-08-14 05:00:00+08:00,1786651200000,SOL-USDT,1H,76.21,76.34,76.15,76.23,9728.202573,741628.04693918,741628.04693918,1
2026-08-14 05:00:00+08:00,2026-08-14 06:00:00+08:00,1786654800000,SOL-USDT,1H,76.23,76.31,76.13,76.22,7650.399038,583131.56967548,583131.56967548,1
2026-08-14 06:00:00+08:00,2026-08-14 07:00:00+08:00,1786658400000,SOL-USDT,1H,76.22,76.45,76.21,76.25,8070.16634,616360.34385007,616360.34385007,1
2026-08-14 07:00:00+08:00,2026-08-14 08:00:00+08:00,1786662000000,SOL-USDT,1H,76.26,76.3,76.15,76.26,7776.598449,592841.02689407,592841.02689407,1
2026-08-14 08:00:00+08:00,2026-08-14 09:00:00+08:00,1786665600000,SOL-USDT,1H,76.27,76.33,75.99,76.09,10582.07941,806007.93256771,806007.93256771,1
2026-08-14 09:00:00+08:00,2026-08-14 10:00:00+08:00,1786669200000,SOL-USDT,1H,76.09,76.17,75.92,76.1,8930.711121,679289.15465397,679289.15465397,1
2026-08-14 10:00:00+08:00,2026-08-14 11:00:00+08:00,1786672800000,SOL-USDT,1H,76.1,76.2,75.99,76.03,12673.341457,964408.60110055,964408.60110055,1
2026-08-14 11:00:00+08:00,2026-08-14 12:00:00+08:00,1786676400000,SOL-USDT,1H,76.03,76.07,75.75,75.77,22169.037465,1681837.83866409,1681837.83866409,1
2026-08-14 12:00:00+08:00,2026-08-14 13:00:00+08:00,1786680000000,SOL-USDT,1H,75.76,76.03,75.75,75.85,4860.648439,369007.7736206,369007.7736206,1
2026-08-14 13:00:00+08:00,2026-08-14 14:00:00+08:00,1786683600000,SOL-USDT,1H,75.85,76,75.81,75.93,6170.831339,468390.02129693,468390.02129693,1
2026-08-14 14:00:00+08:00,2026-08-14 15:00:00+08:00,1786687200000,SOL-USDT,1H,75.93,75.93,75.51,75.55,13464.500576,1018835.15926523,1018835.15926523,1
2026-08-14 15:00:00+08:00,2026-08-14 16:00:00+08:00,1786690800000,SOL-USDT,1H,75.54,75.73,75.5,75.59,13624.68161,1030436.15947993,1030436.15947993,1
2026-08-14 16:00:00+08:00,2026-08-14 17:00:00+08:00,1786694400000,SOL-USDT,1H,75.6,75.9,75.57,75.86,12517.202752,948209.94610539,948209.94610539,1
2026-08-14 17:00:00+08:00,2026-08-14 18:00:00+08:00,1786698000000,SOL-USDT,1H,75.87,75.88,75.43,75.5,13853.165533,1047876.86885732,1047876.86885732,1
2026-08-14 18:00:00+08:00,2026-08-14 19:00:00+08:00,1786701600000,SOL-USDT,1H,75.49,75.65,75.35,75.41,14765.058567,1115003.05215775,1115003.05215775,1
2026-08-14 19:00:00+08:00,2026-08-14 20:00:00+08:00,1786705200000,SOL-USDT,1H,75.4,75.6,75.4,75.54,8733.050596,659490.84282932,659490.84282932,1
2026-08-14 20:00:00+08:00,2026-08-14 21:00:00+08:00,1786708800000,SOL-USDT,1H,75.53,75.59,75.35,75.48,10046.424002,758201.15348524,758201.15348524,1
2026-08-14 21:00:00+08:00,2026-08-14 22:00:00+08:00,1786712400000,SOL-USDT,1H,75.47,75.49,75.26,75.37,20703.831816,1560434.80482663,1560434.80482663,1
2026-08-14 22:00:00+08:00,2026-08-14 23:00:00+08:00,1786716000000,SOL-USDT,1H,75.37,75.42,75.05,75.27,15815.295714,1190390.92900818,1190390.92900818,1
2026-08-14 23:00:00+08:00,2026-08-15 00:00:00+08:00,1786719600000,SOL-USDT,1H,75.27,75.77,75.2,75.64,11357.618208,857547.9304849,857547.9304849,1
2026-08-15 00:00:00+08:00,2026-08-15 01:00:00+08:00,1786723200000,SOL-USDT,1H,75.65,75.72,75.45,75.47,8719.37413,659226.71462669,659226.71462669,1
2026-08-15 01:00:00+08:00,2026-08-15 02:00:00+08:00,1786726800000,SOL-USDT,1H,75.48,75.68,75.17,75.29,10726.839226,809420.01196423,809420.01196423,1
2026-08-15 02:00:00+08:00,2026-08-15 03:00:00+08:00,1786730400000,SOL-USDT,1H,75.29,75.3,74.94,74.97,16185.125281,1215191.54228884,1215191.54228884,1
2026-08-15 03:00:00+08:00,2026-08-15 04:00:00+08:00,1786734000000,SOL-USDT,1H,74.96,75.11,74.68,75.01,20140.643221,1508255.25737186,1508255.25737186,1
2026-08-15 04:00:00+08:00,2026-08-15 05:00:00+08:00,1786737600000,SOL-USDT,1H,75.02,75.25,74.98,75.15,9227.536868,693487.00400769,693487.00400769,1
2026-08-15 05:00:00+08:00,2026-08-15 06:00:00+08:00,1786741200000,SOL-USDT,1H,75.16,75.24,75.09,75.2,6841.35472,514334.79999346,514334.79999346,1
2026-08-15 06:00:00+08:00,2026-08-15 07:00:00+08:00,1786744800000,SOL-USDT,1H,75.2,75.28,74.98,75.2,6706.071977,503853.50537418,503853.50537418,1
2026-08-15 07:00:00+08:00,2026-08-15 08:00:00+08:00,1786748400000,SOL-USDT,1H,75.2,75.42,75.16,75.41,7733.967649,582420.48080072,582420.48080072,1
2026-08-15 08:00:00+08:00,2026-08-15 09:00:00+08:00,1786752000000,SOL-USDT,1H,75.41,75.44,75.3,75.35,12478.842507,940416.68884333,940416.68884333,1
2026-08-15 09:00:00+08:00,2026-08-15 10:00:00+08:00,1786755600000,SOL-USDT,1H,75.35,75.47,75.29,75.42,9319.064499,702612.32429712,702612.32429712,1
2026-08-15 10:00:00+08:00,2026-08-15 11:00:00+08:00,1786759200000,SOL-USDT,1H,75.42,75.69,75.39,75.67,17982.318543,1358716.95845172,1358716.95845172,1
2026-08-15 11:00:00+08:00,2026-08-15 12:00:00+08:00,1786762800000,SOL-USDT,1H,75.67,75.72,75.41,75.42,9323.171986,704402.87194245,704402.87194245,1
2026-08-15 12:00:00+08:00,2026-08-15 13:00:00+08:00,1786766400000,SOL-USDT,1H,75.43,75.6,75.36,75.53,16799.2215,1267965.98408506,1267965.98408506,1
2026-08-15 13:00:00+08:00,2026-08-15 14:00:00+08:00,1786770000000,SOL-USDT,1H,75.54,75.6,75.31,75.35,15023.711263,1133227.57000725,1133227.57000725,1
2026-08-15 14:00:00+08:00,2026-08-15 15:00:00+08:00,1786773600000,SOL-USDT,1H,75.35,75.49,75.28,75.43,6596.299595,497165.26670197,497165.26670197,1
2026-08-15 15:00:00+08:00,2026-08-15 16:00:00+08:00,1786777200000,SOL-USDT,1H,75.42,75.43,75.21,75.23,6355.04387,478710.89274423,478710.89274423,1
2026-08-15 16:00:00+08:00,2026-08-15 17:00:00+08:00,1786780800000,SOL-USDT,1H,75.25,75.32,75.08,75.09,11875.1952,892834.28204449,892834.28204449,1
2026-08-15 17:00:00+08:00,2026-08-15 18:00:00+08:00,1786784400000,SOL-USDT,1H,75.09,75.26,75.04,75.25,5626.611614,422791.26245307,422791.26245307,1
2026-08-15 18:00:00+08:00,2026-08-15 19:00:00+08:00,1786788000000,SOL-USDT,1H,75.25,75.36,75.2,75.3,10710.165535,806353.84922855,806353.84922855,1
2026-08-15 19:00:00+08:00,2026-08-15 20:00:00+08:00,1786791600000,SOL-USDT,1H,75.29,75.31,75.21,75.26,4597.59999,346060.77045626,346060.77045626,1
2026-08-15 20:00:00+08:00,2026-08-15 21:00:00+08:00,1786795200000,SOL-USDT,1H,75.26,75.44,75.2,75.43,5921.514803,445710.49018104,445710.49018104,1
2026-08-15 21:00:00+08:00,2026-08-15 22:00:00+08:00,1786798800000,SOL-USDT,1H,75.43,75.58,75.4,75.57,7932.82025,598951.82424697,598951.82424697,1
2026-08-15 22:00:00+08:00,2026-08-15 23:00:00+08:00,1786802400000,SOL-USDT,1H,75.57,75.59,75.45,75.46,7829.688152,591299.97347795,591299.97347795,1
2026-08-15 23:00:00+08:00,2026-08-16 00:00:00+08:00,1786806000000,SOL-USDT,1H,75.46,75.54,75.38,75.52,4278.337334,322936.77138582,322936.77138582,1
2026-08-16 00:00:00+08:00,2026-08-16 01:00:00+08:00,1786809600000,SOL-USDT,1H,75.53,75.54,75.42,75.49,5589.462324,421870.11896418,421870.11896418,1
2026-08-16 01:00:00+08:00,2026-08-16 02:00:00+08:00,1786813200000,SOL-USDT,1H,75.49,75.69,75.48,75.67,6600.11575,498905.35274932,498905.35274932,1
2026-08-16 02:00:00+08:00,2026-08-16 03:00:00+08:00,1786816800000,SOL-USDT,1H,75.67,75.68,75.51,75.55,7371.726666,557156.99365308,557156.99365308,1
2026-08-16 03:00:00+08:00,2026-08-16 04:00:00+08:00,1786820400000,SOL-USDT,1H,75.56,75.58,75.52,75.56,4601.432537,347644.46442584,347644.46442584,1
2026-08-16 04:00:00+08:00,2026-08-16 05:00:00+08:00,1786824000000,SOL-USDT,1H,75.56,75.58,75.42,75.54,8360.474072,631453.2233644,631453.2233644,1
2026-08-16 05:00:00+08:00,2026-08-16 06:00:00+08:00,1786827600000,SOL-USDT,1H,75.54,75.74,75.53,75.63,11507.101594,870325.10400203,870325.10400203,1
2026-08-16 06:00:00+08:00,2026-08-16 07:00:00+08:00,1786831200000,SOL-USDT,1H,75.63,75.69,75.56,75.58,5560.952304,420601.33030608,420601.33030608,1
2026-08-16 07:00:00+08:00,2026-08-16 08:00:00+08:00,1786834800000,SOL-USDT,1H,75.59,75.59,75.32,75.35,7588.007643,572266.49143803,572266.49143803,1
2026-08-16 08:00:00+08:00,2026-08-16 09:00:00+08:00,1786838400000,SOL-USDT,1H,75.35,75.5,75.27,75.48,4964.047911,374184.59398141,374184.59398141,1
2026-08-16 09:00:00+08:00,2026-08-16 10:00:00+08:00,1786842000000,SOL-USDT,1H,75.48,75.49,75.31,75.43,4266.888872,321707.78641328,321707.78641328,1
2026-08-16 10:00:00+08:00,2026-08-16 11:00:00+08:00,1786845600000,SOL-USDT,1H,75.44,75.66,75.27,75.57,9696.028059,732280.37007091,732280.37007091,1
2026-08-16 11:00:00+08:00,2026-08-16 12:00:00+08:00,1786849200000,SOL-USDT,1H,75.58,75.66,75.57,75.58,3829.579893,289559.9248321,289559.9248321,1
