timestamp_beijing,close_time_beijing,timestamp_ms,inst_id,bar,open,high,low,close,volume,volume_ccy,volume_quote,confirm
2026-07-10 19:00:00+08:00,2026-07-10 19:30:00+08:00,1783681200000,SOL-USDT,30m,79.4,79.52,79.32,79.38,11425.297694,907405.29472638,907405.29472638,1
2026-07-10 19:30:00+08:00,2026-07-10 20:00:00+08:00,1783683000000,SOL-USDT,30m,79.37,79.46,79.19,79.38,6426.99174,509799.1723791,509799.1723791,1
2026-07-10 20:00:00+08:00,2026-07-10 20:30:00+08:00,1783684800000,SOL-USDT,30m,79.38,79.55,79.19,79.36,12729.079873,1010513.79837197,1010513.79837197,1
2026-07-10 20:30:00+08:00,2026-07-10 21:00:00+08:00,1783686600000,SOL-USDT,30m,79.35,79.35,78.91,78.92,14029.565785,1110136.72148957,1110136.72148957,1
2026-07-10 21:00:00+08:00,2026-07-10 21:30:00+08:00,1783688400000,SOL-USDT,30m,78.93,79.01,78.83,78.89,7197.025275,568048.11538086,568048.11538086,1
2026-07-10 21:30:00+08:00,2026-07-10 22:00:00+08:00,1783690200000,SOL-USDT,30m,78.89,79.36,78.76,78.98,26133.354978,2065010.34924007,2065010.34924007,1
2026-07-10 22:00:00+08:00,2026-07-10 22:30:00+08:00,1783692000000,SOL-USDT,30m,78.97,78.98,77.57,77.74,122443.601973,9567768.77667353,9567768.77667353,1
2026-07-10 22:30:00+08:00,2026-07-10 23:00:00+08:00,1783693800000,SOL-USDT,30m,77.74,78.28,77.08,77.91,111733.352333,8680780.29606431,8680780.29606431,1
2026-07-10 23:00:00+08:00,2026-07-10 23:30:00+08:00,1783695600000,SOL-USDT,30m,77.9,78.35,77.78,78.31,24374.752595,1903392.62907023,1903392.62907023,1
2026-07-10 23:30:00+08:00,2026-07-11 00:00:00+08:00,1783697400000,SOL-USDT,30m,78.32,78.36,77.98,78.12,7006.990775,547563.11709193,547563.11709193,1
2026-07-11 00:00:00+08:00,2026-07-11 00:30:00+08:00,1783699200000,SOL-USDT,30m,78.14,78.25,77.9,77.94,9400.06525,733479.4368637,733479.4368637,1
2026-07-11 00:30:00+08:00,2026-07-11 01:00:00+08:00,1783701000000,SOL-USDT,30m,77.94,78.2,77.65,78.14,7955.093301,619798.20548019,619798.20548019,1
2026-07-11 01:00:00+08:00,2026-07-11 01:30:00+08:00,1783702800000,SOL-USDT,30m,78.14,78.18,77.69,77.83,9481.686599,738592.34975514,738592.34975514,1
2026-07-11 01:30:00+08:00,2026-07-11 02:00:00+08:00,1783704600000,SOL-USDT,30m,77.82,77.82,77.58,77.59,6521.130393,506682.6772182,506682.6772182,1
2026-07-11 02:00:00+08:00,2026-07-11 02:30:00+08:00,1783706400000,SOL-USDT,30m,77.58,77.89,77.58,77.69,9398.410113,730724.3910143,730724.3910143,1
2026-07-11 02:30:00+08:00,2026-07-11 03:00:00+08:00,1783708200000,SOL-USDT,30m,77.68,77.74,77.34,77.53,7855.143302,608419.51249291,608419.51249291,1
2026-07-11 03:00:00+08:00,2026-07-11 03:30:00+08:00,1783710000000,SOL-USDT,30m,77.52,77.84,77.46,77.81,4078.737943,316735.93097358,316735.93097358,1
2026-07-11 03:30:00+08:00,2026-07-11 04:00:00+08:00,1783711800000,SOL-USDT,30m,77.8,78.05,77.78,77.89,10272.345892,800835.20246095,800835.20246095,1
2026-07-11 04:00:00+08:00,2026-07-11 04:30:00+08:00,1783713600000,SOL-USDT,30m,77.89,77.99,77.72,77.8,6627.385276,515855.00336175,515855.00336175,1
2026-07-11 04:30:00+08:00,2026-07-11 05:00:00+08:00,1783715400000,SOL-USDT,30m,77.8,77.96,77.74,77.75,2693.108747,209678.71762586,209678.71762586,1
2026-07-11 05:00:00+08:00,2026-07-11 05:30:00+08:00,1783717200000,SOL-USDT,30m,77.75,78.01,77.73,77.96,3154.765677,245760.82355379,245760.82355379,1
2026-07-11 05:30:00+08:00,2026-07-11 06:00:00+08:00,1783719000000,SOL-USDT,30m,77.96,78.1,77.92,77.99,4902.605449,382503.95693913,382503.95693913,1
2026-07-11 06:00:00+08:00,2026-07-11 06:30:00+08:00,1783720800000,SOL-USDT,30m,77.99,78.28,77.94,78.06,7129.123732,556771.51621695,556771.51621695,1
2026-07-11 06:30:00+08:00,2026-07-11 07:00:00+08:00,1783722600000,SOL-USDT,30m,78.06,78.24,78.02,78.16,4433.691473,346310.21747289,346310.21747289,1
2026-07-11 07:00:00+08:00,2026-07-11 07:30:00+08:00,1783724400000,SOL-USDT,30m,78.17,78.18,77.94,78.1,3886.663205,303317.61855006,303317.61855006,1
2026-07-11 07:30:00+08:00,2026-07-11 08:00:00+08:00,1783726200000,SOL-USDT,30m,78.1,78.15,78.02,78.13,2790.085205,217871.56813944,217871.56813944,1
2026-07-11 08:00:00+08:00,2026-07-11 08:30:00+08:00,1783728000000,SOL-USDT,30m,78.13,78.13,77.83,77.96,5126.065932,399746.57709033,399746.57709033,1
2026-07-11 08:30:00+08:00,2026-07-11 09:00:00+08:00,1783729800000,SOL-USDT,30m,77.96,77.98,77.79,77.84,3291.927843,256307.70257523,256307.70257523,1
2026-07-11 09:00:00+08:00,2026-07-11 09:30:00+08:00,1783731600000,SOL-USDT,30m,77.84,78.06,77.74,78.01,5892.531906,458600.5592854,458600.5592854,1
2026-07-11 09:30:00+08:00,2026-07-11 10:00:00+08:00,1783733400000,SOL-USDT,30m,78,78.07,77.48,77.53,11100.626578,861935.4955111,861935.4955111,1
2026-07-11 10:00:00+08:00,2026-07-11 10:30:00+08:00,1783735200000,SOL-USDT,30m,77.54,77.7,77.5,77.66,3817.700719,296228.61917782,296228.61917782,1
2026-07-11 10:30:00+08:00,2026-07-11 11:00:00+08:00,1783737000000,SOL-USDT,30m,77.65,77.82,77.63,77.79,3414.722261,265403.66659456,265403.66659456,1
2026-07-11 11:00:00+08:00,2026-07-11 11:30:00+08:00,1783738800000,SOL-USDT,30m,77.79,77.82,77.61,77.71,3747.205323,291268.06752992,291268.06752992,1
2026-07-11 11:30:00+08:00,2026-07-11 12:00:00+08:00,1783740600000,SOL-USDT,30m,77.71,77.88,77.67,77.79,7029.497982,546943.57859352,546943.57859352,1
2026-07-11 12:00:00+08:00,2026-07-11 12:30:00+08:00,1783742400000,SOL-USDT,30m,77.79,77.84,77.64,77.69,4409.925478,342754.14995182,342754.14995182,1
2026-07-11 12:30:00+08:00,2026-07-11 13:00:00+08:00,1783744200000,SOL-USDT,30m,77.69,77.86,77.67,77.73,2858.956151,222293.16489363,222293.16489363,1
2026-07-11 13:00:00+08:00,2026-07-11 13:30:00+08:00,1783746000000,SOL-USDT,30m,77.74,77.88,77.6,77.85,2923.026333,227263.07384493,227263.07384493,1
2026-07-11 13:30:00+08:00,2026-07-11 14:00:00+08:00,1783747800000,SOL-USDT,30m,77.85,77.97,77.81,77.9,2778.486582,216376.06255797,216376.06255797,1
2026-07-11 14:00:00+08:00,2026-07-11 14:30:00+08:00,1783749600000,SOL-USDT,30m,77.9,78.03,77.78,77.97,6481.812712,505114.46595672,505114.46595672,1
2026-07-11 14:30:00+08:00,2026-07-11 15:00:00+08:00,1783751400000,SOL-USDT,30m,77.96,78.11,77.96,78.05,3445.750702,268966.83086535,268966.83086535,1
2026-07-11 15:00:00+08:00,2026-07-11 15:30:00+08:00,1783753200000,SOL-USDT,30m,78.05,78.1,77.93,78.02,3398.921283,265133.23882367,265133.23882367,1
2026-07-11 15:30:00+08:00,2026-07-11 16:00:00+08:00,1783755000000,SOL-USDT,30m,78.03,78.09,77.97,77.97,3487.476261,272063.22172178,272063.22172178,1
2026-07-11 16:00:00+08:00,2026-07-11 16:30:00+08:00,1783756800000,SOL-USDT,30m,77.98,78.08,77.94,78.02,4074.932216,317931.69444405,317931.69444405,1
2026-07-11 16:30:00+08:00,2026-07-11 17:00:00+08:00,1783758600000,SOL-USDT,30m,78.03,78.18,78.01,78.17,6325.60117,493938.4243941,493938.4243941,1
2026-07-11 17:00:00+08:00,2026-07-11 17:30:00+08:00,1783760400000,SOL-USDT,30m,78.17,78.34,78.04,78.08,6715.004919,525232.80324456,525232.80324456,1
2026-07-11 17:30:00+08:00,2026-07-11 18:00:00+08:00,1783762200000,SOL-USDT,30m,78.08,78.09,77.83,77.84,13263.920482,1033797.51611096,1033797.51611096,1
2026-07-11 18:00:00+08:00,2026-07-11 18:30:00+08:00,1783764000000,SOL-USDT,30m,77.83,77.94,77.66,77.94,15696.036058,1221081.98175962,1221081.98175962,1
2026-07-11 18:30:00+08:00,2026-07-11 19:00:00+08:00,1783765800000,SOL-USDT,30m,77.93,78.1,77.85,78.05,6740.645181,525864.17766111,525864.17766111,1
2026-07-11 19:00:00+08:00,2026-07-11 19:30:00+08:00,1783767600000,SOL-USDT,30m,78.06,78.09,77.98,78.03,2232.339884,174188.5948429,174188.5948429,1
2026-07-11 19:30:00+08:00,2026-07-11 20:00:00+08:00,1783769400000,SOL-USDT,30m,78.04,78.14,78,78.1,3025.278646,236210.65357429,236210.65357429,1
2026-07-11 20:00:00+08:00,2026-07-11 20:30:00+08:00,1783771200000,SOL-USDT,30m,78.11,78.22,77.99,78.08,4082.205309,318807.44300488,318807.44300488,1
2026-07-11 20:30:00+08:00,2026-07-11 21:00:00+08:00,1783773000000,SOL-USDT,30m,78.07,78.1,77.95,78.09,3190.045478,248979.00148518,248979.00148518,1
2026-07-11 21:00:00+08:00,2026-07-11 21:30:00+08:00,1783774800000,SOL-USDT,30m,78.09,78.26,78.03,78.22,3481.891969,272044.26955821,272044.26955821,1
2026-07-11 21:30:00+08:00,2026-07-11 22:00:00+08:00,1783776600000,SOL-USDT,30m,78.22,78.45,78.14,78.17,7277.36309,569355.73867211,569355.73867211,1
2026-07-11 22:00:00+08:00,2026-07-11 22:30:00+08:00,1783778400000,SOL-USDT,30m,78.18,78.5,78.16,78.38,9127.126917,715277.19950043,715277.19950043,1
2026-07-11 22:30:00+08:00,2026-07-11 23:00:00+08:00,1783780200000,SOL-USDT,30m,78.39,78.72,78.37,78.5,9859.921244,774669.2019353,774669.2019353,1
2026-07-11 23:00:00+08:00,2026-07-11 23:30:00+08:00,1783782000000,SOL-USDT,30m,78.5,78.89,78.49,78.74,16301.198924,1283020.14115836,1283020.14115836,1
2026-07-11 23:30:00+08:00,2026-07-12 00:00:00+08:00,1783783800000,SOL-USDT,30m,78.74,78.74,77.95,78.39,24005.739632,1878276.9236708,1878276.9236708,1
2026-07-12 00:00:00+08:00,2026-07-12 00:30:00+08:00,1783785600000,SOL-USDT,30m,78.39,78.4,78.05,78.17,20345.41584,1590720.26122591,1590720.26122591,1
2026-07-12 00:30:00+08:00,2026-07-12 01:00:00+08:00,1783787400000,SOL-USDT,30m,78.17,78.26,77.66,77.95,21594.261073,1683505.72275153,1683505.72275153,1
2026-07-12 01:00:00+08:00,2026-07-12 01:30:00+08:00,1783789200000,SOL-USDT,30m,77.95,78.04,77.83,78.03,6051.117481,471631.27636409,471631.27636409,1
2026-07-12 01:30:00+08:00,2026-07-12 02:00:00+08:00,1783791000000,SOL-USDT,30m,78.02,78.2,78.01,78.1,6574.375609,513368.43110716,513368.43110716,1
2026-07-12 02:00:00+08:00,2026-07-12 02:30:00+08:00,1783792800000,SOL-USDT,30m,78.09,78.32,78.01,78.2,4321.470531,337632.35436401,337632.35436401,1
2026-07-12 02:30:00+08:00,2026-07-12 03:00:00+08:00,1783794600000,SOL-USDT,30m,78.2,78.23,78.05,78.08,3912.338873,305700.78595605,305700.78595605,1
2026-07-12 03:00:00+08:00,2026-07-12 03:30:00+08:00,1783796400000,SOL-USDT,30m,78.09,78.12,77.88,77.92,4460.527824,348041.60003933,348041.60003933,1
2026-07-12 03:30:00+08:00,2026-07-12 04:00:00+08:00,1783798200000,SOL-USDT,30m,77.92,78.15,77.9,78.14,2348.521991,183247.9324669,183247.9324669,1
2026-07-12 04:00:00+08:00,2026-07-12 04:30:00+08:00,1783800000000,SOL-USDT,30m,78.14,78.23,78.11,78.23,1917.000107,149865.49375754,149865.49375754,1
2026-07-12 04:30:00+08:00,2026-07-12 05:00:00+08:00,1783801800000,SOL-USDT,30m,78.23,78.27,78.16,78.16,2470.090921,193179.14680051,193179.14680051,1
2026-07-12 05:00:00+08:00,2026-07-12 05:30:00+08:00,1783803600000,SOL-USDT,30m,78.17,78.33,78.17,78.24,6330.986215,495578.64718616,495578.64718616,1
2026-07-12 05:30:00+08:00,2026-07-12 06:00:00+08:00,1783805400000,SOL-USDT,30m,78.25,78.3,78.14,78.22,2652.157483,207459.30703411,207459.30703411,1
2026-07-12 06:00:00+08:00,2026-07-12 06:30:00+08:00,1783807200000,SOL-USDT,30m,78.23,78.27,77.75,77.94,7460.046052,581706.79869265,581706.79869265,1
2026-07-12 06:30:00+08:00,2026-07-12 07:00:00+08:00,1783809000000,SOL-USDT,30m,77.94,78.04,77.8,77.9,4331.57532,337519.30770809,337519.30770809,1
2026-07-12 07:00:00+08:00,2026-07-12 07:30:00+08:00,1783810800000,SOL-USDT,30m,77.89,77.93,76.85,77,35588.262024,2752661.41152807,2752661.41152807,1
2026-07-12 07:30:00+08:00,2026-07-12 08:00:00+08:00,1783812600000,SOL-USDT,30m,77,77.13,76.78,76.78,18365.608238,1412660.16135109,1412660.16135109,1
2026-07-12 08:00:00+08:00,2026-07-12 08:30:00+08:00,1783814400000,SOL-USDT,30m,76.78,76.88,76.35,76.35,27597.962273,2113024.09657228,2113024.09657228,1
2026-07-12 08:30:00+08:00,2026-07-12 09:00:00+08:00,1783816200000,SOL-USDT,30m,76.35,76.35,75.64,76.1,39344.215139,2988461.07588474,2988461.07588474,1
2026-07-12 09:00:00+08:00,2026-07-12 09:30:00+08:00,1783818000000,SOL-USDT,30m,76.11,76.69,76.04,76.62,25481.366278,1946366.4496978,1946366.4496978,1
2026-07-12 09:30:00+08:00,2026-07-12 10:00:00+08:00,1783819800000,SOL-USDT,30m,76.61,76.87,76.59,76.84,10883.989577,835351.9287182,835351.9287182,1
2026-07-12 10:00:00+08:00,2026-07-12 10:30:00+08:00,1783821600000,SOL-USDT,30m,76.83,76.89,76.63,76.86,6136.715325,471192.97033876,471192.97033876,1
2026-07-12 10:30:00+08:00,2026-07-12 11:00:00+08:00,1783823400000,SOL-USDT,30m,76.86,76.91,76.71,76.85,3998.082822,307081.0507395,307081.0507395,1
2026-07-12 11:00:00+08:00,2026-07-12 11:30:00+08:00,1783825200000,SOL-USDT,30m,76.85,77,76.74,76.98,10321.290733,793724.31040884,793724.31040884,1
2026-07-12 11:30:00+08:00,2026-07-12 12:00:00+08:00,1783827000000,SOL-USDT,30m,76.98,77.08,76.9,77.05,6722.987342,517574.15467063,517574.15467063,1
2026-07-12 12:00:00+08:00,2026-07-12 12:30:00+08:00,1783828800000,SOL-USDT,30m,77.06,77.08,76.83,76.87,4483.956959,344978.56545165,344978.56545165,1
2026-07-12 12:30:00+08:00,2026-07-12 13:00:00+08:00,1783830600000,SOL-USDT,30m,76.87,76.91,76.61,76.71,5145.577818,394759.83575867,394759.83575867,1
2026-07-12 13:00:00+08:00,2026-07-12 13:30:00+08:00,1783832400000,SOL-USDT,30m,76.71,76.82,76.4,76.44,9379.724026,718658.43844799,718658.43844799,1
2026-07-12 13:30:00+08:00,2026-07-12 14:00:00+08:00,1783834200000,SOL-USDT,30m,76.45,76.55,76.39,76.44,5595.384197,427982.07314205,427982.07314205,1
2026-07-12 14:00:00+08:00,2026-07-12 14:30:00+08:00,1783836000000,SOL-USDT,30m,76.43,76.43,75.86,75.93,21724.857578,1653574.73794618,1653574.73794618,1
2026-07-12 14:30:00+08:00,2026-07-12 15:00:00+08:00,1783837800000,SOL-USDT,30m,75.92,76.39,75.9,76.37,10996.502773,837903.74094769,837903.74094769,1
2026-07-12 15:00:00+08:00,2026-07-12 15:30:00+08:00,1783839600000,SOL-USDT,30m,76.37,76.71,76.31,76.54,8683.565386,664807.6905461,664807.6905461,1
2026-07-12 15:30:00+08:00,2026-07-12 16:00:00+08:00,1783841400000,SOL-USDT,30m,76.56,76.56,76.43,76.52,3290.539455,251763.13188219,251763.13188219,1
2026-07-12 16:00:00+08:00,2026-07-12 16:30:00+08:00,1783843200000,SOL-USDT,30m,76.51,76.83,76.47,76.63,6879.369791,527418.43772802,527418.43772802,1
2026-07-12 16:30:00+08:00,2026-07-12 17:00:00+08:00,1783845000000,SOL-USDT,30m,76.63,76.73,76.59,76.7,3274.420098,251073.19138444,251073.19138444,1
2026-07-12 17:00:00+08:00,2026-07-12 17:30:00+08:00,1783846800000,SOL-USDT,30m,76.71,76.76,76.41,76.54,6023.936774,461229.83039377,461229.83039377,1
2026-07-12 17:30:00+08:00,2026-07-12 18:00:00+08:00,1783848600000,SOL-USDT,30m,76.53,76.91,76.53,76.76,6842.644245,525624.99243738,525624.99243738,1
2026-07-12 18:00:00+08:00,2026-07-12 18:30:00+08:00,1783850400000,SOL-USDT,30m,76.76,76.86,76.66,76.78,4419.619478,339146.46495483,339146.46495483,1
2026-07-12 18:30:00+08:00,2026-07-12 19:00:00+08:00,1783852200000,SOL-USDT,30m,76.78,76.83,76.66,76.71,7516.751443,576759.01485964,576759.01485964,1
2026-07-12 19:00:00+08:00,2026-07-12 19:30:00+08:00,1783854000000,SOL-USDT,30m,76.72,76.86,76.54,76.85,4175.981186,320429.57234022,320429.57234022,1
2026-07-12 19:30:00+08:00,2026-07-12 20:00:00+08:00,1783855800000,SOL-USDT,30m,76.85,77.26,76.85,76.95,8683.381056,669129.34992402,669129.34992402,1
2026-07-12 20:00:00+08:00,2026-07-12 20:30:00+08:00,1783857600000,SOL-USDT,30m,76.94,77.14,76.79,77.12,9401.183526,723782.80223801,723782.80223801,1
2026-07-12 20:30:00+08:00,2026-07-12 21:00:00+08:00,1783859400000,SOL-USDT,30m,77.12,77.24,77.06,77.18,5992.835678,462215.97339162,462215.97339162,1
2026-07-12 21:00:00+08:00,2026-07-12 21:30:00+08:00,1783861200000,SOL-USDT,30m,77.17,77.48,77.12,77.29,13158.676703,1017567.4659066,1017567.4659066,1
2026-07-12 21:30:00+08:00,2026-07-12 22:00:00+08:00,1783863000000,SOL-USDT,30m,77.29,77.4,77.14,77.16,7922.078698,612117.88870017,612117.88870017,1
2026-07-12 22:00:00+08:00,2026-07-12 22:30:00+08:00,1783864800000,SOL-USDT,30m,77.16,77.17,76.98,77.03,7397.543983,570071.92586326,570071.92586326,1
2026-07-12 22:30:00+08:00,2026-07-12 23:00:00+08:00,1783866600000,SOL-USDT,30m,77.04,77.72,77.04,77.55,12756.747807,988185.86714733,988185.86714733,1
2026-07-12 23:00:00+08:00,2026-07-12 23:30:00+08:00,1783868400000,SOL-USDT,30m,77.55,77.62,77.39,77.55,9681.284814,750232.49381415,750232.49381415,1
2026-07-12 23:30:00+08:00,2026-07-13 00:00:00+08:00,1783870200000,SOL-USDT,30m,77.55,77.58,77.28,77.47,12504.456096,967762.77629883,967762.77629883,1
2026-07-13 00:00:00+08:00,2026-07-13 00:30:00+08:00,1783872000000,SOL-USDT,30m,77.48,77.67,77.41,77.56,11495.522375,891087.20618699,891087.20618699,1
2026-07-13 00:30:00+08:00,2026-07-13 01:00:00+08:00,1783873800000,SOL-USDT,30m,77.57,77.65,77.39,77.55,4964.594454,384922.09900157,384922.09900157,1
2026-07-13 01:00:00+08:00,2026-07-13 01:30:00+08:00,1783875600000,SOL-USDT,30m,77.55,77.58,77.41,77.42,2534.434606,196403.44261806,196403.44261806,1
2026-07-13 01:30:00+08:00,2026-07-13 02:00:00+08:00,1783877400000,SOL-USDT,30m,77.42,77.62,77.24,77.35,3945.58109,305512.52425407,305512.52425407,1
2026-07-13 02:00:00+08:00,2026-07-13 02:30:00+08:00,1783879200000,SOL-USDT,30m,77.36,77.48,77.23,77.37,6485.445052,501569.82511027,501569.82511027,1
2026-07-13 02:30:00+08:00,2026-07-13 03:00:00+08:00,1783881000000,SOL-USDT,30m,77.37,77.65,77.36,77.58,4341.788508,336546.81786798,336546.81786798,1
2026-07-13 03:00:00+08:00,2026-07-13 03:30:00+08:00,1783882800000,SOL-USDT,30m,77.58,77.65,77.5,77.58,3699.738168,287001.75394071,287001.75394071,1
2026-07-13 03:30:00+08:00,2026-07-13 04:00:00+08:00,1783884600000,SOL-USDT,30m,77.58,77.78,77.44,77.69,6554.125129,508358.46070935,508358.46070935,1
2026-07-13 04:00:00+08:00,2026-07-13 04:30:00+08:00,1783886400000,SOL-USDT,30m,77.69,77.73,77.48,77.53,2779.467683,215598.70307679,215598.70307679,1
2026-07-13 04:30:00+08:00,2026-07-13 05:00:00+08:00,1783888200000,SOL-USDT,30m,77.53,77.61,77.44,77.47,2774.343495,215104.27124079,215104.27124079,1
2026-07-13 05:00:00+08:00,2026-07-13 05:30:00+08:00,1783890000000,SOL-USDT,30m,77.47,77.69,77.23,77.28,8733.287796,676314.88542098,676314.88542098,1
2026-07-13 05:30:00+08:00,2026-07-13 06:00:00+08:00,1783891800000,SOL-USDT,30m,77.27,77.28,76.98,77.11,8329.98003,642538.70947655,642538.70947655,1
2026-07-13 06:00:00+08:00,2026-07-13 06:30:00+08:00,1783893600000,SOL-USDT,30m,77.1,77.1,76.48,76.71,14147.546914,1085541.43682408,1085541.43682408,1
2026-07-13 06:30:00+08:00,2026-07-13 07:00:00+08:00,1783895400000,SOL-USDT,30m,76.72,76.82,76.49,76.76,8860.179333,679488.7239749,679488.7239749,1
2026-07-13 07:00:00+08:00,2026-07-13 07:30:00+08:00,1783897200000,SOL-USDT,30m,76.77,76.83,76.66,76.8,4334.665325,332595.96573674,332595.96573674,1
2026-07-13 07:30:00+08:00,2026-07-13 08:00:00+08:00,1783899000000,SOL-USDT,30m,76.8,76.95,76.67,76.91,7188.597071,552346.07408565,552346.07408565,1
2026-07-13 08:00:00+08:00,2026-07-13 08:30:00+08:00,1783900800000,SOL-USDT,30m,76.91,78.22,76.83,77.72,32007.205205,2490619.92831808,2490619.92831808,1
2026-07-13 08:30:00+08:00,2026-07-13 09:00:00+08:00,1783902600000,SOL-USDT,30m,77.72,77.77,76.93,77.51,18104.324417,1400466.17056191,1400466.17056191,1
2026-07-13 09:00:00+08:00,2026-07-13 09:30:00+08:00,1783904400000,SOL-USDT,30m,77.52,77.65,76.97,77.04,11848.582182,915182.86833092,915182.86833092,1
2026-07-13 09:30:00+08:00,2026-07-13 10:00:00+08:00,1783906200000,SOL-USDT,30m,77.04,77.1,76.28,76.31,17699.227954,1356694.81730506,1356694.81730506,1
2026-07-13 10:00:00+08:00,2026-07-13 10:30:00+08:00,1783908000000,SOL-USDT,30m,76.32,76.63,76.13,76.59,18078.747952,1380812.46320938,1380812.46320938,1
2026-07-13 10:30:00+08:00,2026-07-13 11:00:00+08:00,1783909800000,SOL-USDT,30m,76.58,76.66,76.41,76.48,5095.023517,390036.12640576,390036.12640576,1
2026-07-13 11:00:00+08:00,2026-07-13 11:30:00+08:00,1783911600000,SOL-USDT,30m,76.48,76.49,75.64,76.08,32747.82333,2487246.94811931,2487246.94811931,1
2026-07-13 11:30:00+08:00,2026-07-13 12:00:00+08:00,1783913400000,SOL-USDT,30m,76.08,76.11,75.4,75.86,22296.884497,1686525.12355043,1686525.12355043,1
2026-07-13 12:00:00+08:00,2026-07-13 12:30:00+08:00,1783915200000,SOL-USDT,30m,75.87,76.14,75.72,76.11,8235.858661,625518.19719957,625518.19719957,1
2026-07-13 12:30:00+08:00,2026-07-13 13:00:00+08:00,1783917000000,SOL-USDT,30m,76.11,76.11,75.86,75.92,5471.39324,415784.59292322,415784.59292322,1
2026-07-13 13:00:00+08:00,2026-07-13 13:30:00+08:00,1783918800000,SOL-USDT,30m,75.94,76.43,75.74,76.12,11928.121779,908612.54769206,908612.54769206,1
2026-07-13 13:30:00+08:00,2026-07-13 14:00:00+08:00,1783920600000,SOL-USDT,30m,76.13,76.46,75.93,76.4,19695.133287,1503298.35382354,1503298.35382354,1
2026-07-13 14:00:00+08:00,2026-07-13 14:30:00+08:00,1783922400000,SOL-USDT,30m,76.41,76.59,76.28,76.5,9210.711602,704062.31511646,704062.31511646,1
2026-07-13 14:30:00+08:00,2026-07-13 15:00:00+08:00,1783924200000,SOL-USDT,30m,76.5,76.58,76.29,76.34,10088.075081,770870.41503587,770870.41503587,1
2026-07-13 15:00:00+08:00,2026-07-13 15:30:00+08:00,1783926000000,SOL-USDT,30m,76.34,76.66,76.23,76.61,10863.910469,831293.06372983,831293.06372983,1
2026-07-13 15:30:00+08:00,2026-07-13 16:00:00+08:00,1783927800000,SOL-USDT,30m,76.61,76.68,76.38,76.44,7878.310902,602771.34963218,602771.34963218,1
2026-07-13 16:00:00+08:00,2026-07-13 16:30:00+08:00,1783929600000,SOL-USDT,30m,76.44,76.55,76.38,76.47,5676.632531,434084.68184302,434084.68184302,1
2026-07-13 16:30:00+08:00,2026-07-13 17:00:00+08:00,1783931400000,SOL-USDT,30m,76.48,76.9,76.37,76.74,8719.580906,668849.83318941,668849.83318941,1
2026-07-13 17:00:00+08:00,2026-07-13 17:30:00+08:00,1783933200000,SOL-USDT,30m,76.74,76.74,76.6,76.67,4200.928186,322111.29378086,322111.29378086,1
2026-07-13 17:30:00+08:00,2026-07-13 18:00:00+08:00,1783935000000,SOL-USDT,30m,76.66,76.73,76.62,76.62,3950.45069,302846.06412219,302846.06412219,1
2026-07-13 18:00:00+08:00,2026-07-13 18:30:00+08:00,1783936800000,SOL-USDT,30m,76.63,76.63,76.21,76.33,10352.887516,790913.80835505,790913.80835505,1
2026-07-13 18:30:00+08:00,2026-07-13 19:00:00+08:00,1783938600000,SOL-USDT,30m,76.32,76.41,76.09,76.29,5536.218156,422373.20894712,422373.20894712,1
2026-07-13 19:00:00+08:00,2026-07-13 19:30:00+08:00,1783940400000,SOL-USDT,30m,76.3,76.59,76.3,76.45,5812.00147,444337.17809244,444337.17809244,1
2026-07-13 19:30:00+08:00,2026-07-13 20:00:00+08:00,1783942200000,SOL-USDT,30m,76.45,76.53,76.32,76.34,6057.59444,462864.18691183,462864.18691183,1
2026-07-13 20:00:00+08:00,2026-07-13 20:30:00+08:00,1783944000000,SOL-USDT,30m,76.35,76.41,75.96,75.98,12936.98548,984726.84821918,984726.84821918,1
2026-07-13 20:30:00+08:00,2026-07-13 21:00:00+08:00,1783945800000,SOL-USDT,30m,75.98,76.03,75.75,75.87,18707.908955,1419419.07829137,1419419.07829137,1
2026-07-13 21:00:00+08:00,2026-07-13 21:30:00+08:00,1783947600000,SOL-USDT,30m,75.86,75.95,75.51,75.62,15015.368779,1136835.72824192,1136835.72824192,1
2026-07-13 21:30:00+08:00,2026-07-13 22:00:00+08:00,1783949400000,SOL-USDT,30m,75.62,75.86,75.1,75.42,27813.20562,2097633.94197782,2097633.94197782,1
2026-07-13 22:00:00+08:00,2026-07-13 22:30:00+08:00,1783951200000,SOL-USDT,30m,75.41,76.16,75.34,75.85,27482.862449,2081150.17382344,2081150.17382344,1
2026-07-13 22:30:00+08:00,2026-07-13 23:00:00+08:00,1783953000000,SOL-USDT,30m,75.85,76.18,75.67,76.16,18426.48754,1399709.92206276,1399709.92206276,1
2026-07-13 23:00:00+08:00,2026-07-13 23:30:00+08:00,1783954800000,SOL-USDT,30m,76.16,76.32,75.98,76.19,9691.391301,737718.81011813,737718.81011813,1
2026-07-13 23:30:00+08:00,2026-07-14 00:00:00+08:00,1783956600000,SOL-USDT,30m,76.18,76.23,75.76,75.82,7692.592439,583812.25129516,583812.25129516,1
2026-07-14 00:00:00+08:00,2026-07-14 00:30:00+08:00,1783958400000,SOL-USDT,30m,75.84,76.03,75.45,75.5,9577.422001,724823.78336676,724823.78336676,1
2026-07-14 00:30:00+08:00,2026-07-14 01:00:00+08:00,1783960200000,SOL-USDT,30m,75.49,75.52,75.2,75.29,8716.88685,656636.27857486,656636.27857486,1
2026-07-14 01:00:00+08:00,2026-07-14 01:30:00+08:00,1783962000000,SOL-USDT,30m,75.29,75.46,75.2,75.33,5875.257721,442480.37069553,442480.37069553,1
2026-07-14 01:30:00+08:00,2026-07-14 02:00:00+08:00,1783963800000,SOL-USDT,30m,75.33,75.36,74.53,74.58,46714.007504,3497548.18210645,3497548.18210645,1
2026-07-14 02:00:00+08:00,2026-07-14 02:30:00+08:00,1783965600000,SOL-USDT,30m,74.59,74.97,74.56,74.92,28055.773363,2098621.34987875,2098621.34987875,1
2026-07-14 02:30:00+08:00,2026-07-14 03:00:00+08:00,1783967400000,SOL-USDT,30m,74.93,75.03,74.76,74.85,5733.47103,429276.90189014,429276.90189014,1
2026-07-14 03:00:00+08:00,2026-07-14 03:30:00+08:00,1783969200000,SOL-USDT,30m,74.87,74.95,74.75,74.78,8405.556088,629045.36925132,629045.36925132,1
2026-07-14 03:30:00+08:00,2026-07-14 04:00:00+08:00,1783971000000,SOL-USDT,30m,74.78,75.22,74.78,75.21,9274.359378,696022.45045709,696022.45045709,1
2026-07-14 04:00:00+08:00,2026-07-14 04:30:00+08:00,1783972800000,SOL-USDT,30m,75.2,75.35,74.8,74.97,8516.192218,639079.35420544,639079.35420544,1
2026-07-14 04:30:00+08:00,2026-07-14 05:00:00+08:00,1783974600000,SOL-USDT,30m,74.96,75.02,74.6,74.79,6500.001395,486035.39242059,486035.39242059,1
2026-07-14 05:00:00+08:00,2026-07-14 05:30:00+08:00,1783976400000,SOL-USDT,30m,74.8,74.82,74.43,74.5,7436.828033,554425.50158573,554425.50158573,1
2026-07-14 05:30:00+08:00,2026-07-14 06:00:00+08:00,1783978200000,SOL-USDT,30m,74.51,74.55,74.1,74.4,11967.330896,889192.99824264,889192.99824264,1
2026-07-14 06:00:00+08:00,2026-07-14 06:30:00+08:00,1783980000000,SOL-USDT,30m,74.42,74.73,74.39,74.65,5002.358272,373187.91452303,373187.91452303,1
2026-07-14 06:30:00+08:00,2026-07-14 07:00:00+08:00,1783981800000,SOL-USDT,30m,74.65,74.7,74.45,74.52,6216.851476,463596.66585977,463596.66585977,1
2026-07-14 07:00:00+08:00,2026-07-14 07:30:00+08:00,1783983600000,SOL-USDT,30m,74.52,74.86,74.42,74.74,6675.740652,497986.00648162,497986.00648162,1
2026-07-14 07:30:00+08:00,2026-07-14 08:00:00+08:00,1783985400000,SOL-USDT,30m,74.73,75.01,74.65,75,7511.923865,562216.80830315,562216.80830315,1
2026-07-14 08:00:00+08:00,2026-07-14 08:30:00+08:00,1783987200000,SOL-USDT,30m,75.01,75.23,74.78,75.16,24153.841544,1812628.10272138,1812628.10272138,1
2026-07-14 08:30:00+08:00,2026-07-14 09:00:00+08:00,1783989000000,SOL-USDT,30m,75.17,75.5,75,75.44,14549.971333,1094595.10843157,1094595.10843157,1
2026-07-14 09:00:00+08:00,2026-07-14 09:30:00+08:00,1783990800000,SOL-USDT,30m,75.45,75.55,75.29,75.31,6991.928738,527392.51745802,527392.51745802,1
2026-07-14 09:30:00+08:00,2026-07-14 10:00:00+08:00,1783992600000,SOL-USDT,30m,75.32,75.39,75.22,75.3,3523.132967,265268.17299456,265268.17299456,1
2026-07-14 10:00:00+08:00,2026-07-14 10:30:00+08:00,1783994400000,SOL-USDT,30m,75.3,75.32,74.88,74.93,6169.329066,463321.73307296,463321.73307296,1
2026-07-14 10:30:00+08:00,2026-07-14 11:00:00+08:00,1783996200000,SOL-USDT,30m,74.92,75.28,74.88,75.08,6720.678248,504834.05788778,504834.05788778,1
2026-07-14 11:00:00+08:00,2026-07-14 11:30:00+08:00,1783998000000,SOL-USDT,30m,75.08,75.13,74.56,74.82,11791.614057,881376.0888617,881376.0888617,1
2026-07-14 11:30:00+08:00,2026-07-14 12:00:00+08:00,1783999800000,SOL-USDT,30m,74.82,75.16,74.8,75.15,6990.424518,524191.73810908,524191.73810908,1
2026-07-14 12:00:00+08:00,2026-07-14 12:30:00+08:00,1784001600000,SOL-USDT,30m,75.15,75.34,75.04,75.17,8209.409301,617190.10590326,617190.10590326,1
2026-07-14 12:30:00+08:00,2026-07-14 13:00:00+08:00,1784003400000,SOL-USDT,30m,75.14,75.32,75.08,75.14,7880.438059,592554.82104006,592554.82104006,1
2026-07-14 13:00:00+08:00,2026-07-14 13:30:00+08:00,1784005200000,SOL-USDT,30m,75.15,75.47,75.11,75.41,13567.906187,1022335.99368965,1022335.99368965,1
2026-07-14 13:30:00+08:00,2026-07-14 14:00:00+08:00,1784007000000,SOL-USDT,30m,75.41,75.48,75.26,75.4,5392.316169,406432.79610145,406432.79610145,1
2026-07-14 14:00:00+08:00,2026-07-14 14:30:00+08:00,1784008800000,SOL-USDT,30m,75.41,75.42,75.2,75.21,7561.416756,569185.42088937,569185.42088937,1
2026-07-14 14:30:00+08:00,2026-07-14 15:00:00+08:00,1784010600000,SOL-USDT,30m,75.21,75.33,75.1,75.15,2632.935033,198024.42441864,198024.42441864,1
2026-07-14 15:00:00+08:00,2026-07-14 15:30:00+08:00,1784012400000,SOL-USDT,30m,75.14,75.26,75.01,75.23,2849.987895,214085.96731269,214085.96731269,1
2026-07-14 15:30:00+08:00,2026-07-14 16:00:00+08:00,1784014200000,SOL-USDT,30m,75.23,75.24,74.91,74.97,4871.06637,365497.29243898,365497.29243898,1
2026-07-14 16:00:00+08:00,2026-07-14 16:30:00+08:00,1784016000000,SOL-USDT,30m,74.98,75.37,74.85,75.32,6550.629509,491821.91551705,491821.91551705,1
2026-07-14 16:30:00+08:00,2026-07-14 17:00:00+08:00,1784017800000,SOL-USDT,30m,75.32,75.4,75.15,75.18,8285.315227,623782.13733323,623782.13733323,1
2026-07-14 17:00:00+08:00,2026-07-14 17:30:00+08:00,1784019600000,SOL-USDT,30m,75.18,75.32,75.12,75.13,10448.974711,786097.92986228,786097.92986228,1
2026-07-14 17:30:00+08:00,2026-07-14 18:00:00+08:00,1784021400000,SOL-USDT,30m,75.13,75.17,74.88,75.08,5453.028375,409100.12664486,409100.12664486,1
2026-07-14 18:00:00+08:00,2026-07-14 18:30:00+08:00,1784023200000,SOL-USDT,30m,75.08,75.29,75.06,75.1,4249.493417,319378.60918519,319378.60918519,1
2026-07-14 18:30:00+08:00,2026-07-14 19:00:00+08:00,1784025000000,SOL-USDT,30m,75.1,75.59,74.98,75.46,11977.99498,902765.1395283,902765.1395283,1
2026-07-14 19:00:00+08:00,2026-07-14 19:30:00+08:00,1784026800000,SOL-USDT,30m,75.47,75.59,75.35,75.54,10641.806483,802939.26055621,802939.26055621,1
2026-07-14 19:30:00+08:00,2026-07-14 20:00:00+08:00,1784028600000,SOL-USDT,30m,75.55,75.6,75.35,75.39,6843.91894,516485.46919651,516485.46919651,1
2026-07-14 20:00:00+08:00,2026-07-14 20:30:00+08:00,1784030400000,SOL-USDT,30m,75.41,75.64,75.17,75.42,13785.785706,1039708.03956315,1039708.03956315,1
2026-07-14 20:30:00+08:00,2026-07-14 21:00:00+08:00,1784032200000,SOL-USDT,30m,75.43,76.96,75.38,76.86,117498.136178,8961032.43415652,8961032.43415652,1
2026-07-14 21:00:00+08:00,2026-07-14 21:30:00+08:00,1784034000000,SOL-USDT,30m,76.86,77.73,76.5,77.44,67250.9559,5186930.76440994,5186930.76440994,1
2026-07-14 21:30:00+08:00,2026-07-14 22:00:00+08:00,1784035800000,SOL-USDT,30m,77.45,77.5,76.81,76.94,32891.411339,2537697.79205088,2537697.79205088,1
2026-07-14 22:00:00+08:00,2026-07-14 22:30:00+08:00,1784037600000,SOL-USDT,30m,76.95,77.1,76.69,76.88,22149.949687,1702831.45632494,1702831.45632494,1
2026-07-14 22:30:00+08:00,2026-07-14 23:00:00+08:00,1784039400000,SOL-USDT,30m,76.89,77.49,76.81,77.37,24943.021005,1923262.7559214,1923262.7559214,1
2026-07-14 23:00:00+08:00,2026-07-14 23:30:00+08:00,1784041200000,SOL-USDT,30m,77.37,77.53,77.19,77.48,17995.976499,1391846.54842369,1391846.54842369,1
2026-07-14 23:30:00+08:00,2026-07-15 00:00:00+08:00,1784043000000,SOL-USDT,30m,77.47,77.93,77.29,77.38,35496.291575,2754165.05754707,2754165.05754707,1
2026-07-15 00:00:00+08:00,2026-07-15 00:30:00+08:00,1784044800000,SOL-USDT,30m,77.38,77.6,77.11,77.52,16664.796463,1288941.07178174,1288941.07178174,1
2026-07-15 00:30:00+08:00,2026-07-15 01:00:00+08:00,1784046600000,SOL-USDT,30m,77.53,77.66,77.27,77.3,9658.457888,748350.73467418,748350.73467418,1
2026-07-15 01:00:00+08:00,2026-07-15 01:30:00+08:00,1784048400000,SOL-USDT,30m,77.29,77.3,76.8,77.09,19039.41454,1465936.31412074,1465936.31412074,1
2026-07-15 01:30:00+08:00,2026-07-15 02:00:00+08:00,1784050200000,SOL-USDT,30m,77.09,77.29,76.96,77.19,7962.380839,613769.0546739,613769.0546739,1
2026-07-15 02:00:00+08:00,2026-07-15 02:30:00+08:00,1784052000000,SOL-USDT,30m,77.19,77.34,77,77.06,7304.926169,563567.46576617,563567.46576617,1
2026-07-15 02:30:00+08:00,2026-07-15 03:00:00+08:00,1784053800000,SOL-USDT,30m,77.07,77.33,77.01,77.3,8672.015574,669454.81296792,669454.81296792,1
2026-07-15 03:00:00+08:00,2026-07-15 03:30:00+08:00,1784055600000,SOL-USDT,30m,77.3,77.54,77.27,77.31,4727.675805,365770.89060387,365770.89060387,1
2026-07-15 03:30:00+08:00,2026-07-15 04:00:00+08:00,1784057400000,SOL-USDT,30m,77.3,77.3,77.11,77.19,8964.091632,692007.67036658,692007.67036658,1
2026-07-15 04:00:00+08:00,2026-07-15 04:30:00+08:00,1784059200000,SOL-USDT,30m,77.19,77.22,76.95,76.97,4118.397117,317321.33406363,317321.33406363,1
2026-07-15 04:30:00+08:00,2026-07-15 05:00:00+08:00,1784061000000,SOL-USDT,30m,76.97,77.2,76.95,77.18,2396.493432,184602.61502745,184602.61502745,1
2026-07-15 05:00:00+08:00,2026-07-15 05:30:00+08:00,1784062800000,SOL-USDT,30m,77.18,77.36,77.13,77.29,8259.519914,638094.64146607,638094.64146607,1
2026-07-15 05:30:00+08:00,2026-07-15 06:00:00+08:00,1784064600000,SOL-USDT,30m,77.3,77.42,77.17,77.23,4039.318128,312283.59225816,312283.59225816,1
2026-07-15 06:00:00+08:00,2026-07-15 06:30:00+08:00,1784066400000,SOL-USDT,30m,77.22,77.66,77.13,77.58,12305.331165,952684.02915125,952684.02915125,1
2026-07-15 06:30:00+08:00,2026-07-15 07:00:00+08:00,1784068200000,SOL-USDT,30m,77.58,77.99,77.58,77.64,15098.113761,1175092.63105193,1175092.63105193,1
2026-07-15 07:00:00+08:00,2026-07-15 07:30:00+08:00,1784070000000,SOL-USDT,30m,77.63,77.93,77.56,77.7,8534.179566,663796.26846469,663796.26846469,1
2026-07-15 07:30:00+08:00,2026-07-15 08:00:00+08:00,1784071800000,SOL-USDT,30m,77.7,77.87,77.63,77.87,5603.136852,435727.14395737,435727.14395737,1
2026-07-15 08:00:00+08:00,2026-07-15 08:30:00+08:00,1784073600000,SOL-USDT,30m,77.88,77.92,77.61,77.62,7260.127488,564624.7462607,564624.7462607,1
2026-07-15 08:30:00+08:00,2026-07-15 09:00:00+08:00,1784075400000,SOL-USDT,30m,77.62,77.71,77.49,77.68,5633.561155,436991.15664111,436991.15664111,1
2026-07-15 09:00:00+08:00,2026-07-15 09:30:00+08:00,1784077200000,SOL-USDT,30m,77.67,77.83,77.48,77.8,9696.146822,752706.17109129,752706.17109129,1
2026-07-15 09:30:00+08:00,2026-07-15 10:00:00+08:00,1784079000000,SOL-USDT,30m,77.79,77.82,77.29,77.44,9252.520077,717139.42246549,717139.42246549,1
2026-07-15 10:00:00+08:00,2026-07-15 10:30:00+08:00,1784080800000,SOL-USDT,30m,77.45,77.59,77.16,77.16,9774.642637,756139.26661041,756139.26661041,1
2026-07-15 10:30:00+08:00,2026-07-15 11:00:00+08:00,1784082600000,SOL-USDT,30m,77.17,77.31,77.04,77.31,13856.743024,1069329.35229465,1069329.35229465,1
2026-07-15 11:00:00+08:00,2026-07-15 11:30:00+08:00,1784084400000,SOL-USDT,30m,77.31,77.55,77.23,77.53,5560.033969,430493.19124476,430493.19124476,1
2026-07-15 11:30:00+08:00,2026-07-15 12:00:00+08:00,1784086200000,SOL-USDT,30m,77.53,77.9,77.53,77.79,7955.603954,618395.81748801,618395.81748801,1
2026-07-15 12:00:00+08:00,2026-07-15 12:30:00+08:00,1784088000000,SOL-USDT,30m,77.8,77.88,77.62,77.63,9351.20537,727191.31602431,727191.31602431,1
2026-07-15 12:30:00+08:00,2026-07-15 13:00:00+08:00,1784089800000,SOL-USDT,30m,77.63,78.2,77.54,78.01,17115.992046,1334916.04511621,1334916.04511621,1
2026-07-15 13:00:00+08:00,2026-07-15 13:30:00+08:00,1784091600000,SOL-USDT,30m,78.03,78.13,77.67,77.67,14508.506209,1130362.79450375,1130362.79450375,1
2026-07-15 13:30:00+08:00,2026-07-15 14:00:00+08:00,1784093400000,SOL-USDT,30m,77.67,78.33,77.66,78.27,20241.315407,1580799.69997882,1580799.69997882,1
2026-07-15 14:00:00+08:00,2026-07-15 14:30:00+08:00,1784095200000,SOL-USDT,30m,78.28,78.48,78.13,78.31,29043.199346,2275633.16243749,2275633.16243749,1
2026-07-15 14:30:00+08:00,2026-07-15 15:00:00+08:00,1784097000000,SOL-USDT,30m,78.32,78.69,77.95,77.95,19846.530503,1555534.87355095,1555534.87355095,1
2026-07-15 15:00:00+08:00,2026-07-15 15:30:00+08:00,1784098800000,SOL-USDT,30m,77.95,78.01,77.48,77.52,15651.57667,1216733.91025142,1216733.91025142,1
2026-07-15 15:30:00+08:00,2026-07-15 16:00:00+08:00,1784100600000,SOL-USDT,30m,77.54,77.65,77.41,77.42,10533.702676,816775.43542603,816775.43542603,1
2026-07-15 16:00:00+08:00,2026-07-15 16:30:00+08:00,1784102400000,SOL-USDT,30m,77.42,77.54,77.24,77.41,11370.515971,880308.31562994,880308.31562994,1
2026-07-15 16:30:00+08:00,2026-07-15 17:00:00+08:00,1784104200000,SOL-USDT,30m,77.41,77.62,77.36,77.58,11742.955932,910729.19420265,910729.19420265,1
2026-07-15 17:00:00+08:00,2026-07-15 17:30:00+08:00,1784106000000,SOL-USDT,30m,77.59,77.91,77.59,77.8,11588.193461,901376.98156795,901376.98156795,1
2026-07-15 17:30:00+08:00,2026-07-15 18:00:00+08:00,1784107800000,SOL-USDT,30m,77.8,77.82,77.43,77.47,4561.675742,354001.84789684,354001.84789684,1
2026-07-15 18:00:00+08:00,2026-07-15 18:30:00+08:00,1784109600000,SOL-USDT,30m,77.48,77.71,77.33,77.33,4021.426502,311841.32212911,311841.32212911,1
2026-07-15 18:30:00+08:00,2026-07-15 19:00:00+08:00,1784111400000,SOL-USDT,30m,77.33,77.42,77.18,77.38,15422.05404,1192265.36643571,1192265.36643571,1
2026-07-15 19:00:00+08:00,2026-07-15 19:30:00+08:00,1784113200000,SOL-USDT,30m,77.38,77.51,77.35,77.39,7282.320865,564037.02698402,564037.02698402,1
2026-07-15 19:30:00+08:00,2026-07-15 20:00:00+08:00,1784115000000,SOL-USDT,30m,77.4,77.53,77.39,77.53,6513.035855,504487.02876824,504487.02876824,1
2026-07-15 20:00:00+08:00,2026-07-15 20:30:00+08:00,1784116800000,SOL-USDT,30m,77.53,77.55,77.27,77.45,5584.731963,432312.35569245,432312.35569245,1
2026-07-15 20:30:00+08:00,2026-07-15 21:00:00+08:00,1784118600000,SOL-USDT,30m,77.44,78.31,77.42,78.29,45135.608497,3515542.75102822,3515542.75102822,1
2026-07-15 21:00:00+08:00,2026-07-15 21:30:00+08:00,1784120400000,SOL-USDT,30m,78.28,79.03,78.23,78.68,54776.803334,4313005.30301388,4313005.30301388,1
2026-07-15 21:30:00+08:00,2026-07-15 22:00:00+08:00,1784122200000,SOL-USDT,30m,78.68,79,77.69,78.1,54389.428418,4266614.27852696,4266614.27852696,1
2026-07-15 22:00:00+08:00,2026-07-15 22:30:00+08:00,1784124000000,SOL-USDT,30m,78.11,78.37,77.78,78.12,46294.120603,3618227.63374992,3618227.63374992,1
2026-07-15 22:30:00+08:00,2026-07-15 23:00:00+08:00,1784125800000,SOL-USDT,30m,78.13,78.22,77.84,78.22,14791.437337,1153891.13258578,1153891.13258578,1
2026-07-15 23:00:00+08:00,2026-07-15 23:30:00+08:00,1784127600000,SOL-USDT,30m,78.22,78.25,77.76,78.06,14588.120844,1138413.88644099,1138413.88644099,1
2026-07-15 23:30:00+08:00,2026-07-16 00:00:00+08:00,1784129400000,SOL-USDT,30m,78.06,78.22,77.92,78.06,10346.307131,808224.28545966,808224.28545966,1
2026-07-16 00:00:00+08:00,2026-07-16 00:30:00+08:00,1784131200000,SOL-USDT,30m,78.08,78.11,77.38,77.72,27779.359571,2156557.61842672,2156557.61842672,1
2026-07-16 00:30:00+08:00,2026-07-16 01:00:00+08:00,1784133000000,SOL-USDT,30m,77.73,77.73,77.06,77.63,26786.817278,2074376.44324703,2074376.44324703,1
2026-07-16 01:00:00+08:00,2026-07-16 01:30:00+08:00,1784134800000,SOL-USDT,30m,77.64,77.78,77.5,77.72,9976.932613,774950.80629819,774950.80629819,1
2026-07-16 01:30:00+08:00,2026-07-16 02:00:00+08:00,1784136600000,SOL-USDT,30m,77.71,78.04,77.63,77.82,12415.811652,966239.00441899,966239.00441899,1
2026-07-16 02:00:00+08:00,2026-07-16 02:30:00+08:00,1784138400000,SOL-USDT,30m,77.81,78.09,77.76,77.98,8880.620661,691901.27714127,691901.27714127,1
2026-07-16 02:30:00+08:00,2026-07-16 03:00:00+08:00,1784140200000,SOL-USDT,30m,77.98,78.07,77.52,77.58,9264.864575,720802.04374539,720802.04374539,1
2026-07-16 03:00:00+08:00,2026-07-16 03:30:00+08:00,1784142000000,SOL-USDT,30m,77.59,77.7,77.14,77.21,9383.282475,726324.45221384,726324.45221384,1
2026-07-16 03:30:00+08:00,2026-07-16 04:00:00+08:00,1784143800000,SOL-USDT,30m,77.21,77.35,76.94,77.17,21371.873901,1649407.5230904,1649407.5230904,1
2026-07-16 04:00:00+08:00,2026-07-16 04:30:00+08:00,1784145600000,SOL-USDT,30m,77.18,77.47,77.11,77.42,7936.443858,613276.03146498,613276.03146498,1
2026-07-16 04:30:00+08:00,2026-07-16 05:00:00+08:00,1784147400000,SOL-USDT,30m,77.43,77.55,77.38,77.39,3080.68454,238649.1529594,238649.1529594,1
2026-07-16 05:00:00+08:00,2026-07-16 05:30:00+08:00,1784149200000,SOL-USDT,30m,77.39,77.53,77.26,77.38,4946.288237,382827.5372734,382827.5372734,1
2026-07-16 05:30:00+08:00,2026-07-16 06:00:00+08:00,1784151000000,SOL-USDT,30m,77.37,77.43,77.25,77.43,4558.477849,352561.96194407,352561.96194407,1
2026-07-16 06:00:00+08:00,2026-07-16 06:30:00+08:00,1784152800000,SOL-USDT,30m,77.43,77.67,77.3,77.67,3432.578865,266022.42690617,266022.42690617,1
2026-07-16 06:30:00+08:00,2026-07-16 07:00:00+08:00,1784154600000,SOL-USDT,30m,77.67,77.73,77.47,77.49,9427.94,731646.94993827,731646.94993827,1
2026-07-16 07:00:00+08:00,2026-07-16 07:30:00+08:00,1784156400000,SOL-USDT,30m,77.49,77.63,77.42,77.44,6492.970042,503246.6634084,503246.6634084,1
2026-07-16 07:30:00+08:00,2026-07-16 08:00:00+08:00,1784158200000,SOL-USDT,30m,77.44,77.53,77.2,77.28,14445.323404,1116870.66455197,1116870.66455197,1
2026-07-16 08:00:00+08:00,2026-07-16 08:30:00+08:00,1784160000000,SOL-USDT,30m,77.28,77.51,77,77.05,11878.189821,917113.78539242,917113.78539242,1
2026-07-16 08:30:00+08:00,2026-07-16 09:00:00+08:00,1784161800000,SOL-USDT,30m,77.05,77.11,76.69,76.94,16942.724284,1302446.22798101,1302446.22798101,1
2026-07-16 09:00:00+08:00,2026-07-16 09:30:00+08:00,1784163600000,SOL-USDT,30m,76.94,77.09,76.71,76.83,7505.998038,577434.92257467,577434.92257467,1
2026-07-16 09:30:00+08:00,2026-07-16 10:00:00+08:00,1784165400000,SOL-USDT,30m,76.83,77.14,76.79,77.09,9822.773783,756418.696148,756418.696148,1
2026-07-16 10:00:00+08:00,2026-07-16 10:30:00+08:00,1784167200000,SOL-USDT,30m,77.09,77.1,76.87,77.03,6894.987435,530924.85671935,530924.85671935,1
2026-07-16 10:30:00+08:00,2026-07-16 11:00:00+08:00,1784169000000,SOL-USDT,30m,77.04,77.15,76.94,77.13,7093.487536,546603.00199029,546603.00199029,1
2026-07-16 11:00:00+08:00,2026-07-16 11:30:00+08:00,1784170800000,SOL-USDT,30m,77.13,77.28,76.94,77.04,6066.226388,467773.97080016,467773.97080016,1
2026-07-16 11:30:00+08:00,2026-07-16 12:00:00+08:00,1784172600000,SOL-USDT,30m,77.03,77.1,76.82,76.95,5606.23194,431266.96113113,431266.96113113,1
2026-07-16 12:00:00+08:00,2026-07-16 12:30:00+08:00,1784174400000,SOL-USDT,30m,76.95,77.01,76.73,76.86,8429.445257,648043.54450818,648043.54450818,1
2026-07-16 12:30:00+08:00,2026-07-16 13:00:00+08:00,1784176200000,SOL-USDT,30m,76.87,76.96,76.6,76.81,9195.917571,705862.72108995,705862.72108995,1
2026-07-16 13:00:00+08:00,2026-07-16 13:30:00+08:00,1784178000000,SOL-USDT,30m,76.82,77.34,76.75,77.27,12682.477316,977553.8856345,977553.8856345,1
2026-07-16 13:30:00+08:00,2026-07-16 14:00:00+08:00,1784179800000,SOL-USDT,30m,77.28,77.5,77.15,77.49,16451.120127,1272733.34717377,1272733.34717377,1
2026-07-16 14:00:00+08:00,2026-07-16 14:30:00+08:00,1784181600000,SOL-USDT,30m,77.49,77.63,77.32,77.38,16995.788621,1316586.17558372,1316586.17558372,1
2026-07-16 14:30:00+08:00,2026-07-16 15:00:00+08:00,1784183400000,SOL-USDT,30m,77.38,77.42,77.12,77.35,4167.252252,322010.83116383,322010.83116383,1
2026-07-16 15:00:00+08:00,2026-07-16 15:30:00+08:00,1784185200000,SOL-USDT,30m,77.35,77.35,76.98,77.02,9668.863267,745850.03681937,745850.03681937,1
2026-07-16 15:30:00+08:00,2026-07-16 16:00:00+08:00,1784187000000,SOL-USDT,30m,77.03,77.06,76.21,76.43,29347.512726,2243967.59978614,2243967.59978614,1
2026-07-16 16:00:00+08:00,2026-07-16 16:30:00+08:00,1784188800000,SOL-USDT,30m,76.44,76.5,75.63,76.27,35416.314218,2691648.50951687,2691648.50951687,1
2026-07-16 16:30:00+08:00,2026-07-16 17:00:00+08:00,1784190600000,SOL-USDT,30m,76.28,76.45,76.03,76.15,13183.183147,1004736.49807543,1004736.49807543,1
2026-07-16 17:00:00+08:00,2026-07-16 17:30:00+08:00,1784192400000,SOL-USDT,30m,76.15,76.27,76.05,76.07,11705.015986,891399.27359857,891399.27359857,1
2026-07-16 17:30:00+08:00,2026-07-16 18:00:00+08:00,1784194200000,SOL-USDT,30m,76.08,76.19,76,76.03,9671.976532,736015.93056795,736015.93056795,1
2026-07-16 18:00:00+08:00,2026-07-16 18:30:00+08:00,1784196000000,SOL-USDT,30m,76.04,76.3,76.02,76.27,4571.89322,348143.31762209,348143.31762209,1
2026-07-16 18:30:00+08:00,2026-07-16 19:00:00+08:00,1784197800000,SOL-USDT,30m,76.28,76.35,76.14,76.21,2835.213152,216096.06946292,216096.06946292,1
2026-07-16 19:00:00+08:00,2026-07-16 19:30:00+08:00,1784199600000,SOL-USDT,30m,76.21,76.25,76.05,76.09,4322.309146,329106.51483758,329106.51483758,1
2026-07-16 19:30:00+08:00,2026-07-16 20:00:00+08:00,1784201400000,SOL-USDT,30m,76.08,76.29,76.03,76.27,9310.29927,709036.02130956,709036.02130956,1
2026-07-16 20:00:00+08:00,2026-07-16 20:30:00+08:00,1784203200000,SOL-USDT,30m,76.26,76.27,75.97,76.23,20186.587334,1536705.56876099,1536705.56876099,1
2026-07-16 20:30:00+08:00,2026-07-16 21:00:00+08:00,1784205000000,SOL-USDT,30m,76.24,76.29,75.7,75.92,19093.714966,1448222.80540898,1448222.80540898,1
2026-07-16 21:00:00+08:00,2026-07-16 21:30:00+08:00,1784206800000,SOL-USDT,30m,75.91,76.42,75.9,76.41,9374.999379,714591.06448708,714591.06448708,1
2026-07-16 21:30:00+08:00,2026-07-16 22:00:00+08:00,1784208600000,SOL-USDT,30m,76.42,76.63,76.13,76.36,21622.850069,1652938.02089547,1652938.02089547,1
2026-07-16 22:00:00+08:00,2026-07-16 22:30:00+08:00,1784210400000,SOL-USDT,30m,76.35,76.78,76.33,76.63,13057.147107,1000146.79984115,1000146.79984115,1
2026-07-16 22:30:00+08:00,2026-07-16 23:00:00+08:00,1784212200000,SOL-USDT,30m,76.63,76.74,76.18,76.49,13888.509976,1062332.35901333,1062332.35901333,1
2026-07-16 23:00:00+08:00,2026-07-16 23:30:00+08:00,1784214000000,SOL-USDT,30m,76.5,76.86,76.01,76.72,11695.468002,892801.45452725,892801.45452725,1
2026-07-16 23:30:00+08:00,2026-07-17 00:00:00+08:00,1784215800000,SOL-USDT,30m,76.72,76.85,76.51,76.63,16171.249522,1240110.60423745,1240110.60423745,1
2026-07-17 00:00:00+08:00,2026-07-17 00:30:00+08:00,1784217600000,SOL-USDT,30m,76.63,76.63,76.22,76.38,8325.227088,635652.35861048,635652.35861048,1
2026-07-17 00:30:00+08:00,2026-07-17 01:00:00+08:00,1784219400000,SOL-USDT,30m,76.39,76.53,76.1,76.28,4923.805405,375620.80322139,375620.80322139,1
2026-07-17 01:00:00+08:00,2026-07-17 01:30:00+08:00,1784221200000,SOL-USDT,30m,76.28,76.28,75.72,75.88,11763.804482,892662.86803548,892662.86803548,1
2026-07-17 01:30:00+08:00,2026-07-17 02:00:00+08:00,1784223000000,SOL-USDT,30m,75.85,76.06,75.39,75.6,12343.01025,933805.95333137,933805.95333137,1
2026-07-17 02:00:00+08:00,2026-07-17 02:30:00+08:00,1784224800000,SOL-USDT,30m,75.61,75.92,75.51,75.83,23232.581397,1759279.80307308,1759279.80307308,1
2026-07-17 02:30:00+08:00,2026-07-17 03:00:00+08:00,1784226600000,SOL-USDT,30m,75.81,75.81,75.42,75.73,6552.858187,495229.2843369,495229.2843369,1
2026-07-17 03:00:00+08:00,2026-07-17 03:30:00+08:00,1784228400000,SOL-USDT,30m,75.73,75.84,75.62,75.8,3135.970386,237537.20444329,237537.20444329,1
2026-07-17 03:30:00+08:00,2026-07-17 04:00:00+08:00,1784230200000,SOL-USDT,30m,75.79,75.94,75.72,75.81,5593.084416,424194.69574377,424194.69574377,1
2026-07-17 04:00:00+08:00,2026-07-17 04:30:00+08:00,1784232000000,SOL-USDT,30m,75.8,75.89,75.71,75.83,2347.338432,177921.61413873,177921.61413873,1
2026-07-17 04:30:00+08:00,2026-07-17 05:00:00+08:00,1784233800000,SOL-USDT,30m,75.83,75.9,75.74,75.8,3036.497719,230176.32801459,230176.32801459,1
2026-07-17 05:00:00+08:00,2026-07-17 05:30:00+08:00,1784235600000,SOL-USDT,30m,75.8,76.02,75.77,75.9,6323.111683,480273.13098384,480273.13098384,1
2026-07-17 05:30:00+08:00,2026-07-17 06:00:00+08:00,1784237400000,SOL-USDT,30m,75.89,76.08,75.86,75.95,2541.233717,193041.88084345,193041.88084345,1
2026-07-17 06:00:00+08:00,2026-07-17 06:30:00+08:00,1784239200000,SOL-USDT,30m,75.95,76.04,75.58,75.6,5974.985873,453267.23244864,453267.23244864,1
2026-07-17 06:30:00+08:00,2026-07-17 07:00:00+08:00,1784241000000,SOL-USDT,30m,75.61,75.79,75.22,75.34,16491.445863,1245106.00101198,1245106.00101198,1
2026-07-17 07:00:00+08:00,2026-07-17 07:30:00+08:00,1784242800000,SOL-USDT,30m,75.33,75.42,75.02,75.15,10824.510518,813951.89914955,813951.89914955,1
2026-07-17 07:30:00+08:00,2026-07-17 08:00:00+08:00,1784244600000,SOL-USDT,30m,75.15,75.39,75.1,75.32,8540.703886,642477.99997221,642477.99997221,1
2026-07-17 08:00:00+08:00,2026-07-17 08:30:00+08:00,1784246400000,SOL-USDT,30m,75.33,75.43,75.21,75.32,7143.03239,537959.68476053,537959.68476053,1
2026-07-17 08:30:00+08:00,2026-07-17 09:00:00+08:00,1784248200000,SOL-USDT,30m,75.33,75.56,74.92,75.56,12881.585293,969245.14239412,969245.14239412,1
2026-07-17 09:00:00+08:00,2026-07-17 09:30:00+08:00,1784250000000,SOL-USDT,30m,75.56,75.75,75.45,75.69,7926.71762,599470.45839604,599470.45839604,1
2026-07-17 09:30:00+08:00,2026-07-17 10:00:00+08:00,1784251800000,SOL-USDT,30m,75.69,75.69,74.99,75.11,8976.549027,675270.9594512,675270.9594512,1
2026-07-17 10:00:00+08:00,2026-07-17 10:30:00+08:00,1784253600000,SOL-USDT,30m,75.11,75.27,74.93,75.12,12485.693858,937394.92421919,937394.92421919,1
2026-07-17 10:30:00+08:00,2026-07-17 11:00:00+08:00,1784255400000,SOL-USDT,30m,75.1,75.15,74.74,75,10051.295452,753114.32046009,753114.32046009,1
2026-07-17 11:00:00+08:00,2026-07-17 11:30:00+08:00,1784257200000,SOL-USDT,30m,75.01,75.46,75,75.38,6401.461476,481810.08853111,481810.08853111,1
2026-07-17 11:30:00+08:00,2026-07-17 12:00:00+08:00,1784259000000,SOL-USDT,30m,75.39,75.43,75.18,75.22,3978.41465,299635.75931214,299635.75931214,1
2026-07-17 12:00:00+08:00,2026-07-17 12:30:00+08:00,1784260800000,SOL-USDT,30m,75.23,75.23,74.75,74.93,18165.918372,1362168.71662607,1362168.71662607,1
2026-07-17 12:30:00+08:00,2026-07-17 13:00:00+08:00,1784262600000,SOL-USDT,30m,74.93,75.34,74.89,75.25,4905.969649,368485.78109355,368485.78109355,1
2026-07-17 13:00:00+08:00,2026-07-17 13:30:00+08:00,1784264400000,SOL-USDT,30m,75.24,75.24,74.84,74.84,4258.371283,319482.38697507,319482.38697507,1
2026-07-17 13:30:00+08:00,2026-07-17 14:00:00+08:00,1784266200000,SOL-USDT,30m,74.84,74.92,74.29,74.41,25572.508016,1907942.11002935,1907942.11002935,1
2026-07-17 14:00:00+08:00,2026-07-17 14:30:00+08:00,1784268000000,SOL-USDT,30m,74.41,74.76,74.31,74.73,20229.051637,1507279.33857268,1507279.33857268,1
2026-07-17 14:30:00+08:00,2026-07-17 15:00:00+08:00,1784269800000,SOL-USDT,30m,74.72,74.75,74.5,74.6,7044.642763,525971.79101576,525971.79101576,1
2026-07-17 15:00:00+08:00,2026-07-17 15:30:00+08:00,1784271600000,SOL-USDT,30m,74.6,74.63,74.41,74.58,3531.522321,263234.77640031,263234.77640031,1
2026-07-17 15:30:00+08:00,2026-07-17 16:00:00+08:00,1784273400000,SOL-USDT,30m,74.58,74.77,74.47,74.62,5935.501475,443162.79627419,443162.79627419,1
2026-07-17 16:00:00+08:00,2026-07-17 16:30:00+08:00,1784275200000,SOL-USDT,30m,74.63,74.69,74.36,74.52,9100.283143,678284.11223549,678284.11223549,1
2026-07-17 16:30:00+08:00,2026-07-17 17:00:00+08:00,1784277000000,SOL-USDT,30m,74.51,74.63,74.2,74.53,7625.277559,567188.8464683,567188.8464683,1
2026-07-17 17:00:00+08:00,2026-07-17 17:30:00+08:00,1784278800000,SOL-USDT,30m,74.53,74.71,74.48,74.69,6706.21608,500152.43357665,500152.43357665,1
2026-07-17 17:30:00+08:00,2026-07-17 18:00:00+08:00,1784280600000,SOL-USDT,30m,74.69,74.81,74.63,74.66,4957.418458,370352.88783864,370352.88783864,1
2026-07-17 18:00:00+08:00,2026-07-17 18:30:00+08:00,1784282400000,SOL-USDT,30m,74.66,74.84,74.63,74.77,7579.163464,566812.03642797,566812.03642797,1
2026-07-17 18:30:00+08:00,2026-07-17 19:00:00+08:00,1784284200000,SOL-USDT,30m,74.75,74.89,74.73,74.81,4934.902567,369226.41965624,369226.41965624,1
2026-07-17 19:00:00+08:00,2026-07-17 19:30:00+08:00,1784286000000,SOL-USDT,30m,74.81,74.85,74.65,74.81,2353.949494,175962.20018343,175962.20018343,1
2026-07-17 19:30:00+08:00,2026-07-17 20:00:00+08:00,1784287800000,SOL-USDT,30m,74.82,75.02,74.75,74.87,4637.548434,347335.29388984,347335.29388984,1
2026-07-17 20:00:00+08:00,2026-07-17 20:30:00+08:00,1784289600000,SOL-USDT,30m,74.87,74.88,74.63,74.67,3731.987521,278918.79666938,278918.79666938,1
2026-07-17 20:30:00+08:00,2026-07-17 21:00:00+08:00,1784291400000,SOL-USDT,30m,74.67,74.67,74.38,74.4,6354.707163,473404.29941687,473404.29941687,1
2026-07-17 21:00:00+08:00,2026-07-17 21:30:00+08:00,1784293200000,SOL-USDT,30m,74.39,74.4,73.57,73.85,35498.003711,2622319.79127324,2622319.79127324,1
2026-07-17 21:30:00+08:00,2026-07-17 22:00:00+08:00,1784295000000,SOL-USDT,30m,73.85,74.33,73.37,74.33,34866.14052,2573157.477015,2573157.477015,1
2026-07-17 22:00:00+08:00,2026-07-17 22:30:00+08:00,1784296800000,SOL-USDT,30m,74.33,74.82,74.3,74.47,14005.219605,1044023.45600023,1044023.45600023,1
2026-07-17 22:30:00+08:00,2026-07-17 23:00:00+08:00,1784298600000,SOL-USDT,30m,74.47,74.58,74.1,74.33,19449.970094,1445466.7223947,1445466.7223947,1
2026-07-17 23:00:00+08:00,2026-07-17 23:30:00+08:00,1784300400000,SOL-USDT,30m,74.3,74.32,73.81,74.26,11059.154596,819072.97884074,819072.97884074,1
2026-07-17 23:30:00+08:00,2026-07-18 00:00:00+08:00,1784302200000,SOL-USDT,30m,74.27,74.78,74.11,74.78,17091.794672,1271727.88795136,1271727.88795136,1
2026-07-18 00:00:00+08:00,2026-07-18 00:30:00+08:00,1784304000000,SOL-USDT,30m,74.78,74.95,74.6,74.83,14183.551341,1060373.67306123,1060373.67306123,1
2026-07-18 00:30:00+08:00,2026-07-18 01:00:00+08:00,1784305800000,SOL-USDT,30m,74.82,75.11,74.77,74.94,13972.836144,1047736.25149569,1047736.25149569,1
2026-07-18 01:00:00+08:00,2026-07-18 01:30:00+08:00,1784307600000,SOL-USDT,30m,74.94,75.6,74.94,75.28,23618.777958,1778836.0873891,1778836.0873891,1
2026-07-18 01:30:00+08:00,2026-07-18 02:00:00+08:00,1784309400000,SOL-USDT,30m,75.27,75.35,75.17,75.24,4259.442585,320443.52324801,320443.52324801,1
2026-07-18 02:00:00+08:00,2026-07-18 02:30:00+08:00,1784311200000,SOL-USDT,30m,75.24,75.3,75.01,75.11,3019.806877,226934.67445408,226934.67445408,1
2026-07-18 02:30:00+08:00,2026-07-18 03:00:00+08:00,1784313000000,SOL-USDT,30m,75.11,75.4,74.98,75.33,6931.000887,521215.8013249,521215.8013249,1
2026-07-18 03:00:00+08:00,2026-07-18 03:30:00+08:00,1784314800000,SOL-USDT,30m,75.32,75.37,74.82,75.05,8787.075581,659251.35182566,659251.35182566,1
2026-07-18 03:30:00+08:00,2026-07-18 04:00:00+08:00,1784316600000,SOL-USDT,30m,75.06,75.25,75.01,75.18,7121.702663,535132.14619233,535132.14619233,1
2026-07-18 04:00:00+08:00,2026-07-18 04:30:00+08:00,1784318400000,SOL-USDT,30m,75.2,75.2,74.93,75.06,8481.755291,636274.14680982,636274.14680982,1
2026-07-18 04:30:00+08:00,2026-07-18 05:00:00+08:00,1784320200000,SOL-USDT,30m,75.04,75.16,74.88,75.09,2726.531907,204595.36761672,204595.36761672,1
2026-07-18 05:00:00+08:00,2026-07-18 05:30:00+08:00,1784322000000,SOL-USDT,30m,75.1,75.23,75.09,75.14,4183.120244,314389.55703435,314389.55703435,1
2026-07-18 05:30:00+08:00,2026-07-18 06:00:00+08:00,1784323800000,SOL-USDT,30m,75.13,75.14,74.96,75.03,3568.077285,267627.06302571,267627.06302571,1
2026-07-18 06:00:00+08:00,2026-07-18 06:30:00+08:00,1784325600000,SOL-USDT,30m,75.02,75.13,74.84,74.9,5416.712697,405911.95989698,405911.95989698,1
2026-07-18 06:30:00+08:00,2026-07-18 07:00:00+08:00,1784327400000,SOL-USDT,30m,74.9,75.03,74.88,75.03,1366.01837,102392.84396632,102392.84396632,1
2026-07-18 07:00:00+08:00,2026-07-18 07:30:00+08:00,1784329200000,SOL-USDT,30m,75.03,75.05,74.86,75.05,1464.849591,109789.75234185,109789.75234185,1
2026-07-18 07:30:00+08:00,2026-07-18 08:00:00+08:00,1784331000000,SOL-USDT,30m,75.05,75.13,75,75.03,2264.05454,169959.4291578,169959.4291578,1
2026-07-18 08:00:00+08:00,2026-07-18 08:30:00+08:00,1784332800000,SOL-USDT,30m,75.04,75.26,74.98,75.21,2297.50274,172686.44263436,172686.44263436,1
2026-07-18 08:30:00+08:00,2026-07-18 09:00:00+08:00,1784334600000,SOL-USDT,30m,75.2,75.2,75.07,75.1,2330.023585,175029.71628081,175029.71628081,1
2026-07-18 09:00:00+08:00,2026-07-18 09:30:00+08:00,1784336400000,SOL-USDT,30m,75.1,75.22,75.05,75.19,3058.878107,229801.56656779,229801.56656779,1
2026-07-18 09:30:00+08:00,2026-07-18 10:00:00+08:00,1784338200000,SOL-USDT,30m,75.2,75.25,75.09,75.22,2520.050029,189486.97331531,189486.97331531,1
2026-07-18 10:00:00+08:00,2026-07-18 10:30:00+08:00,1784340000000,SOL-USDT,30m,75.23,75.36,75.15,75.33,3492.716017,262874.34751255,262874.34751255,1
2026-07-18 10:30:00+08:00,2026-07-18 11:00:00+08:00,1784341800000,SOL-USDT,30m,75.33,75.45,75.21,75.21,3852.413888,290270.91451499,290270.91451499,1
2026-07-18 11:00:00+08:00,2026-07-18 11:30:00+08:00,1784343600000,SOL-USDT,30m,75.22,75.31,75.16,75.16,3182.000206,239378.05597666,239378.05597666,1
2026-07-18 11:30:00+08:00,2026-07-18 12:00:00+08:00,1784345400000,SOL-USDT,30m,75.17,75.38,75.15,75.38,2829.717502,212982.26087119,212982.26087119,1
2026-07-18 12:00:00+08:00,2026-07-18 12:30:00+08:00,1784347200000,SOL-USDT,30m,75.38,75.39,75.16,75.23,2146.058335,161483.71833399,161483.71833399,1
2026-07-18 12:30:00+08:00,2026-07-18 13:00:00+08:00,1784349000000,SOL-USDT,30m,75.22,75.24,75.06,75.1,2434.542659,182877.42076112,182877.42076112,1
2026-07-18 13:00:00+08:00,2026-07-18 13:30:00+08:00,1784350800000,SOL-USDT,30m,75.1,75.11,74.96,75.02,2753.661235,206557.87756446,206557.87756446,1
2026-07-18 13:30:00+08:00,2026-07-18 14:00:00+08:00,1784352600000,SOL-USDT,30m,75.03,75.07,74.88,74.93,5229.825067,392008.88832958,392008.88832958,1
2026-07-18 14:00:00+08:00,2026-07-18 14:30:00+08:00,1784354400000,SOL-USDT,30m,74.94,75.1,74.92,75.05,2017.821318,151316.1364484,151316.1364484,1
2026-07-18 14:30:00+08:00,2026-07-18 15:00:00+08:00,1784356200000,SOL-USDT,30m,75.05,75.08,74.96,74.98,1554.275659,116593.21129841,116593.21129841,1
2026-07-18 15:00:00+08:00,2026-07-18 15:30:00+08:00,1784358000000,SOL-USDT,30m,74.98,75.05,74.9,74.96,4033.305066,302328.64444478,302328.64444478,1
2026-07-18 15:30:00+08:00,2026-07-18 16:00:00+08:00,1784359800000,SOL-USDT,30m,74.95,75.05,74.9,74.97,1493.237321,111935.82526709,111935.82526709,1
2026-07-18 16:00:00+08:00,2026-07-18 16:30:00+08:00,1784361600000,SOL-USDT,30m,74.97,75,74.8,75,3834.525311,287121.94399038,287121.94399038,1
2026-07-18 16:30:00+08:00,2026-07-18 17:00:00+08:00,1784363400000,SOL-USDT,30m,75,75.04,74.91,74.97,2328.110478,174525.89057022,174525.89057022,1
2026-07-18 17:00:00+08:00,2026-07-18 17:30:00+08:00,1784365200000,SOL-USDT,30m,74.98,75.01,74.67,74.7,4508.803639,337234.25170216,337234.25170216,1
2026-07-18 17:30:00+08:00,2026-07-18 18:00:00+08:00,1784367000000,SOL-USDT,30m,74.69,74.85,74.66,74.85,2730.594569,204187.97264335,204187.97264335,1
2026-07-18 18:00:00+08:00,2026-07-18 18:30:00+08:00,1784368800000,SOL-USDT,30m,74.85,74.92,74.8,74.91,2912.891427,218046.02483826,218046.02483826,1
2026-07-18 18:30:00+08:00,2026-07-18 19:00:00+08:00,1784370600000,SOL-USDT,30m,74.91,74.95,74.83,74.9,1653.514938,123811.6530103,123811.6530103,1
2026-07-18 19:00:00+08:00,2026-07-18 19:30:00+08:00,1784372400000,SOL-USDT,30m,74.9,75.02,74.89,75.01,1077.92304,80802.20845324,80802.20845324,1
2026-07-18 19:30:00+08:00,2026-07-18 20:00:00+08:00,1784374200000,SOL-USDT,30m,75.01,75.02,74.9,74.95,2241.289897,167988.39637484,167988.39637484,1
2026-07-18 20:00:00+08:00,2026-07-18 20:30:00+08:00,1784376000000,SOL-USDT,30m,74.96,75.19,74.73,74.74,7095.28945,531715.6824377,531715.6824377,1
2026-07-18 20:30:00+08:00,2026-07-18 21:00:00+08:00,1784377800000,SOL-USDT,30m,74.74,75.09,74.69,75,7110.466615,532327.50878376,532327.50878376,1
2026-07-18 21:00:00+08:00,2026-07-18 21:30:00+08:00,1784379600000,SOL-USDT,30m,74.99,74.99,74.51,74.7,6715.919903,501375.5327929,501375.5327929,1
2026-07-18 21:30:00+08:00,2026-07-18 22:00:00+08:00,1784381400000,SOL-USDT,30m,74.7,74.76,74.66,74.74,2065.447552,154304.39486,154304.39486,1
2026-07-18 22:00:00+08:00,2026-07-18 22:30:00+08:00,1784383200000,SOL-USDT,30m,74.75,74.92,74.65,74.92,3016.067214,225532.87595171,225532.87595171,1
2026-07-18 22:30:00+08:00,2026-07-18 23:00:00+08:00,1784385000000,SOL-USDT,30m,74.91,75.01,74.81,74.99,4071.657506,305007.5497614,305007.5497614,1
2026-07-18 23:00:00+08:00,2026-07-18 23:30:00+08:00,1784386800000,SOL-USDT,30m,74.99,75.01,74.86,74.87,2963.876726,222096.35262524,222096.35262524,1
2026-07-18 23:30:00+08:00,2026-07-19 00:00:00+08:00,1784388600000,SOL-USDT,30m,74.87,75.04,74.81,74.95,2916.493732,218517.25883407,218517.25883407,1
2026-07-19 00:00:00+08:00,2026-07-19 00:30:00+08:00,1784390400000,SOL-USDT,30m,74.96,75.09,74.84,75.01,1895.311026,142132.02722885,142132.02722885,1
2026-07-19 00:30:00+08:00,2026-07-19 01:00:00+08:00,1784392200000,SOL-USDT,30m,75.01,75.29,75.01,75.16,6231.337573,468350.91519699,468350.91519699,1
2026-07-19 01:00:00+08:00,2026-07-19 01:30:00+08:00,1784394000000,SOL-USDT,30m,75.17,75.36,75.06,75.12,3818.050863,287113.30794135,287113.30794135,1
2026-07-19 01:30:00+08:00,2026-07-19 02:00:00+08:00,1784395800000,SOL-USDT,30m,75.12,75.39,75.12,75.36,6688.960837,503725.69603637,503725.69603637,1
2026-07-19 02:00:00+08:00,2026-07-19 02:30:00+08:00,1784397600000,SOL-USDT,30m,75.35,75.64,75.28,75.44,14466.285836,1091324.4690334,1091324.4690334,1
2026-07-19 02:30:00+08:00,2026-07-19 03:00:00+08:00,1784399400000,SOL-USDT,30m,75.47,75.47,75.2,75.29,2729.542645,205507.22895117,205507.22895117,1
2026-07-19 03:00:00+08:00,2026-07-19 03:30:00+08:00,1784401200000,SOL-USDT,30m,75.29,75.45,75.23,75.28,3453.869733,260202.55659969,260202.55659969,1
2026-07-19 03:30:00+08:00,2026-07-19 04:00:00+08:00,1784403000000,SOL-USDT,30m,75.28,75.45,75.25,75.45,1373.963019,103537.27836341,103537.27836341,1
2026-07-19 04:00:00+08:00,2026-07-19 04:30:00+08:00,1784404800000,SOL-USDT,30m,75.45,75.59,75.38,75.43,2787.291165,210375.01393048,210375.01393048,1
2026-07-19 04:30:00+08:00,2026-07-19 05:00:00+08:00,1784406600000,SOL-USDT,30m,75.43,75.48,75.33,75.46,1677.148211,126421.01202548,126421.01202548,1
2026-07-19 05:00:00+08:00,2026-07-19 05:30:00+08:00,1784408400000,SOL-USDT,30m,75.47,75.63,75.44,75.51,3719.501775,280954.24591905,280954.24591905,1
2026-07-19 05:30:00+08:00,2026-07-19 06:00:00+08:00,1784410200000,SOL-USDT,30m,75.51,75.52,75.35,75.48,3494.236672,263668.1272111,263668.1272111,1
2026-07-19 06:00:00+08:00,2026-07-19 06:30:00+08:00,1784412000000,SOL-USDT,30m,75.48,75.63,75.44,75.47,4459.19951,336810.34231243,336810.34231243,1
2026-07-19 06:30:00+08:00,2026-07-19 07:00:00+08:00,1784413800000,SOL-USDT,30m,75.45,75.59,75.38,75.58,2850.510898,215181.17279684,215181.17279684,1
2026-07-19 07:00:00+08:00,2026-07-19 07:30:00+08:00,1784415600000,SOL-USDT,30m,75.57,75.58,75.4,75.56,3531.067442,266692.83751165,266692.83751165,1
2026-07-19 07:30:00+08:00,2026-07-19 08:00:00+08:00,1784417400000,SOL-USDT,30m,75.56,75.57,75.43,75.52,2249.975148,169841.12231306,169841.12231306,1
2026-07-19 08:00:00+08:00,2026-07-19 08:30:00+08:00,1784419200000,SOL-USDT,30m,75.52,75.59,75.45,75.48,2842.063725,214565.87537423,214565.87537423,1
2026-07-19 08:30:00+08:00,2026-07-19 09:00:00+08:00,1784421000000,SOL-USDT,30m,75.5,75.68,75.48,75.63,4276.667909,323255.3264087,323255.3264087,1
2026-07-19 09:00:00+08:00,2026-07-19 09:30:00+08:00,1784422800000,SOL-USDT,30m,75.63,75.66,75.56,75.58,3947.32211,298503.32902066,298503.32902066,1
2026-07-19 09:30:00+08:00,2026-07-19 10:00:00+08:00,1784424600000,SOL-USDT,30m,75.59,75.73,75.53,75.68,4574.295805,345837.11632138,345837.11632138,1
2026-07-19 10:00:00+08:00,2026-07-19 10:30:00+08:00,1784426400000,SOL-USDT,30m,75.69,76.26,75.68,76.05,19245.301913,1463192.08004863,1463192.08004863,1
2026-07-19 10:30:00+08:00,2026-07-19 11:00:00+08:00,1784428200000,SOL-USDT,30m,76.06,76.58,76.06,76.2,16411.278899,1253161.23708723,1253161.23708723,1
2026-07-19 11:00:00+08:00,2026-07-19 11:30:00+08:00,1784430000000,SOL-USDT,30m,76.2,76.43,75.8,75.88,7428.460215,565062.10207408,565062.10207408,1
2026-07-19 11:30:00+08:00,2026-07-19 12:00:00+08:00,1784431800000,SOL-USDT,30m,75.88,75.97,75.86,75.95,5104.158769,387425.87173256,387425.87173256,1
2026-07-19 12:00:00+08:00,2026-07-19 12:30:00+08:00,1784433600000,SOL-USDT,30m,75.96,75.96,75.73,75.91,4701.853156,356483.02073555,356483.02073555,1
2026-07-19 12:30:00+08:00,2026-07-19 13:00:00+08:00,1784435400000,SOL-USDT,30m,75.91,76.08,75.87,75.99,5021.912145,381373.01876363,381373.01876363,1
2026-07-19 13:00:00+08:00,2026-07-19 13:30:00+08:00,1784437200000,SOL-USDT,30m,76,76.1,75.97,76,2519.921144,191571.14623403,191571.14623403,1
2026-07-19 13:30:00+08:00,2026-07-19 14:00:00+08:00,1784439000000,SOL-USDT,30m,76,76.06,75.88,75.98,1135.614361,86269.2759598,86269.2759598,1
2026-07-19 14:00:00+08:00,2026-07-19 14:30:00+08:00,1784440800000,SOL-USDT,30m,75.98,76.1,75.94,76.02,2137.639185,162536.09221437,162536.09221437,1
2026-07-19 14:30:00+08:00,2026-07-19 15:00:00+08:00,1784442600000,SOL-USDT,30m,76.01,76.15,75.98,76.11,4559.920236,346870.30364878,346870.30364878,1
2026-07-19 15:00:00+08:00,2026-07-19 15:30:00+08:00,1784444400000,SOL-USDT,30m,76.11,76.23,76,76.17,2883.256149,219486.73725521,219486.73725521,1
2026-07-19 15:30:00+08:00,2026-07-19 16:00:00+08:00,1784446200000,SOL-USDT,30m,76.19,76.33,76.08,76.15,5255.961298,400400.1377441,400400.1377441,1
2026-07-19 16:00:00+08:00,2026-07-19 16:30:00+08:00,1784448000000,SOL-USDT,30m,76.15,76.3,76.08,76.2,2969.282815,226276.34616237,226276.34616237,1
2026-07-19 16:30:00+08:00,2026-07-19 17:00:00+08:00,1784449800000,SOL-USDT,30m,76.2,76.37,76.14,76.27,7173.949867,547189.26152121,547189.26152121,1
2026-07-19 17:00:00+08:00,2026-07-19 17:30:00+08:00,1784451600000,SOL-USDT,30m,76.29,76.3,75.92,76.03,4388.799886,333990.57606523,333990.57606523,1
2026-07-19 17:30:00+08:00,2026-07-19 18:00:00+08:00,1784453400000,SOL-USDT,30m,76.04,76.11,75.93,76,3047.495591,231673.22772732,231673.22772732,1
2026-07-19 18:00:00+08:00,2026-07-19 18:30:00+08:00,1784455200000,SOL-USDT,30m,75.99,76.09,75.9,76.08,2272.019947,172703.33519061,172703.33519061,1
2026-07-19 18:30:00+08:00,2026-07-19 19:00:00+08:00,1784457000000,SOL-USDT,30m,76.08,76.53,76.04,76.26,8600.441378,656159.67623506,656159.67623506,1
2026-07-19 19:00:00+08:00,2026-07-19 19:30:00+08:00,1784458800000,SOL-USDT,30m,76.26,76.41,76.16,76.28,4757.206477,362938.33339905,362938.33339905,1
2026-07-19 19:30:00+08:00,2026-07-19 20:00:00+08:00,1784460600000,SOL-USDT,30m,76.28,76.3,76.05,76.07,2198.246043,167428.85949485,167428.85949485,1
2026-07-19 20:00:00+08:00,2026-07-19 20:30:00+08:00,1784462400000,SOL-USDT,30m,76.06,76.21,75.76,76,21905.376553,1664226.91965266,1664226.91965266,1
2026-07-19 20:30:00+08:00,2026-07-19 21:00:00+08:00,1784464200000,SOL-USDT,30m,75.99,76.18,75.93,76.04,3832.130471,291487.85287499,291487.85287499,1
2026-07-19 21:00:00+08:00,2026-07-19 21:30:00+08:00,1784466000000,SOL-USDT,30m,76.04,76.05,75.89,76.03,5380.646222,408691.17005834,408691.17005834,1
2026-07-19 21:30:00+08:00,2026-07-19 22:00:00+08:00,1784467800000,SOL-USDT,30m,76.03,76.15,75.99,76.12,4886.760873,371701.24164406,371701.24164406,1
2026-07-19 22:00:00+08:00,2026-07-19 22:30:00+08:00,1784469600000,SOL-USDT,30m,76.12,76.3,76.06,76.26,7219.425601,550069.31076134,550069.31076134,1
2026-07-19 22:30:00+08:00,2026-07-19 23:00:00+08:00,1784471400000,SOL-USDT,30m,76.26,76.69,76.25,76.41,23176.073941,1772966.84165541,1772966.84165541,1
2026-07-19 23:00:00+08:00,2026-07-19 23:30:00+08:00,1784473200000,SOL-USDT,30m,76.42,76.48,76.11,76.11,6802.886767,518949.36944426,518949.36944426,1
2026-07-19 23:30:00+08:00,2026-07-20 00:00:00+08:00,1784475000000,SOL-USDT,30m,76.11,76.3,76.07,76.22,5180.846615,394751.28073113,394751.28073113,1
2026-07-20 00:00:00+08:00,2026-07-20 00:30:00+08:00,1784476800000,SOL-USDT,30m,76.22,76.3,76.02,76.1,5137.376221,391105.31160481,391105.31160481,1
2026-07-20 00:30:00+08:00,2026-07-20 01:00:00+08:00,1784478600000,SOL-USDT,30m,76.09,76.09,75.86,75.91,6264.279755,475836.64934146,475836.64934146,1
2026-07-20 01:00:00+08:00,2026-07-20 01:30:00+08:00,1784480400000,SOL-USDT,30m,75.91,76.23,75.57,76.11,16463.988243,1249658.20508127,1249658.20508127,1
2026-07-20 01:30:00+08:00,2026-07-20 02:00:00+08:00,1784482200000,SOL-USDT,30m,76.1,76.22,75.96,75.97,3757.941413,285869.00763058,285869.00763058,1
2026-07-20 02:00:00+08:00,2026-07-20 02:30:00+08:00,1784484000000,SOL-USDT,30m,75.96,75.98,75.35,75.57,14599.188908,1103998.08296176,1103998.08296176,1
2026-07-20 02:30:00+08:00,2026-07-20 03:00:00+08:00,1784485800000,SOL-USDT,30m,75.57,75.76,75.5,75.75,6066.418056,458822.64119326,458822.64119326,1
2026-07-20 03:00:00+08:00,2026-07-20 03:30:00+08:00,1784487600000,SOL-USDT,30m,75.76,75.86,75.63,75.84,2686.70759,203642.76529215,203642.76529215,1
2026-07-20 03:30:00+08:00,2026-07-20 04:00:00+08:00,1784489400000,SOL-USDT,30m,75.83,75.89,75.73,75.88,3162.933107,239768.38659155,239768.38659155,1
2026-07-20 04:00:00+08:00,2026-07-20 04:30:00+08:00,1784491200000,SOL-USDT,30m,75.89,76.02,75.87,75.97,2885.258999,219126.37734426,219126.37734426,1
2026-07-20 04:30:00+08:00,2026-07-20 05:00:00+08:00,1784493000000,SOL-USDT,30m,75.97,76.14,75.94,76.14,3260.309406,247923.94052545,247923.94052545,1
2026-07-20 05:00:00+08:00,2026-07-20 05:30:00+08:00,1784494800000,SOL-USDT,30m,76.15,76.24,75.97,76.04,3218.063469,244990.22601211,244990.22601211,1
2026-07-20 05:30:00+08:00,2026-07-20 06:00:00+08:00,1784496600000,SOL-USDT,30m,76.05,76.05,75.7,75.79,7889.375054,598373.46057743,598373.46057743,1
2026-07-20 06:00:00+08:00,2026-07-20 06:30:00+08:00,1784498400000,SOL-USDT,30m,75.78,76.42,75.63,76.15,11708.254745,890951.66692628,890951.66692628,1
2026-07-20 06:30:00+08:00,2026-07-20 07:00:00+08:00,1784500200000,SOL-USDT,30m,76.14,76.27,76.04,76.1,4122.291279,313939.22581879,313939.22581879,1
2026-07-20 07:00:00+08:00,2026-07-20 07:30:00+08:00,1784502000000,SOL-USDT,30m,76.11,76.35,75.89,76.27,4401.449368,335056.2657981,335056.2657981,1
2026-07-20 07:30:00+08:00,2026-07-20 08:00:00+08:00,1784503800000,SOL-USDT,30m,76.28,76.57,76.26,76.38,9393.323353,717717.67840109,717717.67840109,1
2026-07-20 08:00:00+08:00,2026-07-20 08:30:00+08:00,1784505600000,SOL-USDT,30m,76.38,77.13,76.14,76.73,40812.811546,3133360.52110047,3133360.52110047,1
2026-07-20 08:30:00+08:00,2026-07-20 09:00:00+08:00,1784507400000,SOL-USDT,30m,76.74,77.06,76.32,76.57,27738.102011,2129570.34643788,2129570.34643788,1
2026-07-20 09:00:00+08:00,2026-07-20 09:30:00+08:00,1784509200000,SOL-USDT,30m,76.57,77.42,76.57,76.93,23717.24665,1827169.99966399,1827169.99966399,1
2026-07-20 09:30:00+08:00,2026-07-20 10:00:00+08:00,1784511000000,SOL-USDT,30m,76.92,76.98,76.28,76.39,10732.995375,821574.12575885,821574.12575885,1
2026-07-20 10:00:00+08:00,2026-07-20 10:30:00+08:00,1784512800000,SOL-USDT,30m,76.38,76.98,76.37,76.51,8186.286204,627910.20767652,627910.20767652,1
2026-07-20 10:30:00+08:00,2026-07-20 11:00:00+08:00,1784514600000,SOL-USDT,30m,76.5,77.19,76.47,76.97,10471.568853,805732.0783779,805732.0783779,1
2026-07-20 11:00:00+08:00,2026-07-20 11:30:00+08:00,1784516400000,SOL-USDT,30m,76.97,77.09,76.55,76.59,5567.91874,427878.5375323,427878.5375323,1
2026-07-20 11:30:00+08:00,2026-07-20 12:00:00+08:00,1784518200000,SOL-USDT,30m,76.59,76.87,76.54,76.76,7426.198617,569689.66167722,569689.66167722,1
2026-07-20 12:00:00+08:00,2026-07-20 12:30:00+08:00,1784520000000,SOL-USDT,30m,76.77,76.79,76.29,76.57,8199.673366,627105.39015584,627105.39015584,1
2026-07-20 12:30:00+08:00,2026-07-20 13:00:00+08:00,1784521800000,SOL-USDT,30m,76.57,76.93,76.46,76.46,11091.115809,851343.42501099,851343.42501099,1
2026-07-20 13:00:00+08:00,2026-07-20 13:30:00+08:00,1784523600000,SOL-USDT,30m,76.48,76.49,75.78,76.08,22996.800214,1749526.31187248,1749526.31187248,1
2026-07-20 13:30:00+08:00,2026-07-20 14:00:00+08:00,1784525400000,SOL-USDT,30m,76.08,76.16,75.81,75.9,7595.416335,577008.91466989,577008.91466989,1
2026-07-20 14:00:00+08:00,2026-07-20 14:30:00+08:00,1784527200000,SOL-USDT,30m,75.92,76.06,75.86,76,18910.588795,1436095.16150158,1436095.16150158,1
2026-07-20 14:30:00+08:00,2026-07-20 15:00:00+08:00,1784529000000,SOL-USDT,30m,75.99,76.02,75.5,75.63,23294.234037,1764327.57147124,1764327.57147124,1
2026-07-20 15:00:00+08:00,2026-07-20 15:30:00+08:00,1784530800000,SOL-USDT,30m,75.64,75.97,75.53,75.97,7364.576033,557722.83846892,557722.83846892,1
2026-07-20 15:30:00+08:00,2026-07-20 16:00:00+08:00,1784532600000,SOL-USDT,30m,75.98,76.24,75.88,76.22,6232.516111,473860.71465216,473860.71465216,1
2026-07-20 16:00:00+08:00,2026-07-20 16:30:00+08:00,1784534400000,SOL-USDT,30m,76.23,76.43,76.11,76.29,21608.113985,1648724.24291694,1648724.24291694,1
2026-07-20 16:30:00+08:00,2026-07-20 17:00:00+08:00,1784536200000,SOL-USDT,30m,76.29,76.35,75.91,76.16,13090.404712,996059.49273543,996059.49273543,1
2026-07-20 17:00:00+08:00,2026-07-20 17:30:00+08:00,1784538000000,SOL-USDT,30m,76.16,76.58,76.07,76.58,6595.232713,503071.8888413,503071.8888413,1
2026-07-20 17:30:00+08:00,2026-07-20 18:00:00+08:00,1784539800000,SOL-USDT,30m,76.58,76.79,76.45,76.47,31664.363971,2426812.37157432,2426812.37157432,1
2026-07-20 18:00:00+08:00,2026-07-20 18:30:00+08:00,1784541600000,SOL-USDT,30m,76.47,76.7,76.37,76.56,4540.532334,347215.65961129,347215.65961129,1
2026-07-20 18:30:00+08:00,2026-07-20 19:00:00+08:00,1784543400000,SOL-USDT,30m,76.55,76.56,76.34,76.36,6196.508957,473696.97669366,473696.97669366,1
2026-07-20 19:00:00+08:00,2026-07-20 19:30:00+08:00,1784545200000,SOL-USDT,30m,76.36,76.62,76.32,76.41,6379.47112,487818.6006773,487818.6006773,1
2026-07-20 19:30:00+08:00,2026-07-20 20:00:00+08:00,1784547000000,SOL-USDT,30m,76.41,77.23,76.4,77.13,36186.677813,2784753.46650643,2784753.46650643,1
2026-07-20 20:00:00+08:00,2026-07-20 20:30:00+08:00,1784548800000,SOL-USDT,30m,77.13,77.16,76.73,76.84,29504.184867,2269967.41019965,2269967.41019965,1
2026-07-20 20:30:00+08:00,2026-07-20 21:00:00+08:00,1784550600000,SOL-USDT,30m,76.85,77.13,76.67,76.75,24883.121821,1912999.34271016,1912999.34271016,1
2026-07-20 21:00:00+08:00,2026-07-20 21:30:00+08:00,1784552400000,SOL-USDT,30m,76.75,76.83,76.59,76.77,8573.617539,657864.85910794,657864.85910794,1
2026-07-20 21:30:00+08:00,2026-07-20 22:00:00+08:00,1784554200000,SOL-USDT,30m,76.76,77.13,76.14,76.28,42302.090119,3241883.80758575,3241883.80758575,1
2026-07-20 22:00:00+08:00,2026-07-20 22:30:00+08:00,1784556000000,SOL-USDT,30m,76.28,76.45,75.79,76.35,25466.934913,1939441.2168457,1939441.2168457,1
2026-07-20 22:30:00+08:00,2026-07-20 23:00:00+08:00,1784557800000,SOL-USDT,30m,76.36,76.46,76.02,76.16,12712.314647,969080.54787589,969080.54787589,1
2026-07-20 23:00:00+08:00,2026-07-20 23:30:00+08:00,1784559600000,SOL-USDT,30m,76.16,77.13,76.11,77.02,32936.996627,2530733.46233366,2530733.46233366,1
2026-07-20 23:30:00+08:00,2026-07-21 00:00:00+08:00,1784561400000,SOL-USDT,30m,77.03,77.92,76.86,77.77,46057.496755,3567634.81659903,3567634.81659903,1
2026-07-21 00:00:00+08:00,2026-07-21 00:30:00+08:00,1784563200000,SOL-USDT,30m,77.77,77.88,77.5,77.6,19932.270309,1548968.18135359,1548968.18135359,1
2026-07-21 00:30:00+08:00,2026-07-21 01:00:00+08:00,1784565000000,SOL-USDT,30m,77.6,77.81,77.45,77.68,19665.142677,1527200.51473918,1527200.51473918,1
2026-07-21 01:00:00+08:00,2026-07-21 01:30:00+08:00,1784566800000,SOL-USDT,30m,77.67,77.74,77.55,77.59,7270.588111,564579.3821121,564579.3821121,1
2026-07-21 01:30:00+08:00,2026-07-21 02:00:00+08:00,1784568600000,SOL-USDT,30m,77.61,77.91,77.38,77.75,16826.914893,1307098.34636284,1307098.34636284,1
2026-07-21 02:00:00+08:00,2026-07-21 02:30:00+08:00,1784570400000,SOL-USDT,30m,77.76,78.38,77.76,78.07,37170.902075,2903139.33852625,2903139.33852625,1
2026-07-21 02:30:00+08:00,2026-07-21 03:00:00+08:00,1784572200000,SOL-USDT,30m,78.05,78.05,77.6,77.66,17446.205945,1357218.46763155,1357218.46763155,1
2026-07-21 03:00:00+08:00,2026-07-21 03:30:00+08:00,1784574000000,SOL-USDT,30m,77.67,77.73,77.31,77.55,16040.100713,1244033.37015399,1244033.37015399,1
2026-07-21 03:30:00+08:00,2026-07-21 04:00:00+08:00,1784575800000,SOL-USDT,30m,77.55,77.69,77.37,77.64,12593.57067,976319.57911918,976319.57911918,1
2026-07-21 04:00:00+08:00,2026-07-21 04:30:00+08:00,1784577600000,SOL-USDT,30m,77.65,77.87,77.54,77.84,4706.539989,365832.68946024,365832.68946024,1
2026-07-21 04:30:00+08:00,2026-07-21 05:00:00+08:00,1784579400000,SOL-USDT,30m,77.84,78.06,77.81,77.89,8520.260395,664109.77951167,664109.77951167,1
2026-07-21 05:00:00+08:00,2026-07-21 05:30:00+08:00,1784581200000,SOL-USDT,30m,77.89,78.04,77.85,77.96,4125.387939,321590.37355384,321590.37355384,1
2026-07-21 05:30:00+08:00,2026-07-21 06:00:00+08:00,1784583000000,SOL-USDT,30m,77.96,78.03,77.74,77.76,7665.359739,597022.46322547,597022.46322547,1
2026-07-21 06:00:00+08:00,2026-07-21 06:30:00+08:00,1784584800000,SOL-USDT,30m,77.76,77.84,77.61,77.68,6239.020086,484758.72701256,484758.72701256,1
2026-07-21 06:30:00+08:00,2026-07-21 07:00:00+08:00,1784586600000,SOL-USDT,30m,77.67,77.72,77.44,77.46,4677.613825,362676.39118198,362676.39118198,1
2026-07-21 07:00:00+08:00,2026-07-21 07:30:00+08:00,1784588400000,SOL-USDT,30m,77.46,77.76,77.44,77.74,4153.369551,322561.31219066,322561.31219066,1
2026-07-21 07:30:00+08:00,2026-07-21 08:00:00+08:00,1784590200000,SOL-USDT,30m,77.73,77.89,77.66,77.85,2625.667547,204198.03671546,204198.03671546,1
2026-07-21 08:00:00+08:00,2026-07-21 08:30:00+08:00,1784592000000,SOL-USDT,30m,77.85,78.07,77.76,77.97,6504.820149,506826.20790727,506826.20790727,1
2026-07-21 08:30:00+08:00,2026-07-21 09:00:00+08:00,1784593800000,SOL-USDT,30m,77.97,78.28,77.97,78.13,7118.041266,556254.35629044,556254.35629044,1
2026-07-21 09:00:00+08:00,2026-07-21 09:30:00+08:00,1784595600000,SOL-USDT,30m,78.12,78.23,77.94,77.97,6373.190938,497326.49680291,497326.49680291,1
2026-07-21 09:30:00+08:00,2026-07-21 10:00:00+08:00,1784597400000,SOL-USDT,30m,77.98,78.1,77.81,77.85,8226.158819,640831.22969728,640831.22969728,1
2026-07-21 10:00:00+08:00,2026-07-21 10:30:00+08:00,1784599200000,SOL-USDT,30m,77.86,78.04,77.66,77.77,4421.800992,344062.0493347,344062.0493347,1
2026-07-21 10:30:00+08:00,2026-07-21 11:00:00+08:00,1784601000000,SOL-USDT,30m,77.76,78.25,77.75,78.03,11996.997305,936381.64541275,936381.64541275,1
2026-07-21 11:00:00+08:00,2026-07-21 11:30:00+08:00,1784602800000,SOL-USDT,30m,78.03,78.56,78.01,78.3,15626.785128,1224119.82136129,1224119.82136129,1
2026-07-21 11:30:00+08:00,2026-07-21 12:00:00+08:00,1784604600000,SOL-USDT,30m,78.29,78.37,78.15,78.2,3987.876796,312167.88592408,312167.88592408,1
2026-07-21 12:00:00+08:00,2026-07-21 12:30:00+08:00,1784606400000,SOL-USDT,30m,78.2,78.43,78,78.03,23610.214065,1846035.17499502,1846035.17499502,1
2026-07-21 12:30:00+08:00,2026-07-21 13:00:00+08:00,1784608200000,SOL-USDT,30m,78.04,78.25,78.02,78.14,8942.103669,698719.7759577,698719.7759577,1
2026-07-21 13:00:00+08:00,2026-07-21 13:30:00+08:00,1784610000000,SOL-USDT,30m,78.13,78.4,78.12,78.38,9373.07902,733853.42897258,733853.42897258,1
2026-07-21 13:30:00+08:00,2026-07-21 14:00:00+08:00,1784611800000,SOL-USDT,30m,78.39,78.68,78.34,78.46,13517.200542,1061346.21441868,1061346.21441868,1
2026-07-21 14:00:00+08:00,2026-07-21 14:30:00+08:00,1784613600000,SOL-USDT,30m,78.45,78.62,78.31,78.46,7283.471179,571333.15605929,571333.15605929,1
2026-07-21 14:30:00+08:00,2026-07-21 15:00:00+08:00,1784615400000,SOL-USDT,30m,78.45,78.88,78.42,78.67,24988.760674,1966682.69396371,1966682.69396371,1
2026-07-21 15:00:00+08:00,2026-07-21 15:30:00+08:00,1784617200000,SOL-USDT,30m,78.66,78.76,78.48,78.58,11980.211924,941587.60996886,941587.60996886,1
2026-07-21 15:30:00+08:00,2026-07-21 16:00:00+08:00,1784619000000,SOL-USDT,30m,78.58,78.68,78.5,78.58,12427.696721,976947.29380421,976947.29380421,1
2026-07-21 16:00:00+08:00,2026-07-21 16:30:00+08:00,1784620800000,SOL-USDT,30m,78.57,78.76,78.39,78.41,21673.788875,1702889.353388,1702889.353388,1
2026-07-21 16:30:00+08:00,2026-07-21 17:00:00+08:00,1784622600000,SOL-USDT,30m,78.42,78.51,78.35,78.37,11170.413598,876214.10022853,876214.10022853,1
2026-07-21 17:00:00+08:00,2026-07-21 17:30:00+08:00,1784624400000,SOL-USDT,30m,78.36,78.36,78.16,78.29,10574.966564,827541.33612651,827541.33612651,1
2026-07-21 17:30:00+08:00,2026-07-21 18:00:00+08:00,1784626200000,SOL-USDT,30m,78.29,78.51,78.27,78.43,16842.655633,1321103.30312555,1321103.30312555,1
2026-07-21 18:00:00+08:00,2026-07-21 18:30:00+08:00,1784628000000,SOL-USDT,30m,78.44,78.5,78.33,78.4,11298.426586,885947.13914735,885947.13914735,1
2026-07-21 18:30:00+08:00,2026-07-21 19:00:00+08:00,1784629800000,SOL-USDT,30m,78.4,78.45,78.08,78.21,11687.376498,914950.31746318,914950.31746318,1
2026-07-21 19:00:00+08:00,2026-07-21 19:30:00+08:00,1784631600000,SOL-USDT,30m,78.21,78.26,78.11,78.25,8596.074571,672057.5734837,672057.5734837,1
2026-07-21 19:30:00+08:00,2026-07-21 20:00:00+08:00,1784633400000,SOL-USDT,30m,78.25,78.45,78.25,78.37,4551.635221,356741.98216596,356741.98216596,1
2026-07-21 20:00:00+08:00,2026-07-21 20:30:00+08:00,1784635200000,SOL-USDT,30m,78.38,78.55,78.28,78.3,12564.544047,985134.97211753,985134.97211753,1
2026-07-21 20:30:00+08:00,2026-07-21 21:00:00+08:00,1784637000000,SOL-USDT,30m,78.31,78.54,78.28,78.51,13873.879135,1088167.07537028,1088167.07537028,1
2026-07-21 21:00:00+08:00,2026-07-21 21:30:00+08:00,1784638800000,SOL-USDT,30m,78.52,78.64,78.33,78.42,16342.27928,1282504.0473118,1282504.0473118,1
2026-07-21 21:30:00+08:00,2026-07-21 22:00:00+08:00,1784640600000,SOL-USDT,30m,78.42,78.64,78.22,78.58,15659.135105,1227056.55023626,1227056.55023626,1
2026-07-21 22:00:00+08:00,2026-07-21 22:30:00+08:00,1784642400000,SOL-USDT,30m,78.59,78.64,78.02,78.13,27927.074565,2187854.72693859,2187854.72693859,1
2026-07-21 22:30:00+08:00,2026-07-21 23:00:00+08:00,1784644200000,SOL-USDT,30m,78.14,78.29,77.92,78.01,18791.91382,1467540.16867927,1467540.16867927,1
2026-07-21 23:00:00+08:00,2026-07-21 23:30:00+08:00,1784646000000,SOL-USDT,30m,78.02,78.12,77.81,77.96,16037.993053,1250183.75943538,1250183.75943538,1
2026-07-21 23:30:00+08:00,2026-07-22 00:00:00+08:00,1784647800000,SOL-USDT,30m,77.96,78.17,77.86,78.14,11083.783948,864397.12157391,864397.12157391,1
2026-07-22 00:00:00+08:00,2026-07-22 00:30:00+08:00,1784649600000,SOL-USDT,30m,78.15,78.26,77.99,78.01,4711.289158,368020.56198723,368020.56198723,1
2026-07-22 00:30:00+08:00,2026-07-22 01:00:00+08:00,1784651400000,SOL-USDT,30m,78,78.24,77.97,78.21,7954.432751,621448.87509151,621448.87509151,1
2026-07-22 01:00:00+08:00,2026-07-22 01:30:00+08:00,1784653200000,SOL-USDT,30m,78.21,78.25,77.85,77.89,5879.872002,458469.3794635,458469.3794635,1
2026-07-22 01:30:00+08:00,2026-07-22 02:00:00+08:00,1784655000000,SOL-USDT,30m,77.89,77.97,77.41,77.74,18745.556612,1456280.9992857,1456280.9992857,1
2026-07-22 02:00:00+08:00,2026-07-22 02:30:00+08:00,1784656800000,SOL-USDT,30m,77.74,78,77.61,77.89,5230.677636,406919.31283857,406919.31283857,1
2026-07-22 02:30:00+08:00,2026-07-22 03:00:00+08:00,1784658600000,SOL-USDT,30m,77.9,78.03,77.73,77.87,4573.47457,356426.18625289,356426.18625289,1
2026-07-22 03:00:00+08:00,2026-07-22 03:30:00+08:00,1784660400000,SOL-USDT,30m,77.87,77.98,77.74,77.91,5856.548207,455902.52354555,455902.52354555,1
2026-07-22 03:30:00+08:00,2026-07-22 04:00:00+08:00,1784662200000,SOL-USDT,30m,77.91,78.01,77.73,77.88,12191.012894,949432.77181893,949432.77181893,1
2026-07-22 04:00:00+08:00,2026-07-22 04:30:00+08:00,1784664000000,SOL-USDT,30m,77.89,78.01,77.82,77.91,3917.763455,305265.38500661,305265.38500661,1
2026-07-22 04:30:00+08:00,2026-07-22 05:00:00+08:00,1784665800000,SOL-USDT,30m,77.9,78.12,77.87,77.91,9158.574007,714261.955568,714261.955568,1
2026-07-22 05:00:00+08:00,2026-07-22 05:30:00+08:00,1784667600000,SOL-USDT,30m,77.91,78.08,77.81,78,4519.180922,352413.34221706,352413.34221706,1
2026-07-22 05:30:00+08:00,2026-07-22 06:00:00+08:00,1784669400000,SOL-USDT,30m,78,78.15,77.98,78.05,8453.885949,659884.61718978,659884.61718978,1
2026-07-22 06:00:00+08:00,2026-07-22 06:30:00+08:00,1784671200000,SOL-USDT,30m,78.04,78.07,77.9,77.99,3669.646569,286200.17213111,286200.17213111,1
2026-07-22 06:30:00+08:00,2026-07-22 07:00:00+08:00,1784673000000,SOL-USDT,30m,77.99,78.07,77.85,78,3552.252101,276918.25692032,276918.25692032,1
2026-07-22 07:00:00+08:00,2026-07-22 07:30:00+08:00,1784674800000,SOL-USDT,30m,77.99,77.99,77.82,77.97,1604.84226,124986.14902854,124986.14902854,1
2026-07-22 07:30:00+08:00,2026-07-22 08:00:00+08:00,1784676600000,SOL-USDT,30m,77.96,78.19,77.93,78.13,4852.750057,379044.45800455,379044.45800455,1
2026-07-22 08:00:00+08:00,2026-07-22 08:30:00+08:00,1784678400000,SOL-USDT,30m,78.14,78.56,78.12,78.42,17659.641619,1384894.580247,1384894.580247,1
2026-07-22 08:30:00+08:00,2026-07-22 09:00:00+08:00,1784680200000,SOL-USDT,30m,78.42,78.59,78.34,78.45,8104.147805,636061.43527576,636061.43527576,1
2026-07-22 09:00:00+08:00,2026-07-22 09:30:00+08:00,1784682000000,SOL-USDT,30m,78.45,78.51,78.14,78.26,8976.347977,703138.85923582,703138.85923582,1
2026-07-22 09:30:00+08:00,2026-07-22 10:00:00+08:00,1784683800000,SOL-USDT,30m,78.25,78.51,78.2,78.33,5652.001947,443069.26747088,443069.26747088,1
2026-07-22 10:00:00+08:00,2026-07-22 10:30:00+08:00,1784685600000,SOL-USDT,30m,78.34,78.52,78.2,78.42,3541.761056,277517.98675839,277517.98675839,1
2026-07-22 10:30:00+08:00,2026-07-22 11:00:00+08:00,1784687400000,SOL-USDT,30m,78.41,78.41,78.07,78.12,7874.966266,615821.09976078,615821.09976078,1
2026-07-22 11:00:00+08:00,2026-07-22 11:30:00+08:00,1784689200000,SOL-USDT,30m,78.12,78.23,77.96,78.14,7328.207818,572149.9223778,572149.9223778,1
2026-07-22 11:30:00+08:00,2026-07-22 12:00:00+08:00,1784691000000,SOL-USDT,30m,78.15,78.17,77.81,77.87,5333.792962,415955.75523739,415955.75523739,1
2026-07-22 12:00:00+08:00,2026-07-22 12:30:00+08:00,1784692800000,SOL-USDT,30m,77.87,78.22,77.83,78.17,6874.989873,536813.93984165,536813.93984165,1
2026-07-22 12:30:00+08:00,2026-07-22 13:00:00+08:00,1784694600000,SOL-USDT,30m,78.17,78.23,78.05,78.08,5366.673017,419282.68797343,419282.68797343,1
2026-07-22 13:00:00+08:00,2026-07-22 13:30:00+08:00,1784696400000,SOL-USDT,30m,78.07,78.09,77.51,77.55,12959.512078,1007652.62406552,1007652.62406552,1
2026-07-22 13:30:00+08:00,2026-07-22 14:00:00+08:00,1784698200000,SOL-USDT,30m,77.54,77.7,77.39,77.43,13626.417453,1056930.73869497,1056930.73869497,1
2026-07-22 14:00:00+08:00,2026-07-22 14:30:00+08:00,1784700000000,SOL-USDT,30m,77.44,77.5,77.01,77.13,21867.243555,1688768.49495031,1688768.49495031,1
2026-07-22 14:30:00+08:00,2026-07-22 15:00:00+08:00,1784701800000,SOL-USDT,30m,77.13,77.31,77,77.3,11658.344138,900053.2594991,900053.2594991,1
2026-07-22 15:00:00+08:00,2026-07-22 15:30:00+08:00,1784703600000,SOL-USDT,30m,77.31,77.32,77.13,77.3,8856.861701,683903.16380363,683903.16380363,1
2026-07-22 15:30:00+08:00,2026-07-22 16:00:00+08:00,1784705400000,SOL-USDT,30m,77.3,77.31,77,77.11,10286.550746,793280.69022018,793280.69022018,1
2026-07-22 16:00:00+08:00,2026-07-22 16:30:00+08:00,1784707200000,SOL-USDT,30m,77.11,77.54,77.06,77.39,9402.660403,726923.67322532,726923.67322532,1
2026-07-22 16:30:00+08:00,2026-07-22 17:00:00+08:00,1784709000000,SOL-USDT,30m,77.39,77.47,77.31,77.45,5493.46843,425173.84593245,425173.84593245,1
2026-07-22 17:00:00+08:00,2026-07-22 17:30:00+08:00,1784710800000,SOL-USDT,30m,77.44,77.6,77.35,77.43,8987.226804,696242.96722989,696242.96722989,1
2026-07-22 17:30:00+08:00,2026-07-22 18:00:00+08:00,1784712600000,SOL-USDT,30m,77.42,77.6,77.3,77.56,5396.888257,417917.64320619,417917.64320619,1
2026-07-22 18:00:00+08:00,2026-07-22 18:30:00+08:00,1784714400000,SOL-USDT,30m,77.57,77.65,77.45,77.6,3915.327046,303588.33080067,303588.33080067,1
2026-07-22 18:30:00+08:00,2026-07-22 19:00:00+08:00,1784716200000,SOL-USDT,30m,77.62,77.74,77.54,77.68,5285.822232,410401.12560081,410401.12560081,1
2026-07-22 19:00:00+08:00,2026-07-22 19:30:00+08:00,1784718000000,SOL-USDT,30m,77.68,77.8,77.59,77.66,6312.256887,490308.43498555,490308.43498555,1
2026-07-22 19:30:00+08:00,2026-07-22 20:00:00+08:00,1784719800000,SOL-USDT,30m,77.67,77.75,77.49,77.57,5010.551246,388755.4528527,388755.4528527,1
2026-07-22 20:00:00+08:00,2026-07-22 20:30:00+08:00,1784721600000,SOL-USDT,30m,77.58,77.58,77.2,77.22,5511.825305,426495.15889037,426495.15889037,1
2026-07-22 20:30:00+08:00,2026-07-22 21:00:00+08:00,1784723400000,SOL-USDT,30m,77.21,77.33,77.03,77.24,10172.627928,785043.66626307,785043.66626307,1
2026-07-22 21:00:00+08:00,2026-07-22 21:30:00+08:00,1784725200000,SOL-USDT,30m,77.25,77.35,77.14,77.29,4359.455947,336710.94139603,336710.94139603,1
2026-07-22 21:30:00+08:00,2026-07-22 22:00:00+08:00,1784727000000,SOL-USDT,30m,77.29,77.95,77.23,77.88,22655.064246,1759900.7951593,1759900.7951593,1
2026-07-22 22:00:00+08:00,2026-07-22 22:30:00+08:00,1784728800000,SOL-USDT,30m,77.87,78.44,77.4,77.46,23063.593657,1796669.06387105,1796669.06387105,1
2026-07-22 22:30:00+08:00,2026-07-22 23:00:00+08:00,1784730600000,SOL-USDT,30m,77.47,77.92,77.41,77.88,8271.474455,642744.48846839,642744.48846839,1
2026-07-22 23:00:00+08:00,2026-07-22 23:30:00+08:00,1784732400000,SOL-USDT,30m,77.9,78.86,77.9,78.67,40063.896987,3141478.46700038,3141478.46700038,1
2026-07-22 23:30:00+08:00,2026-07-23 00:00:00+08:00,1784734200000,SOL-USDT,30m,78.68,78.76,78.38,78.45,11059.404948,868697.26577977,868697.26577977,1
2026-07-23 00:00:00+08:00,2026-07-23 00:30:00+08:00,1784736000000,SOL-USDT,30m,78.46,78.58,78.1,78.2,10140.550318,794415.02366291,794415.02366291,1
2026-07-23 00:30:00+08:00,2026-07-23 01:00:00+08:00,1784737800000,SOL-USDT,30m,78.2,78.81,78.18,78.58,16157.302093,1269431.68606245,1269431.68606245,1
2026-07-23 01:00:00+08:00,2026-07-23 01:30:00+08:00,1784739600000,SOL-USDT,30m,78.58,78.65,78.14,78.27,12975.393892,1016682.49145598,1016682.49145598,1
2026-07-23 01:30:00+08:00,2026-07-23 02:00:00+08:00,1784741400000,SOL-USDT,30m,78.27,78.53,78.2,78.23,13479.369194,1056250.06565043,1056250.06565043,1
2026-07-23 02:00:00+08:00,2026-07-23 02:30:00+08:00,1784743200000,SOL-USDT,30m,78.23,78.3,77.81,77.83,8015.141711,625537.78628466,625537.78628466,1
2026-07-23 02:30:00+08:00,2026-07-23 03:00:00+08:00,1784745000000,SOL-USDT,30m,77.82,77.82,77.46,77.75,12044.692025,934608.06198598,934608.06198598,1
2026-07-23 03:00:00+08:00,2026-07-23 03:30:00+08:00,1784746800000,SOL-USDT,30m,77.76,77.81,77.32,77.65,14493.627525,1124973.12545834,1124973.12545834,1
2026-07-23 03:30:00+08:00,2026-07-23 04:00:00+08:00,1784748600000,SOL-USDT,30m,77.65,77.74,77.51,77.67,8860.953469,687867.7920211,687867.7920211,1
2026-07-23 04:00:00+08:00,2026-07-23 04:30:00+08:00,1784750400000,SOL-USDT,30m,77.66,77.95,77.59,77.91,12087.114971,939548.44921968,939548.44921968,1
2026-07-23 04:30:00+08:00,2026-07-23 05:00:00+08:00,1784752200000,SOL-USDT,30m,77.91,77.97,77.75,77.81,2251.678158,175297.19465777,175297.19465777,1
2026-07-23 05:00:00+08:00,2026-07-23 05:30:00+08:00,1784754000000,SOL-USDT,30m,77.81,77.88,77.7,77.7,2141.537504,166600.22794924,166600.22794924,1
2026-07-23 05:30:00+08:00,2026-07-23 06:00:00+08:00,1784755800000,SOL-USDT,30m,77.7,78.07,77.69,78.03,6519.017539,508241.21276042,508241.21276042,1
2026-07-23 06:00:00+08:00,2026-07-23 06:30:00+08:00,1784757600000,SOL-USDT,30m,78.04,78.13,77.88,78.07,6986.489106,545264.28978775,545264.28978775,1
2026-07-23 06:30:00+08:00,2026-07-23 07:00:00+08:00,1784759400000,SOL-USDT,30m,78.06,78.06,77.72,78.01,16692.157256,1299460.14518954,1299460.14518954,1
2026-07-23 07:00:00+08:00,2026-07-23 07:30:00+08:00,1784761200000,SOL-USDT,30m,78.02,78.03,77.51,77.74,10549.013055,819687.27450028,819687.27450028,1
2026-07-23 07:30:00+08:00,2026-07-23 08:00:00+08:00,1784763000000,SOL-USDT,30m,77.74,78.02,77.7,77.98,3239.215475,252188.88761129,252188.88761129,1
2026-07-23 08:00:00+08:00,2026-07-23 08:30:00+08:00,1784764800000,SOL-USDT,30m,77.98,78.54,77.98,78.42,26073.053736,2041849.83345769,2041849.83345769,1
2026-07-23 08:30:00+08:00,2026-07-23 09:00:00+08:00,1784766600000,SOL-USDT,30m,78.42,78.46,78.23,78.26,6607.846226,517713.92128314,517713.92128314,1
2026-07-23 09:00:00+08:00,2026-07-23 09:30:00+08:00,1784768400000,SOL-USDT,30m,78.26,78.4,78.04,78.08,8338.963072,652039.30121058,652039.30121058,1
2026-07-23 09:30:00+08:00,2026-07-23 10:00:00+08:00,1784770200000,SOL-USDT,30m,78.08,78.11,77.88,77.9,10961.163466,854661.44575653,854661.44575653,1
2026-07-23 10:00:00+08:00,2026-07-23 10:30:00+08:00,1784772000000,SOL-USDT,30m,77.91,77.91,77.41,77.51,15109.488021,1173551.73501054,1173551.73501054,1
2026-07-23 10:30:00+08:00,2026-07-23 11:00:00+08:00,1784773800000,SOL-USDT,30m,77.5,77.79,77.49,77.77,5398.558005,419198.26043069,419198.26043069,1
2026-07-23 11:00:00+08:00,2026-07-23 11:30:00+08:00,1784775600000,SOL-USDT,30m,77.77,77.79,77.48,77.59,4935.387943,382984.49588207,382984.49588207,1
2026-07-23 11:30:00+08:00,2026-07-23 12:00:00+08:00,1784777400000,SOL-USDT,30m,77.58,77.7,77.53,77.62,2594.343814,201354.98726044,201354.98726044,1
2026-07-23 12:00:00+08:00,2026-07-23 12:30:00+08:00,1784779200000,SOL-USDT,30m,77.62,77.82,77.53,77.81,4239.011254,329143.93295107,329143.93295107,1
2026-07-23 12:30:00+08:00,2026-07-23 13:00:00+08:00,1784781000000,SOL-USDT,30m,77.81,77.82,77.45,77.54,8121.55415,630640.36947109,630640.36947109,1
2026-07-23 13:00:00+08:00,2026-07-23 13:30:00+08:00,1784782800000,SOL-USDT,30m,77.55,77.66,77.42,77.66,4349.437019,337130.46988052,337130.46988052,1
2026-07-23 13:30:00+08:00,2026-07-23 14:00:00+08:00,1784784600000,SOL-USDT,30m,77.66,77.73,77.48,77.54,2595.275629,201403.59966646,201403.59966646,1
2026-07-23 14:00:00+08:00,2026-07-23 14:30:00+08:00,1784786400000,SOL-USDT,30m,77.55,77.59,77.36,77.53,7068.930876,547720.03188967,547720.03188967,1
2026-07-23 14:30:00+08:00,2026-07-23 15:00:00+08:00,1784788200000,SOL-USDT,30m,77.53,77.59,77.47,77.58,4101.447971,317951.3407941,317951.3407941,1
2026-07-23 15:00:00+08:00,2026-07-23 15:30:00+08:00,1784790000000,SOL-USDT,30m,77.58,77.58,77.05,77.18,14736.643503,1137539.57025098,1137539.57025098,1
2026-07-23 15:30:00+08:00,2026-07-23 16:00:00+08:00,1784791800000,SOL-USDT,30m,77.17,77.23,77.07,77.16,9238.936719,712671.33814147,712671.33814147,1
2026-07-23 16:00:00+08:00,2026-07-23 16:30:00+08:00,1784793600000,SOL-USDT,30m,77.16,77.38,77.11,77.35,6067.822065,468629.7468826,468629.7468826,1
2026-07-23 16:30:00+08:00,2026-07-23 17:00:00+08:00,1784795400000,SOL-USDT,30m,77.35,77.49,77.35,77.46,4425.259467,342584.82794684,342584.82794684,1
2026-07-23 17:00:00+08:00,2026-07-23 17:30:00+08:00,1784797200000,SOL-USDT,30m,77.46,77.64,77.41,77.58,6148.26228,476872.56355258,476872.56355258,1
2026-07-23 17:30:00+08:00,2026-07-23 18:00:00+08:00,1784799000000,SOL-USDT,30m,77.59,77.61,77.46,77.49,4178.808814,324090.42929778,324090.42929778,1
2026-07-23 18:00:00+08:00,2026-07-23 18:30:00+08:00,1784800800000,SOL-USDT,30m,77.49,77.76,77.43,77.76,5567.699147,432154.51480226,432154.51480226,1
2026-07-23 18:30:00+08:00,2026-07-23 19:00:00+08:00,1784802600000,SOL-USDT,30m,77.75,77.8,77.68,77.73,9193.329594,714830.48424012,714830.48424012,1
2026-07-23 19:00:00+08:00,2026-07-23 19:30:00+08:00,1784804400000,SOL-USDT,30m,77.74,77.87,77.7,77.72,5453.121128,424083.46262164,424083.46262164,1
2026-07-23 19:30:00+08:00,2026-07-23 20:00:00+08:00,1784806200000,SOL-USDT,30m,77.71,77.76,77.59,77.66,10152.536879,788560.49273657,788560.49273657,1
2026-07-23 20:00:00+08:00,2026-07-23 20:30:00+08:00,1784808000000,SOL-USDT,30m,77.66,77.72,77.5,77.53,8855.371634,687284.81839707,687284.81839707,1
2026-07-23 20:30:00+08:00,2026-07-23 21:00:00+08:00,1784809800000,SOL-USDT,30m,77.52,77.53,76.48,76.92,42087.814414,3236595.46999931,3236595.46999931,1
2026-07-23 21:00:00+08:00,2026-07-23 21:30:00+08:00,1784811600000,SOL-USDT,30m,76.93,77.01,76.56,76.69,26432.406675,2028576.73275307,2028576.73275307,1
2026-07-23 21:30:00+08:00,2026-07-23 22:00:00+08:00,1784813400000,SOL-USDT,30m,76.68,77.07,76.65,76.7,25063.266013,1926276.22037736,1926276.22037736,1
2026-07-23 22:00:00+08:00,2026-07-23 22:30:00+08:00,1784815200000,SOL-USDT,30m,76.7,76.87,76.6,76.76,23949.651636,1837413.9274714,1837413.9274714,1
2026-07-23 22:30:00+08:00,2026-07-23 23:00:00+08:00,1784817000000,SOL-USDT,30m,76.74,76.86,76.33,76.43,17177.7042,1314310.64497455,1314310.64497455,1
2026-07-23 23:00:00+08:00,2026-07-23 23:30:00+08:00,1784818800000,SOL-USDT,30m,76.44,76.44,75.86,76.26,44735.041518,3405021.97759531,3405021.97759531,1
2026-07-23 23:30:00+08:00,2026-07-24 00:00:00+08:00,1784820600000,SOL-USDT,30m,76.27,76.45,76.15,76.37,9074.574354,692327.13957225,692327.13957225,1
2026-07-24 00:00:00+08:00,2026-07-24 00:30:00+08:00,1784822400000,SOL-USDT,30m,76.38,76.38,75.84,76.15,20274.928332,1542528.13954541,1542528.13954541,1
2026-07-24 00:30:00+08:00,2026-07-24 01:00:00+08:00,1784824200000,SOL-USDT,30m,76.15,76.16,75.97,76.01,5388.149958,409842.75047817,409842.75047817,1
2026-07-24 01:00:00+08:00,2026-07-24 01:30:00+08:00,1784826000000,SOL-USDT,30m,76.01,76.18,75.87,76.1,9172.753553,697182.60811073,697182.60811073,1
2026-07-24 01:30:00+08:00,2026-07-24 02:00:00+08:00,1784827800000,SOL-USDT,30m,76.1,76.14,75.48,75.65,18123.435332,1373044.5994974,1373044.5994974,1
2026-07-24 02:00:00+08:00,2026-07-24 02:30:00+08:00,1784829600000,SOL-USDT,30m,75.66,75.83,75.57,75.8,8673.251845,656527.81326839,656527.81326839,1
2026-07-24 02:30:00+08:00,2026-07-24 03:00:00+08:00,1784831400000,SOL-USDT,30m,75.82,75.85,75.62,75.81,4955.987157,375491.48848633,375491.48848633,1
2026-07-24 03:00:00+08:00,2026-07-24 03:30:00+08:00,1784833200000,SOL-USDT,30m,75.8,75.85,75.52,75.78,5058.077584,382618.54332571,382618.54332571,1
2026-07-24 03:30:00+08:00,2026-07-24 04:00:00+08:00,1784835000000,SOL-USDT,30m,75.78,75.83,75.43,75.74,10287.219316,777947.12800545,777947.12800545,1
2026-07-24 04:00:00+08:00,2026-07-24 04:30:00+08:00,1784836800000,SOL-USDT,30m,75.74,76.18,75.71,76.14,6732.628117,511550.33181309,511550.33181309,1
2026-07-24 04:30:00+08:00,2026-07-24 05:00:00+08:00,1784838600000,SOL-USDT,30m,76.14,76.17,76.07,76.14,2788.791589,212210.85862891,212210.85862891,1
2026-07-24 05:00:00+08:00,2026-07-24 05:30:00+08:00,1784840400000,SOL-USDT,30m,76.14,76.27,75.9,76.04,6716.842101,510910.20564365,510910.20564365,1
2026-07-24 05:30:00+08:00,2026-07-24 06:00:00+08:00,1784842200000,SOL-USDT,30m,76.04,76.11,75.97,76.04,2802.361639,213128.82481676,213128.82481676,1
2026-07-24 06:00:00+08:00,2026-07-24 06:30:00+08:00,1784844000000,SOL-USDT,30m,76.05,76.2,75.85,76.11,4994.228487,379618.54096062,379618.54096062,1
2026-07-24 06:30:00+08:00,2026-07-24 07:00:00+08:00,1784845800000,SOL-USDT,30m,76.1,76.23,76.1,76.19,2214.636723,168723.5331026,168723.5331026,1
2026-07-24 07:00:00+08:00,2026-07-24 07:30:00+08:00,1784847600000,SOL-USDT,30m,76.19,76.25,76.14,76.21,6399.150772,487593.89755468,487593.89755468,1
2026-07-24 07:30:00+08:00,2026-07-24 08:00:00+08:00,1784849400000,SOL-USDT,30m,76.2,76.21,75.88,75.89,4690.757674,356456.27946396,356456.27946396,1
2026-07-24 08:00:00+08:00,2026-07-24 08:30:00+08:00,1784851200000,SOL-USDT,30m,75.89,75.91,75.64,75.75,14858.539015,1126126.98356756,1126126.98356756,1
2026-07-24 08:30:00+08:00,2026-07-24 09:00:00+08:00,1784853000000,SOL-USDT,30m,75.76,75.85,75.54,75.82,7835.170246,593150.7682743,593150.7682743,1
2026-07-24 09:00:00+08:00,2026-07-24 09:30:00+08:00,1784854800000,SOL-USDT,30m,75.83,76.12,75.78,75.93,8215.466944,624090.78775988,624090.78775988,1
2026-07-24 09:30:00+08:00,2026-07-24 10:00:00+08:00,1784856600000,SOL-USDT,30m,75.92,76.02,75.67,75.7,8095.31162,614249.23527557,614249.23527557,1
2026-07-24 10:00:00+08:00,2026-07-24 10:30:00+08:00,1784858400000,SOL-USDT,30m,75.7,75.92,75.69,75.79,4489.304458,340216.90941998,340216.90941998,1
2026-07-24 10:30:00+08:00,2026-07-24 11:00:00+08:00,1784860200000,SOL-USDT,30m,75.78,75.78,75.29,75.53,10602.150712,799977.27267716,799977.27267716,1
2026-07-24 11:00:00+08:00,2026-07-24 11:30:00+08:00,1784862000000,SOL-USDT,30m,75.54,75.96,75.46,75.88,9657.883879,732385.17965746,732385.17965746,1
2026-07-24 11:30:00+08:00,2026-07-24 12:00:00+08:00,1784863800000,SOL-USDT,30m,75.89,75.93,75.75,75.84,6003.817523,455299.29854528,455299.29854528,1
2026-07-24 12:00:00+08:00,2026-07-24 12:30:00+08:00,1784865600000,SOL-USDT,30m,75.84,75.87,75.64,75.8,5285.423443,400484.4541376,400484.4541376,1
2026-07-24 12:30:00+08:00,2026-07-24 13:00:00+08:00,1784867400000,SOL-USDT,30m,75.79,75.83,75.62,75.66,2319.275486,175605.98257381,175605.98257381,1
2026-07-24 13:00:00+08:00,2026-07-24 13:30:00+08:00,1784869200000,SOL-USDT,30m,75.68,75.91,75.58,75.85,9676.075063,733585.97530828,733585.97530828,1
2026-07-24 13:30:00+08:00,2026-07-24 14:00:00+08:00,1784871000000,SOL-USDT,30m,75.85,75.87,75.7,75.79,2985.6148,226254.98099404,226254.98099404,1
2026-07-24 14:00:00+08:00,2026-07-24 14:30:00+08:00,1784872800000,SOL-USDT,30m,75.8,76.02,75.73,75.87,6728.112376,510480.46892295,510480.46892295,1
2026-07-24 14:30:00+08:00,2026-07-24 15:00:00+08:00,1784874600000,SOL-USDT,30m,75.86,75.96,75.79,75.85,3127.415645,237282.09480455,237282.09480455,1
2026-07-24 15:00:00+08:00,2026-07-24 15:30:00+08:00,1784876400000,SOL-USDT,30m,75.85,76.44,75.85,76.15,28694.861191,2187467.71149721,2187467.71149721,1
2026-07-24 15:30:00+08:00,2026-07-24 16:00:00+08:00,1784878200000,SOL-USDT,30m,76.15,76.23,75.79,76.06,12181.495336,925985.89786078,925985.89786078,1
2026-07-24 16:00:00+08:00,2026-07-24 16:30:00+08:00,1784880000000,SOL-USDT,30m,76.07,76.08,75.72,75.82,15369.743873,1166951.25542795,1166951.25542795,1
2026-07-24 16:30:00+08:00,2026-07-24 17:00:00+08:00,1784881800000,SOL-USDT,30m,75.83,75.93,75.76,75.78,5576.684823,422929.50757596,422929.50757596,1
2026-07-24 17:00:00+08:00,2026-07-24 17:30:00+08:00,1784883600000,SOL-USDT,30m,75.77,75.84,75.37,75.55,13165.521775,994954.00009873,994954.00009873,1
2026-07-24 17:30:00+08:00,2026-07-24 18:00:00+08:00,1784885400000,SOL-USDT,30m,75.55,75.68,75.43,75.63,8433.612626,636953.16281041,636953.16281041,1
2026-07-24 18:00:00+08:00,2026-07-24 18:30:00+08:00,1784887200000,SOL-USDT,30m,75.63,75.66,75.41,75.55,4283.834955,323507.83484423,323507.83484423,1
2026-07-24 18:30:00+08:00,2026-07-24 19:00:00+08:00,1784889000000,SOL-USDT,30m,75.54,75.62,75.38,75.49,2731.384267,206284.04225522,206284.04225522,1
2026-07-24 19:00:00+08:00,2026-07-24 19:30:00+08:00,1784890800000,SOL-USDT,30m,75.49,75.52,75.23,75.31,6066.700756,457262.46997329,457262.46997329,1
2026-07-24 19:30:00+08:00,2026-07-24 20:00:00+08:00,1784892600000,SOL-USDT,30m,75.33,75.34,74.99,75.2,20984.890421,1576353.06521529,1576353.06521529,1
2026-07-24 20:00:00+08:00,2026-07-24 20:30:00+08:00,1784894400000,SOL-USDT,30m,75.19,75.3,75.09,75.17,7249.408841,545070.31684182,545070.31684182,1
2026-07-24 20:30:00+08:00,2026-07-24 21:00:00+08:00,1784896200000,SOL-USDT,30m,75.18,75.26,74.81,74.87,7548.972325,565795.24898798,565795.24898798,1
2026-07-24 21:00:00+08:00,2026-07-24 21:30:00+08:00,1784898000000,SOL-USDT,30m,74.86,74.93,74.25,74.55,32874.376998,2451343.73657357,2451343.73657357,1
2026-07-24 21:30:00+08:00,2026-07-24 22:00:00+08:00,1784899800000,SOL-USDT,30m,74.54,74.59,73.97,74.22,37827.044483,2809074.26190401,2809074.26190401,1
2026-07-24 22:00:00+08:00,2026-07-24 22:30:00+08:00,1784901600000,SOL-USDT,30m,74.22,74.27,73.64,73.97,37155.557415,2747196.28635967,2747196.28635967,1
2026-07-24 22:30:00+08:00,2026-07-24 23:00:00+08:00,1784903400000,SOL-USDT,30m,73.95,74.06,73.61,74.04,16158.179348,1192985.05942875,1192985.05942875,1
2026-07-24 23:00:00+08:00,2026-07-24 23:30:00+08:00,1784905200000,SOL-USDT,30m,74.03,74.2,73.7,74.16,19180.281834,1419649.3256444,1419649.3256444,1
2026-07-24 23:30:00+08:00,2026-07-25 00:00:00+08:00,1784907000000,SOL-USDT,30m,74.16,74.3,73.99,74.04,16983.744073,1259461.76598963,1259461.76598963,1
2026-07-25 00:00:00+08:00,2026-07-25 00:30:00+08:00,1784908800000,SOL-USDT,30m,74.05,74.22,73.97,74.04,8988.131264,665871.54433611,665871.54433611,1
2026-07-25 00:30:00+08:00,2026-07-25 01:00:00+08:00,1784910600000,SOL-USDT,30m,74.03,74.04,73.72,73.91,10779.339107,796474.93697085,796474.93697085,1
2026-07-25 01:00:00+08:00,2026-07-25 01:30:00+08:00,1784912400000,SOL-USDT,30m,73.91,74.15,73.86,74.12,8604.294589,636423.92891803,636423.92891803,1
2026-07-25 01:30:00+08:00,2026-07-25 02:00:00+08:00,1784914200000,SOL-USDT,30m,74.12,74.15,73.95,74.05,4070.313289,301374.30586931,301374.30586931,1
2026-07-25 02:00:00+08:00,2026-07-25 02:30:00+08:00,1784916000000,SOL-USDT,30m,74.05,74.08,73.96,74,3994.232996,295663.31338583,295663.31338583,1
2026-07-25 02:30:00+08:00,2026-07-25 03:00:00+08:00,1784917800000,SOL-USDT,30m,74,74.06,73.9,73.98,7331.404535,542315.73559009,542315.73559009,1
2026-07-25 03:00:00+08:00,2026-07-25 03:30:00+08:00,1784919600000,SOL-USDT,30m,73.98,74,73.79,73.97,5232.479599,386545.109915,386545.109915,1
2026-07-25 03:30:00+08:00,2026-07-25 04:00:00+08:00,1784921400000,SOL-USDT,30m,73.97,74.04,73.9,73.96,10685.145867,790409.48721096,790409.48721096,1
2026-07-25 04:00:00+08:00,2026-07-25 04:30:00+08:00,1784923200000,SOL-USDT,30m,73.96,74.03,73.87,73.91,3286.279386,243033.80239953,243033.80239953,1
2026-07-25 04:30:00+08:00,2026-07-25 05:00:00+08:00,1784925000000,SOL-USDT,30m,73.91,73.91,73.72,73.79,4637.76275,342310.66732352,342310.66732352,1
2026-07-25 05:00:00+08:00,2026-07-25 05:30:00+08:00,1784926800000,SOL-USDT,30m,73.79,73.84,73.45,73.7,20451.448569,1505241.85476223,1505241.85476223,1
2026-07-25 05:30:00+08:00,2026-07-25 06:00:00+08:00,1784928600000,SOL-USDT,30m,73.71,73.82,73.62,73.65,7461.900923,550221.3465216,550221.3465216,1
2026-07-25 06:00:00+08:00,2026-07-25 06:30:00+08:00,1784930400000,SOL-USDT,30m,73.65,73.87,73.63,73.87,3134.35567,231287.84060164,231287.84060164,1
2026-07-25 06:30:00+08:00,2026-07-25 07:00:00+08:00,1784932200000,SOL-USDT,30m,73.87,73.98,73.87,73.94,4510.830142,333531.87341414,333531.87341414,1
2026-07-25 07:00:00+08:00,2026-07-25 07:30:00+08:00,1784934000000,SOL-USDT,30m,73.93,74.03,73.85,73.91,3770.134303,278771.56413293,278771.56413293,1
2026-07-25 07:30:00+08:00,2026-07-25 08:00:00+08:00,1784935800000,SOL-USDT,30m,73.92,73.98,73.86,73.96,4204.195599,310859.11085215,310859.11085215,1
2026-07-25 08:00:00+08:00,2026-07-25 08:30:00+08:00,1784937600000,SOL-USDT,30m,73.97,74.07,73.94,74.06,5284.196023,391096.554034,391096.554034,1
2026-07-25 08:30:00+08:00,2026-07-25 09:00:00+08:00,1784939400000,SOL-USDT,30m,74.06,74.15,73.97,74.13,9489.542754,702787.23887905,702787.23887905,1
2026-07-25 09:00:00+08:00,2026-07-25 09:30:00+08:00,1784941200000,SOL-USDT,30m,74.13,74.24,74.01,74.04,4700.056218,348292.0604204,348292.0604204,1
2026-07-25 09:30:00+08:00,2026-07-25 10:00:00+08:00,1784943000000,SOL-USDT,30m,74.04,74.25,74.02,74.14,5425.2264,402346.1832461,402346.1832461,1
2026-07-25 10:00:00+08:00,2026-07-25 10:30:00+08:00,1784944800000,SOL-USDT,30m,74.14,74.21,74.06,74.17,1948.975624,144481.38397622,144481.38397622,1
2026-07-25 10:30:00+08:00,2026-07-25 11:00:00+08:00,1784946600000,SOL-USDT,30m,74.17,74.22,74.06,74.1,2919.396391,216440.21277545,216440.21277545,1
2026-07-25 11:00:00+08:00,2026-07-25 11:30:00+08:00,1784948400000,SOL-USDT,30m,74.11,74.33,74.04,74.23,4946.047799,367089.39014494,367089.39014494,1
2026-07-25 11:30:00+08:00,2026-07-25 12:00:00+08:00,1784950200000,SOL-USDT,30m,74.23,74.25,74.1,74.14,7030.766299,521529.15438451,521529.15438451,1
2026-07-25 12:00:00+08:00,2026-07-25 12:30:00+08:00,1784952000000,SOL-USDT,30m,74.14,74.37,74.13,74.29,6667.714241,495199.74057633,495199.74057633,1
2026-07-25 12:30:00+08:00,2026-07-25 13:00:00+08:00,1784953800000,SOL-USDT,30m,74.3,74.34,74.24,74.31,6656.292129,494480.55674003,494480.55674003,1
2026-07-25 13:00:00+08:00,2026-07-25 13:30:00+08:00,1784955600000,SOL-USDT,30m,74.32,74.36,74.18,74.21,4335.580142,321980.29318631,321980.29318631,1
2026-07-25 13:30:00+08:00,2026-07-25 14:00:00+08:00,1784957400000,SOL-USDT,30m,74.21,74.22,73.91,73.98,6347.258931,469725.10103964,469725.10103964,1
2026-07-25 14:00:00+08:00,2026-07-25 14:30:00+08:00,1784959200000,SOL-USDT,30m,73.98,74.03,73.84,73.88,5931.421553,438590.6921022,438590.6921022,1
2026-07-25 14:30:00+08:00,2026-07-25 15:00:00+08:00,1784961000000,SOL-USDT,30m,73.87,74.04,73.77,74.04,7377.595439,544983.1995137,544983.1995137,1
2026-07-25 15:00:00+08:00,2026-07-25 15:30:00+08:00,1784962800000,SOL-USDT,30m,74.04,74.07,73.85,73.87,4934.689537,365002.04519618,365002.04519618,1
2026-07-25 15:30:00+08:00,2026-07-25 16:00:00+08:00,1784964600000,SOL-USDT,30m,73.86,73.91,73.79,73.79,4082.10383,301464.03592508,301464.03592508,1
2026-07-25 16:00:00+08:00,2026-07-25 16:30:00+08:00,1784966400000,SOL-USDT,30m,73.79,73.86,73.55,73.86,8554.697761,630508.36524642,630508.36524642,1
2026-07-25 16:30:00+08:00,2026-07-25 17:00:00+08:00,1784968200000,SOL-USDT,30m,73.86,73.87,73.74,73.8,3920.57819,289314.08917131,289314.08917131,1
2026-07-25 17:00:00+08:00,2026-07-25 17:30:00+08:00,1784970000000,SOL-USDT,30m,73.8,74,73.76,73.99,5350.159743,395167.34003259,395167.34003259,1
2026-07-25 17:30:00+08:00,2026-07-25 18:00:00+08:00,1784971800000,SOL-USDT,30m,74,74.04,73.94,73.99,2640.467433,195372.44920061,195372.44920061,1
2026-07-25 18:00:00+08:00,2026-07-25 18:30:00+08:00,1784973600000,SOL-USDT,30m,74,74.03,73.92,73.99,3568.794067,264010.08332118,264010.08332118,1
2026-07-25 18:30:00+08:00,2026-07-25 19:00:00+08:00,1784975400000,SOL-USDT,30m,73.99,74,73.91,73.99,3314.472957,245094.89079143,245094.89079143,1
2026-07-25 19:00:00+08:00,2026-07-25 19:30:00+08:00,1784977200000,SOL-USDT,30m,73.99,74.05,73.91,73.93,4631.751646,342754.33437804,342754.33437804,1
2026-07-25 19:30:00+08:00,2026-07-25 20:00:00+08:00,1784979000000,SOL-USDT,30m,73.94,73.99,73.86,73.92,2363.75144,174731.54510235,174731.54510235,1
2026-07-25 20:00:00+08:00,2026-07-25 20:30:00+08:00,1784980800000,SOL-USDT,30m,73.93,74,73.87,73.94,2537.636752,187578.4718921,187578.4718921,1
2026-07-25 20:30:00+08:00,2026-07-25 21:00:00+08:00,1784982600000,SOL-USDT,30m,73.94,73.98,73.87,73.97,5266.240636,389237.01140861,389237.01140861,1
2026-07-25 21:00:00+08:00,2026-07-25 21:30:00+08:00,1784984400000,SOL-USDT,30m,73.97,74.07,73.94,73.99,3990.183223,295289.53539449,295289.53539449,1
2026-07-25 21:30:00+08:00,2026-07-25 22:00:00+08:00,1784986200000,SOL-USDT,30m,74,74.18,73.96,73.99,5169.036785,382921.95944857,382921.95944857,1
2026-07-25 22:00:00+08:00,2026-07-25 22:30:00+08:00,1784988000000,SOL-USDT,30m,73.99,73.99,73.78,73.86,6761.268663,499335.04445355,499335.04445355,1
2026-07-25 22:30:00+08:00,2026-07-25 23:00:00+08:00,1784989800000,SOL-USDT,30m,73.86,74.08,73.85,74.06,3757.513145,277927.44777367,277927.44777367,1
2026-07-25 23:00:00+08:00,2026-07-25 23:30:00+08:00,1784991600000,SOL-USDT,30m,74.05,74.31,74.01,74.19,7168.669931,531777.49399922,531777.49399922,1
2026-07-25 23:30:00+08:00,2026-07-26 00:00:00+08:00,1784993400000,SOL-USDT,30m,74.19,74.27,74.14,74.17,4034.852129,299415.22749019,299415.22749019,1
2026-07-26 00:00:00+08:00,2026-07-26 00:30:00+08:00,1784995200000,SOL-USDT,30m,74.17,74.3,74.1,74.18,4056.05663,300905.93085356,300905.93085356,1
2026-07-26 00:30:00+08:00,2026-07-26 01:00:00+08:00,1784997000000,SOL-USDT,30m,74.18,74.43,74.17,74.32,8563.542882,636424.22751829,636424.22751829,1
2026-07-26 01:00:00+08:00,2026-07-26 01:30:00+08:00,1784998800000,SOL-USDT,30m,74.33,74.59,74.3,74.49,4713.616504,350965.96509597,350965.96509597,1
2026-07-26 01:30:00+08:00,2026-07-26 02:00:00+08:00,1785000600000,SOL-USDT,30m,74.49,74.67,74.45,74.47,6060.744414,451848.64897655,451848.64897655,1
2026-07-26 02:00:00+08:00,2026-07-26 02:30:00+08:00,1785002400000,SOL-USDT,30m,74.48,74.68,74.48,74.57,5340.499158,398102.88078942,398102.88078942,1
2026-07-26 02:30:00+08:00,2026-07-26 03:00:00+08:00,1785004200000,SOL-USDT,30m,74.56,74.72,74.52,74.65,4026.088556,300424.11294471,300424.11294471,1
2026-07-26 03:00:00+08:00,2026-07-26 03:30:00+08:00,1785006000000,SOL-USDT,30m,74.66,74.73,74.6,74.61,2630.188468,196360.71576066,196360.71576066,1
2026-07-26 03:30:00+08:00,2026-07-26 04:00:00+08:00,1785007800000,SOL-USDT,30m,74.61,74.63,74.54,74.57,1649.722781,123043.37102017,123043.37102017,1
2026-07-26 04:00:00+08:00,2026-07-26 04:30:00+08:00,1785009600000,SOL-USDT,30m,74.57,74.58,74.43,74.5,3546.029429,264148.42799201,264148.42799201,1
2026-07-26 04:30:00+08:00,2026-07-26 05:00:00+08:00,1785011400000,SOL-USDT,30m,74.5,74.51,74.4,74.44,1272.562878,94723.00108211,94723.00108211,1
2026-07-26 05:00:00+08:00,2026-07-26 05:30:00+08:00,1785013200000,SOL-USDT,30m,74.45,74.45,74.28,74.43,3060.696535,227581.19291626,227581.19291626,1
2026-07-26 05:30:00+08:00,2026-07-26 06:00:00+08:00,1785015000000,SOL-USDT,30m,74.43,74.61,74.39,74.47,7377.978214,549799.52147434,549799.52147434,1
2026-07-26 06:00:00+08:00,2026-07-26 06:30:00+08:00,1785016800000,SOL-USDT,30m,74.47,74.5,74.38,74.39,3537.816199,263338.70777932,263338.70777932,1
2026-07-26 06:30:00+08:00,2026-07-26 07:00:00+08:00,1785018600000,SOL-USDT,30m,74.38,74.53,74.3,74.5,2313.610416,172163.1972847,172163.1972847,1
2026-07-26 07:00:00+08:00,2026-07-26 07:30:00+08:00,1785020400000,SOL-USDT,30m,74.51,74.51,74.4,74.46,3336.016082,248451.00403512,248451.00403512,1
2026-07-26 07:30:00+08:00,2026-07-26 08:00:00+08:00,1785022200000,SOL-USDT,30m,74.46,74.54,74.43,74.53,2275.784431,169506.49897979,169506.49897979,1
2026-07-26 08:00:00+08:00,2026-07-26 08:30:00+08:00,1785024000000,SOL-USDT,30m,74.53,74.96,74.47,74.88,8356.709294,625009.46669076,625009.46669076,1
2026-07-26 08:30:00+08:00,2026-07-26 09:00:00+08:00,1785025800000,SOL-USDT,30m,74.89,74.9,74.66,74.78,7313.126269,546788.63985572,546788.63985572,1
2026-07-26 09:00:00+08:00,2026-07-26 09:30:00+08:00,1785027600000,SOL-USDT,30m,74.79,74.82,74.67,74.7,4208.734919,314683.07346696,314683.07346696,1
2026-07-26 09:30:00+08:00,2026-07-26 10:00:00+08:00,1785029400000,SOL-USDT,30m,74.7,74.9,74.7,74.83,2130.616224,159380.96093839,159380.96093839,1
2026-07-26 10:00:00+08:00,2026-07-26 10:30:00+08:00,1785031200000,SOL-USDT,30m,74.84,74.88,74.72,74.81,4260.172385,318632.08776996,318632.08776996,1
2026-07-26 10:30:00+08:00,2026-07-26 11:00:00+08:00,1785033000000,SOL-USDT,30m,74.81,74.93,74.72,74.9,3487.580989,261082.6432622,261082.6432622,1
2026-07-26 11:00:00+08:00,2026-07-26 11:30:00+08:00,1785034800000,SOL-USDT,30m,74.91,75.06,74.82,74.93,7738.611886,580083.11590131,580083.11590131,1
2026-07-26 11:30:00+08:00,2026-07-26 12:00:00+08:00,1785036600000,SOL-USDT,30m,74.92,75.02,74.91,75.02,3892.809778,291849.18241097,291849.18241097,1
2026-07-26 12:00:00+08:00,2026-07-26 12:30:00+08:00,1785038400000,SOL-USDT,30m,75.04,75.16,74.95,75.14,4535.939911,340455.81032555,340455.81032555,1
2026-07-26 12:30:00+08:00,2026-07-26 13:00:00+08:00,1785040200000,SOL-USDT,30m,75.14,75.23,75.03,75.08,5094.104266,382659.02655896,382659.02655896,1
2026-07-26 13:00:00+08:00,2026-07-26 13:30:00+08:00,1785042000000,SOL-USDT,30m,75.08,75.18,75.01,75.04,2474.227748,185789.85434979,185789.85434979,1
2026-07-26 13:30:00+08:00,2026-07-26 14:00:00+08:00,1785043800000,SOL-USDT,30m,75.04,75.12,74.93,75.01,3522.388501,264269.8492459,264269.8492459,1
2026-07-26 14:00:00+08:00,2026-07-26 14:30:00+08:00,1785045600000,SOL-USDT,30m,75.02,75.06,74.75,74.78,4971.548406,372210.29594852,372210.29594852,1
2026-07-26 14:30:00+08:00,2026-07-26 15:00:00+08:00,1785047400000,SOL-USDT,30m,74.78,75.14,74.76,75.12,5869.320374,439918.86263416,439918.86263416,1
2026-07-26 15:00:00+08:00,2026-07-26 15:30:00+08:00,1785049200000,SOL-USDT,30m,75.13,75.15,74.94,74.94,4232.42658,317697.39488687,317697.39488687,1
2026-07-26 15:30:00+08:00,2026-07-26 16:00:00+08:00,1785051000000,SOL-USDT,30m,74.95,74.99,74.85,74.88,1993.206408,149319.21704621,149319.21704621,1
2026-07-26 16:00:00+08:00,2026-07-26 16:30:00+08:00,1785052800000,SOL-USDT,30m,74.88,74.96,74.85,74.9,2799.141731,209646.95542699,209646.95542699,1
2026-07-26 16:30:00+08:00,2026-07-26 17:00:00+08:00,1785054600000,SOL-USDT,30m,74.91,75.07,74.88,75,4603.83724,345206.19889958,345206.19889958,1
2026-07-26 17:00:00+08:00,2026-07-26 17:30:00+08:00,1785056400000,SOL-USDT,30m,74.99,75.12,74.99,75.08,3165.928654,237661.59414563,237661.59414563,1
2026-07-26 17:30:00+08:00,2026-07-26 18:00:00+08:00,1785058200000,SOL-USDT,30m,75.08,75.28,75.02,75.07,8469.376202,636636.61107652,636636.61107652,1
2026-07-26 18:00:00+08:00,2026-07-26 18:30:00+08:00,1785060000000,SOL-USDT,30m,75.08,75.19,75.02,75.13,4851.064401,364379.74087726,364379.74087726,1
2026-07-26 18:30:00+08:00,2026-07-26 19:00:00+08:00,1785061800000,SOL-USDT,30m,75.13,75.25,75.11,75.13,3198.333159,240407.45058436,240407.45058436,1
2026-07-26 19:00:00+08:00,2026-07-26 19:30:00+08:00,1785063600000,SOL-USDT,30m,75.12,75.18,75.05,75.07,2279.655695,171163.22643371,171163.22643371,1
2026-07-26 19:30:00+08:00,2026-07-26 20:00:00+08:00,1785065400000,SOL-USDT,30m,75.06,75.1,74.9,74.94,7487.151226,561566.81189074,561566.81189074,1
2026-07-26 20:00:00+08:00,2026-07-26 20:30:00+08:00,1785067200000,SOL-USDT,30m,74.95,75.14,74.88,75,3313.808763,248618.19827532,248618.19827532,1
2026-07-26 20:30:00+08:00,2026-07-26 21:00:00+08:00,1785069000000,SOL-USDT,30m,75,75,74.82,74.87,3638.144538,272467.86587993,272467.86587993,1
2026-07-26 21:00:00+08:00,2026-07-26 21:30:00+08:00,1785070800000,SOL-USDT,30m,74.86,74.96,74.77,74.87,3697.836648,276814.11849636,276814.11849636,1
2026-07-26 21:30:00+08:00,2026-07-26 22:00:00+08:00,1785072600000,SOL-USDT,30m,74.87,74.98,74.78,74.94,4793.548464,358938.07139272,358938.07139272,1
2026-07-26 22:00:00+08:00,2026-07-26 22:30:00+08:00,1785074400000,SOL-USDT,30m,74.94,75.23,74.92,74.92,7356.767987,552368.65472911,552368.65472911,1
2026-07-26 22:30:00+08:00,2026-07-26 23:00:00+08:00,1785076200000,SOL-USDT,30m,74.92,75.08,74.89,75.06,5785.101131,433761.29468204,433761.29468204,1
2026-07-26 23:00:00+08:00,2026-07-26 23:30:00+08:00,1785078000000,SOL-USDT,30m,75.06,75.38,74.96,75.21,9296.364589,699071.26394908,699071.26394908,1
2026-07-26 23:30:00+08:00,2026-07-27 00:00:00+08:00,1785079800000,SOL-USDT,30m,75.22,75.5,75.16,75.5,6758.282854,509408.55095424,509408.55095424,1
2026-07-27 00:00:00+08:00,2026-07-27 00:30:00+08:00,1785081600000,SOL-USDT,30m,75.49,75.73,75.31,75.69,8098.009212,611591.43456744,611591.43456744,1
2026-07-27 00:30:00+08:00,2026-07-27 01:00:00+08:00,1785083400000,SOL-USDT,30m,75.68,75.98,75.53,75.54,11311.800243,856817.79052639,856817.79052639,1
2026-07-27 01:00:00+08:00,2026-07-27 01:30:00+08:00,1785085200000,SOL-USDT,30m,75.54,75.6,75.3,75.34,5157.363092,389257.74443529,389257.74443529,1
2026-07-27 01:30:00+08:00,2026-07-27 02:00:00+08:00,1785087000000,SOL-USDT,30m,75.34,75.44,75.3,75.38,3649.571866,275134.80555505,275134.80555505,1
2026-07-27 02:00:00+08:00,2026-07-27 02:30:00+08:00,1785088800000,SOL-USDT,30m,75.39,75.44,75.29,75.34,1784.965561,134502.98459445,134502.98459445,1
2026-07-27 02:30:00+08:00,2026-07-27 03:00:00+08:00,1785090600000,SOL-USDT,30m,75.34,75.45,75.3,75.39,1634.152953,123179.62214499,123179.62214499,1
2026-07-27 03:00:00+08:00,2026-07-27 03:30:00+08:00,1785092400000,SOL-USDT,30m,75.4,75.45,75.26,75.3,1843.04341,138827.76959636,138827.76959636,1
2026-07-27 03:30:00+08:00,2026-07-27 04:00:00+08:00,1785094200000,SOL-USDT,30m,75.3,75.35,75.25,75.35,2023.869354,152387.56906952,152387.56906952,1
2026-07-27 04:00:00+08:00,2026-07-27 04:30:00+08:00,1785096000000,SOL-USDT,30m,75.35,75.4,75.33,75.37,3031.568582,228493.12513717,228493.12513717,1
2026-07-27 04:30:00+08:00,2026-07-27 05:00:00+08:00,1785097800000,SOL-USDT,30m,75.36,75.4,75.31,75.35,1290.683482,97269.75065735,97269.75065735,1
2026-07-27 05:00:00+08:00,2026-07-27 05:30:00+08:00,1785099600000,SOL-USDT,30m,75.35,75.71,75.33,75.64,5654.823604,426864.16332637,426864.16332637,1
2026-07-27 05:30:00+08:00,2026-07-27 06:00:00+08:00,1785101400000,SOL-USDT,30m,75.63,75.76,75.53,75.65,6355.416023,480716.12888047,480716.12888047,1
2026-07-27 06:00:00+08:00,2026-07-27 06:30:00+08:00,1785103200000,SOL-USDT,30m,75.66,76.42,75.66,76.39,32865.077748,2503263.55100826,2503263.55100826,1
2026-07-27 06:30:00+08:00,2026-07-27 07:00:00+08:00,1785105000000,SOL-USDT,30m,76.37,76.8,76.35,76.71,19405.111872,1486085.10099065,1486085.10099065,1
2026-07-27 07:00:00+08:00,2026-07-27 07:30:00+08:00,1785106800000,SOL-USDT,30m,76.72,77.1,76.62,76.69,30045.504949,2309763.26578202,2309763.26578202,1
2026-07-27 07:30:00+08:00,2026-07-27 08:00:00+08:00,1785108600000,SOL-USDT,30m,76.68,76.77,76.52,76.77,9096.687058,697312.00201429,697312.00201429,1
2026-07-27 08:00:00+08:00,2026-07-27 08:30:00+08:00,1785110400000,SOL-USDT,30m,76.78,76.8,76.39,76.5,10084.177163,772172.89237376,772172.89237376,1
2026-07-27 08:30:00+08:00,2026-07-27 09:00:00+08:00,1785112200000,SOL-USDT,30m,76.49,76.54,76.21,76.34,8134.388518,621684.0887539,621684.0887539,1
2026-07-27 09:00:00+08:00,2026-07-27 09:30:00+08:00,1785114000000,SOL-USDT,30m,76.35,76.45,76.17,76.22,6448.411545,492186.39199755,492186.39199755,1
2026-07-27 09:30:00+08:00,2026-07-27 10:00:00+08:00,1785115800000,SOL-USDT,30m,76.22,76.53,76,76.53,11822.888005,901846.35125034,901846.35125034,1
2026-07-27 10:00:00+08:00,2026-07-27 10:30:00+08:00,1785117600000,SOL-USDT,30m,76.53,76.75,76.45,76.59,36143.782975,2768593.63362284,2768593.63362284,1
2026-07-27 10:30:00+08:00,2026-07-27 11:00:00+08:00,1785119400000,SOL-USDT,30m,76.58,76.68,76.38,76.45,7877.710744,603094.34995849,603094.34995849,1
2026-07-27 11:00:00+08:00,2026-07-27 11:30:00+08:00,1785121200000,SOL-USDT,30m,76.46,76.56,76.36,76.46,5850.693286,447257.95126781,447257.95126781,1
2026-07-27 11:30:00+08:00,2026-07-27 12:00:00+08:00,1785123000000,SOL-USDT,30m,76.46,76.52,76.34,76.43,5912.698045,451786.91591574,451786.91591574,1
2026-07-27 12:00:00+08:00,2026-07-27 12:30:00+08:00,1785124800000,SOL-USDT,30m,76.43,76.64,76.34,76.4,10404.786944,795735.15930039,795735.15930039,1
2026-07-27 12:30:00+08:00,2026-07-27 13:00:00+08:00,1785126600000,SOL-USDT,30m,76.41,76.45,76.28,76.33,6746.861847,515181.70546256,515181.70546256,1
2026-07-27 13:00:00+08:00,2026-07-27 13:30:00+08:00,1785128400000,SOL-USDT,30m,76.33,76.52,76.28,76.44,5576.078144,425997.11746081,425997.11746081,1
2026-07-27 13:30:00+08:00,2026-07-27 14:00:00+08:00,1785130200000,SOL-USDT,30m,76.44,76.66,76.32,76.57,5756.309883,440021.17375765,440021.17375765,1
2026-07-27 14:00:00+08:00,2026-07-27 14:30:00+08:00,1785132000000,SOL-USDT,30m,76.58,77.02,76.54,76.7,16286.603672,1251308.74058701,1251308.74058701,1
2026-07-27 14:30:00+08:00,2026-07-27 15:00:00+08:00,1785133800000,SOL-USDT,30m,76.69,76.94,76.65,76.73,8856.045256,680128.76710047,680128.76710047,1
2026-07-27 15:00:00+08:00,2026-07-27 15:30:00+08:00,1785135600000,SOL-USDT,30m,76.73,76.76,76.58,76.58,6168.718133,472954.72189277,472954.72189277,1
2026-07-27 15:30:00+08:00,2026-07-27 16:00:00+08:00,1785137400000,SOL-USDT,30m,76.58,76.63,76.4,76.48,11236.036949,860282.69950093,860282.69950093,1
2026-07-27 16:00:00+08:00,2026-07-27 16:30:00+08:00,1785139200000,SOL-USDT,30m,76.49,76.52,76.3,76.4,6491.642802,495937.10810308,495937.10810308,1
2026-07-27 16:30:00+08:00,2026-07-27 17:00:00+08:00,1785141000000,SOL-USDT,30m,76.4,76.41,76.24,76.31,4122.799109,314712.78533317,314712.78533317,1
2026-07-27 17:00:00+08:00,2026-07-27 17:30:00+08:00,1785142800000,SOL-USDT,30m,76.3,76.37,76.13,76.37,7301.232202,556588.85206297,556588.85206297,1
2026-07-27 17:30:00+08:00,2026-07-27 18:00:00+08:00,1785144600000,SOL-USDT,30m,76.36,76.57,76.32,76.49,10009.396506,765481.86061869,765481.86061869,1
2026-07-27 18:00:00+08:00,2026-07-27 18:30:00+08:00,1785146400000,SOL-USDT,30m,76.49,76.64,76.43,76.59,9433.82695,721803.82049602,721803.82049602,1
2026-07-27 18:30:00+08:00,2026-07-27 19:00:00+08:00,1785148200000,SOL-USDT,30m,76.6,76.68,76.55,76.63,5157.367914,395101.00456227,395101.00456227,1
2026-07-27 19:00:00+08:00,2026-07-27 19:30:00+08:00,1785150000000,SOL-USDT,30m,76.63,76.67,76.5,76.51,4094.652389,313583.22116317,313583.22116317,1
2026-07-27 19:30:00+08:00,2026-07-27 20:00:00+08:00,1785151800000,SOL-USDT,30m,76.51,76.69,76.51,76.53,4834.162019,370307.18901941,370307.18901941,1
2026-07-27 20:00:00+08:00,2026-07-27 20:30:00+08:00,1785153600000,SOL-USDT,30m,76.52,76.79,76.39,76.39,12091.03431,925801.70156766,925801.70156766,1
2026-07-27 20:30:00+08:00,2026-07-27 21:00:00+08:00,1785155400000,SOL-USDT,30m,76.4,77.07,76.25,76.85,49103.012036,3768199.4863355,3768199.4863355,1
2026-07-27 21:00:00+08:00,2026-07-27 21:30:00+08:00,1785157200000,SOL-USDT,30m,76.86,76.97,76.46,76.52,18641.579151,1429847.64986755,1429847.64986755,1
2026-07-27 21:30:00+08:00,2026-07-27 22:00:00+08:00,1785159000000,SOL-USDT,30m,76.52,77.52,76.49,76.91,54826.898171,4227417.32386232,4227417.32386232,1
2026-07-27 22:00:00+08:00,2026-07-27 22:30:00+08:00,1785160800000,SOL-USDT,30m,76.91,77.01,75.81,75.83,31618.333796,2415235.54140912,2415235.54140912,1
2026-07-27 22:30:00+08:00,2026-07-27 23:00:00+08:00,1785162600000,SOL-USDT,30m,75.82,75.82,75.01,75.49,47306.452977,3567443.84132346,3567443.84132346,1
2026-07-27 23:00:00+08:00,2026-07-27 23:30:00+08:00,1785164400000,SOL-USDT,30m,75.48,75.62,75.27,75.38,13905.227176,1049254.76693751,1049254.76693751,1
2026-07-27 23:30:00+08:00,2026-07-28 00:00:00+08:00,1785166200000,SOL-USDT,30m,75.37,75.48,75.1,75.28,8685.063037,654299.15806353,654299.15806353,1
2026-07-28 00:00:00+08:00,2026-07-28 00:30:00+08:00,1785168000000,SOL-USDT,30m,75.29,75.76,75.15,75.7,17219.93276,1299416.61853309,1299416.61853309,1
2026-07-28 00:30:00+08:00,2026-07-28 01:00:00+08:00,1785169800000,SOL-USDT,30m,75.7,75.99,75.7,75.96,11392.868357,864497.43136639,864497.43136639,1
2026-07-28 01:00:00+08:00,2026-07-28 01:30:00+08:00,1785171600000,SOL-USDT,30m,75.96,76.26,75.81,76.02,14305.236979,1087776.47190314,1087776.47190314,1
2026-07-28 01:30:00+08:00,2026-07-28 02:00:00+08:00,1785173400000,SOL-USDT,30m,76.01,76.17,75.84,75.91,9797.526523,744650.02388878,744650.02388878,1
2026-07-28 02:00:00+08:00,2026-07-28 02:30:00+08:00,1785175200000,SOL-USDT,30m,75.91,76,75.55,75.62,7508.417287,568418.40670493,568418.40670493,1
2026-07-28 02:30:00+08:00,2026-07-28 03:00:00+08:00,1785177000000,SOL-USDT,30m,75.62,75.64,75.27,75.6,13250.30585,999507.26490826,999507.26490826,1
2026-07-28 03:00:00+08:00,2026-07-28 03:30:00+08:00,1785178800000,SOL-USDT,30m,75.61,76,75.5,75.84,9159.185676,694182.31515669,694182.31515669,1
2026-07-28 03:30:00+08:00,2026-07-28 04:00:00+08:00,1785180600000,SOL-USDT,30m,75.83,76.05,75.75,75.99,12342.779702,937058.88982637,937058.88982637,1
2026-07-28 04:00:00+08:00,2026-07-28 04:30:00+08:00,1785182400000,SOL-USDT,30m,75.99,76.14,75.81,76.1,5893.310663,447864.93792505,447864.93792505,1
2026-07-28 04:30:00+08:00,2026-07-28 05:00:00+08:00,1785184200000,SOL-USDT,30m,76.09,76.1,75.81,75.96,4913.837743,372903.45612394,372903.45612394,1
2026-07-28 05:00:00+08:00,2026-07-28 05:30:00+08:00,1785186000000,SOL-USDT,30m,75.97,75.99,75.59,75.59,3445.654065,261266.71003869,261266.71003869,1
2026-07-28 05:30:00+08:00,2026-07-28 06:00:00+08:00,1785187800000,SOL-USDT,30m,75.59,75.68,75.51,75.6,4284.47509,323852.50244265,323852.50244265,1
2026-07-28 06:00:00+08:00,2026-07-28 06:30:00+08:00,1785189600000,SOL-USDT,30m,75.61,75.63,75.17,75.24,9012.033139,679335.83688044,679335.83688044,1
2026-07-28 06:30:00+08:00,2026-07-28 07:00:00+08:00,1785191400000,SOL-USDT,30m,75.23,75.38,74.01,74.07,41973.208914,3134370.46765504,3134370.46765504,1
2026-07-28 07:00:00+08:00,2026-07-28 07:30:00+08:00,1785193200000,SOL-USDT,30m,74.06,74.42,73.75,74.29,27760.240017,2053824.79618386,2053824.79618386,1
2026-07-28 07:30:00+08:00,2026-07-28 08:00:00+08:00,1785195000000,SOL-USDT,30m,74.3,74.38,73.97,74.22,10618.737452,787124.28606057,787124.28606057,1
2026-07-28 08:00:00+08:00,2026-07-28 08:30:00+08:00,1785196800000,SOL-USDT,30m,74.22,74.29,73.77,73.99,13641.817568,1009746.5786206,1009746.5786206,1
2026-07-28 08:30:00+08:00,2026-07-28 09:00:00+08:00,1785198600000,SOL-USDT,30m,74,74.09,73.68,73.73,17081.754175,1261729.01016193,1261729.01016193,1
2026-07-28 09:00:00+08:00,2026-07-28 09:30:00+08:00,1785200400000,SOL-USDT,30m,73.73,73.75,72.85,73.36,51861.751922,3795366.39130891,3795366.39130891,1
2026-07-28 09:30:00+08:00,2026-07-28 10:00:00+08:00,1785202200000,SOL-USDT,30m,73.35,73.49,73.16,73.21,12230.561342,896902.95678204,896902.95678204,1
2026-07-28 10:00:00+08:00,2026-07-28 10:30:00+08:00,1785204000000,SOL-USDT,30m,73.21,73.46,73.06,73.38,19954.034678,1462020.67203373,1462020.67203373,1
2026-07-28 10:30:00+08:00,2026-07-28 11:00:00+08:00,1785205800000,SOL-USDT,30m,73.38,73.41,73.18,73.38,14616.522207,1071403.05790385,1071403.05790385,1
2026-07-28 11:00:00+08:00,2026-07-28 11:30:00+08:00,1785207600000,SOL-USDT,30m,73.38,73.41,73.21,73.27,8257.651535,605317.72244213,605317.72244213,1
2026-07-28 11:30:00+08:00,2026-07-28 12:00:00+08:00,1785209400000,SOL-USDT,30m,73.28,73.39,73.18,73.29,7928.944115,580818.06754699,580818.06754699,1
2026-07-28 12:00:00+08:00,2026-07-28 12:30:00+08:00,1785211200000,SOL-USDT,30m,73.28,73.28,73.12,73.12,9191.079633,672678.53211804,672678.53211804,1
2026-07-28 12:30:00+08:00,2026-07-28 13:00:00+08:00,1785213000000,SOL-USDT,30m,73.11,73.28,72.99,73.21,11056.268726,808248.79868115,808248.79868115,1
2026-07-28 13:00:00+08:00,2026-07-28 13:30:00+08:00,1785214800000,SOL-USDT,30m,73.21,73.53,73.2,73.41,8762.973155,643159.98603958,643159.98603958,1
2026-07-28 13:30:00+08:00,2026-07-28 14:00:00+08:00,1785216600000,SOL-USDT,30m,73.42,73.48,73.26,73.26,7635.614665,560066.83915952,560066.83915952,1
2026-07-28 14:00:00+08:00,2026-07-28 14:30:00+08:00,1785218400000,SOL-USDT,30m,73.27,73.39,73.13,73.35,12165.06859,890963.56138456,890963.56138456,1
2026-07-28 14:30:00+08:00,2026-07-28 15:00:00+08:00,1785220200000,SOL-USDT,30m,73.36,73.49,73.34,73.45,5352.867904,393143.89301101,393143.89301101,1
2026-07-28 15:00:00+08:00,2026-07-28 15:30:00+08:00,1785222000000,SOL-USDT,30m,73.45,73.5,73.36,73.43,5498.494451,403806.10364801,403806.10364801,1
2026-07-28 15:30:00+08:00,2026-07-28 16:00:00+08:00,1785223800000,SOL-USDT,30m,73.43,73.43,73.13,73.27,12232.980207,895800.02208763,895800.02208763,1
2026-07-28 16:00:00+08:00,2026-07-28 16:30:00+08:00,1785225600000,SOL-USDT,30m,73.28,73.39,73.15,73.31,9948.837571,729023.30660711,729023.30660711,1
2026-07-28 16:30:00+08:00,2026-07-28 17:00:00+08:00,1785227400000,SOL-USDT,30m,73.31,73.44,73.22,73.36,7864.156414,576739.88619603,576739.88619603,1
2026-07-28 17:00:00+08:00,2026-07-28 17:30:00+08:00,1785229200000,SOL-USDT,30m,73.37,73.51,73.29,73.42,5614.864018,412156.08607023,412156.08607023,1
2026-07-28 17:30:00+08:00,2026-07-28 18:00:00+08:00,1785231000000,SOL-USDT,30m,73.42,73.48,73.2,73.25,9255.216053,678660.64561671,678660.64561671,1
2026-07-28 18:00:00+08:00,2026-07-28 18:30:00+08:00,1785232800000,SOL-USDT,30m,73.25,73.33,73.13,73.22,8345.788343,611033.7388962,611033.7388962,1
2026-07-28 18:30:00+08:00,2026-07-28 19:00:00+08:00,1785234600000,SOL-USDT,30m,73.22,73.32,73.14,73.15,11132.889899,815275.14378273,815275.14378273,1
2026-07-28 19:00:00+08:00,2026-07-28 19:30:00+08:00,1785236400000,SOL-USDT,30m,73.15,73.3,72.88,73.07,20050.317033,1464361.31529871,1464361.31529871,1
2026-07-28 19:30:00+08:00,2026-07-28 20:00:00+08:00,1785238200000,SOL-USDT,30m,73.06,73.34,73.05,73.19,8548.555026,625606.69938102,625606.69938102,1
2026-07-28 20:00:00+08:00,2026-07-28 20:30:00+08:00,1785240000000,SOL-USDT,30m,73.19,73.31,73.12,73.24,4494.775163,329166.92681799,329166.92681799,1
2026-07-28 20:30:00+08:00,2026-07-28 21:00:00+08:00,1785241800000,SOL-USDT,30m,73.24,73.45,73.11,73.39,15515.254131,1137130.05110999,1137130.05110999,1
2026-07-28 21:00:00+08:00,2026-07-28 21:30:00+08:00,1785243600000,SOL-USDT,30m,73.38,73.44,73,73,13902.591786,1018685.81553708,1018685.81553708,1
2026-07-28 21:30:00+08:00,2026-07-28 22:00:00+08:00,1785245400000,SOL-USDT,30m,73,73.11,72.34,72.71,50782.836449,3690280.49740548,3690280.49740548,1
2026-07-28 22:00:00+08:00,2026-07-28 22:30:00+08:00,1785247200000,SOL-USDT,30m,72.7,72.99,72.54,72.95,15656.078512,1139745.03877113,1139745.03877113,1
2026-07-28 22:30:00+08:00,2026-07-28 23:00:00+08:00,1785249000000,SOL-USDT,30m,72.95,73.5,72.83,73.41,21603.90098,1582043.45559487,1582043.45559487,1
2026-07-28 23:00:00+08:00,2026-07-28 23:30:00+08:00,1785250800000,SOL-USDT,30m,73.42,74.53,73.3,74.27,28340.550885,2095258.81867466,2095258.81867466,1
2026-07-28 23:30:00+08:00,2026-07-29 00:00:00+08:00,1785252600000,SOL-USDT,30m,74.25,74.57,74.11,74.34,15575.363862,1157712.09961175,1157712.09961175,1
2026-07-29 00:00:00+08:00,2026-07-29 00:30:00+08:00,1785254400000,SOL-USDT,30m,74.34,74.34,74.09,74.22,12906.394417,957747.41220742,957747.41220742,1
2026-07-29 00:30:00+08:00,2026-07-29 01:00:00+08:00,1785256200000,SOL-USDT,30m,74.21,74.57,74.05,74.42,9002.344945,668957.72068868,668957.72068868,1
2026-07-29 01:00:00+08:00,2026-07-29 01:30:00+08:00,1785258000000,SOL-USDT,30m,74.42,74.43,73.79,73.83,12955.580522,958954.42560439,958954.42560439,1
2026-07-29 01:30:00+08:00,2026-07-29 02:00:00+08:00,1785259800000,SOL-USDT,30m,73.83,73.84,73.55,73.82,8673.460585,639047.70984618,639047.70984618,1
2026-07-29 02:00:00+08:00,2026-07-29 02:30:00+08:00,1785261600000,SOL-USDT,30m,73.83,74.05,73.82,73.84,4641.171599,342994.19604572,342994.19604572,1
2026-07-29 02:30:00+08:00,2026-07-29 03:00:00+08:00,1785263400000,SOL-USDT,30m,73.84,73.95,73.81,73.89,2075.835326,153376.07310189,153376.07310189,1
2026-07-29 03:00:00+08:00,2026-07-29 03:30:00+08:00,1785265200000,SOL-USDT,30m,73.89,74.05,73.83,74.04,2508.719981,185503.07428786,185503.07428786,1
2026-07-29 03:30:00+08:00,2026-07-29 04:00:00+08:00,1785267000000,SOL-USDT,30m,74.05,74.39,74.05,74.32,7901.857,586763.36717708,586763.36717708,1
2026-07-29 04:00:00+08:00,2026-07-29 04:30:00+08:00,1785268800000,SOL-USDT,30m,74.33,74.37,74.11,74.11,11560.168946,858214.76745913,858214.76745913,1
2026-07-29 04:30:00+08:00,2026-07-29 05:00:00+08:00,1785270600000,SOL-USDT,30m,74.1,74.2,74.01,74.05,3943.614378,292123.92747376,292123.92747376,1
2026-07-29 05:00:00+08:00,2026-07-29 05:30:00+08:00,1785272400000,SOL-USDT,30m,74.05,74.18,74.01,74.18,3488.316519,258432.09330427,258432.09330427,1
2026-07-29 05:30:00+08:00,2026-07-29 06:00:00+08:00,1785274200000,SOL-USDT,30m,74.18,74.39,74.11,74.14,5229.477293,388308.3797202,388308.3797202,1
2026-07-29 06:00:00+08:00,2026-07-29 06:30:00+08:00,1785276000000,SOL-USDT,30m,74.15,74.23,73.98,73.98,6571.315573,487018.40021161,487018.40021161,1
2026-07-29 06:30:00+08:00,2026-07-29 07:00:00+08:00,1785277800000,SOL-USDT,30m,73.98,73.98,73.42,73.45,8028.707286,591277.44919143,591277.44919143,1
2026-07-29 07:00:00+08:00,2026-07-29 07:30:00+08:00,1785279600000,SOL-USDT,30m,73.45,73.48,73.17,73.32,8128.380382,596081.50239475,596081.50239475,1
2026-07-29 07:30:00+08:00,2026-07-29 08:00:00+08:00,1785281400000,SOL-USDT,30m,73.31,73.85,73.31,73.82,11704.770746,862136.17686574,862136.17686574,1
2026-07-29 08:00:00+08:00,2026-07-29 08:30:00+08:00,1785283200000,SOL-USDT,30m,73.82,74.19,73.81,73.95,14411.553967,1067024.96448553,1067024.96448553,1
2026-07-29 08:30:00+08:00,2026-07-29 09:00:00+08:00,1785285000000,SOL-USDT,30m,73.95,74.1,73.76,73.79,8589.076206,634605.47385026,634605.47385026,1
2026-07-29 09:00:00+08:00,2026-07-29 09:30:00+08:00,1785286800000,SOL-USDT,30m,73.79,73.79,73.48,73.7,7086.583439,521922.56220605,521922.56220605,1
2026-07-29 09:30:00+08:00,2026-07-29 10:00:00+08:00,1785288600000,SOL-USDT,30m,73.7,73.74,73.23,73.26,8991.727525,660785.45157346,660785.45157346,1
2026-07-29 10:00:00+08:00,2026-07-29 10:30:00+08:00,1785290400000,SOL-USDT,30m,73.27,73.72,73.08,73.72,8086.426515,593508.16863697,593508.16863697,1
2026-07-29 10:30:00+08:00,2026-07-29 11:00:00+08:00,1785292200000,SOL-USDT,30m,73.72,73.97,73.62,73.69,6899.506749,508922.81171277,508922.81171277,1
2026-07-29 11:00:00+08:00,2026-07-29 11:30:00+08:00,1785294000000,SOL-USDT,30m,73.7,73.75,73.25,73.26,6026.33314,442961.91991954,442961.91991954,1
2026-07-29 11:30:00+08:00,2026-07-29 12:00:00+08:00,1785295800000,SOL-USDT,30m,73.26,73.35,73.01,73.07,10215.395701,747328.15405948,747328.15405948,1
2026-07-29 12:00:00+08:00,2026-07-29 12:30:00+08:00,1785297600000,SOL-USDT,30m,73.1,73.3,72.73,73.18,21917.201816,1600036.28754882,1600036.28754882,1
2026-07-29 12:30:00+08:00,2026-07-29 13:00:00+08:00,1785299400000,SOL-USDT,30m,73.16,73.49,73.11,73.45,8578.186845,628946.63212063,628946.63212063,1
2026-07-29 13:00:00+08:00,2026-07-29 13:30:00+08:00,1785301200000,SOL-USDT,30m,73.45,73.6,73.33,73.52,12306.407939,904347.13762524,904347.13762524,1
2026-07-29 13:30:00+08:00,2026-07-29 14:00:00+08:00,1785303000000,SOL-USDT,30m,73.53,73.79,73.48,73.68,9169.013349,675874.0836166,675874.0836166,1
2026-07-29 14:00:00+08:00,2026-07-29 14:30:00+08:00,1785304800000,SOL-USDT,30m,73.68,74.01,73.53,73.99,9876.754125,728818.26907073,728818.26907073,1
2026-07-29 14:30:00+08:00,2026-07-29 15:00:00+08:00,1785306600000,SOL-USDT,30m,74,74.08,73.96,74.07,5576.124698,412823.41907646,412823.41907646,1
2026-07-29 15:00:00+08:00,2026-07-29 15:30:00+08:00,1785308400000,SOL-USDT,30m,74.08,74.15,73.98,74.15,4717.876465,349309.86919879,349309.86919879,1
2026-07-29 15:30:00+08:00,2026-07-29 16:00:00+08:00,1785310200000,SOL-USDT,30m,74.15,74.28,73.99,74.25,9976.285383,739316.80311114,739316.80311114,1
2026-07-29 16:00:00+08:00,2026-07-29 16:30:00+08:00,1785312000000,SOL-USDT,30m,74.27,74.36,73.71,73.77,25822.249258,1912323.91803761,1912323.91803761,1
2026-07-29 16:30:00+08:00,2026-07-29 17:00:00+08:00,1785313800000,SOL-USDT,30m,73.76,74.23,73.72,73.93,10369.098823,767058.52015919,767058.52015919,1
2026-07-29 17:00:00+08:00,2026-07-29 17:30:00+08:00,1785315600000,SOL-USDT,30m,73.93,74.09,73.91,74.07,6679.708018,494194.86565392,494194.86565392,1
2026-07-29 17:30:00+08:00,2026-07-29 18:00:00+08:00,1785317400000,SOL-USDT,30m,74.08,74.32,74.05,74.12,7445.613411,552191.99048954,552191.99048954,1
2026-07-29 18:00:00+08:00,2026-07-29 18:30:00+08:00,1785319200000,SOL-USDT,30m,74.13,74.14,74,74.01,8753.533242,648389.70136985,648389.70136985,1
2026-07-29 18:30:00+08:00,2026-07-29 19:00:00+08:00,1785321000000,SOL-USDT,30m,74.01,74.11,73.79,73.9,11271.195296,833810.10273202,833810.10273202,1
2026-07-29 19:00:00+08:00,2026-07-29 19:30:00+08:00,1785322800000,SOL-USDT,30m,73.91,74.1,73.88,73.94,3165.13057,234223.56792544,234223.56792544,1
2026-07-29 19:30:00+08:00,2026-07-29 20:00:00+08:00,1785324600000,SOL-USDT,30m,73.94,73.99,73.83,73.96,3193.687018,236029.76954417,236029.76954417,1
2026-07-29 20:00:00+08:00,2026-07-29 20:30:00+08:00,1785326400000,SOL-USDT,30m,73.96,73.96,73.47,73.54,9895.499167,728968.56726231,728968.56726231,1
2026-07-29 20:30:00+08:00,2026-07-29 21:00:00+08:00,1785328200000,SOL-USDT,30m,73.54,73.64,73.46,73.53,5942.0742,437119.21911621,437119.21911621,1
2026-07-29 21:00:00+08:00,2026-07-29 21:30:00+08:00,1785330000000,SOL-USDT,30m,73.53,73.61,73.43,73.57,6054.134727,445124.80119184,445124.80119184,1
2026-07-29 21:30:00+08:00,2026-07-29 22:00:00+08:00,1785331800000,SOL-USDT,30m,73.57,73.77,73.33,73.72,12008.894368,883588.92315135,883588.92315135,1
2026-07-29 22:00:00+08:00,2026-07-29 22:30:00+08:00,1785333600000,SOL-USDT,30m,73.73,73.91,73.16,73.32,13850.987197,1019014.18584898,1019014.18584898,1
2026-07-29 22:30:00+08:00,2026-07-29 23:00:00+08:00,1785335400000,SOL-USDT,30m,73.34,73.47,73.1,73.28,12610.343306,923616.72307638,923616.72307638,1
2026-07-29 23:00:00+08:00,2026-07-29 23:30:00+08:00,1785337200000,SOL-USDT,30m,73.27,73.43,73.13,73.32,12273.037699,899284.1202031,899284.1202031,1
2026-07-29 23:30:00+08:00,2026-07-30 00:00:00+08:00,1785339000000,SOL-USDT,30m,73.32,73.46,72.98,73.13,15247.948639,1115916.32078126,1115916.32078126,1
2026-07-30 00:00:00+08:00,2026-07-30 00:30:00+08:00,1785340800000,SOL-USDT,30m,73.13,73.38,72.95,73.24,13234.72963,967587.43284779,967587.43284779,1
2026-07-30 00:30:00+08:00,2026-07-30 01:00:00+08:00,1785342600000,SOL-USDT,30m,73.24,73.29,72.91,73.28,9918.84598,725248.43325949,725248.43325949,1
2026-07-30 01:00:00+08:00,2026-07-30 01:30:00+08:00,1785344400000,SOL-USDT,30m,73.29,73.56,73.27,73.28,15514.578852,1139233.60554221,1139233.60554221,1
2026-07-30 01:30:00+08:00,2026-07-30 02:00:00+08:00,1785346200000,SOL-USDT,30m,73.3,73.95,73.18,73.95,12703.685248,935054.25999642,935054.25999642,1
2026-07-30 02:00:00+08:00,2026-07-30 02:30:00+08:00,1785348000000,SOL-USDT,30m,73.94,74.37,73.81,73.93,63763.171261,4727382.72888588,4727382.72888588,1
2026-07-30 02:30:00+08:00,2026-07-30 03:00:00+08:00,1785349800000,SOL-USDT,30m,73.94,74.53,73.45,74.24,33869.505739,2509354.53111066,2509354.53111066,1
2026-07-30 03:00:00+08:00,2026-07-30 03:30:00+08:00,1785351600000,SOL-USDT,30m,74.25,74.38,73.46,73.56,17034.317924,1259384.98255926,1259384.98255926,1
2026-07-30 03:30:00+08:00,2026-07-30 04:00:00+08:00,1785353400000,SOL-USDT,30m,73.58,73.66,72.74,72.75,30939.94545,2260532.86081811,2260532.86081811,1
2026-07-30 04:00:00+08:00,2026-07-30 04:30:00+08:00,1785355200000,SOL-USDT,30m,72.77,73.11,72.44,72.74,32367.832147,2354002.35765736,2354002.35765736,1
2026-07-30 04:30:00+08:00,2026-07-30 05:00:00+08:00,1785357000000,SOL-USDT,30m,72.75,73.2,72.62,72.66,7870.911942,573759.32404434,573759.32404434,1
2026-07-30 05:00:00+08:00,2026-07-30 05:30:00+08:00,1785358800000,SOL-USDT,30m,72.66,72.96,72.33,72.95,15223.546149,1104681.98998141,1104681.98998141,1
2026-07-30 05:30:00+08:00,2026-07-30 06:00:00+08:00,1785360600000,SOL-USDT,30m,72.96,73.18,72.9,73.18,11472.494488,837824.17157461,837824.17157461,1
2026-07-30 06:00:00+08:00,2026-07-30 06:30:00+08:00,1785362400000,SOL-USDT,30m,73.19,73.8,73.19,73.71,29643.731121,2181912.33166598,2181912.33166598,1
2026-07-30 06:30:00+08:00,2026-07-30 07:00:00+08:00,1785364200000,SOL-USDT,30m,73.71,73.72,73.51,73.65,2942.551335,216588.22179897,216588.22179897,1
2026-07-30 07:00:00+08:00,2026-07-30 07:30:00+08:00,1785366000000,SOL-USDT,30m,73.65,73.75,73.42,73.62,10251.190439,754430.66530299,754430.66530299,1
2026-07-30 07:30:00+08:00,2026-07-30 08:00:00+08:00,1785367800000,SOL-USDT,30m,73.61,73.74,73.51,73.68,4487.539076,330549.81991635,330549.81991635,1
2026-07-30 08:00:00+08:00,2026-07-30 08:30:00+08:00,1785369600000,SOL-USDT,30m,73.69,73.87,73.64,73.81,4264.210265,314625.95917534,314625.95917534,1
2026-07-30 08:30:00+08:00,2026-07-30 09:00:00+08:00,1785371400000,SOL-USDT,30m,73.82,73.82,73.15,73.29,8390.768142,615644.3784347,615644.3784347,1
2026-07-30 09:00:00+08:00,2026-07-30 09:30:00+08:00,1785373200000,SOL-USDT,30m,73.3,73.76,73.28,73.66,7517.196064,552620.82927704,552620.82927704,1
2026-07-30 09:30:00+08:00,2026-07-30 10:00:00+08:00,1785375000000,SOL-USDT,30m,73.65,74.2,73.65,74.03,12866.602495,952269.31464015,952269.31464015,1
2026-07-30 10:00:00+08:00,2026-07-30 10:30:00+08:00,1785376800000,SOL-USDT,30m,74.03,74.15,73.99,74.02,5085.37881,376702.96592632,376702.96592632,1
2026-07-30 10:30:00+08:00,2026-07-30 11:00:00+08:00,1785378600000,SOL-USDT,30m,74.01,74.04,73.82,73.84,3673.916947,271686.39438169,271686.39438169,1
2026-07-30 11:00:00+08:00,2026-07-30 11:30:00+08:00,1785380400000,SOL-USDT,30m,73.85,74.01,73.72,73.91,6389.07656,471989.46097706,471989.46097706,1
2026-07-30 11:30:00+08:00,2026-07-30 12:00:00+08:00,1785382200000,SOL-USDT,30m,73.91,73.91,73.67,73.71,2739.002418,202010.36356073,202010.36356073,1
2026-07-30 12:00:00+08:00,2026-07-30 12:30:00+08:00,1785384000000,SOL-USDT,30m,73.72,73.75,73.51,73.58,3919.210492,288494.97408339,288494.97408339,1
2026-07-30 12:30:00+08:00,2026-07-30 13:00:00+08:00,1785385800000,SOL-USDT,30m,73.55,73.73,73.51,73.53,5486.968785,403891.76339844,403891.76339844,1
2026-07-30 13:00:00+08:00,2026-07-30 13:30:00+08:00,1785387600000,SOL-USDT,30m,73.53,73.62,73.43,73.58,3804.294433,279707.34820689,279707.34820689,1
2026-07-30 13:30:00+08:00,2026-07-30 14:00:00+08:00,1785389400000,SOL-USDT,30m,73.58,73.87,73.58,73.71,3846.860932,283770.17644174,283770.17644174,1
2026-07-30 14:00:00+08:00,2026-07-30 14:30:00+08:00,1785391200000,SOL-USDT,30m,73.71,73.76,73.53,73.7,9624.831116,708792.59285476,708792.59285476,1
2026-07-30 14:30:00+08:00,2026-07-30 15:00:00+08:00,1785393000000,SOL-USDT,30m,73.7,73.7,73.48,73.52,2794.29111,205665.30688704,205665.30688704,1
2026-07-30 15:00:00+08:00,2026-07-30 15:30:00+08:00,1785394800000,SOL-USDT,30m,73.53,73.82,73.51,73.69,7329.886307,540418.78445284,540418.78445284,1
2026-07-30 15:30:00+08:00,2026-07-30 16:00:00+08:00,1785396600000,SOL-USDT,30m,73.67,73.68,73.4,73.43,4234.050487,311258.34879653,311258.34879653,1
2026-07-30 16:00:00+08:00,2026-07-30 16:30:00+08:00,1785398400000,SOL-USDT,30m,73.43,73.84,73.31,73.74,7572.699098,556682.22672128,556682.22672128,1
2026-07-30 16:30:00+08:00,2026-07-30 17:00:00+08:00,1785400200000,SOL-USDT,30m,73.74,73.82,73.65,73.81,16550.194955,1220561.85588251,1220561.85588251,1
2026-07-30 17:00:00+08:00,2026-07-30 17:30:00+08:00,1785402000000,SOL-USDT,30m,73.82,74.1,73.8,74.05,9995.81932,739258.71670105,739258.71670105,1
2026-07-30 17:30:00+08:00,2026-07-30 18:00:00+08:00,1785403800000,SOL-USDT,30m,74.05,74.22,74.03,74.06,14726.695225,1091289.73472532,1091289.73472532,1
2026-07-30 18:00:00+08:00,2026-07-30 18:30:00+08:00,1785405600000,SOL-USDT,30m,74.07,74.23,74.05,74.09,16643.885102,1234016.3303422,1234016.3303422,1
2026-07-30 18:30:00+08:00,2026-07-30 19:00:00+08:00,1785407400000,SOL-USDT,30m,74.09,74.14,73.83,73.91,10063.254277,744822.70556305,744822.70556305,1
2026-07-30 19:00:00+08:00,2026-07-30 19:30:00+08:00,1785409200000,SOL-USDT,30m,73.92,74.13,73.88,74.08,11800.523037,872831.53012567,872831.53012567,1
2026-07-30 19:30:00+08:00,2026-07-30 20:00:00+08:00,1785411000000,SOL-USDT,30m,74.08,74.33,74.03,74.23,8957.348319,664723.89549248,664723.89549248,1
2026-07-30 20:00:00+08:00,2026-07-30 20:30:00+08:00,1785412800000,SOL-USDT,30m,74.24,74.36,74.11,74.19,19404.268362,1441066.44095263,1441066.44095263,1
2026-07-30 20:30:00+08:00,2026-07-30 21:00:00+08:00,1785414600000,SOL-USDT,30m,74.19,74.49,74.08,74.41,15536.495679,1154450.99336919,1154450.99336919,1
2026-07-30 21:00:00+08:00,2026-07-30 21:30:00+08:00,1785416400000,SOL-USDT,30m,74.4,74.45,74.25,74.25,5844.750511,434521.13004016,434521.13004016,1
2026-07-30 21:30:00+08:00,2026-07-30 22:00:00+08:00,1785418200000,SOL-USDT,30m,74.25,74.91,74.12,74.7,28172.442113,2100609.23156252,2100609.23156252,1
2026-07-30 22:00:00+08:00,2026-07-30 22:30:00+08:00,1785420000000,SOL-USDT,30m,74.67,74.78,74.3,74.62,19008.64859,1417155.16339222,1417155.16339222,1
2026-07-30 22:30:00+08:00,2026-07-30 23:00:00+08:00,1785421800000,SOL-USDT,30m,74.62,74.78,74.51,74.64,10840.718848,809710.95146147,809710.95146147,1
2026-07-30 23:00:00+08:00,2026-07-30 23:30:00+08:00,1785423600000,SOL-USDT,30m,74.64,74.87,74.51,74.53,13244.258525,988495.74029364,988495.74029364,1
2026-07-30 23:30:00+08:00,2026-07-31 00:00:00+08:00,1785425400000,SOL-USDT,30m,74.53,74.68,74.48,74.64,7524.805797,561193.35198258,561193.35198258,1
2026-07-31 00:00:00+08:00,2026-07-31 00:30:00+08:00,1785427200000,SOL-USDT,30m,74.65,74.85,74.63,74.73,12664.491211,946752.63634198,946752.63634198,1
2026-07-31 00:30:00+08:00,2026-07-31 01:00:00+08:00,1785429000000,SOL-USDT,30m,74.73,74.75,74.47,74.6,6951.723656,518542.52791051,518542.52791051,1
2026-07-31 01:00:00+08:00,2026-07-31 01:30:00+08:00,1785430800000,SOL-USDT,30m,74.6,74.66,74.44,74.58,11347.332299,846350.23242675,846350.23242675,1
2026-07-31 01:30:00+08:00,2026-07-31 02:00:00+08:00,1785432600000,SOL-USDT,30m,74.59,74.89,74.49,74.78,7811.596525,583603.43830164,583603.43830164,1
2026-07-31 02:00:00+08:00,2026-07-31 02:30:00+08:00,1785434400000,SOL-USDT,30m,74.78,74.99,74.69,74.74,7716.463614,577424.66725977,577424.66725977,1
2026-07-31 02:30:00+08:00,2026-07-31 03:00:00+08:00,1785436200000,SOL-USDT,30m,74.74,74.76,74.5,74.52,1956.237798,145947.01517031,145947.01517031,1
2026-07-31 03:00:00+08:00,2026-07-31 03:30:00+08:00,1785438000000,SOL-USDT,30m,74.53,74.77,74.53,74.7,3685.398142,275367.89446453,275367.89446453,1
2026-07-31 03:30:00+08:00,2026-07-31 04:00:00+08:00,1785439800000,SOL-USDT,30m,74.7,74.82,74.55,74.79,5688.475608,424785.91562497,424785.91562497,1
2026-07-31 04:00:00+08:00,2026-07-31 04:30:00+08:00,1785441600000,SOL-USDT,30m,74.78,74.91,74.57,74.59,8619.132167,644510.70712057,644510.70712057,1
2026-07-31 04:30:00+08:00,2026-07-31 05:00:00+08:00,1785443400000,SOL-USDT,30m,74.59,74.66,74.45,74.49,5874.157268,437955.08342,437955.08342,1
2026-07-31 05:00:00+08:00,2026-07-31 05:30:00+08:00,1785445200000,SOL-USDT,30m,74.5,74.62,74.44,74.47,4894.423685,364822.27130267,364822.27130267,1
2026-07-31 05:30:00+08:00,2026-07-31 06:00:00+08:00,1785447000000,SOL-USDT,30m,74.47,74.57,74.44,74.5,3705.972995,276112.11237281,276112.11237281,1
2026-07-31 06:00:00+08:00,2026-07-31 06:30:00+08:00,1785448800000,SOL-USDT,30m,74.49,74.89,74.41,74.85,8527.666002,637103.2712827,637103.2712827,1
2026-07-31 06:30:00+08:00,2026-07-31 07:00:00+08:00,1785450600000,SOL-USDT,30m,74.86,74.89,74.73,74.76,2458.477486,183899.29967853,183899.29967853,1
2026-07-31 07:00:00+08:00,2026-07-31 07:30:00+08:00,1785452400000,SOL-USDT,30m,74.75,74.79,74.66,74.69,4160.333569,310959.90589535,310959.90589535,1
2026-07-31 07:30:00+08:00,2026-07-31 08:00:00+08:00,1785454200000,SOL-USDT,30m,74.69,75,74.48,74.52,22858.570501,1708092.72028035,1708092.72028035,1
2026-07-31 08:00:00+08:00,2026-07-31 08:30:00+08:00,1785456000000,SOL-USDT,30m,74.52,74.66,74.49,74.56,7107.96445,529967.14700246,529967.14700246,1
2026-07-31 08:30:00+08:00,2026-07-31 09:00:00+08:00,1785457800000,SOL-USDT,30m,74.56,74.64,74.44,74.49,7306.555293,544264.33299161,544264.33299161,1
2026-07-31 09:00:00+08:00,2026-07-31 09:30:00+08:00,1785459600000,SOL-USDT,30m,74.5,75.3,74.5,75.12,21502.033499,1613507.26667939,1613507.26667939,1
2026-07-31 09:30:00+08:00,2026-07-31 10:00:00+08:00,1785461400000,SOL-USDT,30m,75.12,75.12,74.29,74.41,15604.307436,1165142.45527872,1165142.45527872,1
2026-07-31 10:00:00+08:00,2026-07-31 10:30:00+08:00,1785463200000,SOL-USDT,30m,74.4,74.56,74.2,74.21,7295.52637,542465.17336516,542465.17336516,1
2026-07-31 10:30:00+08:00,2026-07-31 11:00:00+08:00,1785465000000,SOL-USDT,30m,74.2,74.31,74.09,74.17,8989.519478,666846.83473844,666846.83473844,1
2026-07-31 11:00:00+08:00,2026-07-31 11:30:00+08:00,1785466800000,SOL-USDT,30m,74.17,74.36,73.89,74.22,11522.47591,853882.86013745,853882.86013745,1
2026-07-31 11:30:00+08:00,2026-07-31 12:00:00+08:00,1785468600000,SOL-USDT,30m,74.22,74.27,74.11,74.16,3362.028608,249450.54714926,249450.54714926,1
2026-07-31 12:00:00+08:00,2026-07-31 12:30:00+08:00,1785470400000,SOL-USDT,30m,74.15,74.16,73.75,73.84,8590.35822,635080.65935721,635080.65935721,1
2026-07-31 12:30:00+08:00,2026-07-31 13:00:00+08:00,1785472200000,SOL-USDT,30m,73.85,73.9,73.74,73.84,7609.966216,561825.76596659,561825.76596659,1
2026-07-31 13:00:00+08:00,2026-07-31 13:30:00+08:00,1785474000000,SOL-USDT,30m,73.84,74.33,73.83,74.19,17442.750883,1292851.705946,1292851.705946,1
2026-07-31 13:30:00+08:00,2026-07-31 14:00:00+08:00,1785475800000,SOL-USDT,30m,74.19,74.26,74.07,74.23,7091.235784,525859.494951,525859.494951,1
2026-07-31 14:00:00+08:00,2026-07-31 14:30:00+08:00,1785477600000,SOL-USDT,30m,74.25,74.45,74.2,74.45,5580.860128,414992.05296023,414992.05296023,1
2026-07-31 14:30:00+08:00,2026-07-31 15:00:00+08:00,1785479400000,SOL-USDT,30m,74.45,74.53,74.01,74.1,9156.753831,679802.20890619,679802.20890619,1
2026-07-31 15:00:00+08:00,2026-07-31 15:30:00+08:00,1785481200000,SOL-USDT,30m,74.09,74.09,73.54,73.54,13570.132679,1001571.5103552,1001571.5103552,1
2026-07-31 15:30:00+08:00,2026-07-31 16:00:00+08:00,1785483000000,SOL-USDT,30m,73.54,73.76,73.52,73.69,7152.380612,526941.36429697,526941.36429697,1
2026-07-31 16:00:00+08:00,2026-07-31 16:30:00+08:00,1785484800000,SOL-USDT,30m,73.69,73.79,73.62,73.74,8637.40947,636466.34712305,636466.34712305,1
2026-07-31 16:30:00+08:00,2026-07-31 17:00:00+08:00,1785486600000,SOL-USDT,30m,73.74,73.81,73.54,73.66,6062.478706,446653.40088942,446653.40088942,1
2026-07-31 17:00:00+08:00,2026-07-31 17:30:00+08:00,1785488400000,SOL-USDT,30m,73.67,73.72,73.46,73.49,7904.814028,581635.64659797,581635.64659797,1
2026-07-31 17:30:00+08:00,2026-07-31 18:00:00+08:00,1785490200000,SOL-USDT,30m,73.48,73.6,73.4,73.49,8793.748851,646326.75477315,646326.75477315,1
2026-07-31 18:00:00+08:00,2026-07-31 18:30:00+08:00,1785492000000,SOL-USDT,30m,73.49,73.66,73.3,73.63,6653.107403,489077.72057887,489077.72057887,1
2026-07-31 18:30:00+08:00,2026-07-31 19:00:00+08:00,1785493800000,SOL-USDT,30m,73.63,73.66,73.51,73.57,10642.654279,782995.78200793,782995.78200793,1
2026-07-31 19:00:00+08:00,2026-07-31 19:30:00+08:00,1785495600000,SOL-USDT,30m,73.58,73.73,73.5,73.6,6318.17331,465320.67018337,465320.67018337,1
2026-07-31 19:30:00+08:00,2026-07-31 20:00:00+08:00,1785497400000,SOL-USDT,30m,73.61,73.61,73.48,73.58,3367.35666,247597.57306349,247597.57306349,1
2026-07-31 20:00:00+08:00,2026-07-31 20:30:00+08:00,1785499200000,SOL-USDT,30m,73.58,73.65,73.38,73.62,6359.752275,467358.36753875,467358.36753875,1
2026-07-31 20:30:00+08:00,2026-07-31 21:00:00+08:00,1785501000000,SOL-USDT,30m,73.61,73.64,73.43,73.63,7589.317937,558272.98556562,558272.98556562,1
2026-07-31 21:00:00+08:00,2026-07-31 21:30:00+08:00,1785502800000,SOL-USDT,30m,73.64,73.82,73.63,73.81,5564.852194,410351.40011978,410351.40011978,1
2026-07-31 21:30:00+08:00,2026-07-31 22:00:00+08:00,1785504600000,SOL-USDT,30m,73.81,73.82,73.17,73.29,12965.464979,952075.27454946,952075.27454946,1
2026-07-31 22:00:00+08:00,2026-07-31 22:30:00+08:00,1785506400000,SOL-USDT,30m,73.3,73.7,72.8,73.3,48640.159961,3562881.95591815,3562881.95591815,1
2026-07-31 22:30:00+08:00,2026-07-31 23:00:00+08:00,1785508200000,SOL-USDT,30m,73.31,73.36,72.84,73.03,25105.506652,1834551.64942712,1834551.64942712,1
2026-07-31 23:00:00+08:00,2026-07-31 23:30:00+08:00,1785510000000,SOL-USDT,30m,73.05,73.13,72.89,72.98,7572.894912,552798.02585565,552798.02585565,1
2026-07-31 23:30:00+08:00,2026-08-01 00:00:00+08:00,1785511800000,SOL-USDT,30m,72.98,73.22,72.91,73.11,10184.234255,744269.35283378,744269.35283378,1
2026-08-01 00:00:00+08:00,2026-08-01 00:30:00+08:00,1785513600000,SOL-USDT,30m,73.11,73.29,72.98,73.22,11797.453269,862854.91907031,862854.91907031,1
2026-08-01 00:30:00+08:00,2026-08-01 01:00:00+08:00,1785515400000,SOL-USDT,30m,73.23,73.36,73.07,73.3,5097.474957,373193.7835404,373193.7835404,1
2026-08-01 01:00:00+08:00,2026-08-01 01:30:00+08:00,1785517200000,SOL-USDT,30m,73.3,73.38,73.18,73.33,9090.20422,666206.73128963,666206.73128963,1
2026-08-01 01:30:00+08:00,2026-08-01 02:00:00+08:00,1785519000000,SOL-USDT,30m,73.32,73.44,73.27,73.37,7996.600971,586694.00186916,586694.00186916,1
2026-08-01 02:00:00+08:00,2026-08-01 02:30:00+08:00,1785520800000,SOL-USDT,30m,73.37,73.48,73.22,73.22,7935.894775,582178.8260088,582178.8260088,1
2026-08-01 02:30:00+08:00,2026-08-01 03:00:00+08:00,1785522600000,SOL-USDT,30m,73.22,73.23,72.96,73.12,5428.226015,396884.10943731,396884.10943731,1
2026-08-01 03:00:00+08:00,2026-08-01 03:30:00+08:00,1785524400000,SOL-USDT,30m,73.11,73.2,72.95,73.02,3280.979282,239711.78508932,239711.78508932,1
2026-08-01 03:30:00+08:00,2026-08-01 04:00:00+08:00,1785526200000,SOL-USDT,30m,73.02,73.3,72.92,73.08,13763.274328,1007061.39425139,1007061.39425139,1
2026-08-01 04:00:00+08:00,2026-08-01 04:30:00+08:00,1785528000000,SOL-USDT,30m,73.09,73.23,73.08,73.12,5631.780461,411931.01522521,411931.01522521,1
2026-08-01 04:30:00+08:00,2026-08-01 05:00:00+08:00,1785529800000,SOL-USDT,30m,73.11,73.12,72.95,72.97,11847.993708,864996.2495354,864996.2495354,1
2026-08-01 05:00:00+08:00,2026-08-01 05:30:00+08:00,1785531600000,SOL-USDT,30m,72.97,73.11,72.89,73.03,3953.970181,288771.80097103,288771.80097103,1
2026-08-01 05:30:00+08:00,2026-08-01 06:00:00+08:00,1785533400000,SOL-USDT,30m,73.03,73.09,72.56,72.73,15675.723899,1141491.24367644,1141491.24367644,1
2026-08-01 06:00:00+08:00,2026-08-01 06:30:00+08:00,1785535200000,SOL-USDT,30m,72.74,72.92,72.68,72.88,5464.476571,397927.11796069,397927.11796069,1
2026-08-01 06:30:00+08:00,2026-08-01 07:00:00+08:00,1785537000000,SOL-USDT,30m,72.87,72.95,72.85,72.85,2558.997385,186559.18781303,186559.18781303,1
2026-08-01 07:00:00+08:00,2026-08-01 07:30:00+08:00,1785538800000,SOL-USDT,30m,72.86,72.97,72.84,72.91,3154.72844,230073.9621177,230073.9621177,1
2026-08-01 07:30:00+08:00,2026-08-01 08:00:00+08:00,1785540600000,SOL-USDT,30m,72.91,72.94,72.8,72.87,5327.192614,388260.10150653,388260.10150653,1
2026-08-01 08:00:00+08:00,2026-08-01 08:30:00+08:00,1785542400000,SOL-USDT,30m,72.88,73.04,72.88,73.01,2955.302626,215634.70945144,215634.70945144,1
2026-08-01 08:30:00+08:00,2026-08-01 09:00:00+08:00,1785544200000,SOL-USDT,30m,73.01,73.16,72.94,73.02,8978.411724,655620.54643025,655620.54643025,1
2026-08-01 09:00:00+08:00,2026-08-01 09:30:00+08:00,1785546000000,SOL-USDT,30m,73.02,73.15,73.02,73.09,2876.952846,210261.60674237,210261.60674237,1
2026-08-01 09:30:00+08:00,2026-08-01 10:00:00+08:00,1785547800000,SOL-USDT,30m,73.09,73.11,72.99,73.03,3036.752556,221843.05072744,221843.05072744,1
2026-08-01 10:00:00+08:00,2026-08-01 10:30:00+08:00,1785549600000,SOL-USDT,30m,73.04,73.16,73.01,73.15,3149.410843,230211.25772165,230211.25772165,1
2026-08-01 10:30:00+08:00,2026-08-01 11:00:00+08:00,1785551400000,SOL-USDT,30m,73.15,73.17,73.01,73.09,4104.91228,300066.50024808,300066.50024808,1
2026-08-01 11:00:00+08:00,2026-08-01 11:30:00+08:00,1785553200000,SOL-USDT,30m,73.09,73.11,72.92,72.92,2010.622738,146815.86807941,146815.86807941,1
2026-08-01 11:30:00+08:00,2026-08-01 12:00:00+08:00,1785555000000,SOL-USDT,30m,72.93,73.04,72.88,73.04,12209.432534,890712.19067209,890712.19067209,1
2026-08-01 12:00:00+08:00,2026-08-01 12:30:00+08:00,1785556800000,SOL-USDT,30m,73.04,73.14,73.03,73.11,3063.674189,223947.95220315,223947.95220315,1
2026-08-01 12:30:00+08:00,2026-08-01 13:00:00+08:00,1785558600000,SOL-USDT,30m,73.12,73.22,73.08,73.18,2025.505285,148146.4806624,148146.4806624,1
2026-08-01 13:00:00+08:00,2026-08-01 13:30:00+08:00,1785560400000,SOL-USDT,30m,73.18,73.21,73.05,73.06,3708.994896,271245.6110826,271245.6110826,1
2026-08-01 13:30:00+08:00,2026-08-01 14:00:00+08:00,1785562200000,SOL-USDT,30m,73.06,73.11,72.88,72.96,3335.363407,243460.99426844,243460.99426844,1
2026-08-01 14:00:00+08:00,2026-08-01 14:30:00+08:00,1785564000000,SOL-USDT,30m,72.96,73.04,72.9,73.02,2097.424681,153066.88423233,153066.88423233,1
2026-08-01 14:30:00+08:00,2026-08-01 15:00:00+08:00,1785565800000,SOL-USDT,30m,73.02,73.03,72.97,73,1872.414025,136679.31402221,136679.31402221,1
2026-08-01 15:00:00+08:00,2026-08-01 15:30:00+08:00,1785567600000,SOL-USDT,30m,73.01,73.11,72.98,73,2968.89033,216888.98134416,216888.98134416,1
2026-08-01 15:30:00+08:00,2026-08-01 16:00:00+08:00,1785569400000,SOL-USDT,30m,73,73.02,72.93,72.98,3324.162062,242572.72968134,242572.72968134,1
2026-08-01 16:00:00+08:00,2026-08-01 16:30:00+08:00,1785571200000,SOL-USDT,30m,72.99,73.08,72.96,73.04,1486.842158,108554.11631853,108554.11631853,1
2026-08-01 16:30:00+08:00,2026-08-01 17:00:00+08:00,1785573000000,SOL-USDT,30m,73.05,73.07,72.98,73.05,2551.20338,186312.89706783,186312.89706783,1
2026-08-01 17:00:00+08:00,2026-08-01 17:30:00+08:00,1785574800000,SOL-USDT,30m,73.05,73.09,72.96,72.96,2920.829371,213255.64506478,213255.64506478,1
2026-08-01 17:30:00+08:00,2026-08-01 18:00:00+08:00,1785576600000,SOL-USDT,30m,72.96,72.99,72.84,72.85,2717.575021,198215.64927648,198215.64927648,1
2026-08-01 18:00:00+08:00,2026-08-01 18:30:00+08:00,1785578400000,SOL-USDT,30m,72.85,72.9,72.67,72.84,3868.871837,281585.06226579,281585.06226579,1
2026-08-01 18:30:00+08:00,2026-08-01 19:00:00+08:00,1785580200000,SOL-USDT,30m,72.84,72.9,72.8,72.85,2664.198027,194076.43812995,194076.43812995,1
2026-08-01 19:00:00+08:00,2026-08-01 19:30:00+08:00,1785582000000,SOL-USDT,30m,72.86,72.92,72.8,72.87,2300.165811,167584.33588442,167584.33588442,1
2026-08-01 19:30:00+08:00,2026-08-01 20:00:00+08:00,1785583800000,SOL-USDT,30m,72.88,72.91,72.85,72.9,2587.304722,188587.01133731,188587.01133731,1
2026-08-01 20:00:00+08:00,2026-08-01 20:30:00+08:00,1785585600000,SOL-USDT,30m,72.91,72.95,72.88,72.94,1191.482079,86877.23039108,86877.23039108,1
2026-08-01 20:30:00+08:00,2026-08-01 21:00:00+08:00,1785587400000,SOL-USDT,30m,72.94,72.96,72.89,72.95,1647.389041,120138.42656956,120138.42656956,1
2026-08-01 21:00:00+08:00,2026-08-01 21:30:00+08:00,1785589200000,SOL-USDT,30m,72.95,73,72.92,72.94,1794.447164,130922.95639394,130922.95639394,1
2026-08-01 21:30:00+08:00,2026-08-01 22:00:00+08:00,1785591000000,SOL-USDT,30m,72.93,73.01,72.91,72.99,2749.296108,200612.53058873,200612.53058873,1
2026-08-01 22:00:00+08:00,2026-08-01 22:30:00+08:00,1785592800000,SOL-USDT,30m,72.99,73.05,72.88,72.99,2908.416996,212228.78921941,212228.78921941,1
2026-08-01 22:30:00+08:00,2026-08-01 23:00:00+08:00,1785594600000,SOL-USDT,30m,72.99,73.03,72.94,73.03,3233.445521,235995.71227549,235995.71227549,1
2026-08-01 23:00:00+08:00,2026-08-01 23:30:00+08:00,1785596400000,SOL-USDT,30m,73.03,73.04,72.85,72.86,2471.333282,180276.02203577,180276.02203577,1
2026-08-01 23:30:00+08:00,2026-08-02 00:00:00+08:00,1785598200000,SOL-USDT,30m,72.86,72.87,72.73,72.79,5746.949298,418459.02717772,418459.02717772,1
2026-08-02 00:00:00+08:00,2026-08-02 00:30:00+08:00,1785600000000,SOL-USDT,30m,72.8,72.94,72.74,72.9,5422.008446,395035.55985769,395035.55985769,1
2026-08-02 00:30:00+08:00,2026-08-02 01:00:00+08:00,1785601800000,SOL-USDT,30m,72.9,72.95,72.48,72.71,12703.394891,922944.58308749,922944.58308749,1
2026-08-02 01:00:00+08:00,2026-08-02 01:30:00+08:00,1785603600000,SOL-USDT,30m,72.7,72.79,72.08,72.18,25282.989036,1828129.96406848,1828129.96406848,1
2026-08-02 01:30:00+08:00,2026-08-02 02:00:00+08:00,1785605400000,SOL-USDT,30m,72.18,72.18,71.63,71.93,40984.679374,2946310.40442781,2946310.40442781,1
2026-08-02 02:00:00+08:00,2026-08-02 02:30:00+08:00,1785607200000,SOL-USDT,30m,71.92,71.98,71.42,71.55,20654.100445,1480138.36821389,1480138.36821389,1
2026-08-02 02:30:00+08:00,2026-08-02 03:00:00+08:00,1785609000000,SOL-USDT,30m,71.54,71.54,70.58,71.09,50914.355434,3617688.00420003,3617688.00420003,1
2026-08-02 03:00:00+08:00,2026-08-02 03:30:00+08:00,1785610800000,SOL-USDT,30m,71.08,71.33,71.06,71.26,10199.236745,726592.5024044,726592.5024044,1
2026-08-02 03:30:00+08:00,2026-08-02 04:00:00+08:00,1785612600000,SOL-USDT,30m,71.26,71.37,71.18,71.27,5549.718303,395623.62551282,395623.62551282,1
2026-08-02 04:00:00+08:00,2026-08-02 04:30:00+08:00,1785614400000,SOL-USDT,30m,71.27,71.52,71.22,71.44,10797.007478,770670.65060104,770670.65060104,1
2026-08-02 04:30:00+08:00,2026-08-02 05:00:00+08:00,1785616200000,SOL-USDT,30m,71.43,71.57,71.35,71.57,4602.068831,328949.84423032,328949.84423032,1
2026-08-02 05:00:00+08:00,2026-08-02 05:30:00+08:00,1785618000000,SOL-USDT,30m,71.57,71.81,71.56,71.71,10442.823797,748498.29077655,748498.29077655,1
2026-08-02 05:30:00+08:00,2026-08-02 06:00:00+08:00,1785619800000,SOL-USDT,30m,71.71,71.86,71.68,71.85,7828.028938,561896.4410689,561896.4410689,1
2026-08-02 06:00:00+08:00,2026-08-02 06:30:00+08:00,1785621600000,SOL-USDT,30m,71.86,72.01,71.86,71.99,5777.751489,415695.41284489,415695.41284489,1
2026-08-02 06:30:00+08:00,2026-08-02 07:00:00+08:00,1785623400000,SOL-USDT,30m,71.99,72,71.9,71.92,2652.076576,190812.85295071,190812.85295071,1
2026-08-02 07:00:00+08:00,2026-08-02 07:30:00+08:00,1785625200000,SOL-USDT,30m,71.92,72.09,71.82,71.83,5649.199656,406526.12034145,406526.12034145,1
2026-08-02 07:30:00+08:00,2026-08-02 08:00:00+08:00,1785627000000,SOL-USDT,30m,71.83,71.96,71.83,71.94,2682.321069,192857.47032374,192857.47032374,1
2026-08-02 08:00:00+08:00,2026-08-02 08:30:00+08:00,1785628800000,SOL-USDT,30m,71.95,72.15,71.93,72.06,4234.970466,305109.63582783,305109.63582783,1
2026-08-02 08:30:00+08:00,2026-08-02 09:00:00+08:00,1785630600000,SOL-USDT,30m,72.06,72.11,72.01,72.11,2372.321586,170940.3098055,170940.3098055,1
2026-08-02 09:00:00+08:00,2026-08-02 09:30:00+08:00,1785632400000,SOL-USDT,30m,72.11,72.61,72.1,72.53,15225.98842,1101696.40443337,1101696.40443337,1
2026-08-02 09:30:00+08:00,2026-08-02 10:00:00+08:00,1785634200000,SOL-USDT,30m,72.53,72.75,72.49,72.65,11628.476224,844739.43982409,844739.43982409,1
2026-08-02 10:00:00+08:00,2026-08-02 10:30:00+08:00,1785636000000,SOL-USDT,30m,72.66,73.4,72.58,73.1,32800.36894,2397006.49729553,2397006.49729553,1
2026-08-02 10:30:00+08:00,2026-08-02 11:00:00+08:00,1785637800000,SOL-USDT,30m,73.1,73.16,72.93,73.14,8389.745462,612670.48083589,612670.48083589,1
2026-08-02 11:00:00+08:00,2026-08-02 11:30:00+08:00,1785639600000,SOL-USDT,30m,73.14,73.22,73.08,73.08,8757.963571,640535.82390121,640535.82390121,1
2026-08-02 11:30:00+08:00,2026-08-02 12:00:00+08:00,1785641400000,SOL-USDT,30m,73.09,73.24,73.09,73.19,3773.919003,276214.98837928,276214.98837928,1
2026-08-02 12:00:00+08:00,2026-08-02 12:30:00+08:00,1785643200000,SOL-USDT,30m,73.2,73.44,73.2,73.36,7700.341612,564553.74305121,564553.74305121,1
2026-08-02 12:30:00+08:00,2026-08-02 13:00:00+08:00,1785645000000,SOL-USDT,30m,73.37,73.55,73.3,73.53,8208.426774,602681.26189161,602681.26189161,1
2026-08-02 13:00:00+08:00,2026-08-02 13:30:00+08:00,1785646800000,SOL-USDT,30m,73.52,73.67,73.47,73.54,8788.213502,646475.22787987,646475.22787987,1
2026-08-02 13:30:00+08:00,2026-08-02 14:00:00+08:00,1785648600000,SOL-USDT,30m,73.55,73.63,73.47,73.59,5323.577807,391404.00544009,391404.00544009,1
2026-08-02 14:00:00+08:00,2026-08-02 14:30:00+08:00,1785650400000,SOL-USDT,30m,73.6,73.65,73.5,73.57,3523.338436,259138.82721854,259138.82721854,1
2026-08-02 14:30:00+08:00,2026-08-02 15:00:00+08:00,1785652200000,SOL-USDT,30m,73.55,73.59,73.43,73.45,8749.723796,643316.23298376,643316.23298376,1
2026-08-02 15:00:00+08:00,2026-08-02 15:30:00+08:00,1785654000000,SOL-USDT,30m,73.44,73.51,73.4,73.49,6247.254867,458787.91740092,458787.91740092,1
2026-08-02 15:30:00+08:00,2026-08-02 16:00:00+08:00,1785655800000,SOL-USDT,30m,73.49,73.5,73.44,73.48,7694.04903,565251.35046215,565251.35046215,1
2026-08-02 16:00:00+08:00,2026-08-02 16:30:00+08:00,1785657600000,SOL-USDT,30m,73.48,73.55,73.33,73.35,9586.210227,704235.52965966,704235.52965966,1
2026-08-02 16:30:00+08:00,2026-08-02 17:00:00+08:00,1785659400000,SOL-USDT,30m,73.36,73.41,73.17,73.2,12890.369535,944910.09972731,944910.09972731,1
2026-08-02 17:00:00+08:00,2026-08-02 17:30:00+08:00,1785661200000,SOL-USDT,30m,73.2,73.38,72.97,73.31,12609.601816,922552.77276227,922552.77276227,1
2026-08-02 17:30:00+08:00,2026-08-02 18:00:00+08:00,1785663000000,SOL-USDT,30m,73.31,73.44,73.3,73.39,5051.755524,370688.99202541,370688.99202541,1
2026-08-02 18:00:00+08:00,2026-08-02 18:30:00+08:00,1785664800000,SOL-USDT,30m,73.39,73.39,73.16,73.21,13587.137756,995617.24270708,995617.24270708,1
2026-08-02 18:30:00+08:00,2026-08-02 19:00:00+08:00,1785666600000,SOL-USDT,30m,73.21,73.32,73.2,73.28,2672.519228,195813.67704995,195813.67704995,1
2026-08-02 19:00:00+08:00,2026-08-02 19:30:00+08:00,1785668400000,SOL-USDT,30m,73.28,73.31,73.18,73.2,3812.247053,279277.04590279,279277.04590279,1
2026-08-02 19:30:00+08:00,2026-08-02 20:00:00+08:00,1785670200000,SOL-USDT,30m,73.2,73.23,72.95,73,6674.206467,487838.89179164,487838.89179164,1
2026-08-02 20:00:00+08:00,2026-08-02 20:30:00+08:00,1785672000000,SOL-USDT,30m,73.01,73.24,73,73.15,6326.271784,462635.65653267,462635.65653267,1
2026-08-02 20:30:00+08:00,2026-08-02 21:00:00+08:00,1785673800000,SOL-USDT,30m,73.15,73.19,72.9,72.91,6071.831903,443392.07148818,443392.07148818,1
2026-08-02 21:00:00+08:00,2026-08-02 21:30:00+08:00,1785675600000,SOL-USDT,30m,72.91,73.01,72.88,72.92,3655.963993,266691.15555314,266691.15555314,1
2026-08-02 21:30:00+08:00,2026-08-02 22:00:00+08:00,1785677400000,SOL-USDT,30m,72.91,73.03,72.71,72.97,8817.723316,642370.62477492,642370.62477492,1
2026-08-02 22:00:00+08:00,2026-08-02 22:30:00+08:00,1785679200000,SOL-USDT,30m,72.98,73.17,72.93,73.16,3298.149709,240874.54646095,240874.54646095,1
2026-08-02 22:30:00+08:00,2026-08-02 23:00:00+08:00,1785681000000,SOL-USDT,30m,73.16,73.24,73.08,73.11,2916.12565,213404.07844102,213404.07844102,1
2026-08-02 23:00:00+08:00,2026-08-02 23:30:00+08:00,1785682800000,SOL-USDT,30m,73.11,73.22,73.07,73.11,2068.06671,151271.99133315,151271.99133315,1
2026-08-02 23:30:00+08:00,2026-08-03 00:00:00+08:00,1785684600000,SOL-USDT,30m,73.11,73.2,73.01,73.03,4049.061773,296002.85621642,296002.85621642,1
2026-08-03 00:00:00+08:00,2026-08-03 00:30:00+08:00,1785686400000,SOL-USDT,30m,73.04,73.07,72.93,73.06,4973.53572,363071.31641371,363071.31641371,1
2026-08-03 00:30:00+08:00,2026-08-03 01:00:00+08:00,1785688200000,SOL-USDT,30m,73.06,73.31,73.05,73.16,4686.370022,343042.49616939,343042.49616939,1
2026-08-03 01:00:00+08:00,2026-08-03 01:30:00+08:00,1785690000000,SOL-USDT,30m,73.16,73.4,73.1,73.26,2269.866055,166263.84711921,166263.84711921,1
2026-08-03 01:30:00+08:00,2026-08-03 02:00:00+08:00,1785691800000,SOL-USDT,30m,73.26,73.4,73.25,73.32,3625.170746,265906.92946864,265906.92946864,1
2026-08-03 02:00:00+08:00,2026-08-03 02:30:00+08:00,1785693600000,SOL-USDT,30m,73.32,73.41,73.25,73.39,2838.124913,208150.49541245,208150.49541245,1
2026-08-03 02:30:00+08:00,2026-08-03 03:00:00+08:00,1785695400000,SOL-USDT,30m,73.39,73.87,73.38,73.57,11997.45568,883651.65170525,883651.65170525,1
2026-08-03 03:00:00+08:00,2026-08-03 03:30:00+08:00,1785697200000,SOL-USDT,30m,73.58,73.68,73.53,73.63,4780.000894,351864.71665544,351864.71665544,1
2026-08-03 03:30:00+08:00,2026-08-03 04:00:00+08:00,1785699000000,SOL-USDT,30m,73.64,73.79,73.6,73.73,2408.680159,177527.5585119,177527.5585119,1
2026-08-03 04:00:00+08:00,2026-08-03 04:30:00+08:00,1785700800000,SOL-USDT,30m,73.73,73.75,73.57,73.6,2806.992484,206742.64384702,206742.64384702,1
2026-08-03 04:30:00+08:00,2026-08-03 05:00:00+08:00,1785702600000,SOL-USDT,30m,73.6,73.74,73.59,73.69,2232.349516,164476.761484,164476.761484,1
2026-08-03 05:00:00+08:00,2026-08-03 05:30:00+08:00,1785704400000,SOL-USDT,30m,73.7,73.82,73.68,73.8,9555.852695,704848.4640964,704848.4640964,1
2026-08-03 05:30:00+08:00,2026-08-03 06:00:00+08:00,1785706200000,SOL-USDT,30m,73.8,74.35,73.75,74,14312.927494,1059610.65100475,1059610.65100475,1
2026-08-03 06:00:00+08:00,2026-08-03 06:30:00+08:00,1785708000000,SOL-USDT,30m,74,74.22,73.91,73.97,6639.101046,491962.07160182,491962.07160182,1
2026-08-03 06:30:00+08:00,2026-08-03 07:00:00+08:00,1785709800000,SOL-USDT,30m,73.96,73.97,73.65,73.66,8552.881455,630963.71555178,630963.71555178,1
2026-08-03 07:00:00+08:00,2026-08-03 07:30:00+08:00,1785711600000,SOL-USDT,30m,73.65,73.67,73.49,73.59,4153.033054,305569.35409034,305569.35409034,1
2026-08-03 07:30:00+08:00,2026-08-03 08:00:00+08:00,1785713400000,SOL-USDT,30m,73.58,73.65,73.47,73.64,3719.834593,273691.53114218,273691.53114218,1
2026-08-03 08:00:00+08:00,2026-08-03 08:30:00+08:00,1785715200000,SOL-USDT,30m,73.64,73.67,73.26,73.29,6317.908729,464182.32674436,464182.32674436,1
2026-08-03 08:30:00+08:00,2026-08-03 09:00:00+08:00,1785717000000,SOL-USDT,30m,73.29,73.39,73.18,73.24,2771.924854,203093.62234174,203093.62234174,1
2026-08-03 09:00:00+08:00,2026-08-03 09:30:00+08:00,1785718800000,SOL-USDT,30m,73.24,73.26,73,73.05,5467.297756,399726.99403726,399726.99403726,1
2026-08-03 09:30:00+08:00,2026-08-03 10:00:00+08:00,1785720600000,SOL-USDT,30m,73.05,73.11,72.95,73,4929.035521,359934.50469449,359934.50469449,1
2026-08-03 10:00:00+08:00,2026-08-03 10:30:00+08:00,1785722400000,SOL-USDT,30m,73,73.15,72.92,72.99,4188.663778,306000.30822702,306000.30822702,1
2026-08-03 10:30:00+08:00,2026-08-03 11:00:00+08:00,1785724200000,SOL-USDT,30m,73,73.27,72.96,73.05,17349.476055,1268721.21614456,1268721.21614456,1
2026-08-03 11:00:00+08:00,2026-08-03 11:30:00+08:00,1785726000000,SOL-USDT,30m,73.04,73.13,72.98,73.05,3219.376011,235099.81371165,235099.81371165,1
2026-08-03 11:30:00+08:00,2026-08-03 12:00:00+08:00,1785727800000,SOL-USDT,30m,73.05,73.05,72.7,72.91,5824.986819,424517.18079547,424517.18079547,1
2026-08-03 12:00:00+08:00,2026-08-03 12:30:00+08:00,1785729600000,SOL-USDT,30m,72.91,73.07,72.85,72.95,3986.819529,290845.56224994,290845.56224994,1
2026-08-03 12:30:00+08:00,2026-08-03 13:00:00+08:00,1785731400000,SOL-USDT,30m,72.95,73.08,72.86,72.86,3158.755119,230588.00846141,230588.00846141,1
2026-08-03 13:00:00+08:00,2026-08-03 13:30:00+08:00,1785733200000,SOL-USDT,30m,72.86,73.07,72.84,72.91,6457.29976,471220.27065461,471220.27065461,1
2026-08-03 13:30:00+08:00,2026-08-03 14:00:00+08:00,1785735000000,SOL-USDT,30m,72.91,72.94,72.83,72.93,3312.023244,241395.36023164,241395.36023164,1
2026-08-03 14:00:00+08:00,2026-08-03 14:30:00+08:00,1785736800000,SOL-USDT,30m,72.93,72.99,72.85,72.87,2465.760809,179817.68873789,179817.68873789,1
2026-08-03 14:30:00+08:00,2026-08-03 15:00:00+08:00,1785738600000,SOL-USDT,30m,72.86,72.88,72.53,72.61,6867.958855,498940.6187561,498940.6187561,1
2026-08-03 15:00:00+08:00,2026-08-03 15:30:00+08:00,1785740400000,SOL-USDT,30m,72.62,72.65,72.44,72.62,9121.519334,661709.65011108,661709.65011108,1
2026-08-03 15:30:00+08:00,2026-08-03 16:00:00+08:00,1785742200000,SOL-USDT,30m,72.61,72.7,72.5,72.54,5311.287632,385533.94562519,385533.94562519,1
2026-08-03 16:00:00+08:00,2026-08-03 16:30:00+08:00,1785744000000,SOL-USDT,30m,72.53,72.58,72.02,72.08,17701.309346,1279195.38582474,1279195.38582474,1
2026-08-03 16:30:00+08:00,2026-08-03 17:00:00+08:00,1785745800000,SOL-USDT,30m,72.08,72.4,72,72.37,8458.053712,610410.84515664,610410.84515664,1
2026-08-03 17:00:00+08:00,2026-08-03 17:30:00+08:00,1785747600000,SOL-USDT,30m,72.38,72.48,72.34,72.47,8653.640688,626637.9504204,626637.9504204,1
2026-08-03 17:30:00+08:00,2026-08-03 18:00:00+08:00,1785749400000,SOL-USDT,30m,72.46,72.8,72.46,72.75,7782.088194,565060.07727841,565060.07727841,1
2026-08-03 18:00:00+08:00,2026-08-03 18:30:00+08:00,1785751200000,SOL-USDT,30m,72.74,72.81,72.61,72.61,5678.468161,412790.08476572,412790.08476572,1
2026-08-03 18:30:00+08:00,2026-08-03 19:00:00+08:00,1785753000000,SOL-USDT,30m,72.62,72.68,72.52,72.63,3923.37312,284864.4548737,284864.4548737,1
2026-08-03 19:00:00+08:00,2026-08-03 19:30:00+08:00,1785754800000,SOL-USDT,30m,72.63,72.63,72.4,72.49,5744.224895,416526.30520437,416526.30520437,1
2026-08-03 19:30:00+08:00,2026-08-03 20:00:00+08:00,1785756600000,SOL-USDT,30m,72.49,72.66,72.42,72.46,2653.033307,192408.35812145,192408.35812145,1
2026-08-03 20:00:00+08:00,2026-08-03 20:30:00+08:00,1785758400000,SOL-USDT,30m,72.46,72.57,72.34,72.48,5563.074747,403086.61114961,403086.61114961,1
2026-08-03 20:30:00+08:00,2026-08-03 21:00:00+08:00,1785760200000,SOL-USDT,30m,72.48,72.54,72.42,72.43,4365.508621,316340.47099558,316340.47099558,1
2026-08-03 21:00:00+08:00,2026-08-03 21:30:00+08:00,1785762000000,SOL-USDT,30m,72.43,72.77,72.4,72.5,9346.583575,677825.51512238,677825.51512238,1
2026-08-03 21:30:00+08:00,2026-08-03 22:00:00+08:00,1785763800000,SOL-USDT,30m,72.51,73.29,72.33,73.28,20357.772454,1484120.21924659,1484120.21924659,1
2026-08-03 22:00:00+08:00,2026-08-03 22:30:00+08:00,1785765600000,SOL-USDT,30m,73.27,73.69,73.03,73.65,18606.898051,1363701.54060381,1363701.54060381,1
2026-08-03 22:30:00+08:00,2026-08-03 23:00:00+08:00,1785767400000,SOL-USDT,30m,73.66,73.81,73.45,73.79,20963.124772,1543486.66922895,1543486.66922895,1
2026-08-03 23:00:00+08:00,2026-08-03 23:30:00+08:00,1785769200000,SOL-USDT,30m,73.79,73.83,73.47,73.62,17182.388433,1265079.22554581,1265079.22554581,1
2026-08-03 23:30:00+08:00,2026-08-04 00:00:00+08:00,1785771000000,SOL-USDT,30m,73.62,73.74,73.47,73.62,9441.699792,694940.08874756,694940.08874756,1
2026-08-04 00:00:00+08:00,2026-08-04 00:30:00+08:00,1785772800000,SOL-USDT,30m,73.62,73.82,73.48,73.57,12473.717349,918410.94646225,918410.94646225,1
2026-08-04 00:30:00+08:00,2026-08-04 01:00:00+08:00,1785774600000,SOL-USDT,30m,73.57,73.58,73.23,73.43,9425.019009,691894.67238114,691894.67238114,1
2026-08-04 01:00:00+08:00,2026-08-04 01:30:00+08:00,1785776400000,SOL-USDT,30m,73.43,73.86,73.32,73.64,12475.880838,918613.18791332,918613.18791332,1
2026-08-04 01:30:00+08:00,2026-08-04 02:00:00+08:00,1785778200000,SOL-USDT,30m,73.63,73.8,73.58,73.7,7000.391309,515777.47786998,515777.47786998,1
2026-08-04 02:00:00+08:00,2026-08-04 02:30:00+08:00,1785780000000,SOL-USDT,30m,73.7,74.3,73.7,73.98,31537.137323,2333721.56608554,2333721.56608554,1
2026-08-04 02:30:00+08:00,2026-08-04 03:00:00+08:00,1785781800000,SOL-USDT,30m,74,74.1,73.89,73.99,7133.522305,527902.65953708,527902.65953708,1
2026-08-04 03:00:00+08:00,2026-08-04 03:30:00+08:00,1785783600000,SOL-USDT,30m,73.99,74.16,73.96,74.1,6604.999061,489078.60141279,489078.60141279,1
2026-08-04 03:30:00+08:00,2026-08-04 04:00:00+08:00,1785785400000,SOL-USDT,30m,74.11,74.2,74,74.04,5647.931034,418428.1955244,418428.1955244,1
2026-08-04 04:00:00+08:00,2026-08-04 04:30:00+08:00,1785787200000,SOL-USDT,30m,74.04,74.15,73.92,74.02,6592.781076,488079.79820468,488079.79820468,1
2026-08-04 04:30:00+08:00,2026-08-04 05:00:00+08:00,1785789000000,SOL-USDT,30m,74.02,74.04,73.78,73.86,6587.043138,487075.93976639,487075.93976639,1
2026-08-04 05:00:00+08:00,2026-08-04 05:30:00+08:00,1785790800000,SOL-USDT,30m,73.86,73.89,73.73,73.8,2500.275171,184483.47616686,184483.47616686,1
2026-08-04 05:30:00+08:00,2026-08-04 06:00:00+08:00,1785792600000,SOL-USDT,30m,73.79,73.83,73.67,73.72,2859.794239,210986.11845544,210986.11845544,1
2026-08-04 06:00:00+08:00,2026-08-04 06:30:00+08:00,1785794400000,SOL-USDT,30m,73.72,73.74,73.38,73.57,4663.716228,342955.87769351,342955.87769351,1
2026-08-04 06:30:00+08:00,2026-08-04 07:00:00+08:00,1785796200000,SOL-USDT,30m,73.57,73.58,73.42,73.54,1692.940372,124445.84295801,124445.84295801,1
2026-08-04 07:00:00+08:00,2026-08-04 07:30:00+08:00,1785798000000,SOL-USDT,30m,73.55,73.55,73.4,73.52,4026.809198,295795.55287184,295795.55287184,1
2026-08-04 07:30:00+08:00,2026-08-04 08:00:00+08:00,1785799800000,SOL-USDT,30m,73.52,73.57,73.41,73.57,1753.332298,128845.57587092,128845.57587092,1
2026-08-04 08:00:00+08:00,2026-08-04 08:30:00+08:00,1785801600000,SOL-USDT,30m,73.57,73.64,73.43,73.48,4650.934927,341948.19614767,341948.19614767,1
2026-08-04 08:30:00+08:00,2026-08-04 09:00:00+08:00,1785803400000,SOL-USDT,30m,73.47,73.47,73.05,73.08,8497.241205,621991.44995588,621991.44995588,1
2026-08-04 09:00:00+08:00,2026-08-04 09:30:00+08:00,1785805200000,SOL-USDT,30m,73.09,73.27,73.05,73.21,3544.329057,259266.77011551,259266.77011551,1
2026-08-04 09:30:00+08:00,2026-08-04 10:00:00+08:00,1785807000000,SOL-USDT,30m,73.21,73.79,73.21,73.79,11594.591438,854119.30737419,854119.30737419,1
2026-08-04 10:00:00+08:00,2026-08-04 10:30:00+08:00,1785808800000,SOL-USDT,30m,73.8,73.85,73.69,73.76,3633.964404,268134.89838419,268134.89838419,1
2026-08-04 10:30:00+08:00,2026-08-04 11:00:00+08:00,1785810600000,SOL-USDT,30m,73.76,74.13,73.76,73.88,9428.109801,697412.32981615,697412.32981615,1
2026-08-04 11:00:00+08:00,2026-08-04 11:30:00+08:00,1785812400000,SOL-USDT,30m,73.89,73.91,73.44,73.56,16513.194223,1215232.76850714,1215232.76850714,1
2026-08-04 11:30:00+08:00,2026-08-04 12:00:00+08:00,1785814200000,SOL-USDT,30m,73.58,73.8,73.58,73.7,1807.847592,133267.37281996,133267.37281996,1
2026-08-04 12:00:00+08:00,2026-08-04 12:30:00+08:00,1785816000000,SOL-USDT,30m,73.7,73.82,73.6,73.71,3715.681933,273846.88897729,273846.88897729,1
2026-08-04 12:30:00+08:00,2026-08-04 13:00:00+08:00,1785817800000,SOL-USDT,30m,73.71,74.1,73.71,73.84,17480.216572,1292167.87939321,1292167.87939321,1
2026-08-04 13:00:00+08:00,2026-08-04 13:30:00+08:00,1785819600000,SOL-USDT,30m,73.84,73.89,73.71,73.74,4446.178582,328130.20156199,328130.20156199,1
2026-08-04 13:30:00+08:00,2026-08-04 14:00:00+08:00,1785821400000,SOL-USDT,30m,73.75,73.82,73.74,73.74,2619.697762,193269.11049315,193269.11049315,1
2026-08-04 14:00:00+08:00,2026-08-04 14:30:00+08:00,1785823200000,SOL-USDT,30m,73.75,73.93,73.68,73.7,8522.57665,629068.94224982,629068.94224982,1
2026-08-04 14:30:00+08:00,2026-08-04 15:00:00+08:00,1785825000000,SOL-USDT,30m,73.69,73.72,73.4,73.43,9030.426223,664011.66079047,664011.66079047,1
2026-08-04 15:00:00+08:00,2026-08-04 15:30:00+08:00,1785826800000,SOL-USDT,30m,73.44,73.52,73.21,73.41,11284.051373,828446.46927043,828446.46927043,1
2026-08-04 15:30:00+08:00,2026-08-04 16:00:00+08:00,1785828600000,SOL-USDT,30m,73.41,73.75,73.4,73.69,7338.817218,540128.89659152,540128.89659152,1
2026-08-04 16:00:00+08:00,2026-08-04 16:30:00+08:00,1785830400000,SOL-USDT,30m,73.7,73.77,73.37,73.46,6812.767469,501252.63773357,501252.63773357,1
2026-08-04 16:30:00+08:00,2026-08-04 17:00:00+08:00,1785832200000,SOL-USDT,30m,73.44,73.46,73.3,73.37,3821.233368,280391.41349071,280391.41349071,1
2026-08-04 17:00:00+08:00,2026-08-04 17:30:00+08:00,1785834000000,SOL-USDT,30m,73.37,73.37,73.17,73.26,4852.210359,355472.2068362,355472.2068362,1
2026-08-04 17:30:00+08:00,2026-08-04 18:00:00+08:00,1785835800000,SOL-USDT,30m,73.25,73.32,73.2,73.31,3029.878229,221971.85267822,221971.85267822,1
2026-08-04 18:00:00+08:00,2026-08-04 18:30:00+08:00,1785837600000,SOL-USDT,30m,73.31,73.33,73.09,73.13,3344.962094,244810.98528794,244810.98528794,1
2026-08-04 18:30:00+08:00,2026-08-04 19:00:00+08:00,1785839400000,SOL-USDT,30m,73.13,73.72,73.11,73.61,11545.42077,848174.77027916,848174.77027916,1
2026-08-04 19:00:00+08:00,2026-08-04 19:30:00+08:00,1785841200000,SOL-USDT,30m,73.62,73.75,73.54,73.73,5516.118618,406055.93143803,406055.93143803,1
2026-08-04 19:30:00+08:00,2026-08-04 20:00:00+08:00,1785843000000,SOL-USDT,30m,73.73,73.99,73.68,73.95,13071.855171,965513.23079989,965513.23079989,1
2026-08-04 20:00:00+08:00,2026-08-04 20:30:00+08:00,1785844800000,SOL-USDT,30m,73.95,73.96,73.76,73.92,5708.158832,421577.20964032,421577.20964032,1
2026-08-04 20:30:00+08:00,2026-08-04 21:00:00+08:00,1785846600000,SOL-USDT,30m,73.93,74.09,73.82,73.82,8220.933038,608001.94167432,608001.94167432,1
2026-08-04 21:00:00+08:00,2026-08-04 21:30:00+08:00,1785848400000,SOL-USDT,30m,73.83,73.97,73.72,73.86,9343.060555,689920.36165151,689920.36165151,1
2026-08-04 21:30:00+08:00,2026-08-04 22:00:00+08:00,1785850200000,SOL-USDT,30m,73.86,74.06,73.6,73.63,16000.586452,1182297.62489149,1182297.62489149,1
2026-08-04 22:00:00+08:00,2026-08-04 22:30:00+08:00,1785852000000,SOL-USDT,30m,73.65,73.85,73.34,73.56,19876.896844,1462252.35386264,1462252.35386264,1
2026-08-04 22:30:00+08:00,2026-08-04 23:00:00+08:00,1785853800000,SOL-USDT,30m,73.56,73.92,73.53,73.84,12251.503533,903367.94965345,903367.94965345,1
2026-08-04 23:00:00+08:00,2026-08-04 23:30:00+08:00,1785855600000,SOL-USDT,30m,73.84,74.02,73.6,73.63,10561.333014,779823.38040321,779823.38040321,1
2026-08-04 23:30:00+08:00,2026-08-05 00:00:00+08:00,1785857400000,SOL-USDT,30m,73.62,74.21,73.42,73.99,17346.082311,1281389.26298733,1281389.26298733,1
2026-08-05 00:00:00+08:00,2026-08-05 00:30:00+08:00,1785859200000,SOL-USDT,30m,74,74.02,73.8,73.86,10363.90361,766077.09004867,766077.09004867,1
2026-08-05 00:30:00+08:00,2026-08-05 01:00:00+08:00,1785861000000,SOL-USDT,30m,73.86,73.92,73.61,73.74,5360.579591,395216.95248856,395216.95248856,1
2026-08-05 01:00:00+08:00,2026-08-05 01:30:00+08:00,1785862800000,SOL-USDT,30m,73.75,74.24,73.72,74.12,9463.330028,700665.19365747,700665.19365747,1
2026-08-05 01:30:00+08:00,2026-08-05 02:00:00+08:00,1785864600000,SOL-USDT,30m,74.12,74.14,73.75,73.78,6339.431485,468748.51760862,468748.51760862,1
2026-08-05 02:00:00+08:00,2026-08-05 02:30:00+08:00,1785866400000,SOL-USDT,30m,73.78,74.39,73.78,74.31,17628.936729,1308883.54933259,1308883.54933259,1
2026-08-05 02:30:00+08:00,2026-08-05 03:00:00+08:00,1785868200000,SOL-USDT,30m,74.32,74.34,74.06,74.17,8154.073159,604851.97933197,604851.97933197,1
2026-08-05 03:00:00+08:00,2026-08-05 03:30:00+08:00,1785870000000,SOL-USDT,30m,74.17,74.4,74.12,74.17,5607.653503,416250.87815427,416250.87815427,1
2026-08-05 03:30:00+08:00,2026-08-05 04:00:00+08:00,1785871800000,SOL-USDT,30m,74.18,74.37,74.13,74.19,9663.15928,717399.465972,717399.465972,1
2026-08-05 04:00:00+08:00,2026-08-05 04:30:00+08:00,1785873600000,SOL-USDT,30m,74.21,74.24,73.89,74.1,12362.115992,916161.58745461,916161.58745461,1
2026-08-05 04:30:00+08:00,2026-08-05 05:00:00+08:00,1785875400000,SOL-USDT,30m,74.1,74.47,74.08,74.28,11992.899199,891209.1099249,891209.1099249,1
2026-08-05 05:00:00+08:00,2026-08-05 05:30:00+08:00,1785877200000,SOL-USDT,30m,74.28,74.29,74.03,74.07,14886.001841,1104883.89539385,1104883.89539385,1
2026-08-05 05:30:00+08:00,2026-08-05 06:00:00+08:00,1785879000000,SOL-USDT,30m,74.07,74.16,74.05,74.14,3460.743223,256441.15291159,256441.15291159,1
2026-08-05 06:00:00+08:00,2026-08-05 06:30:00+08:00,1785880800000,SOL-USDT,30m,74.15,74.2,73.98,74.16,2068.962477,153328.02066218,153328.02066218,1
2026-08-05 06:30:00+08:00,2026-08-05 07:00:00+08:00,1785882600000,SOL-USDT,30m,74.16,74.23,74.01,74.1,2021.762852,149904.71428607,149904.71428607,1
2026-08-05 07:00:00+08:00,2026-08-05 07:30:00+08:00,1785884400000,SOL-USDT,30m,74.11,74.29,73.9,73.91,7052.299053,522604.74118202,522604.74118202,1
2026-08-05 07:30:00+08:00,2026-08-05 08:00:00+08:00,1785886200000,SOL-USDT,30m,73.91,73.95,73.75,73.76,7513.798722,554855.31301692,554855.31301692,1
2026-08-05 08:00:00+08:00,2026-08-05 08:30:00+08:00,1785888000000,SOL-USDT,30m,73.75,73.81,73.57,73.64,6143.946549,452583.47771703,452583.47771703,1
2026-08-05 08:30:00+08:00,2026-08-05 09:00:00+08:00,1785889800000,SOL-USDT,30m,73.65,73.8,73.48,73.53,4909.481887,361421.62922644,361421.62922644,1
2026-08-05 09:00:00+08:00,2026-08-05 09:30:00+08:00,1785891600000,SOL-USDT,30m,73.52,73.73,73.4,73.72,4908.801011,361005.91574199,361005.91574199,1
2026-08-05 09:30:00+08:00,2026-08-05 10:00:00+08:00,1785893400000,SOL-USDT,30m,73.73,74.12,73.72,74.11,8014.172517,592839.10721373,592839.10721373,1
2026-08-05 10:00:00+08:00,2026-08-05 10:30:00+08:00,1785895200000,SOL-USDT,30m,74.12,74.38,74.07,74.21,16383.557846,1215792.42489169,1215792.42489169,1
2026-08-05 10:30:00+08:00,2026-08-05 11:00:00+08:00,1785897000000,SOL-USDT,30m,74.21,74.49,74.18,74.22,10636.043227,790584.73802687,790584.73802687,1
2026-08-05 11:00:00+08:00,2026-08-05 11:30:00+08:00,1785898800000,SOL-USDT,30m,74.21,74.3,73.74,73.76,14757.460406,1091521.79275016,1091521.79275016,1
2026-08-05 11:30:00+08:00,2026-08-05 12:00:00+08:00,1785900600000,SOL-USDT,30m,73.75,73.85,73.72,73.8,4338.532141,320210.57216467,320210.57216467,1
2026-08-05 12:00:00+08:00,2026-08-05 12:30:00+08:00,1785902400000,SOL-USDT,30m,73.8,73.82,73.63,73.69,4127.867043,304244.85454336,304244.85454336,1
2026-08-05 12:30:00+08:00,2026-08-05 13:00:00+08:00,1785904200000,SOL-USDT,30m,73.69,73.87,73.69,73.81,3582.16191,264329.61761287,264329.61761287,1
2026-08-05 13:00:00+08:00,2026-08-05 13:30:00+08:00,1785906000000,SOL-USDT,30m,73.81,74.29,73.76,74.18,17871.378441,1323454.02711541,1323454.02711541,1
2026-08-05 13:30:00+08:00,2026-08-05 14:00:00+08:00,1785907800000,SOL-USDT,30m,74.17,74.21,74.04,74.15,5580.661493,413681.90297531,413681.90297531,1
2026-08-05 14:00:00+08:00,2026-08-05 14:30:00+08:00,1785909600000,SOL-USDT,30m,74.15,74.15,74.04,74.14,2861.99039,212084.0789158,212084.0789158,1
2026-08-05 14:30:00+08:00,2026-08-05 15:00:00+08:00,1785911400000,SOL-USDT,30m,74.14,74.25,73.98,74,5408.702899,400788.88806562,400788.88806562,1
2026-08-05 15:00:00+08:00,2026-08-05 15:30:00+08:00,1785913200000,SOL-USDT,30m,74,74.04,73.69,73.73,10108.223362,746863.97970389,746863.97970389,1
2026-08-05 15:30:00+08:00,2026-08-05 16:00:00+08:00,1785915000000,SOL-USDT,30m,73.73,73.99,73.7,73.99,8533.287051,629684.98253009,629684.98253009,1
2026-08-05 16:00:00+08:00,2026-08-05 16:30:00+08:00,1785916800000,SOL-USDT,30m,73.99,74.16,73.96,74.15,7071.651985,523586.1037949,523586.1037949,1
2026-08-05 16:30:00+08:00,2026-08-05 17:00:00+08:00,1785918600000,SOL-USDT,30m,74.15,74.16,74.02,74.08,4679.760966,346726.52217886,346726.52217886,1
2026-08-05 17:00:00+08:00,2026-08-05 17:30:00+08:00,1785920400000,SOL-USDT,30m,74.08,74.2,74.01,74.16,6997.438305,518653.91547187,518653.91547187,1
2026-08-05 17:30:00+08:00,2026-08-05 18:00:00+08:00,1785922200000,SOL-USDT,30m,74.17,74.2,74.01,74.03,2881.689943,213585.58134704,213585.58134704,1
2026-08-05 18:00:00+08:00,2026-08-05 18:30:00+08:00,1785924000000,SOL-USDT,30m,74.03,74.11,73.92,74.07,2563.837752,189713.01222919,189713.01222919,1
2026-08-05 18:30:00+08:00,2026-08-05 19:00:00+08:00,1785925800000,SOL-USDT,30m,74.06,74.14,73.79,73.86,3296.353692,243744.63157378,243744.63157378,1
2026-08-05 19:00:00+08:00,2026-08-05 19:30:00+08:00,1785927600000,SOL-USDT,30m,73.86,74,73.81,73.82,4041.018416,298628.8709725,298628.8709725,1
2026-08-05 19:30:00+08:00,2026-08-05 20:00:00+08:00,1785929400000,SOL-USDT,30m,73.81,73.9,73.74,73.78,3482.887227,257010.18617583,257010.18617583,1
2026-08-05 20:00:00+08:00,2026-08-05 20:30:00+08:00,1785931200000,SOL-USDT,30m,73.78,74.39,73.73,74.29,18585.72629,1377441.15655619,1377441.15655619,1
2026-08-05 20:30:00+08:00,2026-08-05 21:00:00+08:00,1785933000000,SOL-USDT,30m,74.29,74.32,74,74.08,10002.534653,741643.28716159,741643.28716159,1
2026-08-05 21:00:00+08:00,2026-08-05 21:30:00+08:00,1785934800000,SOL-USDT,30m,74.08,74.11,73.73,73.79,9729.916458,718418.85559275,718418.85559275,1
2026-08-05 21:30:00+08:00,2026-08-05 22:00:00+08:00,1785936600000,SOL-USDT,30m,73.78,73.99,73.27,73.99,34150.189007,2514895.04759811,2514895.04759811,1
2026-08-05 22:00:00+08:00,2026-08-05 22:30:00+08:00,1785938400000,SOL-USDT,30m,73.98,74.15,73.77,73.82,19091.505037,1412466.62174783,1412466.62174783,1
2026-08-05 22:30:00+08:00,2026-08-05 23:00:00+08:00,1785940200000,SOL-USDT,30m,73.81,74.05,73.62,73.96,17949.121085,1324203.53166411,1324203.53166411,1
2026-08-05 23:00:00+08:00,2026-08-05 23:30:00+08:00,1785942000000,SOL-USDT,30m,73.96,74.23,73.84,74.03,11623.703573,860442.0865041,860442.0865041,1
2026-08-05 23:30:00+08:00,2026-08-06 00:00:00+08:00,1785943800000,SOL-USDT,30m,74.04,74.31,73.95,73.96,13826.124011,1024886.16640323,1024886.16640323,1
2026-08-06 00:00:00+08:00,2026-08-06 00:30:00+08:00,1785945600000,SOL-USDT,30m,73.96,74.43,73.95,74.4,8074.803072,599373.93601786,599373.93601786,1
2026-08-06 00:30:00+08:00,2026-08-06 01:00:00+08:00,1785947400000,SOL-USDT,30m,74.41,74.44,74.19,74.28,8345.448812,620362.40133068,620362.40133068,1
2026-08-06 01:00:00+08:00,2026-08-06 01:30:00+08:00,1785949200000,SOL-USDT,30m,74.29,74.42,74.14,74.21,4908.436967,364507.16375683,364507.16375683,1
2026-08-06 01:30:00+08:00,2026-08-06 02:00:00+08:00,1785951000000,SOL-USDT,30m,74.2,74.66,74.17,74.56,9753.788329,726935.95184705,726935.95184705,1
2026-08-06 02:00:00+08:00,2026-08-06 02:30:00+08:00,1785952800000,SOL-USDT,30m,74.56,74.83,74.42,74.53,12187.85743,909495.73174938,909495.73174938,1
2026-08-06 02:30:00+08:00,2026-08-06 03:00:00+08:00,1785954600000,SOL-USDT,30m,74.52,74.68,74.47,74.53,4176.837879,311612.68684608,311612.68684608,1
2026-08-06 03:00:00+08:00,2026-08-06 03:30:00+08:00,1785956400000,SOL-USDT,30m,74.53,74.64,74.45,74.47,3392.426135,252836.58556623,252836.58556623,1
2026-08-06 03:30:00+08:00,2026-08-06 04:00:00+08:00,1785958200000,SOL-USDT,30m,74.48,74.57,74.42,74.48,4841.277824,360697.93249701,360697.93249701,1
2026-08-06 04:00:00+08:00,2026-08-06 04:30:00+08:00,1785960000000,SOL-USDT,30m,74.48,74.59,74.3,74.43,12867.903269,957887.38191221,957887.38191221,1
2026-08-06 04:30:00+08:00,2026-08-06 05:00:00+08:00,1785961800000,SOL-USDT,30m,74.42,74.54,74.38,74.39,7329.94377,545748.64519423,545748.64519423,1
2026-08-06 05:00:00+08:00,2026-08-06 05:30:00+08:00,1785963600000,SOL-USDT,30m,74.39,74.39,74.1,74.13,4998.116047,370963.08026116,370963.08026116,1
2026-08-06 05:30:00+08:00,2026-08-06 06:00:00+08:00,1785965400000,SOL-USDT,30m,74.14,74.23,74.08,74.14,3610.332232,267710.191467,267710.191467,1
2026-08-06 06:00:00+08:00,2026-08-06 06:30:00+08:00,1785967200000,SOL-USDT,30m,74.14,74.2,74,74.05,2470.524625,183094.9645054,183094.9645054,1
2026-08-06 06:30:00+08:00,2026-08-06 07:00:00+08:00,1785969000000,SOL-USDT,30m,74.06,74.13,74.02,74.02,3423.643023,253560.73030771,253560.73030771,1
2026-08-06 07:00:00+08:00,2026-08-06 07:30:00+08:00,1785970800000,SOL-USDT,30m,74.02,74.07,73.86,74.03,6271.205072,463765.9893946,463765.9893946,1
2026-08-06 07:30:00+08:00,2026-08-06 08:00:00+08:00,1785972600000,SOL-USDT,30m,74.04,74.12,73.99,74.04,6404.108989,474298.68773216,474298.68773216,1
2026-08-06 08:00:00+08:00,2026-08-06 08:30:00+08:00,1785974400000,SOL-USDT,30m,74.05,74.27,74.04,74.2,4390.144218,325482.86915842,325482.86915842,1
2026-08-06 08:30:00+08:00,2026-08-06 09:00:00+08:00,1785976200000,SOL-USDT,30m,74.2,74.23,74.03,74.08,4889.469715,362420.58646074,362420.58646074,1
2026-08-06 09:00:00+08:00,2026-08-06 09:30:00+08:00,1785978000000,SOL-USDT,30m,74.08,74.12,73.77,73.78,7648.301061,565363.87381772,565363.87381772,1
2026-08-06 09:30:00+08:00,2026-08-06 10:00:00+08:00,1785979800000,SOL-USDT,30m,73.79,73.94,73.73,73.77,12289.660182,907492.04543378,907492.04543378,1
2026-08-06 10:00:00+08:00,2026-08-06 10:30:00+08:00,1785981600000,SOL-USDT,30m,73.77,73.79,73.42,73.45,19617.739168,1443784.83796151,1443784.83796151,1
2026-08-06 10:30:00+08:00,2026-08-06 11:00:00+08:00,1785983400000,SOL-USDT,30m,73.45,73.62,73.4,73.56,9186.915035,675250.00496798,675250.00496798,1
2026-08-06 11:00:00+08:00,2026-08-06 11:30:00+08:00,1785985200000,SOL-USDT,30m,73.56,73.57,73.45,73.55,8043.429408,591388.5379462,591388.5379462,1
2026-08-06 11:30:00+08:00,2026-08-06 12:00:00+08:00,1785987000000,SOL-USDT,30m,73.56,73.61,73.46,73.49,7571.724313,556776.44533548,556776.44533548,1
2026-08-06 12:00:00+08:00,2026-08-06 12:30:00+08:00,1785988800000,SOL-USDT,30m,73.5,73.83,73.41,73.8,10415.32947,766952.05260587,766952.05260587,1
2026-08-06 12:30:00+08:00,2026-08-06 13:00:00+08:00,1785990600000,SOL-USDT,30m,73.81,73.88,73.7,73.88,3201.802507,236292.50361925,236292.50361925,1
2026-08-06 13:00:00+08:00,2026-08-06 13:30:00+08:00,1785992400000,SOL-USDT,30m,73.89,74.35,73.87,74.15,14024.423828,1040212.69038983,1040212.69038983,1
2026-08-06 13:30:00+08:00,2026-08-06 14:00:00+08:00,1785994200000,SOL-USDT,30m,74.13,74.24,74.09,74.24,3779.955246,280314.67979833,280314.67979833,1
2026-08-06 14:00:00+08:00,2026-08-06 14:30:00+08:00,1785996000000,SOL-USDT,30m,74.24,74.25,73.96,74.08,5089.687052,377091.36476379,377091.36476379,1
2026-08-06 14:30:00+08:00,2026-08-06 15:00:00+08:00,1785997800000,SOL-USDT,30m,74.08,74.12,74.02,74.05,2685.46187,198884.27480296,198884.27480296,1
2026-08-06 15:00:00+08:00,2026-08-06 15:30:00+08:00,1785999600000,SOL-USDT,30m,74.05,74.13,74,74.08,5163.280668,382353.97682296,382353.97682296,1
2026-08-06 15:30:00+08:00,2026-08-06 16:00:00+08:00,1786001400000,SOL-USDT,30m,74.08,74.08,73.87,73.89,5951.752514,440189.93616942,440189.93616942,1
2026-08-06 16:00:00+08:00,2026-08-06 16:30:00+08:00,1786003200000,SOL-USDT,30m,73.89,73.91,73.7,73.81,15048.336448,1110130.01350043,1110130.01350043,1
2026-08-06 16:30:00+08:00,2026-08-06 17:00:00+08:00,1786005000000,SOL-USDT,30m,73.81,74.1,73.76,74,7530.429766,556528.66809232,556528.66809232,1
2026-08-06 17:00:00+08:00,2026-08-06 17:30:00+08:00,1786006800000,SOL-USDT,30m,74,74,73.51,73.54,14032.683485,1033963.62929161,1033963.62929161,1
2026-08-06 17:30:00+08:00,2026-08-06 18:00:00+08:00,1786008600000,SOL-USDT,30m,73.54,73.54,73.2,73.31,29636.245757,2174258.23340395,2174258.23340395,1
2026-08-06 18:00:00+08:00,2026-08-06 18:30:00+08:00,1786010400000,SOL-USDT,30m,73.31,73.42,73.17,73.4,14475.858005,1061026.36326455,1061026.36326455,1
2026-08-06 18:30:00+08:00,2026-08-06 19:00:00+08:00,1786012200000,SOL-USDT,30m,73.41,73.44,73.25,73.32,4128.563515,302864.14280488,302864.14280488,1
2026-08-06 19:00:00+08:00,2026-08-06 19:30:00+08:00,1786014000000,SOL-USDT,30m,73.33,73.48,73.19,73.39,4262.858605,312639.00671978,312639.00671978,1
2026-08-06 19:30:00+08:00,2026-08-06 20:00:00+08:00,1786015800000,SOL-USDT,30m,73.4,73.57,73.4,73.46,1843.917153,135506.73452515,135506.73452515,1
2026-08-06 20:00:00+08:00,2026-08-06 20:30:00+08:00,1786017600000,SOL-USDT,30m,73.47,73.48,73.24,73.4,3844.555101,281913.97218844,281913.97218844,1
2026-08-06 20:30:00+08:00,2026-08-06 21:00:00+08:00,1786019400000,SOL-USDT,30m,73.4,73.45,73.14,73.15,4833.701169,354313.15696393,354313.15696393,1
2026-08-06 21:00:00+08:00,2026-08-06 21:30:00+08:00,1786021200000,SOL-USDT,30m,73.15,73.19,72.85,72.97,13978.302779,1020178.59249614,1020178.59249614,1
2026-08-06 21:30:00+08:00,2026-08-06 22:00:00+08:00,1786023000000,SOL-USDT,30m,72.96,73.33,72.87,73.26,10597.796285,774360.79661426,774360.79661426,1
2026-08-06 22:00:00+08:00,2026-08-06 22:30:00+08:00,1786024800000,SOL-USDT,30m,73.25,73.38,73.16,73.19,23567.74549,1726406.00226844,1726406.00226844,1
2026-08-06 22:30:00+08:00,2026-08-06 23:00:00+08:00,1786026600000,SOL-USDT,30m,73.18,73.58,73.1,73.47,14400.261546,1056796.56764261,1056796.56764261,1
2026-08-06 23:00:00+08:00,2026-08-06 23:30:00+08:00,1786028400000,SOL-USDT,30m,73.47,73.62,73.36,73.53,8724.054042,641227.7828804,641227.7828804,1
2026-08-06 23:30:00+08:00,2026-08-07 00:00:00+08:00,1786030200000,SOL-USDT,30m,73.53,73.62,73.31,73.32,6083.819875,446864.2183463,446864.2183463,1
2026-08-07 00:00:00+08:00,2026-08-07 00:30:00+08:00,1786032000000,SOL-USDT,30m,73.32,73.39,73.1,73.32,14546.349046,1065689.15604216,1065689.15604216,1
2026-08-07 00:30:00+08:00,2026-08-07 01:00:00+08:00,1786033800000,SOL-USDT,30m,73.32,73.49,73.27,73.44,5578.374527,409344.55447706,409344.55447706,1
2026-08-07 01:00:00+08:00,2026-08-07 01:30:00+08:00,1786035600000,SOL-USDT,30m,73.45,73.55,73.34,73.34,3964.156936,291223.90152423,291223.90152423,1
2026-08-07 01:30:00+08:00,2026-08-07 02:00:00+08:00,1786037400000,SOL-USDT,30m,73.33,73.39,73.06,73.2,5850.758584,428146.87533244,428146.87533244,1
2026-08-07 02:00:00+08:00,2026-08-07 02:30:00+08:00,1786039200000,SOL-USDT,30m,73.2,73.23,72.97,73.12,9065.167399,662521.50618789,662521.50618789,1
2026-08-07 02:30:00+08:00,2026-08-07 03:00:00+08:00,1786041000000,SOL-USDT,30m,73.11,73.12,72.73,72.81,20527.196996,1496747.5760926,1496747.5760926,1
2026-08-07 03:00:00+08:00,2026-08-07 03:30:00+08:00,1786042800000,SOL-USDT,30m,72.82,72.86,72.56,72.62,12438.974547,904745.97061139,904745.97061139,1
2026-08-07 03:30:00+08:00,2026-08-07 04:00:00+08:00,1786044600000,SOL-USDT,30m,72.62,72.97,72.6,72.81,10707.904896,779482.79944733,779482.79944733,1
2026-08-07 04:00:00+08:00,2026-08-07 04:30:00+08:00,1786046400000,SOL-USDT,30m,72.81,72.98,72.81,72.91,8573.277898,625039.39184678,625039.39184678,1
2026-08-07 04:30:00+08:00,2026-08-07 05:00:00+08:00,1786048200000,SOL-USDT,30m,72.91,72.99,72.84,72.85,4614.298277,336548.20601965,336548.20601965,1
2026-08-07 05:00:00+08:00,2026-08-07 05:30:00+08:00,1786050000000,SOL-USDT,30m,72.85,73,72.79,72.97,10358.478895,755485.6511809,755485.6511809,1
2026-08-07 05:30:00+08:00,2026-08-07 06:00:00+08:00,1786051800000,SOL-USDT,30m,72.96,72.99,72.81,72.88,7328.786858,534334.56458005,534334.56458005,1
2026-08-07 06:00:00+08:00,2026-08-07 06:30:00+08:00,1786053600000,SOL-USDT,30m,72.88,72.89,72.66,72.7,2958.499604,215293.16312137,215293.16312137,1
2026-08-07 06:30:00+08:00,2026-08-07 07:00:00+08:00,1786055400000,SOL-USDT,30m,72.71,72.78,72.68,72.7,5858.665287,426045.27112909,426045.27112909,1
2026-08-07 07:00:00+08:00,2026-08-07 07:30:00+08:00,1786057200000,SOL-USDT,30m,72.69,72.74,72.35,72.4,13788.789758,1000702.45949746,1000702.45949746,1
2026-08-07 07:30:00+08:00,2026-08-07 08:00:00+08:00,1786059000000,SOL-USDT,30m,72.4,72.72,72.35,72.7,6427.034929,465988.00806423,465988.00806423,1
2026-08-07 08:00:00+08:00,2026-08-07 08:30:00+08:00,1786060800000,SOL-USDT,30m,72.7,72.82,72.59,72.67,3842.129221,279281.20618493,279281.20618493,1
2026-08-07 08:30:00+08:00,2026-08-07 09:00:00+08:00,1786062600000,SOL-USDT,30m,72.66,72.75,72.57,72.67,3918.748009,284710.32105202,284710.32105202,1
2026-08-07 09:00:00+08:00,2026-08-07 09:30:00+08:00,1786064400000,SOL-USDT,30m,72.67,72.85,72.63,72.76,5355.385375,389489.26450008,389489.26450008,1
2026-08-07 09:30:00+08:00,2026-08-07 10:00:00+08:00,1786066200000,SOL-USDT,30m,72.76,72.88,72.59,72.75,7319.995509,532643.31708798,532643.31708798,1
2026-08-07 10:00:00+08:00,2026-08-07 10:30:00+08:00,1786068000000,SOL-USDT,30m,72.75,72.94,72.5,72.63,7054.42772,513183.99929559,513183.99929559,1
2026-08-07 10:30:00+08:00,2026-08-07 11:00:00+08:00,1786069800000,SOL-USDT,30m,72.63,72.8,72.59,72.71,5009.007842,364186.22875698,364186.22875698,1
2026-08-07 11:00:00+08:00,2026-08-07 11:30:00+08:00,1786071600000,SOL-USDT,30m,72.71,72.75,72.61,72.69,1948.587054,141598.0590964,141598.0590964,1
2026-08-07 11:30:00+08:00,2026-08-07 12:00:00+08:00,1786073400000,SOL-USDT,30m,72.68,72.77,72.55,72.64,4377.678201,318271.00455768,318271.00455768,1
2026-08-07 12:00:00+08:00,2026-08-07 12:30:00+08:00,1786075200000,SOL-USDT,30m,72.63,72.8,72.52,72.74,3137.269712,227935.99874577,227935.99874577,1
2026-08-07 12:30:00+08:00,2026-08-07 13:00:00+08:00,1786077000000,SOL-USDT,30m,72.74,72.79,72.59,72.67,5843.258461,424741.90692902,424741.90692902,1
2026-08-07 13:00:00+08:00,2026-08-07 13:30:00+08:00,1786078800000,SOL-USDT,30m,72.68,72.75,72.54,72.56,6233.317435,452887.28878679,452887.28878679,1
2026-08-07 13:30:00+08:00,2026-08-07 14:00:00+08:00,1786080600000,SOL-USDT,30m,72.55,72.96,72.44,72.88,12731.758046,925830.33098031,925830.33098031,1
2026-08-07 14:00:00+08:00,2026-08-07 14:30:00+08:00,1786082400000,SOL-USDT,30m,72.88,73.08,72.83,73.02,8388.535266,612083.19625441,612083.19625441,1
2026-08-07 14:30:00+08:00,2026-08-07 15:00:00+08:00,1786084200000,SOL-USDT,30m,73.03,73.05,72.81,72.84,7541.121966,549818.95287438,549818.95287438,1
2026-08-07 15:00:00+08:00,2026-08-07 15:30:00+08:00,1786086000000,SOL-USDT,30m,72.84,73,72.76,72.98,6763.694281,493186.00492728,493186.00492728,1
2026-08-07 15:30:00+08:00,2026-08-07 16:00:00+08:00,1786087800000,SOL-USDT,30m,72.98,73.03,72.92,72.94,7173.309282,523350.97407331,523350.97407331,1
2026-08-07 16:00:00+08:00,2026-08-07 16:30:00+08:00,1786089600000,SOL-USDT,30m,72.93,73.03,72.91,72.96,4704.06683,343243.39318516,343243.39318516,1
2026-08-07 16:30:00+08:00,2026-08-07 17:00:00+08:00,1786091400000,SOL-USDT,30m,72.97,73.32,72.97,73.2,5809.50742,425007.4584169,425007.4584169,1
2026-08-07 17:00:00+08:00,2026-08-07 17:30:00+08:00,1786093200000,SOL-USDT,30m,73.2,73.64,73.19,73.53,11849.723924,869946.38718279,869946.38718279,1
2026-08-07 17:30:00+08:00,2026-08-07 18:00:00+08:00,1786095000000,SOL-USDT,30m,73.54,73.74,73.53,73.62,11906.88666,877099.45019621,877099.45019621,1
2026-08-07 18:00:00+08:00,2026-08-07 18:30:00+08:00,1786096800000,SOL-USDT,30m,73.63,73.77,73.53,73.63,8145.830225,599918.79347925,599918.79347925,1
2026-08-07 18:30:00+08:00,2026-08-07 19:00:00+08:00,1786098600000,SOL-USDT,30m,73.63,73.64,73.49,73.52,7695.002506,565904.07457623,565904.07457623,1
2026-08-07 19:00:00+08:00,2026-08-07 19:30:00+08:00,1786100400000,SOL-USDT,30m,73.53,73.77,73.52,73.62,8996.220697,662458.31532902,662458.31532902,1
2026-08-07 19:30:00+08:00,2026-08-07 20:00:00+08:00,1786102200000,SOL-USDT,30m,73.62,73.68,73.56,73.63,6998.00098,515134.16925236,515134.16925236,1
2026-08-07 20:00:00+08:00,2026-08-07 20:30:00+08:00,1786104000000,SOL-USDT,30m,73.64,74.1,73.63,74.02,27784.305031,2053258.080301,2053258.080301,1
2026-08-07 20:30:00+08:00,2026-08-07 21:00:00+08:00,1786105800000,SOL-USDT,30m,74.02,74.37,73.65,73.91,35293.806211,2609149.67530623,2609149.67530623,1
2026-08-07 21:00:00+08:00,2026-08-07 21:30:00+08:00,1786107600000,SOL-USDT,30m,73.91,73.96,73.8,73.88,7936.095379,586292.20739804,586292.20739804,1
2026-08-07 21:30:00+08:00,2026-08-07 22:00:00+08:00,1786109400000,SOL-USDT,30m,73.88,74.35,73.84,74.14,29215.644244,2166890.24446455,2166890.24446455,1
2026-08-07 22:00:00+08:00,2026-08-07 22:30:00+08:00,1786111200000,SOL-USDT,30m,74.13,74.17,73.62,74.13,22014.589107,1626573.82538616,1626573.82538616,1
2026-08-07 22:30:00+08:00,2026-08-07 23:00:00+08:00,1786113000000,SOL-USDT,30m,74.13,74.23,73.57,73.72,21092.454271,1561174.92907584,1561174.92907584,1
2026-08-07 23:00:00+08:00,2026-08-07 23:30:00+08:00,1786114800000,SOL-USDT,30m,73.73,73.95,73.71,73.78,9163.425823,676307.66156403,676307.66156403,1
2026-08-07 23:30:00+08:00,2026-08-08 00:00:00+08:00,1786116600000,SOL-USDT,30m,73.77,73.98,73.73,73.9,4282.16903,316399.29329985,316399.29329985,1
2026-08-08 00:00:00+08:00,2026-08-08 00:30:00+08:00,1786118400000,SOL-USDT,30m,73.91,74.13,73.84,73.86,8780.22834,649676.2894677,649676.2894677,1
2026-08-08 00:30:00+08:00,2026-08-08 01:00:00+08:00,1786120200000,SOL-USDT,30m,73.87,73.9,73.59,73.59,8176.339398,603205.09306595,603205.09306595,1
2026-08-08 01:00:00+08:00,2026-08-08 01:30:00+08:00,1786122000000,SOL-USDT,30m,73.58,73.59,73.27,73.29,11200.763119,822136.74308183,822136.74308183,1
2026-08-08 01:30:00+08:00,2026-08-08 02:00:00+08:00,1786123800000,SOL-USDT,30m,73.28,73.45,73.2,73.44,10896.94681,798969.36309759,798969.36309759,1
2026-08-08 02:00:00+08:00,2026-08-08 02:30:00+08:00,1786125600000,SOL-USDT,30m,73.43,73.58,73.41,73.49,5695.203116,418650.26776899,418650.26776899,1
2026-08-08 02:30:00+08:00,2026-08-08 03:00:00+08:00,1786127400000,SOL-USDT,30m,73.5,73.52,73.28,73.42,2865.123716,210249.61380123,210249.61380123,1
2026-08-08 03:00:00+08:00,2026-08-08 03:30:00+08:00,1786129200000,SOL-USDT,30m,73.42,73.89,73.41,73.83,9350.171887,689106.30039392,689106.30039392,1
2026-08-08 03:30:00+08:00,2026-08-08 04:00:00+08:00,1786131000000,SOL-USDT,30m,73.84,74.04,73.79,74.02,12459.410672,920933.16431112,920933.16431112,1
2026-08-08 04:00:00+08:00,2026-08-08 04:30:00+08:00,1786132800000,SOL-USDT,30m,74.03,74.1,73.96,74.01,8333.244373,617082.39076954,617082.39076954,1
2026-08-08 04:30:00+08:00,2026-08-08 05:00:00+08:00,1786134600000,SOL-USDT,30m,74.01,74.01,73.8,73.83,4079.348912,301369.59221623,301369.59221623,1
2026-08-08 05:00:00+08:00,2026-08-08 05:30:00+08:00,1786136400000,SOL-USDT,30m,73.84,73.89,73.64,73.74,8645.601935,637915.90537042,637915.90537042,1
2026-08-08 05:30:00+08:00,2026-08-08 06:00:00+08:00,1786138200000,SOL-USDT,30m,73.73,73.86,73.61,73.67,6690.217769,493224.38506949,493224.38506949,1
2026-08-08 06:00:00+08:00,2026-08-08 06:30:00+08:00,1786140000000,SOL-USDT,30m,73.67,73.74,73.6,73.69,3535.709383,260510.44493712,260510.44493712,1
2026-08-08 06:30:00+08:00,2026-08-08 07:00:00+08:00,1786141800000,SOL-USDT,30m,73.69,73.7,73.6,73.65,2103.403957,154887.89917333,154887.89917333,1
2026-08-08 07:00:00+08:00,2026-08-08 07:30:00+08:00,1786143600000,SOL-USDT,30m,73.66,73.76,73.65,73.65,2662.971924,196303.3820351,196303.3820351,1
2026-08-08 07:30:00+08:00,2026-08-08 08:00:00+08:00,1786145400000,SOL-USDT,30m,73.64,73.79,73.62,73.68,3743.785415,275996.12815387,275996.12815387,1
2026-08-08 08:00:00+08:00,2026-08-08 08:30:00+08:00,1786147200000,SOL-USDT,30m,73.67,73.74,73.59,73.67,6213.593783,457640.13310459,457640.13310459,1
2026-08-08 08:30:00+08:00,2026-08-08 09:00:00+08:00,1786149000000,SOL-USDT,30m,73.66,73.76,73.64,73.72,5448.593293,401574.50703639,401574.50703639,1
2026-08-08 09:00:00+08:00,2026-08-08 09:30:00+08:00,1786150800000,SOL-USDT,30m,73.73,73.84,73.69,73.84,5195.839823,383222.63828647,383222.63828647,1
2026-08-08 09:30:00+08:00,2026-08-08 10:00:00+08:00,1786152600000,SOL-USDT,30m,73.83,73.96,73.81,73.89,4785.424829,353637.4911842,353637.4911842,1
2026-08-08 10:00:00+08:00,2026-08-08 10:30:00+08:00,1786154400000,SOL-USDT,30m,73.89,73.97,73.88,73.95,3919.478342,289743.99147567,289743.99147567,1
2026-08-08 10:30:00+08:00,2026-08-08 11:00:00+08:00,1786156200000,SOL-USDT,30m,73.95,73.98,73.85,73.86,5555.787887,410759.79844229,410759.79844229,1
2026-08-08 11:00:00+08:00,2026-08-08 11:30:00+08:00,1786158000000,SOL-USDT,30m,73.87,74.2,73.86,74.15,7874.268334,582743.29610899,582743.29610899,1
2026-08-08 11:30:00+08:00,2026-08-08 12:00:00+08:00,1786159800000,SOL-USDT,30m,74.16,75,74.16,74.83,53579.223525,3994564.07432815,3994564.07432815,1
2026-08-08 12:00:00+08:00,2026-08-08 12:30:00+08:00,1786161600000,SOL-USDT,30m,74.84,75.14,74.6,74.61,44390.711484,3322996.44197627,3322996.44197627,1
2026-08-08 12:30:00+08:00,2026-08-08 13:00:00+08:00,1786163400000,SOL-USDT,30m,74.6,74.76,74.6,74.65,7210.17393,538430.41624094,538430.41624094,1
2026-08-08 13:00:00+08:00,2026-08-08 13:30:00+08:00,1786165200000,SOL-USDT,30m,74.65,74.72,74.53,74.7,6291.951891,469445.19354468,469445.19354468,1
2026-08-08 13:30:00+08:00,2026-08-08 14:00:00+08:00,1786167000000,SOL-USDT,30m,74.69,74.76,74.49,74.66,9124.812095,680841.69670041,680841.69670041,1
2026-08-08 14:00:00+08:00,2026-08-08 14:30:00+08:00,1786168800000,SOL-USDT,30m,74.67,74.75,74.57,74.75,5022.465212,374971.37777226,374971.37777226,1
2026-08-08 14:30:00+08:00,2026-08-08 15:00:00+08:00,1786170600000,SOL-USDT,30m,74.75,74.84,74.68,74.72,8213.694417,613911.19528362,613911.19528362,1
2026-08-08 15:00:00+08:00,2026-08-08 15:30:00+08:00,1786172400000,SOL-USDT,30m,74.73,74.83,74.67,74.7,5594.385191,418244.50274246,418244.50274246,1
2026-08-08 15:30:00+08:00,2026-08-08 16:00:00+08:00,1786174200000,SOL-USDT,30m,74.7,74.83,74.65,74.81,3797.947394,283752.47395025,283752.47395025,1
2026-08-08 16:00:00+08:00,2026-08-08 16:30:00+08:00,1786176000000,SOL-USDT,30m,74.82,74.84,74.69,74.84,4973.835496,371862.41461823,371862.41461823,1
2026-08-08 16:30:00+08:00,2026-08-08 17:00:00+08:00,1786177800000,SOL-USDT,30m,74.83,74.93,74.71,74.8,7152.371534,535068.89839374,535068.89839374,1
2026-08-08 17:00:00+08:00,2026-08-08 17:30:00+08:00,1786179600000,SOL-USDT,30m,74.81,74.96,74.8,74.95,4406.385684,329964.69891165,329964.69891165,1
2026-08-08 17:30:00+08:00,2026-08-08 18:00:00+08:00,1786181400000,SOL-USDT,30m,74.95,75.02,74.83,74.86,5854.433599,438594.4917527,438594.4917527,1
2026-08-08 18:00:00+08:00,2026-08-08 18:30:00+08:00,1786183200000,SOL-USDT,30m,74.87,75.02,74.87,74.99,6170.905672,462496.49177719,462496.49177719,1
2026-08-08 18:30:00+08:00,2026-08-08 19:00:00+08:00,1786185000000,SOL-USDT,30m,74.99,75.17,74.94,75.09,9101.346137,683181.22900408,683181.22900408,1
2026-08-08 19:00:00+08:00,2026-08-08 19:30:00+08:00,1786186800000,SOL-USDT,30m,75.08,75.66,75.06,75.26,30670.053677,2312308.06635743,2312308.06635743,1
2026-08-08 19:30:00+08:00,2026-08-08 20:00:00+08:00,1786188600000,SOL-USDT,30m,75.25,75.7,75.19,75.6,15845.338794,1194510.30868758,1194510.30868758,1
2026-08-08 20:00:00+08:00,2026-08-08 20:30:00+08:00,1786190400000,SOL-USDT,30m,75.6,75.67,75.36,75.38,21672.75275,1637039.68150257,1637039.68150257,1
2026-08-08 20:30:00+08:00,2026-08-08 21:00:00+08:00,1786192200000,SOL-USDT,30m,75.39,75.6,75.39,75.44,5829.414576,440032.37820806,440032.37820806,1
2026-08-08 21:00:00+08:00,2026-08-08 21:30:00+08:00,1786194000000,SOL-USDT,30m,75.44,75.53,75.42,75.52,5004.241771,377730.90251514,377730.90251514,1
2026-08-08 21:30:00+08:00,2026-08-08 22:00:00+08:00,1786195800000,SOL-USDT,30m,75.52,75.56,75.44,75.54,6706.153854,506270.32052584,506270.32052584,1
2026-08-08 22:00:00+08:00,2026-08-08 22:30:00+08:00,1786197600000,SOL-USDT,30m,75.54,75.88,75.54,75.82,13916.224269,1053700.17749122,1053700.17749122,1
2026-08-08 22:30:00+08:00,2026-08-08 23:00:00+08:00,1786199400000,SOL-USDT,30m,75.82,76.62,75.79,76.48,33332.996424,2542429.73460995,2542429.73460995,1
2026-08-08 23:00:00+08:00,2026-08-08 23:30:00+08:00,1786201200000,SOL-USDT,30m,76.49,76.82,76.42,76.49,26605.003136,2037706.77951762,2037706.77951762,1
2026-08-08 23:30:00+08:00,2026-08-09 00:00:00+08:00,1786203000000,SOL-USDT,30m,76.5,76.51,76.24,76.39,15027.776585,1147841.58125945,1147841.58125945,1
2026-08-09 00:00:00+08:00,2026-08-09 00:30:00+08:00,1786204800000,SOL-USDT,30m,76.39,76.5,76.25,76.31,10956.737614,836908.29294834,836908.29294834,1
2026-08-09 00:30:00+08:00,2026-08-09 01:00:00+08:00,1786206600000,SOL-USDT,30m,76.31,76.4,76.16,76.37,7774.055715,592924.33381313,592924.33381313,1
2026-08-09 01:00:00+08:00,2026-08-09 01:30:00+08:00,1786208400000,SOL-USDT,30m,76.38,76.45,76.27,76.45,8986.023727,686190.03542168,686190.03542168,1
2026-08-09 01:30:00+08:00,2026-08-09 02:00:00+08:00,1786210200000,SOL-USDT,30m,76.44,76.49,76.34,76.39,4957.644144,378862.88906121,378862.88906121,1
2026-08-09 02:00:00+08:00,2026-08-09 02:30:00+08:00,1786212000000,SOL-USDT,30m,76.38,76.38,76.08,76.08,7421.833418,565860.33784569,565860.33784569,1
2026-08-09 02:30:00+08:00,2026-08-09 03:00:00+08:00,1786213800000,SOL-USDT,30m,76.09,76.2,76.08,76.14,3614.347975,275210.36420903,275210.36420903,1
2026-08-09 03:00:00+08:00,2026-08-09 03:30:00+08:00,1786215600000,SOL-USDT,30m,76.14,76.16,76,76.01,5950.316539,452621.16706757,452621.16706757,1
2026-08-09 03:30:00+08:00,2026-08-09 04:00:00+08:00,1786217400000,SOL-USDT,30m,76,76.31,75.98,76.16,12820.519952,976086.31312405,976086.31312405,1
2026-08-09 04:00:00+08:00,2026-08-09 04:30:00+08:00,1786219200000,SOL-USDT,30m,76.16,76.28,76.15,76.18,3180.511242,242372.56007831,242372.56007831,1
2026-08-09 04:30:00+08:00,2026-08-09 05:00:00+08:00,1786221000000,SOL-USDT,30m,76.18,76.27,76.18,76.27,3452.544095,263182.49320917,263182.49320917,1
2026-08-09 05:00:00+08:00,2026-08-09 05:30:00+08:00,1786222800000,SOL-USDT,30m,76.26,76.36,76.25,76.33,4669.120498,356356.30078917,356356.30078917,1
2026-08-09 05:30:00+08:00,2026-08-09 06:00:00+08:00,1786224600000,SOL-USDT,30m,76.33,76.33,76.15,76.22,3491.81883,266201.94810377,266201.94810377,1
2026-08-09 06:00:00+08:00,2026-08-09 06:30:00+08:00,1786226400000,SOL-USDT,30m,76.22,76.29,76.18,76.24,2851.578167,217386.90456037,217386.90456037,1
2026-08-09 06:30:00+08:00,2026-08-09 07:00:00+08:00,1786228200000,SOL-USDT,30m,76.25,76.27,75.87,75.92,6682.971902,508034.66089894,508034.66089894,1
2026-08-09 07:00:00+08:00,2026-08-09 07:30:00+08:00,1786230000000,SOL-USDT,30m,75.92,75.94,75.79,75.91,6859.256746,520383.81681388,520383.81681388,1
2026-08-09 07:30:00+08:00,2026-08-09 08:00:00+08:00,1786231800000,SOL-USDT,30m,75.9,76.09,75.89,76.01,4215.298766,320443.77022718,320443.77022718,1
2026-08-09 08:00:00+08:00,2026-08-09 08:30:00+08:00,1786233600000,SOL-USDT,30m,76.02,76.06,75.9,75.93,5369.297027,407959.18505313,407959.18505313,1
2026-08-09 08:30:00+08:00,2026-08-09 09:00:00+08:00,1786235400000,SOL-USDT,30m,75.92,76.02,75.85,76.01,4236.57045,321664.09069456,321664.09069456,1
2026-08-09 09:00:00+08:00,2026-08-09 09:30:00+08:00,1786237200000,SOL-USDT,30m,76.02,76.09,75.78,75.78,12577.480567,954489.97102667,954489.97102667,1
2026-08-09 09:30:00+08:00,2026-08-09 10:00:00+08:00,1786239000000,SOL-USDT,30m,75.78,75.93,75.75,75.89,4523.446462,343169.38428142,343169.38428142,1
2026-08-09 10:00:00+08:00,2026-08-09 10:30:00+08:00,1786240800000,SOL-USDT,30m,75.89,75.95,75.8,75.93,6788.784799,515211.40520136,515211.40520136,1
2026-08-09 10:30:00+08:00,2026-08-09 11:00:00+08:00,1786242600000,SOL-USDT,30m,75.92,76,75.82,75.88,7210.464333,547259.84856347,547259.84856347,1
2026-08-09 11:00:00+08:00,2026-08-09 11:30:00+08:00,1786244400000,SOL-USDT,30m,75.88,76.01,75.77,76,3942.727079,299179.37570938,299179.37570938,1
2026-08-09 11:30:00+08:00,2026-08-09 12:00:00+08:00,1786246200000,SOL-USDT,30m,76,76.06,75.97,76,5650.510526,429564.20350127,429564.20350127,1
2026-08-09 12:00:00+08:00,2026-08-09 12:30:00+08:00,1786248000000,SOL-USDT,30m,75.99,76.12,75.99,76.08,10851.498,825415.12119839,825415.12119839,1
2026-08-09 12:30:00+08:00,2026-08-09 13:00:00+08:00,1786249800000,SOL-USDT,30m,76.07,76.07,75.96,75.98,2785.274163,211699.7175368,211699.7175368,1
2026-08-09 13:00:00+08:00,2026-08-09 13:30:00+08:00,1786251600000,SOL-USDT,30m,75.98,76.05,75.95,75.96,6726.246643,511268.40761698,511268.40761698,1
2026-08-09 13:30:00+08:00,2026-08-09 14:00:00+08:00,1786253400000,SOL-USDT,30m,75.96,76.04,75.89,76.01,4813.140775,365688.9301563,365688.9301563,1
2026-08-09 14:00:00+08:00,2026-08-09 14:30:00+08:00,1786255200000,SOL-USDT,30m,76.01,76.29,75.97,76.24,10057.587294,765853.46480235,765853.46480235,1
2026-08-09 14:30:00+08:00,2026-08-09 15:00:00+08:00,1786257000000,SOL-USDT,30m,76.25,76.49,76.24,76.42,11823.745327,903076.54363578,903076.54363578,1
2026-08-09 15:00:00+08:00,2026-08-09 15:30:00+08:00,1786258800000,SOL-USDT,30m,76.42,76.49,76.32,76.38,8078.3674,617126.58504661,617126.58504661,1
2026-08-09 15:30:00+08:00,2026-08-09 16:00:00+08:00,1786260600000,SOL-USDT,30m,76.38,76.39,76.24,76.36,4455.470328,339976.65163039,339976.65163039,1
2026-08-09 16:00:00+08:00,2026-08-09 16:30:00+08:00,1786262400000,SOL-USDT,30m,76.36,76.57,76.34,76.38,8114.505098,620386.38308084,620386.38308084,1
2026-08-09 16:30:00+08:00,2026-08-09 17:00:00+08:00,1786264200000,SOL-USDT,30m,76.38,76.44,76.11,76.33,11471.310634,874620.59999487,874620.59999487,1
2026-08-09 17:00:00+08:00,2026-08-09 17:30:00+08:00,1786266000000,SOL-USDT,30m,76.32,76.47,76.26,76.26,6181.745596,472129.86384433,472129.86384433,1
2026-08-09 17:30:00+08:00,2026-08-09 18:00:00+08:00,1786267800000,SOL-USDT,30m,76.26,76.54,76.25,76.44,8912.636691,681300.11271302,681300.11271302,1
2026-08-09 18:00:00+08:00,2026-08-09 18:30:00+08:00,1786269600000,SOL-USDT,30m,76.45,76.66,76.42,76.52,7857.802063,601477.2698493,601477.2698493,1
2026-08-09 18:30:00+08:00,2026-08-09 19:00:00+08:00,1786271400000,SOL-USDT,30m,76.52,76.54,76.37,76.39,5429.27243,414930.62171096,414930.62171096,1
